timestamp,smoothAmp,mean,std,z,behavior,transition,insight,prediction,context,action
1775710984.7091823,72,103.05,139.11,-0.22,INACTIVE,NONE,NORMAL,LIKELY_INACTIVE,NORMAL,NONE
1775710984.7248085,68,103.02,139.04,-0.25,INACTIVE,NONE,NORMAL,LIKELY_INACTIVE,NORMAL,NONE
1775710984.7408397,140,103.05,138.98,0.27,INACTIVE,NONE,NORMAL,LIKELY_INACTIVE,NORMAL,NONE
1775710984.7569034,190,103.14,138.94,0.63,INACTIVE,NONE,NORMAL,LIKELY_INACTIVE,NORMAL,NONE
1775710984.7728064,225,103.26,138.92,0.88,INACTIVE,NONE,NORMAL,LIKELY_INACTIVE,NORMAL,NONE
1775710984.7888792,242,103.40,138.92,1.00,INACTIVE,NONE,NORMAL,LIKELY_INACTIVE,NORMAL,NONE
1775710984.804508,260,103.40,138.94,1.13,INACTIVE,NONE,NORMAL,LIKELY_INACTIVE,NORMAL,NONE
1775710984.8206496,194,103.49,138.90,0.65,INACTIVE,NONE,NORMAL,LIKELY_INACTIVE,NORMAL,NONE
1775710984.8370125,145,103.53,138.84,0.30,INACTIVE,NONE,NORMAL,LIKELY_INACTIVE,NORMAL,NONE
1775710984.8526585,113,103.54,138.77,0.07,INACTIVE,NONE,NORMAL,LIKELY_INACTIVE,NORMAL,NONE
1775710984.8686454,108,103.55,138.70,0.03,INACTIVE,NONE,NORMAL,LIKELY_INACTIVE,NORMAL,NONE
1775710984.8850613,103,103.55,138.63,-0.00,INACTIVE,NONE,NORMAL,LIKELY_INACTIVE,NORMAL,NONE
1775710984.9008827,105,103.55,138.56,0.01,INACTIVE,NONE,NORMAL,LIKELY_INACTIVE,NORMAL,NONE
1775710984.9169688,106,103.55,138.49,0.02,INACTIVE,NONE,NORMAL,LIKELY_INACTIVE,NORMAL,NONE
1775710984.9329133,104,103.55,138.42,0.00,INACTIVE,NONE,NORMAL,LIKELY_INACTIVE,NORMAL,NONE
1775710984.9489815,98,103.54,138.35,-0.04,INACTIVE,NONE,NORMAL,LIKELY_INACTIVE,NORMAL,NONE
1775710984.9648964,93,103.53,138.28,-0.08,INACTIVE,NONE,NORMAL,LIKELY_INACTIVE,NORMAL,NONE
1775710984.9805977,92,103.52,138.21,-0.08,INACTIVE,NONE,NORMAL,LIKELY_INACTIVE,NORMAL,NONE
1775710984.9970233,89,103.51,138.15,-0.11,INACTIVE,NONE,NORMAL,LIKELY_INACTIVE,NORMAL,NONE
1775710985.0128558,79,103.48,138.08,-0.18,INACTIVE,NONE,NORMAL,LIKELY_INACTIVE,NORMAL,NONE
1775710985.0291414,72,103.45,138.01,-0.23,INACTIVE,NONE,NORMAL,LIKELY_INACTIVE,NORMAL,NONE
1775710985.0448217,67,103.41,137.95,-0.26,INACTIVE,NONE,NORMAL,LIKELY_INACTIVE,NORMAL,NONE
1775710985.0612302,59,103.37,137.89,-0.32,INACTIVE,NONE,NORMAL,LIKELY_INACTIVE,NORMAL,NONE
1775710985.0768266,52,103.32,137.83,-0.37,INACTIVE,NONE,NORMAL,LIKELY_INACTIVE,NORMAL,NONE
1775710985.092591,47,103.26,137.77,-0.41,INACTIVE,NONE,NORMAL,LIKELY_INACTIVE,NORMAL,NONE
1775710985.1085253,43,103.20,137.72,-0.44,INACTIVE,NONE,NORMAL,LIKELY_INACTIVE,NORMAL,NONE
1775710985.1251054,42,103.14,137.66,-0.44,INACTIVE,NONE,NORMAL,LIKELY_INACTIVE,NORMAL,NONE
1775710985.1410458,37,103.08,137.61,-0.48,INACTIVE,NONE,NORMAL,LIKELY_INACTIVE,NORMAL,NONE
1775710985.1568244,35,103.01,137.55,-0.49,INACTIVE,NONE,NORMAL,LIKELY_INACTIVE,NORMAL,NONE
1775710985.1727746,42,102.95,137.50,-0.44,INACTIVE,NONE,NORMAL,LIKELY_INACTIVE,NORMAL,NONE
1775710985.1885579,45,102.89,137.44,-0.42,INACTIVE,NONE,NORMAL,LIKELY_INACTIVE,NORMAL,NONE
1775710985.205338,41,102.83,137.39,-0.45,INACTIVE,NONE,NORMAL,LIKELY_INACTIVE,NORMAL,NONE
1775710985.2210982,38,102.76,137.33,-0.47,INACTIVE,NONE,NORMAL,LIKELY_INACTIVE,NORMAL,NONE
1775710985.2365208,37,102.70,137.28,-0.48,INACTIVE,NONE,NORMAL,LIKELY_INACTIVE,NORMAL,NONE
1775710985.2525125,31,102.62,137.23,-0.52,INACTIVE,NONE,NORMAL,LIKELY_INACTIVE,NORMAL,NONE
1775710985.268794,28,102.55,137.18,-0.54,INACTIVE,NONE,NORMAL,LIKELY_INACTIVE,NORMAL,NONE
1775710985.284838,28,102.47,137.14,-0.54,INACTIVE,NONE,NORMAL,LIKELY_INACTIVE,NORMAL,NONE
1775710985.3009744,29,102.40,137.09,-0.54,INACTIVE,NONE,NORMAL,LIKELY_INACTIVE,NORMAL,NONE
1775710985.3164518,43,102.34,137.03,-0.43,INACTIVE,NONE,NORMAL,LIKELY_INACTIVE,NORMAL,NONE
1775710985.3326468,49,102.29,136.97,-0.39,INACTIVE,NONE,NORMAL,LIKELY_INACTIVE,NORMAL,NONE
1775710985.3488617,51,102.24,136.91,-0.37,INACTIVE,NONE,NORMAL,LIKELY_INACTIVE,NORMAL,NONE
1775710985.364841,52,102.19,136.85,-0.37,INACTIVE,NONE,NORMAL,LIKELY_INACTIVE,NORMAL,NONE
1775710985.3809872,57,102.14,136.79,-0.33,INACTIVE,NONE,NORMAL,LIKELY_INACTIVE,NORMAL,NONE
1775710985.3969736,45,102.08,136.74,-0.42,INACTIVE,NONE,NORMAL,LIKELY_INACTIVE,NORMAL,NONE
1775710985.4130716,41,102.02,136.68,-0.45,INACTIVE,NONE,NORMAL,LIKELY_INACTIVE,NORMAL,NONE
1775710985.4288695,40,101.96,136.63,-0.45,INACTIVE,NONE,NORMAL,LIKELY_INACTIVE,NORMAL,NONE
1775710985.4446068,38,101.90,136.57,-0.47,INACTIVE,NONE,NORMAL,LIKELY_INACTIVE,NORMAL,NONE
1775710985.4610963,37,101.83,136.52,-0.47,INACTIVE,NONE,NORMAL,LIKELY_INACTIVE,NORMAL,NONE
1775710985.4769301,37,101.77,136.47,-0.47,INACTIVE,NONE,NORMAL,LIKELY_INACTIVE,NORMAL,NONE
1775710985.4931116,37,101.70,136.42,-0.47,INACTIVE,NONE,NORMAL,LIKELY_INACTIVE,NORMAL,NONE
1775710985.509373,39,101.64,136.36,-0.46,INACTIVE,NONE,NORMAL,LIKELY_INACTIVE,NORMAL,NONE
1775710985.5250437,52,101.59,136.30,-0.36,INACTIVE,NONE,NORMAL,LIKELY_INACTIVE,NORMAL,NONE
1775710985.5409856,55,101.54,136.24,-0.34,INACTIVE,NONE,NORMAL,LIKELY_INACTIVE,NORMAL,NONE
1775710985.5574193,57,101.50,136.18,-0.33,INACTIVE,NONE,NORMAL,LIKELY_INACTIVE,NORMAL,NONE
1775710985.5734558,60,101.46,136.12,-0.30,INACTIVE,NONE,NORMAL,LIKELY_INACTIVE,NORMAL,NONE
1775710985.5887513,60,101.42,136.06,-0.30,INACTIVE,NONE,NORMAL,LIKELY_INACTIVE,NORMAL,NONE
1775710985.6051838,47,101.36,136.00,-0.40,INACTIVE,NONE,NORMAL,LIKELY_INACTIVE,NORMAL,NONE
1775710985.620945,44,101.31,135.95,-0.42,INACTIVE,NONE,NORMAL,LIKELY_INACTIVE,NORMAL,NONE
1775710985.6370044,53,101.26,135.89,-0.36,INACTIVE,NONE,NORMAL,LIKELY_INACTIVE,NORMAL,NONE
1775710985.6530461,56,101.21,135.83,-0.33,INACTIVE,NONE,NORMAL,LIKELY_INACTIVE,NORMAL,NONE
1775710985.6687772,54,101.16,135.77,-0.35,INACTIVE,NONE,NORMAL,LIKELY_INACTIVE,NORMAL,NONE
1775710985.684945,54,101.12,135.71,-0.35,INACTIVE,NONE,NORMAL,LIKELY_INACTIVE,NORMAL,NONE
1775710985.7011032,50,101.07,135.65,-0.38,INACTIVE,NONE,NORMAL,LIKELY_INACTIVE,NORMAL,NONE
1775710985.7169523,39,101.00,135.59,-0.46,INACTIVE,NONE,NORMAL,LIKELY_INACTIVE,NORMAL,NONE
1775710985.7327936,33,100.94,135.54,-0.50,INACTIVE,NONE,NORMAL,LIKELY_INACTIVE,NORMAL,NONE
1775710985.7489986,35,100.87,135.49,-0.49,INACTIVE,NONE,NORMAL,LIKELY_INACTIVE,NORMAL,NONE
1775710985.764997,45,100.81,135.44,-0.41,INACTIVE,NONE,NORMAL,LIKELY_INACTIVE,NORMAL,NONE
1775710985.7807667,71,100.78,135.37,-0.22,INACTIVE,NONE,NORMAL,LIKELY_INACTIVE,NORMAL,NONE
1775710985.7970252,68,100.75,135.31,-0.24,INACTIVE,NONE,NORMAL,LIKELY_INACTIVE,NORMAL,NONE
1775710985.8125527,68,100.72,135.24,-0.24,INACTIVE,NONE,NORMAL,LIKELY_INACTIVE,NORMAL,NONE
1775710985.828971,69,100.69,135.18,-0.23,INACTIVE,NONE,NORMAL,LIKELY_INACTIVE,NORMAL,NONE
1775710985.8446643,60,100.65,135.12,-0.30,INACTIVE,NONE,NORMAL,LIKELY_INACTIVE,NORMAL,NONE
1775710985.8608778,34,100.58,135.07,-0.49,INACTIVE,NONE,NORMAL,LIKELY_INACTIVE,NORMAL,NONE
1775710985.8772416,40,100.52,135.01,-0.45,INACTIVE,NONE,NORMAL,LIKELY_INACTIVE,NORMAL,NONE
1775710985.893034,41,100.46,134.96,-0.44,INACTIVE,NONE,NORMAL,LIKELY_INACTIVE,NORMAL,NONE
1775710985.9087007,39,100.40,134.91,-0.46,INACTIVE,NONE,NORMAL,LIKELY_INACTIVE,NORMAL,NONE
1775710985.9247801,41,100.34,134.85,-0.44,INACTIVE,NONE,NORMAL,LIKELY_INACTIVE,NORMAL,NONE
1775710985.9409368,43,100.28,134.80,-0.42,INACTIVE,NONE,NORMAL,LIKELY_INACTIVE,NORMAL,NONE
1775710985.9564981,89,100.27,134.73,-0.08,INACTIVE,NONE,NORMAL,LIKELY_INACTIVE,NORMAL,NONE
1775710985.9726763,178,100.35,134.68,0.58,INACTIVE,NONE,NORMAL,LIKELY_INACTIVE,NORMAL,NONE
1775710985.988607,301,100.35,134.77,1.49,INACTIVE,NONE,NORMAL,LIKELY_INACTIVE,NORMAL,NONE
1775710986.0049117,452,100.35,135.16,2.60,INACTIVE,NONE,NORMAL,LIKELY_INACTIVE,NORMAL,NONE
1775710986.0209584,634,100.35,136.14,3.92,INACTIVE,NONE,NORMAL,LIKELY_INACTIVE,NORMAL,NONE
1775710986.0365252,805,100.35,137.88,5.11,INACTIVE,NONE,NORMAL,LIKELY_INACTIVE,NORMAL,NONE
1775710986.052522,967,100.35,140.51,6.17,INACTIVE,NONE,NORMAL,LIKELY_INACTIVE,NORMAL,NONE
1775710986.0687416,1111,100.35,144.03,7.02,INACTIVE,NONE,NORMAL,LIKELY_INACTIVE,NORMAL,NONE
1775710986.0846922,1216,100.35,148.22,7.53,INACTIVE,NONE,NORMAL,LIKELY_INACTIVE,NORMAL,NONE
1775710986.101173,1333,100.35,153.19,8.05,INACTIVE,NONE,NORMAL,LIKELY_INACTIVE,NORMAL,NONE
1775710986.1170793,1463,100.35,159.06,8.57,INACTIVE,NONE,NORMAL,LIKELY_INACTIVE,NORMAL,NONE
1775710986.1324792,1552,100.35,165.48,8.77,INACTIVE,NONE,NORMAL,LIKELY_INACTIVE,NORMAL,NONE
1775710986.1486123,1638,100.35,172.39,8.92,INACTIVE,NONE,NORMAL,LIKELY_INACTIVE,NORMAL,NONE
1775710986.1646657,1720,100.35,179.76,9.01,INACTIVE,NONE,NORMAL,LIKELY_INACTIVE,NORMAL,NONE
1775710986.1804657,1759,100.35,187.17,8.86,INACTIVE,NONE,NORMAL,LIKELY_INACTIVE,NORMAL,NONE
1775710986.1966093,1740,100.35,194.13,8.45,INACTIVE,NONE,NORMAL,LIKELY_INACTIVE,NORMAL,NONE
1775710986.212657,1758,100.35,200.00,8.29,INACTIVE,NONE,NORMAL,LIKELY_INACTIVE,NORMAL,NONE
1775710986.228637,1765,100.35,200.00,8.32,INACTIVE,NONE,NORMAL,LIKELY_INACTIVE,NORMAL,NONE
1775710986.2448995,1781,100.35,200.00,8.40,INACTIVE,NONE,NORMAL,LIKELY_INACTIVE,NORMAL,NONE
1775710986.2606525,1832,100.35,200.00,8.66,INACTIVE,NONE,NORMAL,LIKELY_INACTIVE,NORMAL,NONE
1775710986.277014,1912,100.35,200.00,9.06,INACTIVE,NONE,NORMAL,LIKELY_INACTIVE,NORMAL,NONE
1775710986.2928038,1949,100.35,200.00,9.24,INACTIVE,NONE,NORMAL,LIKELY_INACTIVE,NORMAL,NONE
1775710986.3090482,2003,100.35,200.00,9.51,INACTIVE,NONE,NORMAL,LIKELY_INACTIVE,NORMAL,NONE
1775710986.3251123,2054,100.35,200.00,9.77,INACTIVE,NONE,NORMAL,LIKELY_INACTIVE,NORMAL,NONE
1775710986.3410535,2076,100.35,200.00,9.88,INACTIVE,NONE,NORMAL,LIKELY_INACTIVE,NORMAL,NONE
1775710986.357134,2087,100.35,200.00,9.93,INACTIVE,NONE,NORMAL,LIKELY_INACTIVE,NORMAL,NONE
1775710986.3727973,2126,100.35,200.00,10.13,INACTIVE,NONE,NORMAL,LIKELY_INACTIVE,NORMAL,NONE
1775710986.3885899,2178,100.35,200.00,10.39,INACTIVE,NONE,NORMAL,LIKELY_INACTIVE,NORMAL,NONE
1775710986.4048054,2312,100.35,200.00,11.06,INACTIVE,NONE,NORMAL,LIKELY_INACTIVE,NORMAL,NONE
1775710986.4205873,2451,100.35,200.00,11.75,INACTIVE,NONE,NORMAL,LIKELY_INACTIVE,NORMAL,NONE
1775710986.436632,2627,100.35,200.00,12.63,INACTIVE,NONE,NORMAL,LIKELY_INACTIVE,NORMAL,NONE
1775710986.452947,2781,100.35,200.00,13.40,INACTIVE,NONE,NORMAL,LIKELY_INACTIVE,NORMAL,NONE
1775710986.4686365,2913,100.35,200.00,14.06,INACTIVE,NONE,NORMAL,LIKELY_INACTIVE,NORMAL,NONE
1775710986.484831,2942,100.35,200.00,14.21,INACTIVE,NONE,NORMAL,LIKELY_INACTIVE,NORMAL,NONE
1775710986.501263,2976,100.35,200.00,14.38,INACTIVE,NONE,NORMAL,LIKELY_INACTIVE,NORMAL,NONE
1775710986.5167584,2933,100.35,200.00,14.16,INACTIVE,NONE,NORMAL,LIKELY_INACTIVE,NORMAL,NONE
1775710986.5326557,2907,100.35,200.00,14.03,INACTIVE,NONE,NORMAL,LIKELY_INACTIVE,NORMAL,NONE
1775710986.5487046,2842,100.35,200.00,13.71,INACTIVE,NONE,NORMAL,LIKELY_INACTIVE,NORMAL,NONE
1775710986.5649786,2819,100.35,200.00,13.59,INACTIVE,NONE,NORMAL,LIKELY_INACTIVE,NORMAL,NONE
1775710986.5810843,2769,100.35,200.00,13.34,INACTIVE,NONE,NORMAL,LIKELY_INACTIVE,NORMAL,NONE
1775710986.5971599,2775,100.35,200.00,13.37,INACTIVE,NONE,NORMAL,LIKELY_INACTIVE,NORMAL,NONE
1775710986.6124446,2773,100.35,200.00,13.36,INACTIVE,NONE,NORMAL,LIKELY_INACTIVE,NORMAL,NONE
1775710986.6292555,2795,100.35,200.00,13.47,INACTIVE,NONE,NORMAL,LIKELY_INACTIVE,NORMAL,NONE
1775710986.644828,2819,100.35,200.00,13.59,INACTIVE,NONE,NORMAL,LIKELY_INACTIVE,NORMAL,NONE
1775710986.6610432,2862,100.35,200.00,13.81,INACTIVE,NONE,NORMAL,LIKELY_INACTIVE,NORMAL,NONE
1775710986.6770132,2893,100.35,200.00,13.96,INACTIVE,NONE,NORMAL,LIKELY_INACTIVE,NORMAL,NONE
1775710986.6932368,2949,100.35,200.00,14.24,INACTIVE,NONE,NORMAL,LIKELY_INACTIVE,NORMAL,NONE
1775710986.7089326,3016,100.35,200.00,14.58,INACTIVE,NONE,NORMAL,LIKELY_INACTIVE,NORMAL,NONE
1775710986.7266142,3090,100.35,200.00,14.95,INACTIVE,NONE,NORMAL,LIKELY_INACTIVE,NORMAL,NONE
1775710986.7410038,3153,100.35,200.00,15.26,INACTIVE,NONE,NORMAL,LIKELY_INACTIVE,NORMAL,NONE
1775710986.756936,3187,100.35,200.00,15.43,INACTIVE,NONE,NORMAL,LIKELY_INACTIVE,NORMAL,NONE
1775710986.7730904,3188,100.35,200.00,15.44,INACTIVE,NONE,NORMAL,LIKELY_INACTIVE,NORMAL,NONE
1775710986.7891119,3196,100.35,200.00,15.48,INACTIVE,NONE,NORMAL,LIKELY_INACTIVE,NORMAL,NONE
1775710986.8050773,3192,100.35,200.00,15.46,INACTIVE,NONE,NORMAL,LIKELY_INACTIVE,NORMAL,NONE
1775710986.8209438,3200,100.35,200.00,15.50,INACTIVE,NONE,NORMAL,LIKELY_INACTIVE,NORMAL,NONE
1775710986.8370867,3262,100.35,200.00,15.81,INACTIVE,NONE,NORMAL,LIKELY_INACTIVE,NORMAL,NONE
1775710986.853056,3330,100.35,200.00,16.15,INACTIVE,NONE,NORMAL,LIKELY_INACTIVE,NORMAL,NONE
1775710986.8689668,3375,100.35,200.00,16.37,INACTIVE,NONE,NORMAL,LIKELY_INACTIVE,NORMAL,NONE
1775710986.8851004,3425,100.35,200.00,16.62,INACTIVE,NONE,NORMAL,LIKELY_INACTIVE,NORMAL,NONE
1775710986.9012983,3431,100.35,200.00,16.65,INACTIVE,NONE,NORMAL,LIKELY_INACTIVE,NORMAL,NONE
1775710986.9168131,3420,100.35,200.00,16.60,INACTIVE,NONE,NORMAL,LIKELY_INACTIVE,NORMAL,NONE
1775710986.932726,3420,100.35,200.00,16.60,INACTIVE,NONE,NORMAL,LIKELY_INACTIVE,NORMAL,NONE
1775710986.9487712,3483,100.35,200.00,16.91,INACTIVE,NONE,NORMAL,LIKELY_INACTIVE,NORMAL,NONE
1775710986.9650316,3575,100.35,200.00,17.37,INACTIVE,NONE,NORMAL,LIKELY_INACTIVE,NORMAL,NONE
1775710986.9811916,3678,100.35,200.00,17.89,INACTIVE,NONE,NORMAL,LIKELY_INACTIVE,NORMAL,NONE
1775710986.996911,3757,100.35,200.00,18.28,INACTIVE,NONE,NORMAL,LIKELY_INACTIVE,NORMAL,NONE
1775710987.0126033,3836,100.35,200.00,18.68,INACTIVE,NONE,NORMAL,LIKELY_INACTIVE,NORMAL,NONE
1775710987.0288308,3881,100.35,200.00,18.90,INACTIVE,NONE,NORMAL,LIKELY_INACTIVE,NORMAL,NONE
1775710987.0449526,3929,100.35,200.00,19.14,INACTIVE,NONE,NORMAL,LIKELY_INACTIVE,NORMAL,NONE
1775710987.060933,3979,100.35,200.00,19.39,INACTIVE,NONE,NORMAL,LIKELY_INACTIVE,NORMAL,NONE
1775710987.0770094,4022,100.35,200.00,19.61,INACTIVE,NONE,NORMAL,LIKELY_INACTIVE,NORMAL,NONE
1775710987.0931396,3983,100.35,200.00,19.41,INACTIVE,NONE,NORMAL,LIKELY_INACTIVE,NORMAL,NONE
1775710987.108903,3915,100.35,200.00,19.07,INACTIVE,NONE,NORMAL,LIKELY_INACTIVE,NORMAL,NONE
1775710987.1249602,3789,100.35,200.00,18.44,INACTIVE,NONE,NORMAL,LIKELY_INACTIVE,NORMAL,NONE
1775710987.1407845,3646,100.35,200.00,17.73,INACTIVE,NONE,NORMAL,LIKELY_INACTIVE,NORMAL,NONE
1775710987.1570468,3559,100.35,200.00,17.29,INACTIVE,NONE,NORMAL,LIKELY_INACTIVE,NORMAL,NONE
1775710987.1728299,3562,100.35,200.00,17.31,INACTIVE,NONE,NORMAL,LIKELY_INACTIVE,NORMAL,NONE
1775710987.1891096,3615,100.35,200.00,17.57,INACTIVE,NONE,NORMAL,LIKELY_INACTIVE,NORMAL,NONE
1775710987.2050107,3721,100.35,200.00,18.10,INACTIVE,NONE,NORMAL,LIKELY_INACTIVE,NORMAL,NONE
1775710987.221099,3912,100.35,200.00,19.06,INACTIVE,NONE,NORMAL,LIKELY_INACTIVE,NORMAL,NONE
1775710987.2373052,4049,100.35,200.00,19.74,INACTIVE,NONE,NORMAL,LIKELY_INACTIVE,NORMAL,NONE
1775710987.252835,4170,100.35,200.00,20.35,INACTIVE,NONE,NORMAL,LIKELY_INACTIVE,NORMAL,NONE
1775710987.2692924,4288,100.35,200.00,20.94,INACTIVE,NONE,NORMAL,LIKELY_INACTIVE,NORMAL,NONE
1775710987.284787,4413,100.35,200.00,21.56,INACTIVE,NONE,NORMAL,LIKELY_INACTIVE,NORMAL,NONE
1775710987.300845,4492,100.35,200.00,21.96,INACTIVE,NONE,NORMAL,LIKELY_INACTIVE,NORMAL,NONE
1775710987.3171196,4629,100.35,200.00,22.64,INACTIVE,NONE,NORMAL,LIKELY_INACTIVE,NORMAL,NONE
1775710987.3326435,4714,100.35,200.00,23.07,INACTIVE,NONE,NORMAL,LIKELY_INACTIVE,NORMAL,NONE
1775710987.3491852,4776,100.35,200.00,23.38,INACTIVE,NONE,NORMAL,LIKELY_INACTIVE,NORMAL,NONE
1775710987.364816,4773,100.35,200.00,23.36,INACTIVE,NONE,NORMAL,LIKELY_INACTIVE,NORMAL,NONE
1775710987.3810244,4768,100.35,200.00,23.34,INACTIVE,NONE,NORMAL,LIKELY_INACTIVE,NORMAL,NONE
1775710987.396647,4703,100.35,200.00,23.01,INACTIVE,NONE,NORMAL,LIKELY_INACTIVE,NORMAL,NONE
1775710987.4126172,4669,100.35,200.00,22.84,INACTIVE,NONE,NORMAL,LIKELY_INACTIVE,NORMAL,NONE
1775710987.4288847,4565,100.35,200.00,22.32,INACTIVE,NONE,NORMAL,LIKELY_INACTIVE,NORMAL,NONE
1775710987.4450667,4427,100.35,200.00,21.63,INACTIVE,NONE,NORMAL,LIKELY_INACTIVE,NORMAL,NONE
1775710987.4610033,4253,100.35,200.00,20.76,INACTIVE,NONE,NORMAL,LIKELY_INACTIVE,NORMAL,NONE
1775710987.4767954,4106,100.35,200.00,20.03,INACTIVE,NONE,NORMAL,LIKELY_INACTIVE,NORMAL,NONE
1775710987.4928844,3940,100.35,200.00,19.20,INACTIVE,NONE,NORMAL,LIKELY_INACTIVE,NORMAL,NONE
1775710987.5086982,3873,100.35,200.00,18.86,INACTIVE,NONE,NORMAL,LIKELY_INACTIVE,NORMAL,NONE
1775710987.5251577,3891,100.35,200.00,18.95,INACTIVE,NONE,NORMAL,LIKELY_INACTIVE,NORMAL,NONE
1775710987.5409894,3948,100.35,200.00,19.24,INACTIVE,NONE,NORMAL,LIKELY_INACTIVE,NORMAL,NONE
1775710987.5575519,3959,100.35,200.00,19.29,INACTIVE,NONE,NORMAL,LIKELY_INACTIVE,NORMAL,NONE
1775710987.5730197,4048,100.35,200.00,19.74,INACTIVE,NONE,NORMAL,LIKELY_INACTIVE,NORMAL,NONE
1775710987.588969,4100,100.35,200.00,20.00,INACTIVE,NONE,NORMAL,LIKELY_INACTIVE,NORMAL,NONE
1775710987.6051724,4192,100.35,200.00,20.46,INACTIVE,NONE,NORMAL,LIKELY_INACTIVE,NORMAL,NONE
1775710987.620529,4271,100.35,200.00,20.85,INACTIVE,NONE,NORMAL,LIKELY_INACTIVE,NORMAL,NONE
1775710987.6369805,4399,100.35,200.00,21.49,INACTIVE,NONE,NORMAL,LIKELY_INACTIVE,NORMAL,NONE
1775710987.6525831,4468,100.35,200.00,21.84,INACTIVE,NONE,NORMAL,LIKELY_INACTIVE,NORMAL,NONE
1775710987.6687093,4482,100.35,200.00,21.91,INACTIVE,NONE,NORMAL,LIKELY_INACTIVE,NORMAL,NONE
1775710987.6850898,4377,100.35,200.00,21.38,INACTIVE,NONE,NORMAL,LIKELY_INACTIVE,NORMAL,NONE
1775710987.7007437,4270,100.35,200.00,20.85,INACTIVE,NONE,NORMAL,LIKELY_INACTIVE,NORMAL,NONE
1775710987.716821,4161,100.35,200.00,20.30,INACTIVE,NONE,NORMAL,LIKELY_INACTIVE,NORMAL,NONE
1775710987.7324007,4081,100.35,200.00,19.90,INACTIVE,NONE,NORMAL,LIKELY_INACTIVE,NORMAL,NONE
1775710987.748529,4093,100.35,200.00,19.96,INACTIVE,NONE,NORMAL,LIKELY_INACTIVE,NORMAL,NONE
1775710987.7649984,4133,100.35,200.00,20.16,INACTIVE,NONE,NORMAL,LIKELY_INACTIVE,NORMAL,NONE
1775710987.7808785,4197,100.35,200.00,20.48,INACTIVE,NONE,NORMAL,LIKELY_INACTIVE,NORMAL,NONE
1775710987.7969017,4204,100.35,200.00,20.52,INACTIVE,NONE,NORMAL,LIKELY_INACTIVE,NORMAL,NONE
1775710987.812786,4195,100.35,200.00,20.47,INACTIVE,NONE,NORMAL,LIKELY_INACTIVE,NORMAL,NONE
1775710987.8287523,4161,100.35,200.00,20.30,INACTIVE,NONE,NORMAL,LIKELY_INACTIVE,NORMAL,NONE
1775710987.8452134,4121,100.35,200.00,20.10,INACTIVE,NONE,NORMAL,LIKELY_INACTIVE,NORMAL,NONE
1775710987.8617346,4071,100.35,200.00,19.85,INACTIVE,NONE,NORMAL,LIKELY_INACTIVE,NORMAL,NONE
1775710987.8777382,4079,100.35,200.00,19.89,INACTIVE,NONE,NORMAL,LIKELY_INACTIVE,NORMAL,NONE
1775710987.893255,4061,100.35,200.00,19.80,INACTIVE,NONE,NORMAL,LIKELY_INACTIVE,NORMAL,NONE
1775710987.9094093,4038,100.35,200.00,19.69,INACTIVE,NONE,NORMAL,LIKELY_INACTIVE,NORMAL,NONE
1775710987.924918,4019,100.35,200.00,19.59,INACTIVE,NONE,NORMAL,LIKELY_INACTIVE,NORMAL,NONE
1775710987.9411004,4001,100.35,200.00,19.50,INACTIVE,NONE,NORMAL,LIKELY_INACTIVE,NORMAL,NONE
1775710987.9573696,3995,100.35,200.00,19.47,INACTIVE,NONE,NORMAL,LIKELY_INACTIVE,NORMAL,NONE
1775710987.9730687,3999,100.35,200.00,19.49,INACTIVE,NONE,NORMAL,LIKELY_INACTIVE,NORMAL,NONE
1775710987.9890378,3971,100.35,200.00,19.35,INACTIVE,NONE,NORMAL,LIKELY_INACTIVE,NORMAL,NONE
1775710988.0051734,3979,100.35,200.00,19.39,INACTIVE,NONE,NORMAL,LIKELY_INACTIVE,NORMAL,NONE
1775710988.0213675,3965,100.35,200.00,19.32,INACTIVE,NONE,NORMAL,LIKELY_INACTIVE,NORMAL,NONE
1775710988.037326,3930,100.35,200.00,19.15,INACTIVE,NONE,NORMAL,LIKELY_INACTIVE,NORMAL,NONE
1775710988.0538857,3894,100.35,200.00,18.97,INACTIVE,NONE,NORMAL,LIKELY_INACTIVE,NORMAL,NONE
1775710988.0690403,3879,100.35,200.00,18.89,INACTIVE,NONE,NORMAL,LIKELY_INACTIVE,NORMAL,NONE
1775710988.0845573,3814,100.35,200.00,18.57,INACTIVE,NONE,NORMAL,LIKELY_INACTIVE,NORMAL,NONE
1775710988.100859,3779,100.35,200.00,18.39,INACTIVE,NONE,NORMAL,LIKELY_INACTIVE,NORMAL,NONE
1775710988.1170495,3725,100.35,200.00,18.12,INACTIVE,NONE,NORMAL,LIKELY_INACTIVE,NORMAL,NONE
1775710988.1329708,3722,100.35,200.00,18.11,INACTIVE,NONE,NORMAL,LIKELY_INACTIVE,NORMAL,NONE
1775710988.1490753,3726,100.35,200.00,18.13,INACTIVE,NONE,NORMAL,LIKELY_INACTIVE,NORMAL,NONE
1775710988.16502,3829,100.35,200.00,18.64,INACTIVE,NONE,NORMAL,LIKELY_INACTIVE,NORMAL,NONE
1775710988.181274,3933,100.35,200.00,19.16,INACTIVE,NONE,NORMAL,LIKELY_INACTIVE,NORMAL,NONE
1775710988.1968915,4065,100.35,200.00,19.82,INACTIVE,NONE,NORMAL,LIKELY_INACTIVE,NORMAL,NONE
1775710988.2129266,4187,100.35,200.00,20.43,INACTIVE,NONE,NORMAL,LIKELY_INACTIVE,NORMAL,NONE
1775710988.2287364,4295,100.35,200.00,20.97,INACTIVE,NONE,NORMAL,LIKELY_INACTIVE,NORMAL,NONE
1775710988.2450366,4334,100.35,200.00,21.17,INACTIVE,NONE,NORMAL,LIKELY_INACTIVE,NORMAL,NONE
1775710988.261013,4359,100.35,200.00,21.29,INACTIVE,NONE,NORMAL,LIKELY_INACTIVE,NORMAL,NONE
1775710988.277002,4394,100.35,200.00,21.47,INACTIVE,NONE,NORMAL,LIKELY_INACTIVE,NORMAL,NONE
1775710988.2930653,4469,100.35,200.00,21.84,INACTIVE,NONE,NORMAL,LIKELY_INACTIVE,NORMAL,NONE
1775710988.3090265,4568,100.35,200.00,22.34,INACTIVE,NONE,NORMAL,LIKELY_INACTIVE,NORMAL,NONE
1775710988.3246276,4692,100.35,200.00,22.96,INACTIVE,NONE,NORMAL,LIKELY_INACTIVE,NORMAL,NONE
1775710988.340462,4865,100.35,200.00,23.82,INACTIVE,NONE,NORMAL,LIKELY_INACTIVE,NORMAL,NONE
1775710988.3566897,5092,100.35,200.00,24.96,INACTIVE,NONE,NORMAL,LIKELY_INACTIVE,NORMAL,NONE
1775710988.3724475,5359,100.35,200.00,26.29,INACTIVE,NONE,NORMAL,LIKELY_INACTIVE,NORMAL,NONE
1775710988.38868,5523,100.35,200.00,27.11,INACTIVE,NONE,NORMAL,LIKELY_INACTIVE,NORMAL,NONE
1775710988.4047327,5682,100.35,200.00,27.91,INACTIVE,NONE,NORMAL,LIKELY_INACTIVE,NORMAL,NONE
1775710988.421325,5838,100.35,200.00,28.69,INACTIVE,NONE,NORMAL,LIKELY_INACTIVE,NORMAL,NONE
1775710988.436967,5972,100.35,200.00,29.36,INACTIVE,NONE,NORMAL,LIKELY_INACTIVE,NORMAL,NONE
1775710988.4528644,6063,100.35,200.00,29.81,INACTIVE,NONE,NORMAL,LIKELY_INACTIVE,NORMAL,NONE
1775710988.469365,5991,100.35,200.00,29.45,INACTIVE,NONE,NORMAL,LIKELY_INACTIVE,NORMAL,NONE
1775710988.4856384,5679,100.35,200.00,27.89,INACTIVE,NONE,NORMAL,LIKELY_INACTIVE,NORMAL,NONE
1775710988.5012338,5237,100.35,200.00,25.68,INACTIVE,NONE,NORMAL,LIKELY_INACTIVE,NORMAL,NONE
1775710988.5172982,4741,100.35,200.00,23.20,INACTIVE,NONE,NORMAL,LIKELY_INACTIVE,NORMAL,NONE
1775710988.533293,4227,100.35,200.00,20.63,INACTIVE,NONE,NORMAL,LIKELY_INACTIVE,NORMAL,NONE
1775710988.5494363,4020,100.35,200.00,19.60,INACTIVE,NONE,NORMAL,LIKELY_INACTIVE,NORMAL,NONE
1775710988.5646641,4012,100.35,200.00,19.56,INACTIVE,NONE,NORMAL,LIKELY_INACTIVE,NORMAL,NONE
1775710988.5805793,4219,100.35,200.00,20.59,INACTIVE,NONE,NORMAL,LIKELY_INACTIVE,NORMAL,NONE
1775710988.5972452,4225,100.35,200.00,20.62,INACTIVE,NONE,NORMAL,LIKELY_INACTIVE,NORMAL,NONE
1775710988.6131241,4270,100.35,200.00,20.85,INACTIVE,NONE,NORMAL,LIKELY_INACTIVE,NORMAL,NONE
1775710988.6291394,4305,100.35,200.00,21.02,INACTIVE,NONE,NORMAL,LIKELY_INACTIVE,NORMAL,NONE
1775710988.6450052,4404,100.35,200.00,21.52,INACTIVE,NONE,NORMAL,LIKELY_INACTIVE,NORMAL,NONE
1775710988.661231,4359,100.35,200.00,21.29,INACTIVE,NONE,NORMAL,LIKELY_INACTIVE,NORMAL,NONE
1775710988.677331,4506,100.35,200.00,22.03,INACTIVE,NONE,NORMAL,LIKELY_INACTIVE,NORMAL,NONE
1775710988.6934235,4708,100.35,200.00,23.04,INACTIVE,NONE,NORMAL,LIKELY_INACTIVE,NORMAL,NONE
1775710988.7098436,4947,100.35,200.00,24.23,INACTIVE,NONE,NORMAL,LIKELY_INACTIVE,NORMAL,NONE
1775710988.7257833,5115,100.35,200.00,25.07,INACTIVE,NONE,NORMAL,LIKELY_INACTIVE,NORMAL,NONE
1775710988.7416215,5233,100.35,200.00,25.66,INACTIVE,NONE,NORMAL,LIKELY_INACTIVE,NORMAL,NONE
1775710988.7582476,5325,100.35,200.00,26.12,INACTIVE,NONE,NORMAL,LIKELY_INACTIVE,NORMAL,NONE
1775710988.7732062,5377,100.35,200.00,26.38,INACTIVE,NONE,NORMAL,LIKELY_INACTIVE,NORMAL,NONE
1775710988.7899237,5352,100.35,200.00,26.26,INACTIVE,NONE,NORMAL,LIKELY_INACTIVE,NORMAL,NONE
1775710988.8052928,5296,100.35,200.00,25.98,INACTIVE,NONE,NORMAL,LIKELY_INACTIVE,NORMAL,NONE
1775710988.8214896,5217,100.35,200.00,25.58,INACTIVE,NONE,NORMAL,LIKELY_INACTIVE,NORMAL,NONE
1775710988.837147,5251,100.35,200.00,25.75,INACTIVE,NONE,NORMAL,LIKELY_INACTIVE,NORMAL,NONE
1775710988.853408,5240,100.35,200.00,25.70,INACTIVE,NONE,NORMAL,LIKELY_INACTIVE,NORMAL,NONE
1775710988.8692186,5204,100.35,200.00,25.52,INACTIVE,NONE,NORMAL,LIKELY_INACTIVE,NORMAL,NONE
1775710988.8851147,5102,100.35,200.00,25.01,INACTIVE,NONE,NORMAL,LIKELY_INACTIVE,NORMAL,NONE
1775710988.9011736,5039,100.35,200.00,24.69,INACTIVE,NONE,NORMAL,LIKELY_INACTIVE,NORMAL,NONE
1775710988.9175086,4968,100.35,200.00,24.34,INACTIVE,NONE,NORMAL,LIKELY_INACTIVE,NORMAL,NONE
1775710988.9330792,4873,100.35,200.00,23.86,INACTIVE,NONE,NORMAL,LIKELY_INACTIVE,NORMAL,NONE
1775710988.9491272,4782,100.35,200.00,23.41,INACTIVE,NONE,NORMAL,LIKELY_INACTIVE,NORMAL,NONE
1775710988.9647768,4822,100.35,200.00,23.61,INACTIVE,NONE,NORMAL,LIKELY_INACTIVE,NORMAL,NONE
1775710988.981725,4915,100.35,200.00,24.07,INACTIVE,NONE,NORMAL,LIKELY_INACTIVE,NORMAL,NONE
1775710988.9973242,4949,100.35,200.00,24.24,INACTIVE,NONE,NORMAL,LIKELY_INACTIVE,NORMAL,NONE
1775710989.0129042,4986,100.35,200.00,24.43,INACTIVE,NONE,NORMAL,LIKELY_INACTIVE,NORMAL,NONE
1775710989.029075,4924,100.35,200.00,24.12,INACTIVE,NONE,NORMAL,LIKELY_INACTIVE,NORMAL,NONE
1775710989.0448532,4776,100.35,200.00,23.38,INACTIVE,NONE,NORMAL,LIKELY_INACTIVE,NORMAL,NONE
1775710989.0619445,4582,100.35,200.00,22.41,INACTIVE,NONE,NORMAL,LIKELY_INACTIVE,NORMAL,NONE
1775710989.0777974,4330,100.35,200.00,21.15,INACTIVE,NONE,NORMAL,LIKELY_INACTIVE,NORMAL,NONE
1775710989.0932963,4099,100.35,200.00,19.99,INACTIVE,NONE,NORMAL,LIKELY_INACTIVE,NORMAL,NONE
1775710989.1086962,4073,100.35,200.00,19.86,INACTIVE,NONE,NORMAL,LIKELY_INACTIVE,NORMAL,NONE
1775710989.1257339,4176,100.35,200.00,20.38,INACTIVE,NONE,NORMAL,LIKELY_INACTIVE,NORMAL,NONE
1775710989.141494,4383,100.35,200.00,21.41,INACTIVE,NONE,NORMAL,LIKELY_INACTIVE,NORMAL,NONE
1775710989.157387,4637,100.35,200.00,22.68,INACTIVE,NONE,NORMAL,LIKELY_INACTIVE,NORMAL,NONE
1775710989.1734884,4852,100.35,200.00,23.76,INACTIVE,NONE,NORMAL,LIKELY_INACTIVE,NORMAL,NONE
1775710989.189583,4977,100.35,200.00,24.38,INACTIVE,NONE,NORMAL,LIKELY_INACTIVE,NORMAL,NONE
1775710989.2054803,5082,100.35,200.00,24.91,INACTIVE,NONE,NORMAL,LIKELY_INACTIVE,NORMAL,NONE
1775710989.2211316,5100,100.35,200.00,25.00,INACTIVE,NONE,NORMAL,LIKELY_INACTIVE,NORMAL,NONE
1775710989.2368221,5119,100.35,200.00,25.09,INACTIVE,NONE,NORMAL,LIKELY_INACTIVE,NORMAL,NONE
1775710989.2535315,5202,100.35,200.00,25.51,INACTIVE,NONE,NORMAL,LIKELY_INACTIVE,NORMAL,NONE
1775710989.2693863,5361,100.35,200.00,26.30,INACTIVE,NONE,NORMAL,LIKELY_INACTIVE,NORMAL,NONE
1775710989.2851193,5524,100.35,200.00,27.12,INACTIVE,NONE,NORMAL,LIKELY_INACTIVE,NORMAL,NONE
1775710989.3017251,5810,100.35,200.00,28.55,INACTIVE,NONE,NORMAL,LIKELY_INACTIVE,NORMAL,NONE
1775710989.317617,6039,100.35,200.00,29.69,INACTIVE,NONE,NORMAL,LIKELY_INACTIVE,NORMAL,NONE
1775710989.3327372,6213,100.35,200.00,30.56,INACTIVE,NONE,NORMAL,LIKELY_INACTIVE,NORMAL,NONE
1775710989.3489754,6231,100.35,200.00,30.65,INACTIVE,NONE,NORMAL,LIKELY_INACTIVE,NORMAL,NONE
1775710989.364907,6161,100.35,200.00,30.30,INACTIVE,NONE,NORMAL,LIKELY_INACTIVE,NORMAL,NONE
1775710989.3807323,5941,100.35,200.00,29.20,INACTIVE,NONE,NORMAL,LIKELY_INACTIVE,NORMAL,NONE
1775710989.3972924,5732,100.35,200.00,28.16,INACTIVE,NONE,NORMAL,LIKELY_INACTIVE,NORMAL,NONE
1775710989.4131265,5518,100.35,200.00,27.09,INACTIVE,NONE,NORMAL,LIKELY_INACTIVE,NORMAL,NONE
1775710989.4293268,5363,100.35,200.00,26.31,INACTIVE,NONE,NORMAL,LIKELY_INACTIVE,NORMAL,NONE
1775710989.445297,5276,100.35,200.00,25.88,INACTIVE,NONE,NORMAL,LIKELY_INACTIVE,NORMAL,NONE
1775710989.46088,5168,100.35,200.00,25.34,INACTIVE,NONE,NORMAL,LIKELY_INACTIVE,NORMAL,NONE
1775710989.4773197,5063,100.35,200.00,24.81,INACTIVE,NONE,NORMAL,LIKELY_INACTIVE,NORMAL,NONE
1775710989.4929323,4889,100.35,200.00,23.94,INACTIVE,NONE,NORMAL,LIKELY_INACTIVE,NORMAL,NONE
1775710989.509137,4663,100.35,200.00,22.81,INACTIVE,NONE,NORMAL,LIKELY_INACTIVE,NORMAL,NONE
1775710989.52537,4393,100.35,200.00,21.46,INACTIVE,NONE,NORMAL,LIKELY_INACTIVE,NORMAL,NONE
1775710989.5412056,4471,100.35,200.00,21.85,INACTIVE,NONE,NORMAL,LIKELY_INACTIVE,NORMAL,NONE
1775710989.5573015,4739,100.35,200.00,23.19,INACTIVE,NONE,NORMAL,LIKELY_INACTIVE,NORMAL,NONE
1775710989.5729995,5199,100.35,200.00,25.49,INACTIVE,NONE,NORMAL,LIKELY_INACTIVE,NORMAL,NONE
1775710989.5892615,5836,100.35,200.00,28.68,INACTIVE,NONE,NORMAL,LIKELY_INACTIVE,NORMAL,NONE
1775710989.6053498,6533,100.35,200.00,32.16,INACTIVE,NONE,NORMAL,LIKELY_INACTIVE,NORMAL,NONE
1775710989.621344,7042,100.35,200.00,34.71,INACTIVE,NONE,NORMAL,LIKELY_INACTIVE,NORMAL,NONE
1775710989.6368659,7507,100.35,200.00,37.03,INACTIVE,NONE,NORMAL,LIKELY_INACTIVE,NORMAL,NONE
1775710989.6529374,7680,100.35,200.00,37.90,INACTIVE,NONE,NORMAL,LIKELY_INACTIVE,NORMAL,NONE
1775710989.668883,7680,100.35,200.00,37.90,INACTIVE,NONE,NORMAL,LIKELY_INACTIVE,NORMAL,NONE
1775710989.6848598,7528,100.35,200.00,37.14,INACTIVE,NONE,NORMAL,LIKELY_INACTIVE,NORMAL,NONE
1775710989.7006602,7190,100.35,200.00,35.45,INACTIVE,NONE,NORMAL,LIKELY_INACTIVE,NORMAL,NONE
1775710989.716803,6730,100.35,200.00,33.15,INACTIVE,NONE,NORMAL,LIKELY_INACTIVE,NORMAL,NONE
1775710989.733345,6459,100.35,200.00,31.79,INACTIVE,NONE,NORMAL,LIKELY_INACTIVE,NORMAL,NONE
1775710989.749129,6224,100.35,200.00,30.62,INACTIVE,NONE,NORMAL,LIKELY_INACTIVE,NORMAL,NONE
1775710989.7650054,6073,100.35,200.00,29.86,INACTIVE,NONE,NORMAL,LIKELY_INACTIVE,NORMAL,NONE
1775710989.7811456,5968,100.35,200.00,29.34,INACTIVE,NONE,NORMAL,LIKELY_INACTIVE,NORMAL,NONE
1775710989.7972126,5777,100.35,200.00,28.38,INACTIVE,NONE,NORMAL,LIKELY_INACTIVE,NORMAL,NONE
1775710989.8129635,5503,100.35,200.00,27.01,INACTIVE,NONE,NORMAL,LIKELY_INACTIVE,NORMAL,NONE
1775710989.8289468,5227,100.35,200.00,25.63,INACTIVE,NONE,NORMAL,LIKELY_INACTIVE,NORMAL,NONE
1775710989.844711,5002,100.35,200.00,24.51,INACTIVE,NONE,NORMAL,LIKELY_INACTIVE,NORMAL,NONE
1775710989.8605409,4807,100.35,200.00,23.53,INACTIVE,NONE,NORMAL,LIKELY_INACTIVE,NORMAL,NONE
1775710989.8769574,4709,100.35,200.00,23.04,INACTIVE,NONE,NORMAL,LIKELY_INACTIVE,NORMAL,NONE
1775710989.8928547,4693,100.35,200.00,22.96,INACTIVE,NONE,NORMAL,LIKELY_INACTIVE,NORMAL,NONE
1775710989.9093735,4727,100.35,200.00,23.13,INACTIVE,NONE,NORMAL,LIKELY_INACTIVE,NORMAL,NONE
1775710989.925122,4736,100.35,200.00,23.18,INACTIVE,NONE,NORMAL,LIKELY_INACTIVE,NORMAL,NONE
1775710989.9412963,4775,100.35,200.00,23.37,INACTIVE,NONE,NORMAL,LIKELY_INACTIVE,NORMAL,NONE
1775710989.9570112,4784,100.35,200.00,23.42,INACTIVE,NONE,NORMAL,LIKELY_INACTIVE,NORMAL,NONE
1775710989.9732523,4779,100.35,200.00,23.39,INACTIVE,NONE,NORMAL,LIKELY_INACTIVE,NORMAL,NONE
1775710989.9890475,4750,100.35,200.00,23.25,INACTIVE,NONE,NORMAL,LIKELY_INACTIVE,NORMAL,NONE
1775710990.0050845,4792,100.35,200.00,23.46,INACTIVE,NONE,NORMAL,LIKELY_INACTIVE,NORMAL,NONE
1775710990.020994,4868,100.35,200.00,23.84,INACTIVE,NONE,NORMAL,LIKELY_INACTIVE,NORMAL,NONE
1775710990.0371397,4998,100.35,200.00,24.49,INACTIVE,NONE,NORMAL,LIKELY_INACTIVE,NORMAL,NONE
1775710990.053117,5162,100.35,200.00,25.31,INACTIVE,NONE,NORMAL,LIKELY_INACTIVE,NORMAL,NONE
1775710990.0685427,5340,100.35,200.00,26.20,INACTIVE,NONE,NORMAL,LIKELY_INACTIVE,NORMAL,NONE
1775710990.085206,5446,100.35,200.00,26.73,INACTIVE,NONE,NORMAL,LIKELY_INACTIVE,NORMAL,NONE
1775710990.100923,5518,100.35,200.00,27.09,INACTIVE,NONE,NORMAL,LIKELY_INACTIVE,NORMAL,NONE
1775710990.1172945,5583,100.35,200.00,27.41,INACTIVE,NONE,NORMAL,LIKELY_INACTIVE,NORMAL,NONE
1775710990.1330404,5629,100.35,200.00,27.64,INACTIVE,NONE,NORMAL,LIKELY_INACTIVE,NORMAL,NONE
1775710990.148916,5737,100.35,200.00,28.18,INACTIVE,NONE,NORMAL,LIKELY_INACTIVE,NORMAL,NONE
1775710990.1647475,5869,100.35,200.00,28.84,INACTIVE,NONE,NORMAL,LIKELY_INACTIVE,NORMAL,NONE
1775710990.1809578,5968,100.35,200.00,29.34,INACTIVE,NONE,NORMAL,LIKELY_INACTIVE,NORMAL,NONE
1775710990.1970258,5995,100.35,200.00,29.47,INACTIVE,NONE,NORMAL,LIKELY_INACTIVE,NORMAL,NONE
1775710990.2130818,5941,100.35,200.00,29.20,INACTIVE,NONE,NORMAL,LIKELY_INACTIVE,NORMAL,NONE
1775710990.2291956,5821,100.35,200.00,28.60,INACTIVE,NONE,NORMAL,LIKELY_INACTIVE,NORMAL,NONE
1775710990.2451322,5842,100.35,200.00,28.71,INACTIVE,NONE,NORMAL,LIKELY_INACTIVE,NORMAL,NONE
1775710990.2610846,5968,100.35,200.00,29.34,INACTIVE,NONE,NORMAL,LIKELY_INACTIVE,NORMAL,NONE
1775710990.2769737,6147,100.35,200.00,30.23,INACTIVE,NONE,NORMAL,LIKELY_INACTIVE,NORMAL,NONE
1775710990.2928555,6435,100.35,200.00,31.67,INACTIVE,NONE,NORMAL,LIKELY_INACTIVE,NORMAL,NONE
1775710990.3091846,6715,100.35,200.00,33.07,INACTIVE,NONE,NORMAL,LIKELY_INACTIVE,NORMAL,NONE
1775710990.3249733,6794,100.35,200.00,33.47,INACTIVE,NONE,NORMAL,LIKELY_INACTIVE,NORMAL,NONE
1775710990.3413415,6714,100.35,200.00,33.07,INACTIVE,NONE,NORMAL,LIKELY_INACTIVE,NORMAL,NONE
1775710990.3571281,6579,100.35,200.00,32.39,INACTIVE,NONE,NORMAL,LIKELY_INACTIVE,NORMAL,NONE
1775710990.3735733,6448,100.35,200.00,31.74,INACTIVE,NONE,NORMAL,LIKELY_INACTIVE,NORMAL,NONE
1775710990.3896148,6291,100.35,200.00,30.95,INACTIVE,NONE,NORMAL,LIKELY_INACTIVE,NORMAL,NONE
1775710990.405444,6185,100.35,200.00,30.42,INACTIVE,NONE,NORMAL,LIKELY_INACTIVE,NORMAL,NONE
1775710990.421382,6094,100.35,200.00,29.97,INACTIVE,NONE,NORMAL,LIKELY_INACTIVE,NORMAL,NONE
1775710990.4371684,6070,100.35,200.00,29.85,INACTIVE,NONE,NORMAL,LIKELY_INACTIVE,NORMAL,NONE
1775710990.4529,6107,100.35,200.00,30.03,INACTIVE,NONE,NORMAL,LIKELY_INACTIVE,NORMAL,NONE
1775710990.4697094,6136,100.35,200.00,30.18,INACTIVE,NONE,NORMAL,LIKELY_INACTIVE,NORMAL,NONE
1775710990.4851377,6111,100.35,200.00,30.05,INACTIVE,NONE,NORMAL,LIKELY_INACTIVE,NORMAL,NONE
1775710990.5009089,6109,100.35,200.00,30.04,INACTIVE,NONE,NORMAL,LIKELY_INACTIVE,NORMAL,NONE
1775710990.5171885,6055,100.35,200.00,29.77,INACTIVE,NONE,NORMAL,LIKELY_INACTIVE,NORMAL,NONE
1775710990.5325065,5880,100.35,200.00,28.90,INACTIVE,NONE,NORMAL,LIKELY_INACTIVE,NORMAL,NONE
1775710990.548821,5905,100.35,200.00,29.02,INACTIVE,NONE,NORMAL,LIKELY_INACTIVE,NORMAL,NONE
1775710990.5648043,5988,100.35,200.00,29.44,INACTIVE,NONE,NORMAL,LIKELY_INACTIVE,NORMAL,NONE
1775710990.5807114,6110,100.35,200.00,30.05,INACTIVE,NONE,NORMAL,LIKELY_INACTIVE,NORMAL,NONE
1775710990.5967565,6294,100.35,200.00,30.97,INACTIVE,NONE,NORMAL,LIKELY_INACTIVE,NORMAL,NONE
1775710990.6129744,6450,100.35,200.00,31.75,INACTIVE,NONE,NORMAL,LIKELY_INACTIVE,NORMAL,NONE
1775710990.629267,6436,100.35,200.00,31.68,INACTIVE,NONE,NORMAL,LIKELY_INACTIVE,NORMAL,NONE
1775710990.6450453,6477,100.35,200.00,31.88,INACTIVE,NONE,NORMAL,LIKELY_INACTIVE,NORMAL,NONE
1775710990.6607797,6531,100.35,200.00,32.15,INACTIVE,NONE,NORMAL,LIKELY_INACTIVE,NORMAL,NONE
1775710990.6768897,6590,100.35,200.00,32.45,INACTIVE,NONE,NORMAL,LIKELY_INACTIVE,NORMAL,NONE
1775710990.6930568,6623,100.35,200.00,32.61,INACTIVE,NONE,NORMAL,LIKELY_INACTIVE,NORMAL,NONE
1775710990.709299,6668,100.35,200.00,32.84,INACTIVE,NONE,NORMAL,LIKELY_INACTIVE,NORMAL,NONE
1775710990.725978,6767,100.35,200.00,33.33,ACTIVE,ACTIVATION,UNUSUAL_ACTIVITY,LIKELY_INACTIVE,NORMAL,NONE
1775710990.7409394,6853,100.35,200.00,33.76,ACTIVE,NONE,UNUSUAL_ACTIVITY,LIKELY_INACTIVE,NORMAL,NONE
1775710990.7568622,6893,100.35,200.00,33.96,ACTIVE,NONE,UNUSUAL_ACTIVITY,LIKELY_INACTIVE,NORMAL,NONE
1775710990.7731915,6900,100.35,200.00,34.00,ACTIVE,NONE,UNUSUAL_ACTIVITY,LIKELY_INACTIVE,NORMAL,NONE
1775710990.7891054,6840,100.35,200.00,33.70,ACTIVE,NONE,UNUSUAL_ACTIVITY,LIKELY_INACTIVE,NORMAL,NONE
1775710990.8054836,6754,100.35,200.00,33.27,ACTIVE,NONE,UNUSUAL_ACTIVITY,LIKELY_INACTIVE,NORMAL,NONE
1775710990.821517,6794,100.35,200.00,33.47,ACTIVE,NONE,UNUSUAL_ACTIVITY,LIKELY_INACTIVE,NORMAL,NONE
1775710990.8373332,6827,100.35,200.00,33.63,ACTIVE,NONE,UNUSUAL_ACTIVITY,LIKELY_INACTIVE,NORMAL,NONE
1775710990.8529696,6952,100.35,200.00,34.26,ACTIVE,NONE,UNUSUAL_ACTIVITY,STABLE,NORMAL,NONE
1775710990.8693056,7052,100.35,200.00,34.76,ACTIVE,NONE,UNUSUAL_ACTIVITY,STABLE,NORMAL,NONE
1775710990.8848395,6966,100.35,200.00,34.33,ACTIVE,NONE,UNUSUAL_ACTIVITY,STABLE,NORMAL,NONE
1775710990.9013171,6812,100.35,200.00,33.56,ACTIVE,NONE,UNUSUAL_ACTIVITY,LIKELY_ACTIVE,HIGH_ENGAGEMENT,MAINTAIN_FLOW
1775710990.9172523,6697,100.35,200.00,32.98,ACTIVE,NONE,UNUSUAL_ACTIVITY,LIKELY_ACTIVE,HIGH_ENGAGEMENT,MAINTAIN_FLOW
1775710990.9331875,6510,100.35,200.00,32.05,ACTIVE,NONE,UNUSUAL_ACTIVITY,LIKELY_ACTIVE,HIGH_ENGAGEMENT,MAINTAIN_FLOW
1775710990.9487844,6428,100.35,200.00,31.64,ACTIVE,NONE,UNUSUAL_ACTIVITY,LIKELY_ACTIVE,HIGH_ENGAGEMENT,MAINTAIN_FLOW
1775710990.9649448,6361,100.35,200.00,31.30,ACTIVE,NONE,UNUSUAL_ACTIVITY,LIKELY_ACTIVE,HIGH_ENGAGEMENT,MAINTAIN_FLOW
1775710990.9806526,6250,100.35,200.00,30.75,ACTIVE,NONE,UNUSUAL_ACTIVITY,LIKELY_ACTIVE,HIGH_ENGAGEMENT,MAINTAIN_FLOW
1775710990.9969075,6212,100.35,200.00,30.56,ACTIVE,NONE,UNUSUAL_ACTIVITY,LIKELY_ACTIVE,HIGH_ENGAGEMENT,MAINTAIN_FLOW
1775710991.0129337,6251,100.35,200.00,30.75,ACTIVE,NONE,UNUSUAL_ACTIVITY,LIKELY_ACTIVE,HIGH_ENGAGEMENT,MAINTAIN_FLOW
1775710991.0288181,6275,100.35,200.00,30.87,ACTIVE,NONE,UNUSUAL_ACTIVITY,LIKELY_ACTIVE,HIGH_ENGAGEMENT,MAINTAIN_FLOW
1775710991.0452027,6308,100.35,200.00,31.04,ACTIVE,NONE,UNUSUAL_ACTIVITY,LIKELY_ACTIVE,HIGH_ENGAGEMENT,MAINTAIN_FLOW
1775710991.0609412,6306,100.35,200.00,31.03,ACTIVE,NONE,UNUSUAL_ACTIVITY,LIKELY_ACTIVE,HIGH_ENGAGEMENT,MAINTAIN_FLOW
1775710991.076797,6219,100.35,200.00,30.59,ACTIVE,NONE,UNUSUAL_ACTIVITY,LIKELY_ACTIVE,HIGH_ENGAGEMENT,MAINTAIN_FLOW
1775710991.0934906,6243,100.35,200.00,30.71,ACTIVE,NONE,UNUSUAL_ACTIVITY,LIKELY_ACTIVE,HIGH_ENGAGEMENT,MAINTAIN_FLOW
1775710991.1094012,6237,100.35,200.00,30.68,ACTIVE,NONE,UNUSUAL_ACTIVITY,LIKELY_ACTIVE,HIGH_ENGAGEMENT,MAINTAIN_FLOW
1775710991.1252747,6290,100.35,200.00,30.95,ACTIVE,NONE,UNUSUAL_ACTIVITY,LIKELY_ACTIVE,HIGH_ENGAGEMENT,MAINTAIN_FLOW
1775710991.1413193,6328,100.35,200.00,31.14,ACTIVE,NONE,UNUSUAL_ACTIVITY,LIKELY_ACTIVE,HIGH_ENGAGEMENT,MAINTAIN_FLOW
1775710991.1571186,6379,100.35,200.00,31.39,ACTIVE,NONE,UNUSUAL_ACTIVITY,LIKELY_ACTIVE,HIGH_ENGAGEMENT,MAINTAIN_FLOW
1775710991.1728356,6427,100.35,200.00,31.63,ACTIVE,NONE,UNUSUAL_ACTIVITY,LIKELY_ACTIVE,HIGH_ENGAGEMENT,MAINTAIN_FLOW
1775710991.1895714,6489,100.35,200.00,31.94,ACTIVE,NONE,UNUSUAL_ACTIVITY,LIKELY_ACTIVE,HIGH_ENGAGEMENT,MAINTAIN_FLOW
1775710991.2050755,6570,100.35,200.00,32.35,ACTIVE,NONE,UNUSUAL_ACTIVITY,LIKELY_ACTIVE,HIGH_ENGAGEMENT,MAINTAIN_FLOW
1775710991.2213776,6694,100.35,200.00,32.97,ACTIVE,NONE,UNUSUAL_ACTIVITY,LIKELY_ACTIVE,HIGH_ENGAGEMENT,MAINTAIN_FLOW
1775710991.2373242,6809,100.35,200.00,33.54,ACTIVE,NONE,UNUSUAL_ACTIVITY,LIKELY_ACTIVE,HIGH_ENGAGEMENT,MAINTAIN_FLOW
1775710991.253457,6850,100.35,200.00,33.75,ACTIVE,NONE,UNUSUAL_ACTIVITY,LIKELY_ACTIVE,HIGH_ENGAGEMENT,MAINTAIN_FLOW
1775710991.2691991,6829,100.35,200.00,33.64,ACTIVE,NONE,UNUSUAL_ACTIVITY,LIKELY_ACTIVE,HIGH_ENGAGEMENT,MAINTAIN_FLOW
1775710991.286083,6767,100.35,200.00,33.33,ACTIVE,NONE,UNUSUAL_ACTIVITY,LIKELY_ACTIVE,HIGH_ENGAGEMENT,MAINTAIN_FLOW
1775710991.301486,6659,100.35,200.00,32.79,ACTIVE,NONE,UNUSUAL_ACTIVITY,LIKELY_ACTIVE,HIGH_ENGAGEMENT,MAINTAIN_FLOW
1775710991.3175201,6585,100.35,200.00,32.42,ACTIVE,NONE,UNUSUAL_ACTIVITY,LIKELY_ACTIVE,HIGH_ENGAGEMENT,MAINTAIN_FLOW
1775710991.3335757,6512,100.35,200.00,32.06,ACTIVE,NONE,UNUSUAL_ACTIVITY,LIKELY_ACTIVE,HIGH_ENGAGEMENT,MAINTAIN_FLOW
1775710991.349615,6443,100.35,200.00,31.71,ACTIVE,NONE,UNUSUAL_ACTIVITY,LIKELY_ACTIVE,HIGH_ENGAGEMENT,MAINTAIN_FLOW
1775710991.3649278,6409,100.35,200.00,31.54,ACTIVE,NONE,UNUSUAL_ACTIVITY,LIKELY_ACTIVE,HIGH_ENGAGEMENT,MAINTAIN_FLOW
1775710991.3811028,6370,100.35,200.00,31.35,ACTIVE,NONE,UNUSUAL_ACTIVITY,LIKELY_ACTIVE,HIGH_ENGAGEMENT,MAINTAIN_FLOW
1775710991.397092,6287,100.35,200.00,30.93,ACTIVE,NONE,UNUSUAL_ACTIVITY,LIKELY_ACTIVE,HIGH_ENGAGEMENT,MAINTAIN_FLOW
1775710991.4132602,6243,100.35,200.00,30.71,ACTIVE,NONE,UNUSUAL_ACTIVITY,LIKELY_ACTIVE,HIGH_ENGAGEMENT,MAINTAIN_FLOW
1775710991.4294775,6218,100.35,200.00,30.59,ACTIVE,NONE,UNUSUAL_ACTIVITY,LIKELY_ACTIVE,HIGH_ENGAGEMENT,MAINTAIN_FLOW
1775710991.4456348,6182,100.35,200.00,30.41,ACTIVE,NONE,UNUSUAL_ACTIVITY,LIKELY_ACTIVE,HIGH_ENGAGEMENT,MAINTAIN_FLOW
1775710991.461317,6137,100.35,200.00,30.18,ACTIVE,NONE,UNUSUAL_ACTIVITY,LIKELY_ACTIVE,HIGH_ENGAGEMENT,MAINTAIN_FLOW
1775710991.4784691,6074,100.35,200.00,29.87,ACTIVE,NONE,UNUSUAL_ACTIVITY,LIKELY_ACTIVE,HIGH_ENGAGEMENT,MAINTAIN_FLOW
1775710991.4934583,6037,100.35,200.00,29.68,ACTIVE,NONE,UNUSUAL_ACTIVITY,LIKELY_ACTIVE,HIGH_ENGAGEMENT,MAINTAIN_FLOW
1775710991.5100105,6046,100.35,200.00,29.73,ACTIVE,NONE,UNUSUAL_ACTIVITY,LIKELY_ACTIVE,HIGH_ENGAGEMENT,MAINTAIN_FLOW
1775710991.5258527,6075,100.35,200.00,29.87,ACTIVE,NONE,UNUSUAL_ACTIVITY,LIKELY_ACTIVE,HIGH_ENGAGEMENT,MAINTAIN_FLOW
1775710991.541736,6138,100.35,200.00,30.19,ACTIVE,NONE,UNUSUAL_ACTIVITY,LIKELY_ACTIVE,HIGH_ENGAGEMENT,MAINTAIN_FLOW
1775710991.557715,6183,100.35,200.00,30.41,ACTIVE,NONE,UNUSUAL_ACTIVITY,LIKELY_ACTIVE,HIGH_ENGAGEMENT,MAINTAIN_FLOW
1775710991.5728972,6245,100.35,200.00,30.72,ACTIVE,NONE,UNUSUAL_ACTIVITY,LIKELY_ACTIVE,HIGH_ENGAGEMENT,MAINTAIN_FLOW
1775710991.5894587,6324,100.35,200.00,31.12,ACTIVE,NONE,UNUSUAL_ACTIVITY,LIKELY_ACTIVE,HIGH_ENGAGEMENT,MAINTAIN_FLOW
1775710991.6053958,6315,100.35,200.00,31.07,ACTIVE,NONE,UNUSUAL_ACTIVITY,LIKELY_ACTIVE,HIGH_ENGAGEMENT,MAINTAIN_FLOW
1775710991.6208467,6312,100.35,200.00,31.06,ACTIVE,NONE,UNUSUAL_ACTIVITY,LIKELY_ACTIVE,HIGH_ENGAGEMENT,MAINTAIN_FLOW
1775710991.6371522,6392,100.35,200.00,31.46,ACTIVE,NONE,UNUSUAL_ACTIVITY,LIKELY_ACTIVE,HIGH_ENGAGEMENT,MAINTAIN_FLOW
1775710991.6528196,6469,100.35,200.00,31.84,ACTIVE,NONE,UNUSUAL_ACTIVITY,LIKELY_ACTIVE,HIGH_ENGAGEMENT,MAINTAIN_FLOW
1775710991.6692007,6439,100.35,200.00,31.69,ACTIVE,NONE,UNUSUAL_ACTIVITY,LIKELY_ACTIVE,HIGH_ENGAGEMENT,MAINTAIN_FLOW
1775710991.68488,6510,100.35,200.00,32.05,ACTIVE,NONE,UNUSUAL_ACTIVITY,LIKELY_ACTIVE,HIGH_ENGAGEMENT,MAINTAIN_FLOW
1775710991.7009392,6533,100.35,200.00,32.16,ACTIVE,NONE,UNUSUAL_ACTIVITY,LIKELY_ACTIVE,HIGH_ENGAGEMENT,MAINTAIN_FLOW
1775710991.717,6487,100.35,200.00,31.93,ACTIVE,NONE,UNUSUAL_ACTIVITY,LIKELY_ACTIVE,HIGH_ENGAGEMENT,MAINTAIN_FLOW
1775710991.732962,6397,100.35,200.00,31.48,ACTIVE,NONE,UNUSUAL_ACTIVITY,LIKELY_ACTIVE,HIGH_ENGAGEMENT,MAINTAIN_FLOW
1775710991.749233,6465,100.35,200.00,31.82,ACTIVE,NONE,UNUSUAL_ACTIVITY,LIKELY_ACTIVE,HIGH_ENGAGEMENT,MAINTAIN_FLOW
1775710991.765363,6555,100.35,200.00,32.27,ACTIVE,NONE,UNUSUAL_ACTIVITY,LIKELY_ACTIVE,HIGH_ENGAGEMENT,MAINTAIN_FLOW
1775710991.7809737,6669,100.35,200.00,32.84,ACTIVE,NONE,UNUSUAL_ACTIVITY,LIKELY_ACTIVE,HIGH_ENGAGEMENT,MAINTAIN_FLOW
1775710991.7970014,6759,100.35,200.00,33.29,ACTIVE,NONE,UNUSUAL_ACTIVITY,LIKELY_ACTIVE,HIGH_ENGAGEMENT,MAINTAIN_FLOW
1775710991.8129954,6793,100.35,200.00,33.46,ACTIVE,NONE,UNUSUAL_ACTIVITY,LIKELY_ACTIVE,HIGH_ENGAGEMENT,MAINTAIN_FLOW
1775710991.8291123,6783,100.35,200.00,33.41,ACTIVE,NONE,UNUSUAL_ACTIVITY,LIKELY_ACTIVE,HIGH_ENGAGEMENT,MAINTAIN_FLOW
1775710991.8452003,6739,100.35,200.00,33.19,ACTIVE,NONE,UNUSUAL_ACTIVITY,LIKELY_ACTIVE,HIGH_ENGAGEMENT,MAINTAIN_FLOW
1775710991.861387,6724,100.35,200.00,33.12,ACTIVE,NONE,UNUSUAL_ACTIVITY,LIKELY_ACTIVE,HIGH_ENGAGEMENT,MAINTAIN_FLOW
1775710991.8772404,6742,100.35,200.00,33.21,ACTIVE,NONE,UNUSUAL_ACTIVITY,LIKELY_ACTIVE,HIGH_ENGAGEMENT,MAINTAIN_FLOW
1775710991.8934846,6837,100.35,200.00,33.68,ACTIVE,NONE,UNUSUAL_ACTIVITY,LIKELY_ACTIVE,HIGH_ENGAGEMENT,MAINTAIN_FLOW
1775710991.9093254,6955,100.35,200.00,34.27,ACTIVE,NONE,UNUSUAL_ACTIVITY,LIKELY_ACTIVE,HIGH_ENGAGEMENT,MAINTAIN_FLOW
1775710991.925896,7009,100.35,200.00,34.54,ACTIVE,NONE,UNUSUAL_ACTIVITY,LIKELY_ACTIVE,HIGH_ENGAGEMENT,MAINTAIN_FLOW
1775710991.9412086,6976,100.35,200.00,34.38,ACTIVE,NONE,UNUSUAL_ACTIVITY,LIKELY_ACTIVE,HIGH_ENGAGEMENT,MAINTAIN_FLOW
1775710991.957199,6940,100.35,200.00,34.20,ACTIVE,NONE,UNUSUAL_ACTIVITY,LIKELY_ACTIVE,HIGH_ENGAGEMENT,MAINTAIN_FLOW
1775710991.9731898,6879,100.35,200.00,33.89,ACTIVE,NONE,UNUSUAL_ACTIVITY,LIKELY_ACTIVE,HIGH_ENGAGEMENT,MAINTAIN_FLOW
1775710991.9891007,6810,100.35,200.00,33.55,ACTIVE,NONE,UNUSUAL_ACTIVITY,LIKELY_ACTIVE,HIGH_ENGAGEMENT,MAINTAIN_FLOW
1775710992.0050554,6775,100.35,200.00,33.37,ACTIVE,NONE,UNUSUAL_ACTIVITY,LIKELY_ACTIVE,HIGH_ENGAGEMENT,MAINTAIN_FLOW
1775710992.0210574,6788,100.35,200.00,33.44,ACTIVE,NONE,UNUSUAL_ACTIVITY,LIKELY_ACTIVE,HIGH_ENGAGEMENT,MAINTAIN_FLOW
1775710992.0372572,6785,100.35,200.00,33.42,ACTIVE,NONE,UNUSUAL_ACTIVITY,LIKELY_ACTIVE,HIGH_ENGAGEMENT,MAINTAIN_FLOW
1775710992.0531285,6762,100.35,200.00,33.31,ACTIVE,NONE,UNUSUAL_ACTIVITY,LIKELY_ACTIVE,HIGH_ENGAGEMENT,MAINTAIN_FLOW
1775710992.0693715,6693,100.35,200.00,32.96,ACTIVE,NONE,UNUSUAL_ACTIVITY,LIKELY_ACTIVE,HIGH_ENGAGEMENT,MAINTAIN_FLOW
1775710992.084974,6548,100.35,200.00,32.24,ACTIVE,NONE,UNUSUAL_ACTIVITY,LIKELY_ACTIVE,HIGH_ENGAGEMENT,MAINTAIN_FLOW
1775710992.1011193,6457,100.35,200.00,31.78,ACTIVE,NONE,UNUSUAL_ACTIVITY,LIKELY_ACTIVE,HIGH_ENGAGEMENT,MAINTAIN_FLOW
1775710992.1174579,6334,100.35,200.00,31.17,ACTIVE,NONE,UNUSUAL_ACTIVITY,LIKELY_ACTIVE,HIGH_ENGAGEMENT,MAINTAIN_FLOW
1775710992.1333747,6154,100.35,200.00,30.27,ACTIVE,NONE,UNUSUAL_ACTIVITY,LIKELY_ACTIVE,HIGH_ENGAGEMENT,MAINTAIN_FLOW
1775710992.1493855,6063,100.35,200.00,29.81,ACTIVE,NONE,UNUSUAL_ACTIVITY,LIKELY_ACTIVE,HIGH_ENGAGEMENT,MAINTAIN_FLOW
1775710992.1652656,6064,100.35,200.00,29.82,ACTIVE,NONE,UNUSUAL_ACTIVITY,LIKELY_ACTIVE,HIGH_ENGAGEMENT,MAINTAIN_FLOW
1775710992.1811135,6081,100.35,200.00,29.90,ACTIVE,NONE,UNUSUAL_ACTIVITY,LIKELY_ACTIVE,HIGH_ENGAGEMENT,MAINTAIN_FLOW
1775710992.1973338,6113,100.35,200.00,30.06,ACTIVE,NONE,UNUSUAL_ACTIVITY,LIKELY_ACTIVE,HIGH_ENGAGEMENT,MAINTAIN_FLOW
1775710992.2134314,6039,100.35,200.00,29.69,ACTIVE,NONE,UNUSUAL_ACTIVITY,LIKELY_ACTIVE,HIGH_ENGAGEMENT,MAINTAIN_FLOW
1775710992.2295136,5817,100.35,200.00,28.58,ACTIVE,NONE,UNUSUAL_ACTIVITY,LIKELY_ACTIVE,HIGH_ENGAGEMENT,MAINTAIN_FLOW
1775710992.245376,5519,100.35,200.00,27.09,ACTIVE,NONE,UNUSUAL_ACTIVITY,LIKELY_ACTIVE,HIGH_ENGAGEMENT,MAINTAIN_FLOW
1775710992.2611902,4917,100.35,200.00,24.08,ACTIVE,NONE,UNUSUAL_ACTIVITY,LIKELY_ACTIVE,HIGH_ENGAGEMENT,MAINTAIN_FLOW
1775710992.277368,4030,100.35,200.00,19.65,ACTIVE,NONE,UNUSUAL_ACTIVITY,LIKELY_ACTIVE,HIGH_ENGAGEMENT,MAINTAIN_FLOW
1775710992.2933266,3267,100.35,200.00,15.83,ACTIVE,NONE,UNUSUAL_ACTIVITY,LIKELY_ACTIVE,HIGH_ENGAGEMENT,MAINTAIN_FLOW
1775710992.3097653,2565,100.35,200.00,12.32,ACTIVE,NONE,UNUSUAL_ACTIVITY,LIKELY_ACTIVE,HIGH_ENGAGEMENT,MAINTAIN_FLOW
1775710992.3254378,1885,100.35,200.00,8.92,ACTIVE,NONE,UNUSUAL_ACTIVITY,LIKELY_ACTIVE,HIGH_ENGAGEMENT,MAINTAIN_FLOW
1775710992.341406,1485,100.35,200.00,6.92,ACTIVE,NONE,UNUSUAL_ACTIVITY,LIKELY_ACTIVE,HIGH_ENGAGEMENT,MAINTAIN_FLOW
1775710992.3571713,1416,100.35,200.00,6.58,ACTIVE,NONE,UNUSUAL_ACTIVITY,LIKELY_ACTIVE,HIGH_ENGAGEMENT,MAINTAIN_FLOW
1775710992.3738298,1311,100.35,200.00,6.05,ACTIVE,NONE,UNUSUAL_ACTIVITY,LIKELY_ACTIVE,HIGH_ENGAGEMENT,MAINTAIN_FLOW
1775710992.3898675,1211,100.35,200.00,5.55,ACTIVE,NONE,UNUSUAL_ACTIVITY,LIKELY_ACTIVE,HIGH_ENGAGEMENT,MAINTAIN_FLOW
1775710992.4052184,1175,100.35,200.00,5.37,ACTIVE,NONE,UNUSUAL_ACTIVITY,LIKELY_ACTIVE,HIGH_ENGAGEMENT,MAINTAIN_FLOW
1775710992.420998,1151,100.35,200.00,5.25,ACTIVE,NONE,UNUSUAL_ACTIVITY,LIKELY_ACTIVE,HIGH_ENGAGEMENT,MAINTAIN_FLOW
1775710992.436994,1131,100.35,200.00,5.15,ACTIVE,NONE,UNUSUAL_ACTIVITY,LIKELY_ACTIVE,HIGH_ENGAGEMENT,MAINTAIN_FLOW
1775710992.4532976,1118,100.35,200.00,5.09,ACTIVE,NONE,UNUSUAL_ACTIVITY,LIKELY_ACTIVE,HIGH_ENGAGEMENT,MAINTAIN_FLOW
1775710992.4693162,1101,100.35,200.00,5.00,ACTIVE,NONE,UNUSUAL_ACTIVITY,LIKELY_ACTIVE,HIGH_ENGAGEMENT,MAINTAIN_FLOW
1775710992.4851286,1072,100.35,200.00,4.86,ACTIVE,NONE,UNUSUAL_ACTIVITY,LIKELY_ACTIVE,HIGH_ENGAGEMENT,MAINTAIN_FLOW
1775710992.5011709,1049,100.35,200.00,4.74,ACTIVE,NONE,UNUSUAL_ACTIVITY,LIKELY_ACTIVE,HIGH_ENGAGEMENT,MAINTAIN_FLOW
1775710992.5171242,1036,100.35,200.00,4.68,ACTIVE,NONE,UNUSUAL_ACTIVITY,LIKELY_ACTIVE,HIGH_ENGAGEMENT,MAINTAIN_FLOW
1775710992.5335958,1035,100.35,200.00,4.67,ACTIVE,NONE,UNUSUAL_ACTIVITY,LIKELY_ACTIVE,HIGH_ENGAGEMENT,MAINTAIN_FLOW
1775710992.549362,1042,100.35,200.00,4.71,ACTIVE,NONE,UNUSUAL_ACTIVITY,LIKELY_ACTIVE,HIGH_ENGAGEMENT,MAINTAIN_FLOW
1775710992.5652015,1058,100.35,200.00,4.79,ACTIVE,NONE,UNUSUAL_ACTIVITY,LIKELY_ACTIVE,HIGH_ENGAGEMENT,MAINTAIN_FLOW
1775710992.5812154,1057,100.35,200.00,4.78,ACTIVE,NONE,UNUSUAL_ACTIVITY,LIKELY_ACTIVE,HIGH_ENGAGEMENT,MAINTAIN_FLOW
1775710992.5971043,1052,100.35,200.00,4.76,ACTIVE,NONE,UNUSUAL_ACTIVITY,LIKELY_ACTIVE,HIGH_ENGAGEMENT,MAINTAIN_FLOW
1775710992.6130648,1045,100.35,200.00,4.72,ACTIVE,NONE,UNUSUAL_ACTIVITY,LIKELY_ACTIVE,HIGH_ENGAGEMENT,MAINTAIN_FLOW
1775710992.6290958,1029,100.35,200.00,4.64,ACTIVE,NONE,UNUSUAL_ACTIVITY,LIKELY_ACTIVE,HIGH_ENGAGEMENT,MAINTAIN_FLOW
1775710992.6452043,1000,100.35,200.00,4.50,ACTIVE,NONE,UNUSUAL_ACTIVITY,LIKELY_ACTIVE,HIGH_ENGAGEMENT,MAINTAIN_FLOW
1775710992.6610847,972,100.35,200.00,4.36,ACTIVE,NONE,UNUSUAL_ACTIVITY,LIKELY_ACTIVE,HIGH_ENGAGEMENT,MAINTAIN_FLOW
1775710992.6769702,945,100.35,200.00,4.22,ACTIVE,NONE,UNUSUAL_ACTIVITY,LIKELY_ACTIVE,HIGH_ENGAGEMENT,MAINTAIN_FLOW
1775710992.6930485,908,100.35,200.00,4.04,ACTIVE,NONE,UNUSUAL_ACTIVITY,LIKELY_ACTIVE,HIGH_ENGAGEMENT,MAINTAIN_FLOW
1775710992.709249,884,100.35,200.00,3.92,ACTIVE,NONE,UNUSUAL_ACTIVITY,LIKELY_ACTIVE,HIGH_ENGAGEMENT,MAINTAIN_FLOW
1775710992.72557,855,100.35,200.00,3.77,ACTIVE,NONE,UNUSUAL_ACTIVITY,LIKELY_ACTIVE,HIGH_ENGAGEMENT,MAINTAIN_FLOW
1775710992.7415705,822,100.35,200.00,3.61,ACTIVE,NONE,UNUSUAL_ACTIVITY,LIKELY_ACTIVE,HIGH_ENGAGEMENT,MAINTAIN_FLOW
1775710992.7571015,785,100.35,200.00,3.42,ACTIVE,NONE,UNUSUAL_ACTIVITY,LIKELY_ACTIVE,HIGH_ENGAGEMENT,MAINTAIN_FLOW
1775710992.7732918,746,100.35,200.00,3.23,ACTIVE,NONE,UNUSUAL_ACTIVITY,LIKELY_ACTIVE,HIGH_ENGAGEMENT,MAINTAIN_FLOW
1775710992.7891812,705,100.35,200.00,3.02,ACTIVE,NONE,UNUSUAL_ACTIVITY,LIKELY_ACTIVE,HIGH_ENGAGEMENT,MAINTAIN_FLOW
1775710992.8049128,676,100.35,200.00,2.88,ACTIVE,NONE,UNUSUAL_ACTIVITY,LIKELY_ACTIVE,HIGH_ENGAGEMENT,MAINTAIN_FLOW
1775710992.821215,653,100.35,200.00,2.76,ACTIVE,NONE,UNUSUAL_ACTIVITY,LIKELY_ACTIVE,HIGH_ENGAGEMENT,MAINTAIN_FLOW
1775710992.8369062,612,100.35,200.00,2.56,ACTIVE,NONE,UNUSUAL_ACTIVITY,LIKELY_ACTIVE,HIGH_ENGAGEMENT,MAINTAIN_FLOW
1775710992.85295,589,100.35,200.00,2.44,ACTIVE,NONE,UNUSUAL_ACTIVITY,LIKELY_ACTIVE,HIGH_ENGAGEMENT,MAINTAIN_FLOW
1775710992.8691657,559,100.35,200.00,2.29,ACTIVE,NONE,UNUSUAL_ACTIVITY,LIKELY_ACTIVE,HIGH_ENGAGEMENT,MAINTAIN_FLOW
1775710992.8850255,531,100.35,200.00,2.15,ACTIVE,NONE,UNUSUAL_ACTIVITY,LIKELY_ACTIVE,HIGH_ENGAGEMENT,MAINTAIN_FLOW
1775710992.90078,499,100.35,200.00,1.99,ACTIVE,NONE,UNUSUAL_ACTIVITY,LIKELY_ACTIVE,HIGH_ENGAGEMENT,MAINTAIN_FLOW
1775710992.9168234,482,100.35,200.00,1.91,ACTIVE,NONE,UNUSUAL_ACTIVITY,LIKELY_ACTIVE,HIGH_ENGAGEMENT,MAINTAIN_FLOW
1775710992.933041,459,100.35,200.00,1.79,ACTIVE,NONE,UNUSUAL_ACTIVITY,LIKELY_ACTIVE,HIGH_ENGAGEMENT,MAINTAIN_FLOW
1775710992.9489572,443,100.35,200.00,1.71,ACTIVE,NONE,UNUSUAL_ACTIVITY,LIKELY_ACTIVE,HIGH_ENGAGEMENT,MAINTAIN_FLOW
1775710992.9648855,416,100.35,200.00,1.58,ACTIVE,NONE,UNUSUAL_ACTIVITY,LIKELY_ACTIVE,HIGH_ENGAGEMENT,MAINTAIN_FLOW
1775710992.9810274,400,100.35,200.00,1.50,ACTIVE,NONE,UNUSUAL_ACTIVITY,LIKELY_ACTIVE,HIGH_ENGAGEMENT,MAINTAIN_FLOW
1775710992.9968,393,100.35,200.00,1.46,ACTIVE,NONE,UNUSUAL_ACTIVITY,LIKELY_ACTIVE,HIGH_ENGAGEMENT,MAINTAIN_FLOW
1775710993.0128706,377,100.35,200.00,1.38,ACTIVE,NONE,UNUSUAL_ACTIVITY,LIKELY_ACTIVE,HIGH_ENGAGEMENT,MAINTAIN_FLOW
1775710993.0297372,359,100.35,200.00,1.29,ACTIVE,NONE,UNUSUAL_ACTIVITY,LIKELY_ACTIVE,HIGH_ENGAGEMENT,MAINTAIN_FLOW
1775710993.0455234,346,100.35,200.00,1.23,ACTIVE,NONE,UNUSUAL_ACTIVITY,LIKELY_ACTIVE,HIGH_ENGAGEMENT,MAINTAIN_FLOW
1775710993.061564,324,100.35,200.00,1.12,ACTIVE,NONE,UNUSUAL_ACTIVITY,LIKELY_ACTIVE,HIGH_ENGAGEMENT,MAINTAIN_FLOW
1775710993.0774226,304,100.35,200.00,1.02,ACTIVE,NONE,UNUSUAL_ACTIVITY,LIKELY_ACTIVE,HIGH_ENGAGEMENT,MAINTAIN_FLOW
1775710993.0934618,290,100.54,200.00,0.95,ACTIVE,NONE,UNUSUAL_ACTIVITY,LIKELY_ACTIVE,HIGH_ENGAGEMENT,MAINTAIN_FLOW
1775710993.109373,278,100.72,200.00,0.89,ACTIVE,NONE,UNUSUAL_ACTIVITY,LIKELY_ACTIVE,HIGH_ENGAGEMENT,MAINTAIN_FLOW
1775710993.1262045,266,100.88,200.00,0.83,ACTIVE,NONE,UNUSUAL_ACTIVITY,LIKELY_ACTIVE,HIGH_ENGAGEMENT,MAINTAIN_FLOW
1775710993.141827,252,101.03,200.00,0.75,ACTIVE,NONE,UNUSUAL_ACTIVITY,LIKELY_ACTIVE,HIGH_ENGAGEMENT,MAINTAIN_FLOW
1775710993.1573708,241,101.17,200.00,0.70,ACTIVE,NONE,UNUSUAL_ACTIVITY,LIKELY_ACTIVE,HIGH_ENGAGEMENT,MAINTAIN_FLOW
1775710993.173498,231,101.30,200.00,0.65,ACTIVE,NONE,UNUSUAL_ACTIVITY,LIKELY_ACTIVE,HIGH_ENGAGEMENT,MAINTAIN_FLOW
1775710993.1894941,217,101.42,200.00,0.58,ACTIVE,NONE,UNUSUAL_ACTIVITY,LIKELY_ACTIVE,HIGH_ENGAGEMENT,MAINTAIN_FLOW
1775710993.2049932,205,101.52,200.00,0.52,ACTIVE,NONE,UNUSUAL_ACTIVITY,LIKELY_ACTIVE,HIGH_ENGAGEMENT,MAINTAIN_FLOW
1775710993.2212567,198,101.62,200.00,0.48,ACTIVE,NONE,UNUSUAL_ACTIVITY,LIKELY_ACTIVE,HIGH_ENGAGEMENT,MAINTAIN_FLOW
1775710993.2369862,182,101.70,200.00,0.40,ACTIVE,NONE,UNUSUAL_ACTIVITY,LIKELY_ACTIVE,HIGH_ENGAGEMENT,MAINTAIN_FLOW
1775710993.2531512,165,101.76,200.00,0.32,ACTIVE,NONE,UNUSUAL_ACTIVITY,LIKELY_ACTIVE,HIGH_ENGAGEMENT,MAINTAIN_FLOW
1775710993.268965,157,101.82,200.00,0.28,ACTIVE,NONE,UNUSUAL_ACTIVITY,LIKELY_ACTIVE,HIGH_ENGAGEMENT,MAINTAIN_FLOW
1775710993.2852118,153,101.87,200.00,0.26,ACTIVE,NONE,UNUSUAL_ACTIVITY,LIKELY_ACTIVE,HIGH_ENGAGEMENT,MAINTAIN_FLOW
1775710993.3012958,146,101.91,200.00,0.22,ACTIVE,NONE,UNUSUAL_ACTIVITY,LIKELY_ACTIVE,HIGH_ENGAGEMENT,MAINTAIN_FLOW
1775710993.3173409,142,101.95,200.00,0.20,ACTIVE,NONE,UNUSUAL_ACTIVITY,LIKELY_ACTIVE,HIGH_ENGAGEMENT,MAINTAIN_FLOW
1775710993.3330526,131,101.98,200.00,0.15,ACTIVE,NONE,UNUSUAL_ACTIVITY,LIKELY_ACTIVE,HIGH_ENGAGEMENT,MAINTAIN_FLOW
1775710993.348921,115,101.99,200.00,0.07,ACTIVE,NONE,UNUSUAL_ACTIVITY,LIKELY_ACTIVE,HIGH_ENGAGEMENT,MAINTAIN_FLOW
1775710993.3651147,105,102.00,200.00,0.02,ACTIVE,NONE,UNUSUAL_ACTIVITY,LIKELY_ACTIVE,HIGH_ENGAGEMENT,MAINTAIN_FLOW
1775710993.3808954,106,102.00,200.00,0.02,ACTIVE,NONE,UNUSUAL_ACTIVITY,LIKELY_ACTIVE,HIGH_ENGAGEMENT,MAINTAIN_FLOW
1775710993.3971126,91,101.99,200.00,-0.05,ACTIVE,NONE,UNUSUAL_ACTIVITY,LIKELY_ACTIVE,HIGH_ENGAGEMENT,MAINTAIN_FLOW
1775710993.413053,82,101.97,200.00,-0.10,ACTIVE,NONE,UNUSUAL_ACTIVITY,LIKELY_ACTIVE,HIGH_ENGAGEMENT,MAINTAIN_FLOW
1775710993.429134,87,101.95,200.00,-0.07,ACTIVE,NONE,UNUSUAL_ACTIVITY,LIKELY_ACTIVE,HIGH_ENGAGEMENT,MAINTAIN_FLOW
1775710993.4451914,81,101.93,200.00,-0.10,ACTIVE,NONE,UNUSUAL_ACTIVITY,LIKELY_ACTIVE,HIGH_ENGAGEMENT,MAINTAIN_FLOW
1775710993.4610739,71,101.90,200.00,-0.15,ACTIVE,NONE,UNUSUAL_ACTIVITY,LIKELY_ACTIVE,HIGH_ENGAGEMENT,MAINTAIN_FLOW
1775710993.4769876,79,101.88,200.00,-0.11,ACTIVE,NONE,UNUSUAL_ACTIVITY,LIKELY_ACTIVE,HIGH_ENGAGEMENT,MAINTAIN_FLOW
1775710993.4934597,78,101.86,200.00,-0.12,ACTIVE,NONE,UNUSUAL_ACTIVITY,LIKELY_ACTIVE,HIGH_ENGAGEMENT,MAINTAIN_FLOW
1775710993.509067,67,101.82,200.00,-0.17,ACTIVE,NONE,UNUSUAL_ACTIVITY,LIKELY_ACTIVE,HIGH_ENGAGEMENT,MAINTAIN_FLOW
1775710993.5253556,61,101.78,200.00,-0.20,ACTIVE,NONE,UNUSUAL_ACTIVITY,LIKELY_ACTIVE,HIGH_ENGAGEMENT,MAINTAIN_FLOW
1775710993.5417325,53,101.73,200.00,-0.24,ACTIVE,NONE,UNUSUAL_ACTIVITY,LIKELY_ACTIVE,HIGH_ENGAGEMENT,MAINTAIN_FLOW
1775710993.5574675,51,101.68,200.00,-0.25,ACTIVE,NONE,UNUSUAL_ACTIVITY,LIKELY_ACTIVE,HIGH_ENGAGEMENT,MAINTAIN_FLOW
1775710993.573473,60,101.64,200.00,-0.21,ACTIVE,NONE,UNUSUAL_ACTIVITY,LIKELY_ACTIVE,HIGH_ENGAGEMENT,MAINTAIN_FLOW
1775710993.589132,65,101.60,200.00,-0.18,ACTIVE,NONE,UNUSUAL_ACTIVITY,LIKELY_ACTIVE,HIGH_ENGAGEMENT,MAINTAIN_FLOW
1775710993.6055477,67,101.57,200.00,-0.17,ACTIVE,NONE,UNUSUAL_ACTIVITY,LIKELY_ACTIVE,HIGH_ENGAGEMENT,MAINTAIN_FLOW
1775710993.6212137,66,101.53,200.00,-0.18,ACTIVE,NONE,UNUSUAL_ACTIVITY,LIKELY_ACTIVE,HIGH_ENGAGEMENT,MAINTAIN_FLOW
1775710993.6370654,57,101.49,200.00,-0.22,ACTIVE,NONE,UNUSUAL_ACTIVITY,LIKELY_ACTIVE,HIGH_ENGAGEMENT,MAINTAIN_FLOW
1775710993.6528783,51,101.44,200.00,-0.25,ACTIVE,NONE,UNUSUAL_ACTIVITY,LIKELY_ACTIVE,HIGH_ENGAGEMENT,MAINTAIN_FLOW
1775710993.6692667,56,101.39,200.00,-0.23,ACTIVE,NONE,UNUSUAL_ACTIVITY,LIKELY_ACTIVE,HIGH_ENGAGEMENT,MAINTAIN_FLOW
1775710993.6849148,59,101.35,200.00,-0.21,ACTIVE,NONE,UNUSUAL_ACTIVITY,LIKELY_ACTIVE,HIGH_ENGAGEMENT,MAINTAIN_FLOW
1775710993.7011356,55,101.30,200.00,-0.23,ACTIVE,NONE,UNUSUAL_ACTIVITY,LIKELY_ACTIVE,HIGH_ENGAGEMENT,MAINTAIN_FLOW
1775710993.7168193,71,101.27,200.00,-0.15,ACTIVE,NONE,UNUSUAL_ACTIVITY,LIKELY_ACTIVE,HIGH_ENGAGEMENT,MAINTAIN_FLOW
1775710993.7328422,74,101.25,200.00,-0.14,ACTIVE,NONE,UNUSUAL_ACTIVITY,LIKELY_ACTIVE,HIGH_ENGAGEMENT,MAINTAIN_FLOW
1775710993.749029,69,101.21,200.00,-0.16,ACTIVE,NONE,UNUSUAL_ACTIVITY,LIKELY_ACTIVE,HIGH_ENGAGEMENT,MAINTAIN_FLOW
1775710993.7653716,69,101.18,200.00,-0.16,ACTIVE,NONE,UNUSUAL_ACTIVITY,LIKELY_ACTIVE,HIGH_ENGAGEMENT,MAINTAIN_FLOW
1775710993.7813878,73,101.15,200.00,-0.14,ACTIVE,NONE,UNUSUAL_ACTIVITY,LIKELY_ACTIVE,HIGH_ENGAGEMENT,MAINTAIN_FLOW
1775710993.7970893,59,101.11,200.00,-0.21,ACTIVE,NONE,UNUSUAL_ACTIVITY,LIKELY_ACTIVE,HIGH_ENGAGEMENT,MAINTAIN_FLOW
1775710993.8134177,59,101.07,200.00,-0.21,ACTIVE,NONE,UNUSUAL_ACTIVITY,LIKELY_ACTIVE,HIGH_ENGAGEMENT,MAINTAIN_FLOW
1775710993.8292854,70,101.04,200.00,-0.16,ACTIVE,NONE,UNUSUAL_ACTIVITY,LIKELY_ACTIVE,HIGH_ENGAGEMENT,MAINTAIN_FLOW
1775710993.8449972,79,101.02,200.00,-0.11,ACTIVE,NONE,UNUSUAL_ACTIVITY,LIKELY_ACTIVE,HIGH_ENGAGEMENT,MAINTAIN_FLOW
1775710993.8613348,87,101.00,200.00,-0.07,ACTIVE,NONE,UNUSUAL_ACTIVITY,LIKELY_ACTIVE,HIGH_ENGAGEMENT,MAINTAIN_FLOW
1775710993.8773563,87,100.99,200.00,-0.07,ACTIVE,NONE,UNUSUAL_ACTIVITY,LIKELY_ACTIVE,HIGH_ENGAGEMENT,MAINTAIN_FLOW
1775710993.892961,80,100.97,200.00,-0.10,ACTIVE,NONE,UNUSUAL_ACTIVITY,LIKELY_ACTIVE,HIGH_ENGAGEMENT,MAINTAIN_FLOW
1775710993.9093533,75,100.94,200.00,-0.13,ACTIVE,NONE,UNUSUAL_ACTIVITY,LIKELY_ACTIVE,HIGH_ENGAGEMENT,MAINTAIN_FLOW
1775710993.9258327,70,100.91,200.00,-0.15,ACTIVE,NONE,UNUSUAL_ACTIVITY,LIKELY_ACTIVE,HIGH_ENGAGEMENT,MAINTAIN_FLOW
1775710993.9416795,65,100.87,200.00,-0.18,ACTIVE,NONE,UNUSUAL_ACTIVITY,LIKELY_ACTIVE,HIGH_ENGAGEMENT,MAINTAIN_FLOW
1775710993.9574814,72,100.84,200.00,-0.14,ACTIVE,NONE,UNUSUAL_ACTIVITY,LIKELY_ACTIVE,HIGH_ENGAGEMENT,MAINTAIN_FLOW
1775710993.9736452,76,100.82,200.00,-0.12,ACTIVE,NONE,UNUSUAL_ACTIVITY,LIKELY_ACTIVE,HIGH_ENGAGEMENT,MAINTAIN_FLOW
1775710993.989177,79,100.80,200.00,-0.11,ACTIVE,NONE,UNUSUAL_ACTIVITY,LIKELY_ACTIVE,HIGH_ENGAGEMENT,MAINTAIN_FLOW
1775710994.0051658,78,100.78,200.00,-0.11,ACTIVE,NONE,UNUSUAL_ACTIVITY,LIKELY_ACTIVE,HIGH_ENGAGEMENT,MAINTAIN_FLOW
1775710994.021189,83,100.76,200.00,-0.09,ACTIVE,NONE,UNUSUAL_ACTIVITY,LIKELY_ACTIVE,HIGH_ENGAGEMENT,MAINTAIN_FLOW
1775710994.0373714,84,100.74,200.00,-0.08,ACTIVE,NONE,UNUSUAL_ACTIVITY,LIKELY_ACTIVE,HIGH_ENGAGEMENT,MAINTAIN_FLOW
1775710994.0531294,87,100.73,200.00,-0.07,ACTIVE,NONE,UNUSUAL_ACTIVITY,LIKELY_ACTIVE,HIGH_ENGAGEMENT,MAINTAIN_FLOW
1775710994.0693138,76,100.70,200.00,-0.12,ACTIVE,NONE,UNUSUAL_ACTIVITY,LIKELY_ACTIVE,HIGH_ENGAGEMENT,MAINTAIN_FLOW
1775710994.08539,66,100.67,200.00,-0.17,ACTIVE,NONE,UNUSUAL_ACTIVITY,LIKELY_ACTIVE,HIGH_ENGAGEMENT,MAINTAIN_FLOW
1775710994.1010945,61,100.63,200.00,-0.20,ACTIVE,NONE,UNUSUAL_ACTIVITY,LIKELY_ACTIVE,HIGH_ENGAGEMENT,MAINTAIN_FLOW
1775710994.1172457,54,100.58,200.00,-0.23,ACTIVE,NONE,UNUSUAL_ACTIVITY,LIKELY_ACTIVE,HIGH_ENGAGEMENT,MAINTAIN_FLOW
1775710994.133241,49,100.53,200.00,-0.26,ACTIVE,NONE,UNUSUAL_ACTIVITY,LIKELY_ACTIVE,HIGH_ENGAGEMENT,MAINTAIN_FLOW
1775710994.1491573,47,100.48,200.00,-0.27,ACTIVE,NONE,UNUSUAL_ACTIVITY,LIKELY_ACTIVE,HIGH_ENGAGEMENT,MAINTAIN_FLOW
1775710994.1648488,48,100.42,200.00,-0.26,ACTIVE,NONE,UNUSUAL_ACTIVITY,LIKELY_ACTIVE,HIGH_ENGAGEMENT,MAINTAIN_FLOW
1775710994.1811438,41,100.36,200.00,-0.30,ACTIVE,NONE,UNUSUAL_ACTIVITY,LIKELY_ACTIVE,HIGH_ENGAGEMENT,MAINTAIN_FLOW
1775710994.1972227,37,100.30,200.00,-0.32,ACTIVE,NONE,UNUSUAL_ACTIVITY,LIKELY_ACTIVE,HIGH_ENGAGEMENT,MAINTAIN_FLOW
1775710994.213372,33,100.23,200.00,-0.34,ACTIVE,NONE,UNUSUAL_ACTIVITY,LIKELY_ACTIVE,HIGH_ENGAGEMENT,MAINTAIN_FLOW
1775710994.2290475,35,100.17,200.00,-0.33,ACTIVE,NONE,UNUSUAL_ACTIVITY,LIKELY_ACTIVE,HIGH_ENGAGEMENT,MAINTAIN_FLOW
1775710994.2453363,39,100.11,200.00,-0.31,ACTIVE,NONE,UNUSUAL_ACTIVITY,LIKELY_ACTIVE,HIGH_ENGAGEMENT,MAINTAIN_FLOW
1775710994.2609205,47,100.05,200.00,-0.27,ACTIVE,NONE,UNUSUAL_ACTIVITY,LIKELY_ACTIVE,HIGH_ENGAGEMENT,MAINTAIN_FLOW
1775710994.2769222,53,100.01,200.00,-0.24,ACTIVE,NONE,UNUSUAL_ACTIVITY,LIKELY_ACTIVE,HIGH_ENGAGEMENT,MAINTAIN_FLOW
1775710994.293366,59,99.97,200.00,-0.20,ACTIVE,NONE,UNUSUAL_ACTIVITY,LIKELY_ACTIVE,HIGH_ENGAGEMENT,MAINTAIN_FLOW
1775710994.3093386,66,99.93,200.00,-0.17,ACTIVE,NONE,UNUSUAL_ACTIVITY,LIKELY_ACTIVE,HIGH_ENGAGEMENT,MAINTAIN_FLOW
1775710994.3252141,134,99.97,200.00,0.17,ACTIVE,NONE,UNUSUAL_ACTIVITY,LIKELY_ACTIVE,HIGH_ENGAGEMENT,MAINTAIN_FLOW
1775710994.3414686,295,100.16,200.00,0.97,ACTIVE,NONE,UNUSUAL_ACTIVITY,LIKELY_ACTIVE,HIGH_ENGAGEMENT,MAINTAIN_FLOW
1775710994.3576999,552,100.16,200.00,2.26,ACTIVE,NONE,UNUSUAL_ACTIVITY,LIKELY_ACTIVE,HIGH_ENGAGEMENT,MAINTAIN_FLOW
1775710994.3734121,910,100.16,200.00,4.05,ACTIVE,NONE,UNUSUAL_ACTIVITY,LIKELY_ACTIVE,HIGH_ENGAGEMENT,MAINTAIN_FLOW
1775710994.389164,1363,100.16,200.00,6.31,ACTIVE,NONE,UNUSUAL_ACTIVITY,LIKELY_ACTIVE,HIGH_ENGAGEMENT,MAINTAIN_FLOW
1775710994.4051428,1723,100.16,200.00,8.11,ACTIVE,NONE,UNUSUAL_ACTIVITY,LIKELY_ACTIVE,HIGH_ENGAGEMENT,MAINTAIN_FLOW
1775710994.4209003,1976,100.16,200.00,9.38,ACTIVE,NONE,UNUSUAL_ACTIVITY,LIKELY_ACTIVE,HIGH_ENGAGEMENT,MAINTAIN_FLOW
1775710994.4367263,2121,100.16,200.00,10.10,ACTIVE,NONE,UNUSUAL_ACTIVITY,LIKELY_ACTIVE,HIGH_ENGAGEMENT,MAINTAIN_FLOW
1775710994.453402,2062,100.16,200.00,9.81,ACTIVE,NONE,UNUSUAL_ACTIVITY,LIKELY_ACTIVE,HIGH_ENGAGEMENT,MAINTAIN_FLOW
1775710994.4688168,1900,100.16,200.00,9.00,ACTIVE,NONE,UNUSUAL_ACTIVITY,LIKELY_ACTIVE,HIGH_ENGAGEMENT,MAINTAIN_FLOW
1775710994.4848945,1780,100.16,200.00,8.40,ACTIVE,NONE,UNUSUAL_ACTIVITY,LIKELY_ACTIVE,HIGH_ENGAGEMENT,MAINTAIN_FLOW
1775710994.5011358,1744,100.16,200.00,8.22,ACTIVE,NONE,UNUSUAL_ACTIVITY,LIKELY_ACTIVE,HIGH_ENGAGEMENT,MAINTAIN_FLOW
1775710994.5175796,2009,100.16,200.00,9.54,ACTIVE,NONE,UNUSUAL_ACTIVITY,LIKELY_ACTIVE,HIGH_ENGAGEMENT,MAINTAIN_FLOW
1775710994.5332112,2359,100.16,200.00,11.29,ACTIVE,NONE,UNUSUAL_ACTIVITY,LIKELY_ACTIVE,HIGH_ENGAGEMENT,MAINTAIN_FLOW
1775710994.5492187,2784,100.16,200.00,13.42,ACTIVE,NONE,UNUSUAL_ACTIVITY,LIKELY_ACTIVE,HIGH_ENGAGEMENT,MAINTAIN_FLOW
1775710994.5653005,3236,100.16,200.00,15.68,ACTIVE,NONE,UNUSUAL_ACTIVITY,LIKELY_ACTIVE,HIGH_ENGAGEMENT,MAINTAIN_FLOW
1775710994.5821228,3786,100.16,200.00,18.43,ACTIVE,NONE,UNUSUAL_ACTIVITY,LIKELY_ACTIVE,HIGH_ENGAGEMENT,MAINTAIN_FLOW
1775710994.5984926,4342,100.16,200.00,21.21,ACTIVE,NONE,UNUSUAL_ACTIVITY,LIKELY_ACTIVE,HIGH_ENGAGEMENT,MAINTAIN_FLOW
1775710994.614777,5086,100.16,200.00,24.93,ACTIVE,NONE,UNUSUAL_ACTIVITY,LIKELY_ACTIVE,HIGH_ENGAGEMENT,MAINTAIN_FLOW
1775710994.630159,6193,100.16,200.00,30.46,ACTIVE,NONE,UNUSUAL_ACTIVITY,LIKELY_ACTIVE,HIGH_ENGAGEMENT,MAINTAIN_FLOW
1775710994.6463099,7243,100.16,200.00,35.71,ACTIVE,NONE,UNUSUAL_ACTIVITY,LIKELY_ACTIVE,HIGH_ENGAGEMENT,MAINTAIN_FLOW
1775710994.6617153,8284,100.16,200.00,40.92,ACTIVE,NONE,UNUSUAL_ACTIVITY,LIKELY_ACTIVE,HIGH_ENGAGEMENT,MAINTAIN_FLOW
1775710994.6785355,8908,100.16,200.00,44.04,ACTIVE,NONE,UNUSUAL_ACTIVITY,LIKELY_ACTIVE,HIGH_ENGAGEMENT,MAINTAIN_FLOW
1775710994.6944387,9486,100.16,200.00,46.93,ACTIVE,NONE,UNUSUAL_ACTIVITY,LIKELY_ACTIVE,HIGH_ENGAGEMENT,MAINTAIN_FLOW
1775710994.7117925,9474,100.16,200.00,46.87,ACTIVE,NONE,UNUSUAL_ACTIVITY,LIKELY_ACTIVE,HIGH_ENGAGEMENT,MAINTAIN_FLOW
1775710994.728323,9504,100.16,200.00,47.02,ACTIVE,NONE,UNUSUAL_ACTIVITY,LIKELY_ACTIVE,HIGH_ENGAGEMENT,MAINTAIN_FLOW
1775710994.7409768,9205,100.16,200.00,45.52,ACTIVE,NONE,UNUSUAL_ACTIVITY,LIKELY_ACTIVE,HIGH_ENGAGEMENT,MAINTAIN_FLOW
1775710994.7578406,9090,100.16,200.00,44.95,ACTIVE,NONE,UNUSUAL_ACTIVITY,LIKELY_ACTIVE,HIGH_ENGAGEMENT,MAINTAIN_FLOW
1775710994.7736373,8685,100.16,200.00,42.92,ACTIVE,NONE,UNUSUAL_ACTIVITY,LIKELY_ACTIVE,HIGH_ENGAGEMENT,MAINTAIN_FLOW
1775710994.7897036,8504,100.16,200.00,42.02,ACTIVE,NONE,UNUSUAL_ACTIVITY,LIKELY_ACTIVE,HIGH_ENGAGEMENT,MAINTAIN_FLOW
1775710994.8057015,8174,100.16,200.00,40.37,ACTIVE,NONE,UNUSUAL_ACTIVITY,LIKELY_ACTIVE,HIGH_ENGAGEMENT,MAINTAIN_FLOW
1775710994.8216717,8067,100.16,200.00,39.83,ACTIVE,NONE,UNUSUAL_ACTIVITY,LIKELY_ACTIVE,HIGH_ENGAGEMENT,MAINTAIN_FLOW
1775710994.8373144,7701,100.16,200.00,38.00,ACTIVE,NONE,UNUSUAL_ACTIVITY,LIKELY_ACTIVE,HIGH_ENGAGEMENT,MAINTAIN_FLOW
1775710994.8534362,7481,100.16,200.00,36.90,ACTIVE,NONE,UNUSUAL_ACTIVITY,LIKELY_ACTIVE,HIGH_ENGAGEMENT,MAINTAIN_FLOW
1775710994.8690898,7032,100.16,200.00,34.66,ACTIVE,NONE,UNUSUAL_ACTIVITY,LIKELY_ACTIVE,HIGH_ENGAGEMENT,MAINTAIN_FLOW
1775710994.885151,6650,100.16,200.00,32.75,ACTIVE,NONE,UNUSUAL_ACTIVITY,LIKELY_ACTIVE,HIGH_ENGAGEMENT,MAINTAIN_FLOW
1775710994.901579,5902,100.16,200.00,29.01,ACTIVE,NONE,UNUSUAL_ACTIVITY,LIKELY_ACTIVE,HIGH_ENGAGEMENT,MAINTAIN_FLOW
1775710994.917419,5248,100.16,200.00,25.74,ACTIVE,NONE,UNUSUAL_ACTIVITY,LIKELY_ACTIVE,HIGH_ENGAGEMENT,MAINTAIN_FLOW
1775710994.9333029,4733,100.16,200.00,23.16,ACTIVE,NONE,UNUSUAL_ACTIVITY,LIKELY_ACTIVE,HIGH_ENGAGEMENT,MAINTAIN_FLOW
1775710994.949395,4244,100.16,200.00,20.72,ACTIVE,NONE,UNUSUAL_ACTIVITY,LIKELY_ACTIVE,HIGH_ENGAGEMENT,MAINTAIN_FLOW
1775710994.9653447,3821,100.16,200.00,18.60,ACTIVE,NONE,UNUSUAL_ACTIVITY,LIKELY_ACTIVE,HIGH_ENGAGEMENT,MAINTAIN_FLOW
1775710994.9814348,3547,100.16,200.00,17.23,ACTIVE,NONE,UNUSUAL_ACTIVITY,LIKELY_ACTIVE,HIGH_ENGAGEMENT,MAINTAIN_FLOW
1775710994.9971704,3300,100.16,200.00,16.00,ACTIVE,NONE,UNUSUAL_ACTIVITY,LIKELY_ACTIVE,HIGH_ENGAGEMENT,MAINTAIN_FLOW
1775710995.013295,2820,100.16,200.00,13.60,ACTIVE,NONE,UNUSUAL_ACTIVITY,LIKELY_ACTIVE,HIGH_ENGAGEMENT,MAINTAIN_FLOW
1775710995.029025,2279,100.16,200.00,10.89,ACTIVE,NONE,UNUSUAL_ACTIVITY,LIKELY_ACTIVE,HIGH_ENGAGEMENT,MAINTAIN_FLOW
1775710995.0452135,1678,100.16,200.00,7.89,ACTIVE,NONE,UNUSUAL_ACTIVITY,LIKELY_ACTIVE,HIGH_ENGAGEMENT,MAINTAIN_FLOW
1775710995.0610068,1251,100.16,200.00,5.75,ACTIVE,NONE,UNUSUAL_ACTIVITY,LIKELY_ACTIVE,HIGH_ENGAGEMENT,MAINTAIN_FLOW
1775710995.0771112,909,100.16,200.00,4.04,ACTIVE,NONE,UNUSUAL_ACTIVITY,LIKELY_ACTIVE,HIGH_ENGAGEMENT,MAINTAIN_FLOW
1775710995.093995,685,100.16,200.00,2.92,ACTIVE,NONE,UNUSUAL_ACTIVITY,LIKELY_ACTIVE,HIGH_ENGAGEMENT,MAINTAIN_FLOW
1775710995.1091454,673,100.16,200.00,2.86,ACTIVE,NONE,UNUSUAL_ACTIVITY,LIKELY_ACTIVE,HIGH_ENGAGEMENT,MAINTAIN_FLOW
1775710995.124938,1072,100.16,200.00,4.86,ACTIVE,NONE,UNUSUAL_ACTIVITY,LIKELY_ACTIVE,HIGH_ENGAGEMENT,MAINTAIN_FLOW
1775710995.1413648,1455,100.16,200.00,6.77,ACTIVE,NONE,UNUSUAL_ACTIVITY,LIKELY_ACTIVE,HIGH_ENGAGEMENT,MAINTAIN_FLOW
1775710995.1573255,1567,100.16,200.00,7.33,ACTIVE,NONE,UNUSUAL_ACTIVITY,LIKELY_ACTIVE,HIGH_ENGAGEMENT,MAINTAIN_FLOW
1775710995.1735206,1534,100.16,200.00,7.17,ACTIVE,NONE,UNUSUAL_ACTIVITY,LIKELY_ACTIVE,HIGH_ENGAGEMENT,MAINTAIN_FLOW
1775710995.1893363,1464,100.16,200.00,6.82,ACTIVE,NONE,UNUSUAL_ACTIVITY,LIKELY_ACTIVE,HIGH_ENGAGEMENT,MAINTAIN_FLOW
1775710995.2054834,1064,100.16,200.00,4.82,ACTIVE,NONE,UNUSUAL_ACTIVITY,LIKELY_ACTIVE,HIGH_ENGAGEMENT,MAINTAIN_FLOW
1775710995.2213361,813,100.16,200.00,3.56,ACTIVE,NONE,UNUSUAL_ACTIVITY,LIKELY_ACTIVE,HIGH_ENGAGEMENT,MAINTAIN_FLOW
1775710995.2383924,941,100.16,200.00,4.20,ACTIVE,NONE,UNUSUAL_ACTIVITY,LIKELY_ACTIVE,HIGH_ENGAGEMENT,MAINTAIN_FLOW
1775710995.252957,1254,100.16,200.00,5.77,ACTIVE,NONE,UNUSUAL_ACTIVITY,LIKELY_ACTIVE,HIGH_ENGAGEMENT,MAINTAIN_FLOW
1775710995.2695787,1627,100.16,200.00,7.63,ACTIVE,NONE,UNUSUAL_ACTIVITY,LIKELY_ACTIVE,HIGH_ENGAGEMENT,MAINTAIN_FLOW
1775710995.2851238,2057,100.16,200.00,9.78,ACTIVE,NONE,UNUSUAL_ACTIVITY,LIKELY_ACTIVE,HIGH_ENGAGEMENT,MAINTAIN_FLOW
1775710995.3011196,2306,100.16,200.00,11.03,ACTIVE,NONE,UNUSUAL_ACTIVITY,LIKELY_ACTIVE,HIGH_ENGAGEMENT,MAINTAIN_FLOW
1775710995.317796,2249,100.16,200.00,10.74,ACTIVE,NONE,UNUSUAL_ACTIVITY,LIKELY_ACTIVE,HIGH_ENGAGEMENT,MAINTAIN_FLOW
1775710995.3330095,2204,100.16,200.00,10.52,ACTIVE,NONE,UNUSUAL_ACTIVITY,LIKELY_ACTIVE,HIGH_ENGAGEMENT,MAINTAIN_FLOW
1775710995.3489947,2054,100.16,200.00,9.77,ACTIVE,NONE,UNUSUAL_ACTIVITY,LIKELY_ACTIVE,HIGH_ENGAGEMENT,MAINTAIN_FLOW
1775710995.36496,1721,100.16,200.00,8.10,ACTIVE,NONE,UNUSUAL_ACTIVITY,LIKELY_ACTIVE,HIGH_ENGAGEMENT,MAINTAIN_FLOW
1775710995.3812869,1502,100.16,200.00,7.01,ACTIVE,NONE,UNUSUAL_ACTIVITY,LIKELY_ACTIVE,HIGH_ENGAGEMENT,MAINTAIN_FLOW
1775710995.3974938,1565,100.16,200.00,7.32,ACTIVE,NONE,UNUSUAL_ACTIVITY,LIKELY_ACTIVE,HIGH_ENGAGEMENT,MAINTAIN_FLOW
1775710995.4130745,1562,100.16,200.00,7.31,ACTIVE,NONE,UNUSUAL_ACTIVITY,LIKELY_ACTIVE,HIGH_ENGAGEMENT,MAINTAIN_FLOW
1775710995.4294562,1642,100.16,200.00,7.71,ACTIVE,NONE,UNUSUAL_ACTIVITY,LIKELY_ACTIVE,HIGH_ENGAGEMENT,MAINTAIN_FLOW
1775710995.4466565,1766,100.16,200.00,8.33,ACTIVE,NONE,UNUSUAL_ACTIVITY,LIKELY_ACTIVE,HIGH_ENGAGEMENT,MAINTAIN_FLOW
1775710995.4612906,1861,100.16,200.00,8.80,ACTIVE,NONE,UNUSUAL_ACTIVITY,LIKELY_ACTIVE,HIGH_ENGAGEMENT,MAINTAIN_FLOW
1775710995.4778533,1917,100.16,200.00,9.08,ACTIVE,NONE,UNUSUAL_ACTIVITY,LIKELY_ACTIVE,HIGH_ENGAGEMENT,MAINTAIN_FLOW
1775710995.493802,1832,100.16,200.00,8.66,ACTIVE,NONE,UNUSUAL_ACTIVITY,LIKELY_ACTIVE,HIGH_ENGAGEMENT,MAINTAIN_FLOW
1775710995.5099533,1716,100.16,200.00,8.08,ACTIVE,NONE,UNUSUAL_ACTIVITY,LIKELY_ACTIVE,HIGH_ENGAGEMENT,MAINTAIN_FLOW
1775710995.5263374,1617,100.16,200.00,7.58,ACTIVE,NONE,UNUSUAL_ACTIVITY,LIKELY_ACTIVE,HIGH_ENGAGEMENT,MAINTAIN_FLOW
1775710995.5431018,1673,100.16,200.00,7.86,ACTIVE,NONE,UNUSUAL_ACTIVITY,LIKELY_ACTIVE,HIGH_ENGAGEMENT,MAINTAIN_FLOW
1775710995.5585756,1723,100.16,200.00,8.11,ACTIVE,NONE,UNUSUAL_ACTIVITY,LIKELY_ACTIVE,HIGH_ENGAGEMENT,MAINTAIN_FLOW
1775710995.575953,2089,100.16,200.00,9.94,ACTIVE,NONE,UNUSUAL_ACTIVITY,LIKELY_ACTIVE,HIGH_ENGAGEMENT,MAINTAIN_FLOW
1775710995.5910025,2487,100.16,200.00,11.93,ACTIVE,NONE,UNUSUAL_ACTIVITY,LIKELY_ACTIVE,HIGH_ENGAGEMENT,MAINTAIN_FLOW
1775710995.6069477,2878,100.16,200.00,13.89,ACTIVE,NONE,UNUSUAL_ACTIVITY,LIKELY_ACTIVE,HIGH_ENGAGEMENT,MAINTAIN_FLOW
1775710995.6245396,3012,100.16,200.00,14.56,ACTIVE,NONE,UNUSUAL_ACTIVITY,LIKELY_ACTIVE,HIGH_ENGAGEMENT,MAINTAIN_FLOW
1775710995.6387875,3014,100.16,200.00,14.57,ACTIVE,NONE,UNUSUAL_ACTIVITY,LIKELY_ACTIVE,HIGH_ENGAGEMENT,MAINTAIN_FLOW
1775710995.6545472,2764,100.16,200.00,13.32,ACTIVE,NONE,UNUSUAL_ACTIVITY,LIKELY_ACTIVE,HIGH_ENGAGEMENT,MAINTAIN_FLOW
1775710995.6696439,2429,100.16,200.00,11.64,ACTIVE,NONE,UNUSUAL_ACTIVITY,LIKELY_ACTIVE,HIGH_ENGAGEMENT,MAINTAIN_FLOW
1775710995.6876152,2092,100.16,200.00,9.96,ACTIVE,NONE,UNUSUAL_ACTIVITY,LIKELY_ACTIVE,HIGH_ENGAGEMENT,MAINTAIN_FLOW
1775710995.703508,1832,100.16,200.00,8.66,ACTIVE,NONE,UNUSUAL_ACTIVITY,LIKELY_ACTIVE,HIGH_ENGAGEMENT,MAINTAIN_FLOW
1775710995.7190766,1637,100.16,200.00,7.68,ACTIVE,NONE,UNUSUAL_ACTIVITY,LIKELY_ACTIVE,HIGH_ENGAGEMENT,MAINTAIN_FLOW
1775710995.7337928,1415,100.16,200.00,6.57,ACTIVE,NONE,UNUSUAL_ACTIVITY,LIKELY_ACTIVE,HIGH_ENGAGEMENT,MAINTAIN_FLOW
1775710995.7500746,1186,100.16,200.00,5.43,ACTIVE,NONE,UNUSUAL_ACTIVITY,LIKELY_ACTIVE,HIGH_ENGAGEMENT,MAINTAIN_FLOW
1775710995.7661228,951,100.16,200.00,4.25,ACTIVE,NONE,UNUSUAL_ACTIVITY,LIKELY_ACTIVE,HIGH_ENGAGEMENT,MAINTAIN_FLOW
1775710995.782451,707,100.16,200.00,3.03,ACTIVE,NONE,UNUSUAL_ACTIVITY,LIKELY_ACTIVE,HIGH_ENGAGEMENT,MAINTAIN_FLOW
1775710995.7989573,491,100.16,200.00,1.95,ACTIVE,NONE,UNUSUAL_ACTIVITY,LIKELY_ACTIVE,HIGH_ENGAGEMENT,MAINTAIN_FLOW
1775710995.8146808,398,100.16,200.00,1.49,ACTIVE,NONE,UNUSUAL_ACTIVITY,LIKELY_ACTIVE,HIGH_ENGAGEMENT,MAINTAIN_FLOW
1775710995.8309324,415,100.16,200.00,1.57,ACTIVE,NONE,UNUSUAL_ACTIVITY,LIKELY_ACTIVE,HIGH_ENGAGEMENT,MAINTAIN_FLOW
1775710995.8466754,502,100.16,200.00,2.01,ACTIVE,NONE,UNUSUAL_ACTIVITY,LIKELY_ACTIVE,HIGH_ENGAGEMENT,MAINTAIN_FLOW
1775710995.862537,627,100.16,200.00,2.63,ACTIVE,NONE,UNUSUAL_ACTIVITY,LIKELY_ACTIVE,HIGH_ENGAGEMENT,MAINTAIN_FLOW
1775710995.8784542,922,100.16,200.00,4.11,ACTIVE,NONE,UNUSUAL_ACTIVITY,LIKELY_ACTIVE,HIGH_ENGAGEMENT,MAINTAIN_FLOW
1775710995.895366,1319,100.16,200.00,6.09,ACTIVE,NONE,UNUSUAL_ACTIVITY,LIKELY_ACTIVE,HIGH_ENGAGEMENT,MAINTAIN_FLOW
1775710995.909502,1688,100.16,200.00,7.94,ACTIVE,NONE,UNUSUAL_ACTIVITY,LIKELY_ACTIVE,HIGH_ENGAGEMENT,MAINTAIN_FLOW
1775710995.9258122,1924,100.16,200.00,9.12,ACTIVE,NONE,UNUSUAL_ACTIVITY,LIKELY_ACTIVE,HIGH_ENGAGEMENT,MAINTAIN_FLOW
1775710995.9419649,2080,100.16,200.00,9.90,ACTIVE,NONE,UNUSUAL_ACTIVITY,LIKELY_ACTIVE,HIGH_ENGAGEMENT,MAINTAIN_FLOW
1775710995.9579265,2071,100.16,200.00,9.85,ACTIVE,NONE,UNUSUAL_ACTIVITY,LIKELY_ACTIVE,HIGH_ENGAGEMENT,MAINTAIN_FLOW
1775710995.975182,1944,100.16,200.00,9.22,ACTIVE,NONE,UNUSUAL_ACTIVITY,LIKELY_ACTIVE,HIGH_ENGAGEMENT,MAINTAIN_FLOW
1775710995.9906478,1738,100.16,200.00,8.19,ACTIVE,NONE,UNUSUAL_ACTIVITY,LIKELY_ACTIVE,HIGH_ENGAGEMENT,MAINTAIN_FLOW
1775710996.007656,1540,100.16,200.00,7.20,ACTIVE,NONE,UNUSUAL_ACTIVITY,LIKELY_ACTIVE,HIGH_ENGAGEMENT,MAINTAIN_FLOW
1775710996.0238612,1263,100.16,200.00,5.81,ACTIVE,NONE,UNUSUAL_ACTIVITY,LIKELY_ACTIVE,HIGH_ENGAGEMENT,MAINTAIN_FLOW
1775710996.0405164,950,100.16,200.00,4.25,ACTIVE,NONE,UNUSUAL_ACTIVITY,LIKELY_ACTIVE,HIGH_ENGAGEMENT,MAINTAIN_FLOW
1775710996.0557604,647,100.16,200.00,2.73,ACTIVE,NONE,UNUSUAL_ACTIVITY,LIKELY_ACTIVE,HIGH_ENGAGEMENT,MAINTAIN_FLOW
1775710996.0719495,415,100.16,200.00,1.57,ACTIVE,NONE,UNUSUAL_ACTIVITY,LIKELY_ACTIVE,HIGH_ENGAGEMENT,MAINTAIN_FLOW
1775710996.0862896,280,100.34,200.00,0.90,ACTIVE,NONE,UNUSUAL_ACTIVITY,LIKELY_ACTIVE,HIGH_ENGAGEMENT,MAINTAIN_FLOW
1775710996.1017668,317,100.34,200.00,1.08,ACTIVE,NONE,UNUSUAL_ACTIVITY,LIKELY_ACTIVE,HIGH_ENGAGEMENT,MAINTAIN_FLOW
1775710996.1188111,380,100.34,200.00,1.40,ACTIVE,NONE,UNUSUAL_ACTIVITY,LIKELY_ACTIVE,HIGH_ENGAGEMENT,MAINTAIN_FLOW
1775710996.1343508,430,100.34,200.00,1.65,ACTIVE,NONE,UNUSUAL_ACTIVITY,LIKELY_ACTIVE,HIGH_ENGAGEMENT,MAINTAIN_FLOW
1775710996.1502447,496,100.34,200.00,1.98,ACTIVE,NONE,UNUSUAL_ACTIVITY,LIKELY_ACTIVE,HIGH_ENGAGEMENT,MAINTAIN_FLOW
1775710996.1658247,546,100.34,200.00,2.23,ACTIVE,NONE,UNUSUAL_ACTIVITY,LIKELY_ACTIVE,HIGH_ENGAGEMENT,MAINTAIN_FLOW
1775710996.1817338,593,100.34,200.00,2.46,ACTIVE,NONE,UNUSUAL_ACTIVITY,LIKELY_ACTIVE,HIGH_ENGAGEMENT,MAINTAIN_FLOW
1775710996.1976445,850,100.34,200.00,3.75,ACTIVE,NONE,UNUSUAL_ACTIVITY,LIKELY_ACTIVE,HIGH_ENGAGEMENT,MAINTAIN_FLOW
1775710996.2134511,1233,100.34,200.00,5.66,ACTIVE,NONE,UNUSUAL_ACTIVITY,LIKELY_ACTIVE,HIGH_ENGAGEMENT,MAINTAIN_FLOW
1775710996.2296038,1492,100.34,200.00,6.96,ACTIVE,NONE,UNUSUAL_ACTIVITY,LIKELY_ACTIVE,HIGH_ENGAGEMENT,MAINTAIN_FLOW
1775710996.2454927,1737,100.34,200.00,8.18,ACTIVE,NONE,UNUSUAL_ACTIVITY,LIKELY_ACTIVE,HIGH_ENGAGEMENT,MAINTAIN_FLOW
1775710996.2617815,1880,100.34,200.00,8.90,ACTIVE,NONE,UNUSUAL_ACTIVITY,LIKELY_ACTIVE,HIGH_ENGAGEMENT,MAINTAIN_FLOW
1775710996.2771988,1868,100.34,200.00,8.84,ACTIVE,NONE,UNUSUAL_ACTIVITY,LIKELY_ACTIVE,HIGH_ENGAGEMENT,MAINTAIN_FLOW
1775710996.2932422,1748,100.34,200.00,8.24,ACTIVE,NONE,UNUSUAL_ACTIVITY,LIKELY_ACTIVE,HIGH_ENGAGEMENT,MAINTAIN_FLOW
1775710996.3090172,1758,100.34,200.00,8.29,ACTIVE,NONE,UNUSUAL_ACTIVITY,LIKELY_ACTIVE,HIGH_ENGAGEMENT,MAINTAIN_FLOW
1775710996.3250942,1836,100.34,200.00,8.68,ACTIVE,NONE,UNUSUAL_ACTIVITY,LIKELY_ACTIVE,HIGH_ENGAGEMENT,MAINTAIN_FLOW
1775710996.341311,1934,100.34,200.00,9.17,ACTIVE,NONE,UNUSUAL_ACTIVITY,LIKELY_ACTIVE,HIGH_ENGAGEMENT,MAINTAIN_FLOW
1775710996.357304,2000,100.34,200.00,9.50,ACTIVE,NONE,UNUSUAL_ACTIVITY,LIKELY_ACTIVE,HIGH_ENGAGEMENT,MAINTAIN_FLOW
1775710996.3741002,2072,100.34,200.00,9.86,ACTIVE,NONE,UNUSUAL_ACTIVITY,LIKELY_ACTIVE,HIGH_ENGAGEMENT,MAINTAIN_FLOW
1775710996.3897934,2039,100.34,200.00,9.69,ACTIVE,NONE,UNUSUAL_ACTIVITY,LIKELY_ACTIVE,HIGH_ENGAGEMENT,MAINTAIN_FLOW
1775710996.4069626,1976,100.34,200.00,9.38,ACTIVE,NONE,UNUSUAL_ACTIVITY,LIKELY_ACTIVE,HIGH_ENGAGEMENT,MAINTAIN_FLOW
1775710996.4230852,1913,100.34,200.00,9.06,ACTIVE,NONE,UNUSUAL_ACTIVITY,LIKELY_ACTIVE,HIGH_ENGAGEMENT,MAINTAIN_FLOW
1775710996.4402206,1634,100.34,200.00,7.67,ACTIVE,NONE,UNUSUAL_ACTIVITY,LIKELY_ACTIVE,HIGH_ENGAGEMENT,MAINTAIN_FLOW
1775710996.4542363,1228,100.34,200.00,5.64,ACTIVE,NONE,UNUSUAL_ACTIVITY,LIKELY_ACTIVE,HIGH_ENGAGEMENT,MAINTAIN_FLOW
1775710996.4709356,896,100.34,200.00,3.98,ACTIVE,NONE,UNUSUAL_ACTIVITY,LIKELY_ACTIVE,HIGH_ENGAGEMENT,MAINTAIN_FLOW
1775710996.4867492,575,100.34,200.00,2.37,ACTIVE,NONE,UNUSUAL_ACTIVITY,LIKELY_ACTIVE,HIGH_ENGAGEMENT,MAINTAIN_FLOW
1775710996.5024087,522,100.34,200.00,2.11,ACTIVE,NONE,UNUSUAL_ACTIVITY,LIKELY_ACTIVE,HIGH_ENGAGEMENT,MAINTAIN_FLOW
1775710996.5177038,778,100.34,200.00,3.39,ACTIVE,NONE,UNUSUAL_ACTIVITY,LIKELY_ACTIVE,HIGH_ENGAGEMENT,MAINTAIN_FLOW
1775710996.5343432,1145,100.34,200.00,5.22,ACTIVE,NONE,UNUSUAL_ACTIVITY,LIKELY_ACTIVE,HIGH_ENGAGEMENT,MAINTAIN_FLOW
1775710996.549819,1521,100.34,200.00,7.10,ACTIVE,NONE,UNUSUAL_ACTIVITY,LIKELY_ACTIVE,HIGH_ENGAGEMENT,MAINTAIN_FLOW
1775710996.5659566,1868,100.34,200.00,8.84,ACTIVE,NONE,UNUSUAL_ACTIVITY,LIKELY_ACTIVE,HIGH_ENGAGEMENT,MAINTAIN_FLOW
1775710996.5819926,2055,100.34,200.00,9.77,ACTIVE,NONE,UNUSUAL_ACTIVITY,LIKELY_ACTIVE,HIGH_ENGAGEMENT,MAINTAIN_FLOW
1775710996.5971036,2174,100.34,200.00,10.37,ACTIVE,NONE,UNUSUAL_ACTIVITY,LIKELY_ACTIVE,HIGH_ENGAGEMENT,MAINTAIN_FLOW
1775710996.6138105,2343,100.34,200.00,11.21,ACTIVE,NONE,UNUSUAL_ACTIVITY,LIKELY_ACTIVE,HIGH_ENGAGEMENT,MAINTAIN_FLOW
1775710996.6293018,2501,100.34,200.00,12.00,ACTIVE,NONE,UNUSUAL_ACTIVITY,LIKELY_ACTIVE,HIGH_ENGAGEMENT,MAINTAIN_FLOW
1775710996.6449554,2605,100.34,200.00,12.52,ACTIVE,NONE,UNUSUAL_ACTIVITY,LIKELY_ACTIVE,HIGH_ENGAGEMENT,MAINTAIN_FLOW
1775710996.6611898,2621,100.34,200.00,12.60,ACTIVE,NONE,UNUSUAL_ACTIVITY,LIKELY_ACTIVE,HIGH_ENGAGEMENT,MAINTAIN_FLOW
1775710996.6774707,2437,100.34,200.00,11.68,ACTIVE,NONE,UNUSUAL_ACTIVITY,LIKELY_ACTIVE,HIGH_ENGAGEMENT,MAINTAIN_FLOW
1775710996.6933067,1921,100.34,200.00,9.10,ACTIVE,NONE,UNUSUAL_ACTIVITY,LIKELY_ACTIVE,HIGH_ENGAGEMENT,MAINTAIN_FLOW
1775710996.7094226,1378,100.34,200.00,6.39,ACTIVE,NONE,UNUSUAL_ACTIVITY,LIKELY_ACTIVE,HIGH_ENGAGEMENT,MAINTAIN_FLOW
1775710996.7255123,902,100.34,200.00,4.01,ACTIVE,NONE,UNUSUAL_ACTIVITY,LIKELY_ACTIVE,HIGH_ENGAGEMENT,MAINTAIN_FLOW
1775710996.7415009,435,100.34,200.00,1.67,ACTIVE,NONE,UNUSUAL_ACTIVITY,LIKELY_ACTIVE,HIGH_ENGAGEMENT,MAINTAIN_FLOW
1775710996.757095,104,100.34,200.00,0.02,ACTIVE,NONE,UNUSUAL_ACTIVITY,LIKELY_ACTIVE,HIGH_ENGAGEMENT,MAINTAIN_FLOW
1775710996.773616,63,100.31,200.00,-0.19,ACTIVE,NONE,UNUSUAL_ACTIVITY,LIKELY_ACTIVE,HIGH_ENGAGEMENT,MAINTAIN_FLOW
1775710996.7896688,68,100.28,200.00,-0.16,ACTIVE,NONE,UNUSUAL_ACTIVITY,LIKELY_ACTIVE,HIGH_ENGAGEMENT,MAINTAIN_FLOW
1775710996.805806,79,100.25,200.00,-0.11,ACTIVE,NONE,UNUSUAL_ACTIVITY,LIKELY_ACTIVE,HIGH_ENGAGEMENT,MAINTAIN_FLOW
1775710996.8223145,97,100.25,200.00,-0.02,ACTIVE,NONE,UNUSUAL_ACTIVITY,LIKELY_ACTIVE,HIGH_ENGAGEMENT,MAINTAIN_FLOW
1775710996.8382893,304,100.25,200.00,1.02,ACTIVE,NONE,UNUSUAL_ACTIVITY,LIKELY_ACTIVE,HIGH_ENGAGEMENT,MAINTAIN_FLOW
1775710996.8552208,596,100.25,200.00,2.48,ACTIVE,NONE,UNUSUAL_ACTIVITY,LIKELY_ACTIVE,HIGH_ENGAGEMENT,MAINTAIN_FLOW
1775710996.8708947,888,100.25,200.00,3.94,ACTIVE,NONE,UNUSUAL_ACTIVITY,LIKELY_ACTIVE,HIGH_ENGAGEMENT,MAINTAIN_FLOW
1775710996.8865466,1156,100.25,200.00,5.28,ACTIVE,NONE,UNUSUAL_ACTIVITY,LIKELY_ACTIVE,HIGH_ENGAGEMENT,MAINTAIN_FLOW
1775710996.9022558,1407,100.25,200.00,6.53,ACTIVE,NONE,UNUSUAL_ACTIVITY,LIKELY_ACTIVE,HIGH_ENGAGEMENT,MAINTAIN_FLOW
1775710996.9179127,1493,100.25,200.00,6.96,ACTIVE,NONE,UNUSUAL_ACTIVITY,LIKELY_ACTIVE,HIGH_ENGAGEMENT,MAINTAIN_FLOW
1775710996.9336803,1514,100.25,200.00,7.07,ACTIVE,NONE,UNUSUAL_ACTIVITY,LIKELY_ACTIVE,HIGH_ENGAGEMENT,MAINTAIN_FLOW
1775710996.949372,1546,100.25,200.00,7.23,ACTIVE,NONE,UNUSUAL_ACTIVITY,LIKELY_ACTIVE,HIGH_ENGAGEMENT,MAINTAIN_FLOW
1775710996.9656477,1575,100.25,200.00,7.37,ACTIVE,NONE,UNUSUAL_ACTIVITY,LIKELY_ACTIVE,HIGH_ENGAGEMENT,MAINTAIN_FLOW
1775710996.981271,1590,100.25,200.00,7.45,ACTIVE,NONE,UNUSUAL_ACTIVITY,LIKELY_ACTIVE,HIGH_ENGAGEMENT,MAINTAIN_FLOW
1775710996.9973555,1600,100.25,200.00,7.50,ACTIVE,NONE,UNUSUAL_ACTIVITY,LIKELY_ACTIVE,HIGH_ENGAGEMENT,MAINTAIN_FLOW
1775710997.0137708,1604,100.25,200.00,7.52,ACTIVE,NONE,UNUSUAL_ACTIVITY,LIKELY_ACTIVE,HIGH_ENGAGEMENT,MAINTAIN_FLOW
1775710997.0290792,1549,100.25,200.00,7.24,ACTIVE,NONE,UNUSUAL_ACTIVITY,LIKELY_ACTIVE,HIGH_ENGAGEMENT,MAINTAIN_FLOW
1775710997.0453212,1525,100.25,200.00,7.12,ACTIVE,NONE,UNUSUAL_ACTIVITY,LIKELY_ACTIVE,HIGH_ENGAGEMENT,MAINTAIN_FLOW
1775710997.0610404,1462,100.25,200.00,6.81,ACTIVE,NONE,UNUSUAL_ACTIVITY,LIKELY_ACTIVE,HIGH_ENGAGEMENT,MAINTAIN_FLOW
1775710997.0771663,1246,100.25,200.00,5.73,ACTIVE,NONE,UNUSUAL_ACTIVITY,LIKELY_ACTIVE,HIGH_ENGAGEMENT,MAINTAIN_FLOW
1775710997.0933807,955,100.25,200.00,4.27,ACTIVE,NONE,UNUSUAL_ACTIVITY,LIKELY_ACTIVE,HIGH_ENGAGEMENT,MAINTAIN_FLOW
1775710997.109462,691,100.25,200.00,2.95,ACTIVE,NONE,UNUSUAL_ACTIVITY,LIKELY_ACTIVE,HIGH_ENGAGEMENT,MAINTAIN_FLOW
1775710997.124878,414,100.25,200.00,1.57,ACTIVE,NONE,UNUSUAL_ACTIVITY,LIKELY_ACTIVE,HIGH_ENGAGEMENT,MAINTAIN_FLOW
1775710997.1410787,195,100.35,200.00,0.47,ACTIVE,NONE,UNUSUAL_ACTIVITY,LIKELY_ACTIVE,HIGH_ENGAGEMENT,MAINTAIN_FLOW
1775710997.1573246,235,100.48,200.00,0.67,ACTIVE,NONE,UNUSUAL_ACTIVITY,LIKELY_ACTIVE,HIGH_ENGAGEMENT,MAINTAIN_FLOW
1775710997.173422,639,100.48,200.00,2.69,ACTIVE,NONE,UNUSUAL_ACTIVITY,LIKELY_ACTIVE,HIGH_ENGAGEMENT,MAINTAIN_FLOW
1775710997.189517,1082,100.48,200.00,4.91,ACTIVE,NONE,UNUSUAL_ACTIVITY,LIKELY_ACTIVE,HIGH_ENGAGEMENT,MAINTAIN_FLOW
1775710997.2055783,1574,100.48,200.00,7.37,ACTIVE,NONE,UNUSUAL_ACTIVITY,LIKELY_ACTIVE,HIGH_ENGAGEMENT,MAINTAIN_FLOW
1775710997.2219489,2063,100.48,200.00,9.81,ACTIVE,NONE,UNUSUAL_ACTIVITY,LIKELY_ACTIVE,HIGH_ENGAGEMENT,MAINTAIN_FLOW
1775710997.2377994,2483,100.48,200.00,11.91,ACTIVE,NONE,UNUSUAL_ACTIVITY,LIKELY_ACTIVE,HIGH_ENGAGEMENT,MAINTAIN_FLOW
1775710997.2533703,2604,100.48,200.00,12.52,ACTIVE,NONE,UNUSUAL_ACTIVITY,LIKELY_ACTIVE,HIGH_ENGAGEMENT,MAINTAIN_FLOW
1775710997.2689035,2628,100.48,200.00,12.64,ACTIVE,NONE,UNUSUAL_ACTIVITY,LIKELY_ACTIVE,HIGH_ENGAGEMENT,MAINTAIN_FLOW
1775710997.284902,2535,100.48,200.00,12.17,ACTIVE,NONE,UNUSUAL_ACTIVITY,LIKELY_ACTIVE,HIGH_ENGAGEMENT,MAINTAIN_FLOW
1775710997.301143,2385,100.48,200.00,11.42,ACTIVE,NONE,UNUSUAL_ACTIVITY,LIKELY_ACTIVE,HIGH_ENGAGEMENT,MAINTAIN_FLOW
1775710997.316965,2164,100.48,200.00,10.32,ACTIVE,NONE,UNUSUAL_ACTIVITY,LIKELY_ACTIVE,HIGH_ENGAGEMENT,MAINTAIN_FLOW
1775710997.3330708,1904,100.48,200.00,9.02,ACTIVE,NONE,UNUSUAL_ACTIVITY,LIKELY_ACTIVE,HIGH_ENGAGEMENT,MAINTAIN_FLOW
1775710997.348879,1678,100.48,200.00,7.89,ACTIVE,NONE,UNUSUAL_ACTIVITY,LIKELY_ACTIVE,HIGH_ENGAGEMENT,MAINTAIN_FLOW
1775710997.3651617,1493,100.48,200.00,6.96,ACTIVE,NONE,UNUSUAL_ACTIVITY,LIKELY_ACTIVE,HIGH_ENGAGEMENT,MAINTAIN_FLOW
1775710997.3813987,1361,100.48,200.00,6.30,ACTIVE,NONE,UNUSUAL_ACTIVITY,LIKELY_ACTIVE,HIGH_ENGAGEMENT,MAINTAIN_FLOW
1775710997.3968523,1247,100.48,200.00,5.73,ACTIVE,NONE,UNUSUAL_ACTIVITY,LIKELY_ACTIVE,HIGH_ENGAGEMENT,MAINTAIN_FLOW
1775710997.4128082,1150,100.48,200.00,5.25,ACTIVE,NONE,UNUSUAL_ACTIVITY,LIKELY_ACTIVE,HIGH_ENGAGEMENT,MAINTAIN_FLOW
1775710997.4287658,1086,100.48,200.00,4.93,ACTIVE,NONE,UNUSUAL_ACTIVITY,LIKELY_ACTIVE,HIGH_ENGAGEMENT,MAINTAIN_FLOW
1775710997.4450579,1058,100.48,200.00,4.79,ACTIVE,NONE,UNUSUAL_ACTIVITY,LIKELY_ACTIVE,HIGH_ENGAGEMENT,MAINTAIN_FLOW
1775710997.4612367,1065,100.48,200.00,4.82,ACTIVE,NONE,UNUSUAL_ACTIVITY,LIKELY_ACTIVE,HIGH_ENGAGEMENT,MAINTAIN_FLOW
1775710997.4772267,1116,100.48,200.00,5.08,ACTIVE,NONE,UNUSUAL_ACTIVITY,LIKELY_ACTIVE,HIGH_ENGAGEMENT,MAINTAIN_FLOW
1775710997.4929814,1168,100.48,200.00,5.34,ACTIVE,NONE,UNUSUAL_ACTIVITY,LIKELY_ACTIVE,HIGH_ENGAGEMENT,MAINTAIN_FLOW
1775710997.5089867,1051,100.48,200.00,4.75,ACTIVE,NONE,UNUSUAL_ACTIVITY,LIKELY_ACTIVE,HIGH_ENGAGEMENT,MAINTAIN_FLOW
1775710997.5251057,945,100.48,200.00,4.22,ACTIVE,NONE,UNUSUAL_ACTIVITY,LIKELY_ACTIVE,HIGH_ENGAGEMENT,MAINTAIN_FLOW
1775710997.540967,806,100.48,200.00,3.53,ACTIVE,NONE,UNUSUAL_ACTIVITY,LIKELY_ACTIVE,HIGH_ENGAGEMENT,MAINTAIN_FLOW
1775710997.556979,747,100.48,200.00,3.23,ACTIVE,NONE,UNUSUAL_ACTIVITY,LIKELY_ACTIVE,HIGH_ENGAGEMENT,MAINTAIN_FLOW
1775710997.5735621,864,100.48,200.00,3.82,ACTIVE,NONE,UNUSUAL_ACTIVITY,LIKELY_ACTIVE,HIGH_ENGAGEMENT,MAINTAIN_FLOW
1775710997.58895,1182,100.48,200.00,5.41,ACTIVE,NONE,UNUSUAL_ACTIVITY,LIKELY_ACTIVE,HIGH_ENGAGEMENT,MAINTAIN_FLOW
1775710997.6051219,1472,100.48,200.00,6.86,ACTIVE,NONE,UNUSUAL_ACTIVITY,LIKELY_ACTIVE,HIGH_ENGAGEMENT,MAINTAIN_FLOW
1775710997.6222126,1785,100.48,200.00,8.42,ACTIVE,NONE,UNUSUAL_ACTIVITY,LIKELY_ACTIVE,HIGH_ENGAGEMENT,MAINTAIN_FLOW
1775710997.6375148,1995,100.48,200.00,9.47,ACTIVE,NONE,UNUSUAL_ACTIVITY,LIKELY_ACTIVE,HIGH_ENGAGEMENT,MAINTAIN_FLOW
1775710997.653471,1995,100.48,200.00,9.47,ACTIVE,NONE,UNUSUAL_ACTIVITY,LIKELY_ACTIVE,HIGH_ENGAGEMENT,MAINTAIN_FLOW
1775710997.668873,1915,100.48,200.00,9.07,ACTIVE,NONE,UNUSUAL_ACTIVITY,LIKELY_ACTIVE,HIGH_ENGAGEMENT,MAINTAIN_FLOW
1775710997.6851797,1838,100.48,200.00,8.69,ACTIVE,NONE,UNUSUAL_ACTIVITY,LIKELY_ACTIVE,HIGH_ENGAGEMENT,MAINTAIN_FLOW
1775710997.7010882,1742,100.48,200.00,8.21,ACTIVE,NONE,UNUSUAL_ACTIVITY,LIKELY_ACTIVE,HIGH_ENGAGEMENT,MAINTAIN_FLOW
1775710997.7168748,1583,100.48,200.00,7.41,ACTIVE,NONE,UNUSUAL_ACTIVITY,LIKELY_ACTIVE,HIGH_ENGAGEMENT,MAINTAIN_FLOW
1775710997.7331326,1298,100.48,200.00,5.99,ACTIVE,NONE,UNUSUAL_ACTIVITY,LIKELY_ACTIVE,HIGH_ENGAGEMENT,MAINTAIN_FLOW
1775710997.7493916,1019,100.48,200.00,4.59,ACTIVE,NONE,UNUSUAL_ACTIVITY,LIKELY_ACTIVE,HIGH_ENGAGEMENT,MAINTAIN_FLOW
1775710997.7649698,730,100.48,200.00,3.15,ACTIVE,NONE,UNUSUAL_ACTIVITY,LIKELY_ACTIVE,HIGH_ENGAGEMENT,MAINTAIN_FLOW
1775710997.7811685,449,100.48,200.00,1.74,ACTIVE,NONE,UNUSUAL_ACTIVITY,LIKELY_ACTIVE,HIGH_ENGAGEMENT,MAINTAIN_FLOW
1775710997.797036,593,100.48,200.00,2.46,ACTIVE,NONE,UNUSUAL_ACTIVITY,LIKELY_ACTIVE,HIGH_ENGAGEMENT,MAINTAIN_FLOW
1775710997.812862,1097,100.48,200.00,4.98,ACTIVE,NONE,UNUSUAL_ACTIVITY,LIKELY_ACTIVE,HIGH_ENGAGEMENT,MAINTAIN_FLOW
1775710997.8295772,1693,100.48,200.00,7.96,ACTIVE,NONE,UNUSUAL_ACTIVITY,LIKELY_ACTIVE,HIGH_ENGAGEMENT,MAINTAIN_FLOW
1775710997.8452673,2319,100.48,200.00,11.09,ACTIVE,NONE,UNUSUAL_ACTIVITY,LIKELY_ACTIVE,HIGH_ENGAGEMENT,MAINTAIN_FLOW
1775710997.8610172,3017,100.48,200.00,14.58,ACTIVE,NONE,UNUSUAL_ACTIVITY,LIKELY_ACTIVE,HIGH_ENGAGEMENT,MAINTAIN_FLOW
1775710997.8769717,3296,100.48,200.00,15.98,ACTIVE,NONE,UNUSUAL_ACTIVITY,LIKELY_ACTIVE,HIGH_ENGAGEMENT,MAINTAIN_FLOW
1775710997.8930779,3360,100.48,200.00,16.30,ACTIVE,NONE,UNUSUAL_ACTIVITY,LIKELY_ACTIVE,HIGH_ENGAGEMENT,MAINTAIN_FLOW
1775710997.9119842,3361,100.48,200.00,16.30,ACTIVE,NONE,UNUSUAL_ACTIVITY,LIKELY_ACTIVE,HIGH_ENGAGEMENT,MAINTAIN_FLOW
1775710997.9249153,3319,100.48,200.00,16.09,ACTIVE,NONE,UNUSUAL_ACTIVITY,LIKELY_ACTIVE,HIGH_ENGAGEMENT,MAINTAIN_FLOW
1775710997.9413278,3246,100.48,200.00,15.73,ACTIVE,NONE,UNUSUAL_ACTIVITY,LIKELY_ACTIVE,HIGH_ENGAGEMENT,MAINTAIN_FLOW
1775710997.9569528,3170,100.48,200.00,15.35,ACTIVE,NONE,UNUSUAL_ACTIVITY,LIKELY_ACTIVE,HIGH_ENGAGEMENT,MAINTAIN_FLOW
1775710997.9731708,3048,100.48,200.00,14.74,ACTIVE,NONE,UNUSUAL_ACTIVITY,LIKELY_ACTIVE,HIGH_ENGAGEMENT,MAINTAIN_FLOW
1775710997.9889174,2842,100.48,200.00,13.71,ACTIVE,NONE,UNUSUAL_ACTIVITY,LIKELY_ACTIVE,HIGH_ENGAGEMENT,MAINTAIN_FLOW
1775710998.0054853,2595,100.48,200.00,12.47,ACTIVE,NONE,UNUSUAL_ACTIVITY,LIKELY_ACTIVE,HIGH_ENGAGEMENT,MAINTAIN_FLOW
1775710998.0219104,2260,100.48,200.00,10.80,ACTIVE,NONE,UNUSUAL_ACTIVITY,LIKELY_ACTIVE,HIGH_ENGAGEMENT,MAINTAIN_FLOW
1775710998.0375044,1888,100.48,200.00,8.94,ACTIVE,NONE,UNUSUAL_ACTIVITY,LIKELY_ACTIVE,HIGH_ENGAGEMENT,MAINTAIN_FLOW
1775710998.053807,1582,100.48,200.00,7.41,ACTIVE,NONE,UNUSUAL_ACTIVITY,LIKELY_ACTIVE,HIGH_ENGAGEMENT,MAINTAIN_FLOW
1775710998.0694072,1465,100.48,200.00,6.82,ACTIVE,NONE,UNUSUAL_ACTIVITY,LIKELY_ACTIVE,HIGH_ENGAGEMENT,MAINTAIN_FLOW
1775710998.0854454,1431,100.48,200.00,6.65,ACTIVE,NONE,UNUSUAL_ACTIVITY,LIKELY_ACTIVE,HIGH_ENGAGEMENT,MAINTAIN_FLOW
1775710998.1016173,1633,100.48,200.00,7.66,ACTIVE,NONE,UNUSUAL_ACTIVITY,LIKELY_ACTIVE,HIGH_ENGAGEMENT,MAINTAIN_FLOW
1775710998.117398,2092,100.48,200.00,9.96,ACTIVE,NONE,UNUSUAL_ACTIVITY,LIKELY_ACTIVE,HIGH_ENGAGEMENT,MAINTAIN_FLOW
1775710998.1334295,2566,100.48,200.00,12.33,ACTIVE,NONE,UNUSUAL_ACTIVITY,LIKELY_ACTIVE,HIGH_ENGAGEMENT,MAINTAIN_FLOW
1775710998.149443,2786,100.48,200.00,13.43,ACTIVE,NONE,UNUSUAL_ACTIVITY,LIKELY_ACTIVE,HIGH_ENGAGEMENT,MAINTAIN_FLOW
1775710998.1662295,2997,100.48,200.00,14.48,ACTIVE,NONE,UNUSUAL_ACTIVITY,LIKELY_ACTIVE,HIGH_ENGAGEMENT,MAINTAIN_FLOW
1775710998.1813853,3055,100.48,200.00,14.77,ACTIVE,NONE,UNUSUAL_ACTIVITY,LIKELY_ACTIVE,HIGH_ENGAGEMENT,MAINTAIN_FLOW
1775710998.1971366,3007,100.48,200.00,14.53,ACTIVE,NONE,UNUSUAL_ACTIVITY,LIKELY_ACTIVE,HIGH_ENGAGEMENT,MAINTAIN_FLOW
1775710998.2131455,2937,100.48,200.00,14.18,ACTIVE,NONE,UNUSUAL_ACTIVITY,LIKELY_ACTIVE,HIGH_ENGAGEMENT,MAINTAIN_FLOW
1775710998.2292705,2864,100.48,200.00,13.82,ACTIVE,NONE,UNUSUAL_ACTIVITY,LIKELY_ACTIVE,HIGH_ENGAGEMENT,MAINTAIN_FLOW
1775710998.2453651,2679,100.48,200.00,12.89,ACTIVE,NONE,UNUSUAL_ACTIVITY,LIKELY_ACTIVE,HIGH_ENGAGEMENT,MAINTAIN_FLOW
1775710998.2613301,2435,100.48,200.00,11.67,ACTIVE,NONE,UNUSUAL_ACTIVITY,LIKELY_ACTIVE,HIGH_ENGAGEMENT,MAINTAIN_FLOW
1775710998.277074,2062,100.48,200.00,9.81,ACTIVE,NONE,UNUSUAL_ACTIVITY,LIKELY_ACTIVE,HIGH_ENGAGEMENT,MAINTAIN_FLOW
1775710998.2930887,1654,100.48,200.00,7.77,ACTIVE,NONE,UNUSUAL_ACTIVITY,LIKELY_ACTIVE,HIGH_ENGAGEMENT,MAINTAIN_FLOW
1775710998.3089767,1409,100.48,200.00,6.54,ACTIVE,NONE,UNUSUAL_ACTIVITY,LIKELY_ACTIVE,HIGH_ENGAGEMENT,MAINTAIN_FLOW
1775710998.324823,1290,100.48,200.00,5.95,ACTIVE,NONE,UNUSUAL_ACTIVITY,LIKELY_ACTIVE,HIGH_ENGAGEMENT,MAINTAIN_FLOW
1775710998.341077,1138,100.48,200.00,5.19,ACTIVE,NONE,UNUSUAL_ACTIVITY,LIKELY_ACTIVE,HIGH_ENGAGEMENT,MAINTAIN_FLOW
1775710998.356977,1039,100.48,200.00,4.69,ACTIVE,NONE,UNUSUAL_ACTIVITY,LIKELY_ACTIVE,HIGH_ENGAGEMENT,MAINTAIN_FLOW
1775710998.373156,1081,100.48,200.00,4.90,ACTIVE,NONE,UNUSUAL_ACTIVITY,LIKELY_ACTIVE,HIGH_ENGAGEMENT,MAINTAIN_FLOW
1775710998.3890536,1128,100.48,200.00,5.14,ACTIVE,NONE,UNUSUAL_ACTIVITY,LIKELY_ACTIVE,HIGH_ENGAGEMENT,MAINTAIN_FLOW
1775710998.4057593,1187,100.48,200.00,5.43,ACTIVE,NONE,UNUSUAL_ACTIVITY,LIKELY_ACTIVE,HIGH_ENGAGEMENT,MAINTAIN_FLOW
1775710998.4212832,1542,100.48,200.00,7.21,ACTIVE,NONE,UNUSUAL_ACTIVITY,LIKELY_ACTIVE,HIGH_ENGAGEMENT,MAINTAIN_FLOW
1775710998.4374716,1909,100.48,200.00,9.04,ACTIVE,NONE,UNUSUAL_ACTIVITY,LIKELY_ACTIVE,HIGH_ENGAGEMENT,MAINTAIN_FLOW
1775710998.4538374,2243,100.48,200.00,10.71,ACTIVE,NONE,UNUSUAL_ACTIVITY,LIKELY_ACTIVE,HIGH_ENGAGEMENT,MAINTAIN_FLOW
1775710998.469829,2535,100.48,200.00,12.17,ACTIVE,NONE,UNUSUAL_ACTIVITY,LIKELY_ACTIVE,HIGH_ENGAGEMENT,MAINTAIN_FLOW
1775710998.485439,2749,100.48,200.00,13.24,ACTIVE,NONE,UNUSUAL_ACTIVITY,LIKELY_ACTIVE,HIGH_ENGAGEMENT,MAINTAIN_FLOW
1775710998.5012105,2630,100.48,200.00,12.65,ACTIVE,NONE,UNUSUAL_ACTIVITY,LIKELY_ACTIVE,HIGH_ENGAGEMENT,MAINTAIN_FLOW
1775710998.517155,2452,100.48,200.00,11.76,ACTIVE,NONE,UNUSUAL_ACTIVITY,LIKELY_ACTIVE,HIGH_ENGAGEMENT,MAINTAIN_FLOW
1775710998.533925,2174,100.48,200.00,10.37,ACTIVE,NONE,UNUSUAL_ACTIVITY,LIKELY_ACTIVE,HIGH_ENGAGEMENT,MAINTAIN_FLOW
1775710998.5491416,1896,100.48,200.00,8.98,ACTIVE,NONE,UNUSUAL_ACTIVITY,LIKELY_ACTIVE,HIGH_ENGAGEMENT,MAINTAIN_FLOW
1775710998.5652094,1659,100.48,200.00,7.79,ACTIVE,NONE,UNUSUAL_ACTIVITY,LIKELY_ACTIVE,HIGH_ENGAGEMENT,MAINTAIN_FLOW
1775710998.5808744,1508,100.48,200.00,7.04,ACTIVE,NONE,UNUSUAL_ACTIVITY,LIKELY_ACTIVE,HIGH_ENGAGEMENT,MAINTAIN_FLOW
1775710998.5969973,1365,100.48,200.00,6.32,ACTIVE,NONE,UNUSUAL_ACTIVITY,LIKELY_ACTIVE,HIGH_ENGAGEMENT,MAINTAIN_FLOW
1775710998.6137712,1199,100.48,200.00,5.49,ACTIVE,NONE,UNUSUAL_ACTIVITY,LIKELY_ACTIVE,HIGH_ENGAGEMENT,MAINTAIN_FLOW
1775710998.6291096,1004,100.48,200.00,4.52,ACTIVE,NONE,UNUSUAL_ACTIVITY,LIKELY_ACTIVE,HIGH_ENGAGEMENT,MAINTAIN_FLOW
1775710998.645289,800,100.48,200.00,3.50,ACTIVE,NONE,UNUSUAL_ACTIVITY,LIKELY_ACTIVE,HIGH_ENGAGEMENT,MAINTAIN_FLOW
1775710998.6612823,588,100.48,200.00,2.44,ACTIVE,NONE,UNUSUAL_ACTIVITY,LIKELY_ACTIVE,HIGH_ENGAGEMENT,MAINTAIN_FLOW
1775710998.6772301,405,100.48,200.00,1.52,ACTIVE,NONE,UNUSUAL_ACTIVITY,LIKELY_ACTIVE,HIGH_ENGAGEMENT,MAINTAIN_FLOW
1775710998.6931355,399,100.48,200.00,1.49,ACTIVE,NONE,UNUSUAL_ACTIVITY,LIKELY_ACTIVE,HIGH_ENGAGEMENT,MAINTAIN_FLOW
1775710998.709089,454,100.48,200.00,1.77,ACTIVE,NONE,UNUSUAL_ACTIVITY,LIKELY_ACTIVE,HIGH_ENGAGEMENT,MAINTAIN_FLOW
1775710998.7256289,569,100.48,200.00,2.34,ACTIVE,NONE,UNUSUAL_ACTIVITY,LIKELY_ACTIVE,HIGH_ENGAGEMENT,MAINTAIN_FLOW
1775710998.7414906,743,100.48,200.00,3.21,ACTIVE,NONE,UNUSUAL_ACTIVITY,LIKELY_ACTIVE,HIGH_ENGAGEMENT,MAINTAIN_FLOW
1775710998.7575488,863,100.48,200.00,3.81,ACTIVE,NONE,UNUSUAL_ACTIVITY,LIKELY_ACTIVE,HIGH_ENGAGEMENT,MAINTAIN_FLOW
1775710998.7731056,872,100.48,200.00,3.86,ACTIVE,NONE,UNUSUAL_ACTIVITY,LIKELY_ACTIVE,HIGH_ENGAGEMENT,MAINTAIN_FLOW
1775710998.788987,800,100.48,200.00,3.50,ACTIVE,NONE,UNUSUAL_ACTIVITY,LIKELY_ACTIVE,HIGH_ENGAGEMENT,MAINTAIN_FLOW
1775710998.8052661,747,100.48,200.00,3.23,ACTIVE,NONE,UNUSUAL_ACTIVITY,LIKELY_ACTIVE,HIGH_ENGAGEMENT,MAINTAIN_FLOW
1775710998.8216665,663,100.48,200.00,2.81,ACTIVE,NONE,UNUSUAL_ACTIVITY,LIKELY_ACTIVE,HIGH_ENGAGEMENT,MAINTAIN_FLOW
1775710998.8380775,531,100.48,200.00,2.15,ACTIVE,NONE,UNUSUAL_ACTIVITY,LIKELY_ACTIVE,HIGH_ENGAGEMENT,MAINTAIN_FLOW
1775710998.8535793,447,100.48,200.00,1.73,ACTIVE,NONE,UNUSUAL_ACTIVITY,LIKELY_ACTIVE,HIGH_ENGAGEMENT,MAINTAIN_FLOW
1775710998.869865,553,100.48,200.00,2.26,ACTIVE,NONE,UNUSUAL_ACTIVITY,LIKELY_ACTIVE,HIGH_ENGAGEMENT,MAINTAIN_FLOW
1775710998.885637,579,100.48,200.00,2.39,ACTIVE,NONE,UNUSUAL_ACTIVITY,LIKELY_ACTIVE,HIGH_ENGAGEMENT,MAINTAIN_FLOW
1775710998.901162,570,100.48,200.00,2.35,ACTIVE,NONE,UNUSUAL_ACTIVITY,LIKELY_ACTIVE,HIGH_ENGAGEMENT,MAINTAIN_FLOW
1775710998.9171226,610,100.48,200.00,2.55,ACTIVE,NONE,UNUSUAL_ACTIVITY,LIKELY_ACTIVE,HIGH_ENGAGEMENT,MAINTAIN_FLOW
1775710998.9330366,568,100.48,200.00,2.34,ACTIVE,NONE,UNUSUAL_ACTIVITY,LIKELY_ACTIVE,HIGH_ENGAGEMENT,MAINTAIN_FLOW
1775710998.9491937,416,100.48,200.00,1.58,ACTIVE,NONE,UNUSUAL_ACTIVITY,LIKELY_ACTIVE,HIGH_ENGAGEMENT,MAINTAIN_FLOW
1775710998.965507,294,100.67,200.00,0.97,ACTIVE,NONE,UNUSUAL_ACTIVITY,LIKELY_ACTIVE,HIGH_ENGAGEMENT,MAINTAIN_FLOW
1775710998.9819005,223,100.80,200.00,0.61,ACTIVE,NONE,UNUSUAL_ACTIVITY,LIKELY_ACTIVE,HIGH_ENGAGEMENT,MAINTAIN_FLOW
1775710998.997092,275,100.97,200.00,0.87,ACTIVE,NONE,UNUSUAL_ACTIVITY,LIKELY_ACTIVE,HIGH_ENGAGEMENT,MAINTAIN_FLOW
1775710999.0135984,389,100.97,200.00,1.44,ACTIVE,NONE,UNUSUAL_ACTIVITY,LIKELY_ACTIVE,HIGH_ENGAGEMENT,MAINTAIN_FLOW
1775710999.0290837,516,100.97,200.00,2.08,ACTIVE,NONE,UNUSUAL_ACTIVITY,LIKELY_ACTIVE,HIGH_ENGAGEMENT,MAINTAIN_FLOW
1775710999.0455027,613,100.97,200.00,2.56,ACTIVE,NONE,UNUSUAL_ACTIVITY,LIKELY_ACTIVE,HIGH_ENGAGEMENT,MAINTAIN_FLOW
1775710999.0608213,614,100.97,200.00,2.57,ACTIVE,NONE,UNUSUAL_ACTIVITY,LIKELY_ACTIVE,HIGH_ENGAGEMENT,MAINTAIN_FLOW
1775710999.0771184,546,100.97,200.00,2.23,ACTIVE,NONE,UNUSUAL_ACTIVITY,LIKELY_ACTIVE,HIGH_ENGAGEMENT,MAINTAIN_FLOW
1775710999.0934026,495,100.97,200.00,1.97,ACTIVE,NONE,UNUSUAL_ACTIVITY,LIKELY_ACTIVE,HIGH_ENGAGEMENT,MAINTAIN_FLOW
1775710999.1093688,390,100.97,200.00,1.45,ACTIVE,NONE,UNUSUAL_ACTIVITY,LIKELY_ACTIVE,HIGH_ENGAGEMENT,MAINTAIN_FLOW
1775710999.1251736,295,101.16,200.00,0.97,ACTIVE,NONE,UNUSUAL_ACTIVITY,LIKELY_ACTIVE,HIGH_ENGAGEMENT,MAINTAIN_FLOW
1775710999.1410365,277,101.34,200.00,0.88,ACTIVE,NONE,UNUSUAL_ACTIVITY,LIKELY_ACTIVE,HIGH_ENGAGEMENT,MAINTAIN_FLOW
1775710999.157749,302,101.34,200.00,1.00,ACTIVE,NONE,UNUSUAL_ACTIVITY,LIKELY_ACTIVE,HIGH_ENGAGEMENT,MAINTAIN_FLOW
1775710999.173506,366,101.34,200.00,1.32,ACTIVE,NONE,UNUSUAL_ACTIVITY,LIKELY_ACTIVE,HIGH_ENGAGEMENT,MAINTAIN_FLOW
1775710999.1896186,546,101.34,200.00,2.22,ACTIVE,NONE,UNUSUAL_ACTIVITY,LIKELY_ACTIVE,HIGH_ENGAGEMENT,MAINTAIN_FLOW
1775710999.2064078,734,101.34,200.00,3.16,ACTIVE,NONE,UNUSUAL_ACTIVITY,LIKELY_ACTIVE,HIGH_ENGAGEMENT,MAINTAIN_FLOW
1775710999.2231388,876,101.34,200.00,3.87,ACTIVE,NONE,UNUSUAL_ACTIVITY,LIKELY_ACTIVE,HIGH_ENGAGEMENT,MAINTAIN_FLOW
1775710999.2392828,887,101.34,200.00,3.93,ACTIVE,NONE,UNUSUAL_ACTIVITY,LIKELY_ACTIVE,HIGH_ENGAGEMENT,MAINTAIN_FLOW
1775710999.2547948,754,101.34,200.00,3.26,ACTIVE,NONE,UNUSUAL_ACTIVITY,LIKELY_ACTIVE,HIGH_ENGAGEMENT,MAINTAIN_FLOW
1775710999.2723932,552,101.34,200.00,2.25,ACTIVE,NONE,UNUSUAL_ACTIVITY,LIKELY_ACTIVE,HIGH_ENGAGEMENT,MAINTAIN_FLOW
1775710999.288602,355,101.34,200.00,1.27,ACTIVE,NONE,UNUSUAL_ACTIVITY,LIKELY_ACTIVE,HIGH_ENGAGEMENT,MAINTAIN_FLOW
1775710999.303831,195,101.43,200.00,0.47,ACTIVE,NONE,UNUSUAL_ACTIVITY,LIKELY_ACTIVE,HIGH_ENGAGEMENT,MAINTAIN_FLOW
1775710999.3189042,143,101.48,200.00,0.21,ACTIVE,NONE,UNUSUAL_ACTIVITY,LIKELY_ACTIVE,HIGH_ENGAGEMENT,MAINTAIN_FLOW
1775710999.3345647,150,101.52,200.00,0.24,ACTIVE,NONE,UNUSUAL_ACTIVITY,LIKELY_ACTIVE,HIGH_ENGAGEMENT,MAINTAIN_FLOW
1775710999.350623,144,101.57,200.00,0.21,ACTIVE,NONE,UNUSUAL_ACTIVITY,LIKELY_ACTIVE,HIGH_ENGAGEMENT,MAINTAIN_FLOW
1775710999.3664155,134,101.60,200.00,0.16,ACTIVE,NONE,UNUSUAL_ACTIVITY,LIKELY_ACTIVE,HIGH_ENGAGEMENT,MAINTAIN_FLOW
1775710999.38261,120,101.62,200.00,0.09,ACTIVE,NONE,UNUSUAL_ACTIVITY,LIKELY_ACTIVE,HIGH_ENGAGEMENT,MAINTAIN_FLOW
1775710999.3984036,105,101.62,200.00,0.02,ACTIVE,NONE,UNUSUAL_ACTIVITY,LIKELY_ACTIVE,HIGH_ENGAGEMENT,MAINTAIN_FLOW
1775710999.4141276,93,101.61,200.00,-0.04,ACTIVE,NONE,UNUSUAL_ACTIVITY,LIKELY_ACTIVE,HIGH_ENGAGEMENT,MAINTAIN_FLOW
1775710999.429618,96,101.61,200.00,-0.03,ACTIVE,NONE,UNUSUAL_ACTIVITY,LIKELY_ACTIVE,HIGH_ENGAGEMENT,MAINTAIN_FLOW
1775710999.4452298,111,101.62,200.00,0.05,ACTIVE,NONE,UNUSUAL_ACTIVITY,LIKELY_ACTIVE,HIGH_ENGAGEMENT,MAINTAIN_FLOW
1775710999.46225,122,101.64,200.00,0.10,ACTIVE,NONE,UNUSUAL_ACTIVITY,LIKELY_ACTIVE,HIGH_ENGAGEMENT,MAINTAIN_FLOW
1775710999.4776192,127,101.66,200.00,0.13,ACTIVE,NONE,UNUSUAL_ACTIVITY,LIKELY_ACTIVE,HIGH_ENGAGEMENT,MAINTAIN_FLOW
1775710999.4930258,136,101.70,200.00,0.17,ACTIVE,NONE,UNUSUAL_ACTIVITY,LIKELY_ACTIVE,HIGH_ENGAGEMENT,MAINTAIN_FLOW
1775710999.5091887,146,101.74,200.00,0.22,ACTIVE,NONE,UNUSUAL_ACTIVITY,LIKELY_ACTIVE,HIGH_ENGAGEMENT,MAINTAIN_FLOW
1775710999.5255067,147,101.79,200.00,0.23,ACTIVE,NONE,UNUSUAL_ACTIVITY,LIKELY_ACTIVE,HIGH_ENGAGEMENT,MAINTAIN_FLOW
1775710999.5412388,153,101.84,200.00,0.26,ACTIVE,NONE,UNUSUAL_ACTIVITY,LIKELY_ACTIVE,HIGH_ENGAGEMENT,MAINTAIN_FLOW
1775710999.5570629,158,101.89,200.00,0.28,ACTIVE,NONE,UNUSUAL_ACTIVITY,LIKELY_ACTIVE,HIGH_ENGAGEMENT,MAINTAIN_FLOW
1775710999.5733051,164,101.95,200.00,0.31,ACTIVE,NONE,UNUSUAL_ACTIVITY,LIKELY_ACTIVE,HIGH_ENGAGEMENT,MAINTAIN_FLOW
1775710999.589038,163,102.02,200.00,0.30,ACTIVE,NONE,UNUSUAL_ACTIVITY,LIKELY_ACTIVE,HIGH_ENGAGEMENT,MAINTAIN_FLOW
1775710999.6050313,163,102.08,200.00,0.30,ACTIVE,NONE,UNUSUAL_ACTIVITY,LIKELY_ACTIVE,HIGH_ENGAGEMENT,MAINTAIN_FLOW
1775710999.6213,162,102.14,200.00,0.30,ACTIVE,NONE,UNUSUAL_ACTIVITY,LIKELY_ACTIVE,HIGH_ENGAGEMENT,MAINTAIN_FLOW
1775710999.6373334,153,102.19,200.00,0.25,ACTIVE,NONE,UNUSUAL_ACTIVITY,LIKELY_ACTIVE,HIGH_ENGAGEMENT,MAINTAIN_FLOW
1775710999.6538684,144,102.23,200.00,0.21,ACTIVE,NONE,UNUSUAL_ACTIVITY,LIKELY_ACTIVE,HIGH_ENGAGEMENT,MAINTAIN_FLOW
1775710999.669541,134,102.26,200.00,0.16,ACTIVE,NONE,UNUSUAL_ACTIVITY,LIKELY_ACTIVE,HIGH_ENGAGEMENT,MAINTAIN_FLOW
1775710999.6855068,132,102.29,200.00,0.15,ACTIVE,NONE,UNUSUAL_ACTIVITY,LIKELY_ACTIVE,HIGH_ENGAGEMENT,MAINTAIN_FLOW
1775710999.701336,125,102.31,200.00,0.11,ACTIVE,NONE,UNUSUAL_ACTIVITY,LIKELY_ACTIVE,HIGH_ENGAGEMENT,MAINTAIN_FLOW
1775710999.7174385,125,102.34,200.00,0.11,ACTIVE,NONE,UNUSUAL_ACTIVITY,LIKELY_ACTIVE,HIGH_ENGAGEMENT,MAINTAIN_FLOW
1775710999.7337875,120,102.35,200.00,0.09,ACTIVE,NONE,UNUSUAL_ACTIVITY,LIKELY_ACTIVE,HIGH_ENGAGEMENT,MAINTAIN_FLOW
1775710999.7491026,123,102.37,200.00,0.10,ACTIVE,NONE,UNUSUAL_ACTIVITY,LIKELY_ACTIVE,HIGH_ENGAGEMENT,MAINTAIN_FLOW
1775710999.7654996,121,102.39,200.00,0.09,ACTIVE,NONE,UNUSUAL_ACTIVITY,LIKELY_ACTIVE,HIGH_ENGAGEMENT,MAINTAIN_FLOW
1775710999.7815213,127,102.42,200.00,0.12,ACTIVE,NONE,UNUSUAL_ACTIVITY,LIKELY_ACTIVE,HIGH_ENGAGEMENT,MAINTAIN_FLOW
1775710999.797169,133,102.45,200.00,0.15,ACTIVE,NONE,UNUSUAL_ACTIVITY,LIKELY_ACTIVE,HIGH_ENGAGEMENT,MAINTAIN_FLOW
1775710999.8129077,136,102.48,200.00,0.17,ACTIVE,NONE,UNUSUAL_ACTIVITY,LIKELY_ACTIVE,HIGH_ENGAGEMENT,MAINTAIN_FLOW
1775710999.8291893,129,102.51,200.00,0.13,ACTIVE,NONE,UNUSUAL_ACTIVITY,LIKELY_ACTIVE,HIGH_ENGAGEMENT,MAINTAIN_FLOW
1775710999.8452597,123,102.53,200.00,0.10,ACTIVE,NONE,UNUSUAL_ACTIVITY,LIKELY_ACTIVE,HIGH_ENGAGEMENT,MAINTAIN_FLOW
1775710999.8611035,115,102.54,200.00,0.06,ACTIVE,NONE,UNUSUAL_ACTIVITY,LIKELY_ACTIVE,HIGH_ENGAGEMENT,MAINTAIN_FLOW
1775710999.8771315,114,102.55,200.00,0.06,ACTIVE,NONE,UNUSUAL_ACTIVITY,LIKELY_ACTIVE,HIGH_ENGAGEMENT,MAINTAIN_FLOW
1775710999.8930907,121,102.57,200.00,0.09,ACTIVE,NONE,UNUSUAL_ACTIVITY,LIKELY_ACTIVE,HIGH_ENGAGEMENT,MAINTAIN_FLOW
1775710999.9093266,140,102.61,200.00,0.19,ACTIVE,NONE,UNUSUAL_ACTIVITY,LIKELY_ACTIVE,HIGH_ENGAGEMENT,MAINTAIN_FLOW
1775710999.9253423,153,102.66,200.00,0.25,ACTIVE,NONE,UNUSUAL_ACTIVITY,LIKELY_ACTIVE,HIGH_ENGAGEMENT,MAINTAIN_FLOW
1775710999.9413033,167,102.72,200.00,0.32,ACTIVE,NONE,UNUSUAL_ACTIVITY,LIKELY_ACTIVE,HIGH_ENGAGEMENT,MAINTAIN_FLOW
1775710999.9574964,173,102.79,200.00,0.35,ACTIVE,NONE,UNUSUAL_ACTIVITY,LIKELY_ACTIVE,HIGH_ENGAGEMENT,MAINTAIN_FLOW
1775710999.9733021,179,102.87,200.00,0.38,ACTIVE,NONE,UNUSUAL_ACTIVITY,LIKELY_ACTIVE,HIGH_ENGAGEMENT,MAINTAIN_FLOW
1775710999.9891267,173,102.94,200.00,0.35,ACTIVE,NONE,UNUSUAL_ACTIVITY,LIKELY_ACTIVE,HIGH_ENGAGEMENT,MAINTAIN_FLOW
1775711000.005134,164,103.00,200.00,0.30,ACTIVE,NONE,UNUSUAL_ACTIVITY,LIKELY_ACTIVE,HIGH_ENGAGEMENT,MAINTAIN_FLOW
1775711000.0212526,153,103.05,200.00,0.25,ACTIVE,NONE,UNUSUAL_ACTIVITY,LIKELY_ACTIVE,HIGH_ENGAGEMENT,MAINTAIN_FLOW
1775711000.037105,145,103.09,200.00,0.21,ACTIVE,NONE,UNUSUAL_ACTIVITY,LIKELY_ACTIVE,HIGH_ENGAGEMENT,MAINTAIN_FLOW
1775711000.0531743,127,103.12,200.00,0.12,ACTIVE,NONE,UNUSUAL_ACTIVITY,LIKELY_ACTIVE,HIGH_ENGAGEMENT,MAINTAIN_FLOW
1775711000.0696914,119,103.13,200.00,0.08,ACTIVE,NONE,UNUSUAL_ACTIVITY,LIKELY_ACTIVE,HIGH_ENGAGEMENT,MAINTAIN_FLOW
1775711000.0858002,116,103.15,200.00,0.06,ACTIVE,NONE,UNUSUAL_ACTIVITY,LIKELY_ACTIVE,HIGH_ENGAGEMENT,MAINTAIN_FLOW
1775711000.1012032,117,103.16,200.00,0.07,ACTIVE,NONE,UNUSUAL_ACTIVITY,LIKELY_ACTIVE,HIGH_ENGAGEMENT,MAINTAIN_FLOW
1775711000.1174133,118,103.17,200.00,0.07,ACTIVE,NONE,UNUSUAL_ACTIVITY,LIKELY_ACTIVE,HIGH_ENGAGEMENT,MAINTAIN_FLOW
1775711000.1334126,122,103.19,200.00,0.09,ACTIVE,NONE,UNUSUAL_ACTIVITY,LIKELY_ACTIVE,HIGH_ENGAGEMENT,MAINTAIN_FLOW
1775711000.149435,118,103.21,200.00,0.07,ACTIVE,NONE,UNUSUAL_ACTIVITY,LIKELY_ACTIVE,HIGH_ENGAGEMENT,MAINTAIN_FLOW
1775711000.16524,116,103.22,200.00,0.06,ACTIVE,NONE,UNUSUAL_ACTIVITY,LIKELY_ACTIVE,HIGH_ENGAGEMENT,MAINTAIN_FLOW
1775711000.1810067,169,103.29,200.00,0.33,ACTIVE,NONE,UNUSUAL_ACTIVITY,LIKELY_ACTIVE,HIGH_ENGAGEMENT,MAINTAIN_FLOW
1775711000.197243,317,103.29,200.00,1.07,ACTIVE,NONE,UNUSUAL_ACTIVITY,LIKELY_ACTIVE,HIGH_ENGAGEMENT,MAINTAIN_FLOW
1775711000.213274,859,103.29,200.00,3.78,ACTIVE,NONE,UNUSUAL_ACTIVITY,LIKELY_ACTIVE,HIGH_ENGAGEMENT,MAINTAIN_FLOW
1775711000.2293532,1691,103.29,200.00,7.94,ACTIVE,NONE,UNUSUAL_ACTIVITY,LIKELY_ACTIVE,HIGH_ENGAGEMENT,MAINTAIN_FLOW
1775711000.2457302,2636,103.29,200.00,12.66,ACTIVE,NONE,UNUSUAL_ACTIVITY,LIKELY_ACTIVE,HIGH_ENGAGEMENT,MAINTAIN_FLOW
1775711000.2615051,3681,103.29,200.00,17.89,ACTIVE,NONE,UNUSUAL_ACTIVITY,LIKELY_ACTIVE,HIGH_ENGAGEMENT,MAINTAIN_FLOW
1775711000.2774901,4485,103.29,200.00,21.91,ACTIVE,NONE,UNUSUAL_ACTIVITY,LIKELY_ACTIVE,HIGH_ENGAGEMENT,MAINTAIN_FLOW
1775711000.2931986,4718,103.29,200.00,23.07,ACTIVE,NONE,UNUSUAL_ACTIVITY,LIKELY_ACTIVE,HIGH_ENGAGEMENT,MAINTAIN_FLOW
1775711000.3090537,4091,103.29,200.00,19.94,ACTIVE,NONE,UNUSUAL_ACTIVITY,LIKELY_ACTIVE,HIGH_ENGAGEMENT,MAINTAIN_FLOW
1775711000.3249114,3256,103.29,200.00,15.76,ACTIVE,NONE,UNUSUAL_ACTIVITY,LIKELY_ACTIVE,HIGH_ENGAGEMENT,MAINTAIN_FLOW
1775711000.3411925,2227,103.29,200.00,10.62,ACTIVE,NONE,UNUSUAL_ACTIVITY,LIKELY_ACTIVE,HIGH_ENGAGEMENT,MAINTAIN_FLOW
1775711000.3573265,1326,103.29,200.00,6.11,ACTIVE,NONE,UNUSUAL_ACTIVITY,LIKELY_ACTIVE,HIGH_ENGAGEMENT,MAINTAIN_FLOW
1775711000.3729467,587,103.29,200.00,2.42,ACTIVE,NONE,UNUSUAL_ACTIVITY,LIKELY_ACTIVE,HIGH_ENGAGEMENT,MAINTAIN_FLOW
1775711000.3891642,427,103.29,200.00,1.62,ACTIVE,NONE,UNUSUAL_ACTIVITY,LIKELY_ACTIVE,HIGH_ENGAGEMENT,MAINTAIN_FLOW
1775711000.4052567,357,103.29,200.00,1.27,ACTIVE,NONE,UNUSUAL_ACTIVITY,LIKELY_ACTIVE,HIGH_ENGAGEMENT,MAINTAIN_FLOW
1775711000.4211304,313,103.29,200.00,1.05,ACTIVE,NONE,UNUSUAL_ACTIVITY,LIKELY_ACTIVE,HIGH_ENGAGEMENT,MAINTAIN_FLOW
1775711000.4373817,342,103.29,200.00,1.19,ACTIVE,NONE,UNUSUAL_ACTIVITY,LIKELY_ACTIVE,HIGH_ENGAGEMENT,MAINTAIN_FLOW
1775711000.453279,499,103.29,200.00,1.98,ACTIVE,NONE,UNUSUAL_ACTIVITY,LIKELY_ACTIVE,HIGH_ENGAGEMENT,MAINTAIN_FLOW
1775711000.4691217,924,103.29,200.00,4.10,ACTIVE,NONE,UNUSUAL_ACTIVITY,LIKELY_ACTIVE,HIGH_ENGAGEMENT,MAINTAIN_FLOW
1775711000.4851363,1440,103.29,200.00,6.68,ACTIVE,NONE,UNUSUAL_ACTIVITY,LIKELY_ACTIVE,HIGH_ENGAGEMENT,MAINTAIN_FLOW
1775711000.5013714,1936,103.29,200.00,9.16,ACTIVE,NONE,UNUSUAL_ACTIVITY,LIKELY_ACTIVE,HIGH_ENGAGEMENT,MAINTAIN_FLOW
1775711000.5171063,2338,103.29,200.00,11.17,ACTIVE,NONE,UNUSUAL_ACTIVITY,LIKELY_ACTIVE,HIGH_ENGAGEMENT,MAINTAIN_FLOW
1775711000.533535,2638,103.29,200.00,12.67,ACTIVE,NONE,UNUSUAL_ACTIVITY,LIKELY_ACTIVE,HIGH_ENGAGEMENT,MAINTAIN_FLOW
1775711000.5496173,2613,103.29,200.00,12.55,ACTIVE,NONE,UNUSUAL_ACTIVITY,LIKELY_ACTIVE,HIGH_ENGAGEMENT,MAINTAIN_FLOW
1775711000.5649862,2503,103.29,200.00,12.00,ACTIVE,NONE,UNUSUAL_ACTIVITY,LIKELY_ACTIVE,HIGH_ENGAGEMENT,MAINTAIN_FLOW
1775711000.5810986,2227,103.29,200.00,10.62,ACTIVE,NONE,UNUSUAL_ACTIVITY,LIKELY_ACTIVE,HIGH_ENGAGEMENT,MAINTAIN_FLOW
1775711000.5971549,1852,103.29,200.00,8.74,ACTIVE,NONE,UNUSUAL_ACTIVITY,LIKELY_ACTIVE,HIGH_ENGAGEMENT,MAINTAIN_FLOW
1775711000.6135423,1456,103.29,200.00,6.76,ACTIVE,NONE,UNUSUAL_ACTIVITY,LIKELY_ACTIVE,HIGH_ENGAGEMENT,MAINTAIN_FLOW
1775711000.6292918,1154,103.29,200.00,5.25,ACTIVE,NONE,UNUSUAL_ACTIVITY,LIKELY_ACTIVE,HIGH_ENGAGEMENT,MAINTAIN_FLOW
1775711000.6453538,799,103.29,200.00,3.48,ACTIVE,NONE,UNUSUAL_ACTIVITY,LIKELY_ACTIVE,HIGH_ENGAGEMENT,MAINTAIN_FLOW
1775711000.6614585,815,103.29,200.00,3.56,ACTIVE,NONE,UNUSUAL_ACTIVITY,LIKELY_ACTIVE,HIGH_ENGAGEMENT,MAINTAIN_FLOW
1775711000.6769857,1098,103.29,200.00,4.97,ACTIVE,NONE,UNUSUAL_ACTIVITY,LIKELY_ACTIVE,HIGH_ENGAGEMENT,MAINTAIN_FLOW
1775711000.693163,1438,103.29,200.00,6.67,ACTIVE,NONE,UNUSUAL_ACTIVITY,LIKELY_ACTIVE,HIGH_ENGAGEMENT,MAINTAIN_FLOW
1775711000.7096267,1563,103.29,200.00,7.30,ACTIVE,NONE,UNUSUAL_ACTIVITY,LIKELY_ACTIVE,HIGH_ENGAGEMENT,MAINTAIN_FLOW
1775711000.7256727,1686,103.29,200.00,7.91,ACTIVE,NONE,UNUSUAL_ACTIVITY,LIKELY_ACTIVE,HIGH_ENGAGEMENT,MAINTAIN_FLOW
1775711000.7420063,1749,103.29,200.00,8.23,ACTIVE,NONE,UNUSUAL_ACTIVITY,LIKELY_ACTIVE,HIGH_ENGAGEMENT,MAINTAIN_FLOW
1775711000.7572227,1698,103.29,200.00,7.97,ACTIVE,NONE,UNUSUAL_ACTIVITY,LIKELY_ACTIVE,HIGH_ENGAGEMENT,MAINTAIN_FLOW
1775711000.7730596,1637,103.29,200.00,7.67,ACTIVE,NONE,UNUSUAL_ACTIVITY,LIKELY_ACTIVE,HIGH_ENGAGEMENT,MAINTAIN_FLOW
1775711000.789228,1736,103.29,200.00,8.16,ACTIVE,NONE,UNUSUAL_ACTIVITY,LIKELY_ACTIVE,HIGH_ENGAGEMENT,MAINTAIN_FLOW
1775711000.8054266,1865,103.29,200.00,8.81,ACTIVE,NONE,UNUSUAL_ACTIVITY,LIKELY_ACTIVE,HIGH_ENGAGEMENT,MAINTAIN_FLOW
1775711000.8215709,1889,103.29,200.00,8.93,ACTIVE,NONE,UNUSUAL_ACTIVITY,LIKELY_ACTIVE,HIGH_ENGAGEMENT,MAINTAIN_FLOW
1775711000.8375206,1934,103.29,200.00,9.15,ACTIVE,NONE,UNUSUAL_ACTIVITY,LIKELY_ACTIVE,HIGH_ENGAGEMENT,MAINTAIN_FLOW
1775711000.8537571,1901,103.29,200.00,8.99,ACTIVE,NONE,UNUSUAL_ACTIVITY,LIKELY_ACTIVE,HIGH_ENGAGEMENT,MAINTAIN_FLOW
1775711000.8697116,1901,103.29,200.00,8.99,ACTIVE,NONE,UNUSUAL_ACTIVITY,LIKELY_ACTIVE,HIGH_ENGAGEMENT,MAINTAIN_FLOW
1775711000.8858228,1926,103.29,200.00,9.11,ACTIVE,NONE,UNUSUAL_ACTIVITY,LIKELY_ACTIVE,HIGH_ENGAGEMENT,MAINTAIN_FLOW
1775711000.9021268,1954,103.29,200.00,9.25,ACTIVE,NONE,UNUSUAL_ACTIVITY,LIKELY_ACTIVE,HIGH_ENGAGEMENT,MAINTAIN_FLOW
1775711000.91804,1932,103.29,200.00,9.14,ACTIVE,NONE,UNUSUAL_ACTIVITY,LIKELY_ACTIVE,HIGH_ENGAGEMENT,MAINTAIN_FLOW
1775711000.9345462,1964,103.29,200.00,9.30,ACTIVE,NONE,UNUSUAL_ACTIVITY,LIKELY_ACTIVE,HIGH_ENGAGEMENT,MAINTAIN_FLOW
1775711000.9495103,1958,103.29,200.00,9.27,ACTIVE,NONE,UNUSUAL_ACTIVITY,LIKELY_ACTIVE,HIGH_ENGAGEMENT,MAINTAIN_FLOW
1775711000.9657834,1992,103.29,200.00,9.44,ACTIVE,NONE,UNUSUAL_ACTIVITY,LIKELY_ACTIVE,HIGH_ENGAGEMENT,MAINTAIN_FLOW
1775711000.9814038,1996,103.29,200.00,9.46,ACTIVE,NONE,UNUSUAL_ACTIVITY,LIKELY_ACTIVE,HIGH_ENGAGEMENT,MAINTAIN_FLOW
1775711000.9981115,1981,103.29,200.00,9.39,ACTIVE,NONE,UNUSUAL_ACTIVITY,LIKELY_ACTIVE,HIGH_ENGAGEMENT,MAINTAIN_FLOW
1775711001.0133443,1926,103.29,200.00,9.11,ACTIVE,NONE,UNUSUAL_ACTIVITY,LIKELY_ACTIVE,HIGH_ENGAGEMENT,MAINTAIN_FLOW
1775711001.029879,1898,103.29,200.00,8.97,ACTIVE,NONE,UNUSUAL_ACTIVITY,LIKELY_ACTIVE,HIGH_ENGAGEMENT,MAINTAIN_FLOW
1775711001.0456915,1831,103.29,200.00,8.64,ACTIVE,NONE,UNUSUAL_ACTIVITY,LIKELY_ACTIVE,HIGH_ENGAGEMENT,MAINTAIN_FLOW
1775711001.0616536,1789,103.29,200.00,8.43,ACTIVE,NONE,UNUSUAL_ACTIVITY,LIKELY_ACTIVE,HIGH_ENGAGEMENT,MAINTAIN_FLOW
1775711001.0777106,1771,103.29,200.00,8.34,ACTIVE,NONE,UNUSUAL_ACTIVITY,LIKELY_ACTIVE,HIGH_ENGAGEMENT,MAINTAIN_FLOW
1775711001.0936065,1777,103.29,200.00,8.37,ACTIVE,NONE,UNUSUAL_ACTIVITY,LIKELY_ACTIVE,HIGH_ENGAGEMENT,MAINTAIN_FLOW
1775711001.109885,1721,103.29,200.00,8.09,ACTIVE,NONE,UNUSUAL_ACTIVITY,LIKELY_ACTIVE,HIGH_ENGAGEMENT,MAINTAIN_FLOW
1775711001.126268,1624,103.29,200.00,7.60,ACTIVE,NONE,UNUSUAL_ACTIVITY,LIKELY_ACTIVE,HIGH_ENGAGEMENT,MAINTAIN_FLOW
1775711001.1411314,1454,103.29,200.00,6.75,ACTIVE,NONE,UNUSUAL_ACTIVITY,LIKELY_ACTIVE,HIGH_ENGAGEMENT,MAINTAIN_FLOW
1775711001.1573186,1269,103.29,200.00,5.83,ACTIVE,NONE,UNUSUAL_ACTIVITY,LIKELY_ACTIVE,HIGH_ENGAGEMENT,MAINTAIN_FLOW
1775711001.1736274,1071,103.29,200.00,4.84,ACTIVE,NONE,UNUSUAL_ACTIVITY,LIKELY_ACTIVE,HIGH_ENGAGEMENT,MAINTAIN_FLOW
1775711001.1893578,880,103.29,200.00,3.88,ACTIVE,NONE,UNUSUAL_ACTIVITY,LIKELY_ACTIVE,HIGH_ENGAGEMENT,MAINTAIN_FLOW
1775711001.2050974,659,103.29,200.00,2.78,ACTIVE,NONE,UNUSUAL_ACTIVITY,LIKELY_ACTIVE,HIGH_ENGAGEMENT,MAINTAIN_FLOW
1775711001.2209895,502,103.29,200.00,1.99,ACTIVE,NONE,UNUSUAL_ACTIVITY,LIKELY_ACTIVE,HIGH_ENGAGEMENT,MAINTAIN_FLOW
1775711001.2371445,350,103.29,200.00,1.23,ACTIVE,NONE,UNUSUAL_ACTIVITY,LIKELY_ACTIVE,HIGH_ENGAGEMENT,MAINTAIN_FLOW
1775711001.2535744,220,103.40,200.00,0.58,ACTIVE,NONE,UNUSUAL_ACTIVITY,LIKELY_ACTIVE,HIGH_ENGAGEMENT,MAINTAIN_FLOW
1775711001.2699049,136,103.44,200.00,0.16,ACTIVE,NONE,UNUSUAL_ACTIVITY,LIKELY_ACTIVE,HIGH_ENGAGEMENT,MAINTAIN_FLOW
1775711001.2858026,122,103.45,200.00,0.09,ACTIVE,NONE,UNUSUAL_ACTIVITY,LIKELY_ACTIVE,HIGH_ENGAGEMENT,MAINTAIN_FLOW
1775711001.3017566,115,103.47,200.00,0.06,ACTIVE,NONE,UNUSUAL_ACTIVITY,LIKELY_ACTIVE,HIGH_ENGAGEMENT,MAINTAIN_FLOW
1775711001.318058,116,103.48,200.00,0.06,ACTIVE,NONE,UNUSUAL_ACTIVITY,LIKELY_ACTIVE,HIGH_ENGAGEMENT,MAINTAIN_FLOW
1775711001.3343284,115,103.49,200.00,0.06,ACTIVE,NONE,UNUSUAL_ACTIVITY,LIKELY_ACTIVE,HIGH_ENGAGEMENT,MAINTAIN_FLOW
1775711001.3494856,123,103.51,200.00,0.10,ACTIVE,NONE,UNUSUAL_ACTIVITY,LIKELY_ACTIVE,HIGH_ENGAGEMENT,MAINTAIN_FLOW
1775711001.365529,123,103.53,200.00,0.10,ACTIVE,NONE,UNUSUAL_ACTIVITY,LIKELY_ACTIVE,HIGH_ENGAGEMENT,MAINTAIN_FLOW
1775711001.381514,107,103.53,200.00,0.02,ACTIVE,NONE,UNUSUAL_ACTIVITY,LIKELY_ACTIVE,HIGH_ENGAGEMENT,MAINTAIN_FLOW
1775711001.3977416,103,103.53,200.00,-0.00,ACTIVE,NONE,UNUSUAL_ACTIVITY,LIKELY_ACTIVE,HIGH_ENGAGEMENT,MAINTAIN_FLOW
1775711001.4135168,103,103.53,200.00,-0.00,ACTIVE,NONE,UNUSUAL_ACTIVITY,LIKELY_ACTIVE,HIGH_ENGAGEMENT,MAINTAIN_FLOW
1775711001.4296284,93,103.52,200.00,-0.05,ACTIVE,NONE,UNUSUAL_ACTIVITY,LIKELY_ACTIVE,HIGH_ENGAGEMENT,MAINTAIN_FLOW
1775711001.4453306,98,103.52,200.00,-0.03,ACTIVE,NONE,UNUSUAL_ACTIVITY,LIKELY_ACTIVE,HIGH_ENGAGEMENT,MAINTAIN_FLOW
1775711001.4610221,109,103.52,200.00,0.03,ACTIVE,NONE,UNUSUAL_ACTIVITY,LIKELY_ACTIVE,HIGH_ENGAGEMENT,MAINTAIN_FLOW
1775711001.4777033,115,103.53,200.00,0.06,ACTIVE,NONE,UNUSUAL_ACTIVITY,LIKELY_ACTIVE,HIGH_ENGAGEMENT,MAINTAIN_FLOW
1775711001.4932096,119,103.55,200.00,0.08,ACTIVE,NONE,UNUSUAL_ACTIVITY,LIKELY_ACTIVE,HIGH_ENGAGEMENT,MAINTAIN_FLOW
1775711001.5089362,119,103.56,200.00,0.08,ACTIVE,NONE,UNUSUAL_ACTIVITY,LIKELY_ACTIVE,HIGH_ENGAGEMENT,MAINTAIN_FLOW
1775711001.5253887,113,103.57,200.00,0.05,ACTIVE,NONE,UNUSUAL_ACTIVITY,LIKELY_ACTIVE,HIGH_ENGAGEMENT,MAINTAIN_FLOW
1775711001.5418208,119,103.59,200.00,0.08,ACTIVE,NONE,UNUSUAL_ACTIVITY,LIKELY_ACTIVE,HIGH_ENGAGEMENT,MAINTAIN_FLOW
1775711001.5575593,127,103.61,200.00,0.12,ACTIVE,NONE,UNUSUAL_ACTIVITY,LIKELY_ACTIVE,HIGH_ENGAGEMENT,MAINTAIN_FLOW
1775711001.5734107,128,103.64,200.00,0.12,ACTIVE,NONE,UNUSUAL_ACTIVITY,LIKELY_ACTIVE,HIGH_ENGAGEMENT,MAINTAIN_FLOW
1775711001.5894346,143,103.68,200.00,0.20,ACTIVE,NONE,UNUSUAL_ACTIVITY,LIKELY_ACTIVE,HIGH_ENGAGEMENT,MAINTAIN_FLOW
1775711001.6053047,151,103.72,200.00,0.24,ACTIVE,NONE,UNUSUAL_ACTIVITY,LIKELY_ACTIVE,HIGH_ENGAGEMENT,MAINTAIN_FLOW
1775711001.621195,158,103.78,200.00,0.27,ACTIVE,NONE,UNUSUAL_ACTIVITY,LIKELY_ACTIVE,HIGH_ENGAGEMENT,MAINTAIN_FLOW
1775711001.6375377,164,103.84,200.00,0.30,ACTIVE,NONE,UNUSUAL_ACTIVITY,LIKELY_ACTIVE,HIGH_ENGAGEMENT,MAINTAIN_FLOW
1775711001.6538126,173,103.91,200.00,0.35,ACTIVE,NONE,UNUSUAL_ACTIVITY,LIKELY_ACTIVE,HIGH_ENGAGEMENT,MAINTAIN_FLOW
1775711001.6694288,169,103.97,200.00,0.33,ACTIVE,NONE,UNUSUAL_ACTIVITY,LIKELY_ACTIVE,HIGH_ENGAGEMENT,MAINTAIN_FLOW
1775711001.6854606,169,104.04,200.00,0.32,ACTIVE,NONE,UNUSUAL_ACTIVITY,LIKELY_ACTIVE,HIGH_ENGAGEMENT,MAINTAIN_FLOW
1775711001.7021267,165,104.10,200.00,0.30,ACTIVE,NONE,UNUSUAL_ACTIVITY,LIKELY_ACTIVE,HIGH_ENGAGEMENT,MAINTAIN_FLOW
1775711001.717949,168,104.16,200.00,0.32,ACTIVE,NONE,UNUSUAL_ACTIVITY,LIKELY_ACTIVE,HIGH_ENGAGEMENT,MAINTAIN_FLOW
1775711001.7339826,178,104.24,200.00,0.37,ACTIVE,NONE,UNUSUAL_ACTIVITY,LIKELY_ACTIVE,HIGH_ENGAGEMENT,MAINTAIN_FLOW
1775711001.7499313,187,104.32,200.00,0.41,ACTIVE,NONE,UNUSUAL_ACTIVITY,LIKELY_ACTIVE,HIGH_ENGAGEMENT,MAINTAIN_FLOW
1775711001.7651486,192,104.41,200.00,0.44,ACTIVE,NONE,UNUSUAL_ACTIVITY,LIKELY_ACTIVE,HIGH_ENGAGEMENT,MAINTAIN_FLOW
1775711001.781495,182,104.48,200.00,0.39,ACTIVE,NONE,UNUSUAL_ACTIVITY,LIKELY_ACTIVE,HIGH_ENGAGEMENT,MAINTAIN_FLOW
1775711001.7977176,161,104.54,200.00,0.28,ACTIVE,NONE,UNUSUAL_ACTIVITY,LIKELY_ACTIVE,HIGH_ENGAGEMENT,MAINTAIN_FLOW
1775711001.8136435,135,104.57,200.00,0.15,ACTIVE,NONE,UNUSUAL_ACTIVITY,LIKELY_ACTIVE,HIGH_ENGAGEMENT,MAINTAIN_FLOW
1775711001.8295205,107,104.57,200.00,0.01,ACTIVE,NONE,UNUSUAL_ACTIVITY,LIKELY_ACTIVE,HIGH_ENGAGEMENT,MAINTAIN_FLOW
1775711001.8455946,86,104.55,200.00,-0.09,ACTIVE,NONE,UNUSUAL_ACTIVITY,LIKELY_ACTIVE,HIGH_ENGAGEMENT,MAINTAIN_FLOW
1775711001.8620753,78,104.53,200.00,-0.13,ACTIVE,NONE,UNUSUAL_ACTIVITY,LIKELY_ACTIVE,HIGH_ENGAGEMENT,MAINTAIN_FLOW
1775711001.8772724,75,104.50,200.00,-0.15,ACTIVE,NONE,UNUSUAL_ACTIVITY,LIKELY_ACTIVE,HIGH_ENGAGEMENT,MAINTAIN_FLOW
1775711001.8936443,73,104.47,200.00,-0.16,ACTIVE,NONE,UNUSUAL_ACTIVITY,LIKELY_ACTIVE,HIGH_ENGAGEMENT,MAINTAIN_FLOW
1775711001.9094296,70,104.43,200.00,-0.17,ACTIVE,NONE,UNUSUAL_ACTIVITY,LIKELY_ACTIVE,HIGH_ENGAGEMENT,MAINTAIN_FLOW
1775711001.9256465,68,104.40,200.00,-0.18,ACTIVE,NONE,UNUSUAL_ACTIVITY,LIKELY_ACTIVE,HIGH_ENGAGEMENT,MAINTAIN_FLOW
1775711001.9412756,73,104.36,200.00,-0.16,ACTIVE,NONE,UNUSUAL_ACTIVITY,LIKELY_ACTIVE,HIGH_ENGAGEMENT,MAINTAIN_FLOW
1775711001.9572647,111,104.37,200.00,0.03,ACTIVE,NONE,UNUSUAL_ACTIVITY,LIKELY_ACTIVE,HIGH_ENGAGEMENT,MAINTAIN_FLOW
1775711001.9729922,143,104.41,200.00,0.19,ACTIVE,NONE,UNUSUAL_ACTIVITY,LIKELY_ACTIVE,HIGH_ENGAGEMENT,MAINTAIN_FLOW
1775711001.9893103,179,104.48,200.00,0.37,ACTIVE,NONE,UNUSUAL_ACTIVITY,LIKELY_ACTIVE,HIGH_ENGAGEMENT,MAINTAIN_FLOW
1775711002.0057185,200,104.58,200.00,0.48,ACTIVE,NONE,UNUSUAL_ACTIVITY,LIKELY_ACTIVE,HIGH_ENGAGEMENT,MAINTAIN_FLOW
1775711002.0212133,214,104.69,200.00,0.55,ACTIVE,NONE,UNUSUAL_ACTIVITY,LIKELY_ACTIVE,HIGH_ENGAGEMENT,MAINTAIN_FLOW
1775711002.0372915,194,104.78,200.00,0.45,ACTIVE,NONE,UNUSUAL_ACTIVITY,LIKELY_ACTIVE,HIGH_ENGAGEMENT,MAINTAIN_FLOW
1775711002.0530984,181,104.85,200.00,0.38,ACTIVE,NONE,UNUSUAL_ACTIVITY,LIKELY_ACTIVE,HIGH_ENGAGEMENT,MAINTAIN_FLOW
1775711002.0698857,190,104.94,200.00,0.43,ACTIVE,NONE,UNUSUAL_ACTIVITY,LIKELY_ACTIVE,HIGH_ENGAGEMENT,MAINTAIN_FLOW
1775711002.0857189,240,105.07,200.00,0.67,ACTIVE,NONE,UNUSUAL_ACTIVITY,LIKELY_ACTIVE,HIGH_ENGAGEMENT,MAINTAIN_FLOW
1775711002.1018486,275,105.24,200.00,0.85,ACTIVE,NONE,UNUSUAL_ACTIVITY,LIKELY_ACTIVE,HIGH_ENGAGEMENT,MAINTAIN_FLOW
1775711002.1176805,293,105.43,200.00,0.94,ACTIVE,NONE,UNUSUAL_ACTIVITY,LIKELY_ACTIVE,HIGH_ENGAGEMENT,MAINTAIN_FLOW
1775711002.134404,283,105.61,200.00,0.89,ACTIVE,NONE,UNUSUAL_ACTIVITY,LIKELY_ACTIVE,HIGH_ENGAGEMENT,MAINTAIN_FLOW
1775711002.1494863,249,105.75,200.00,0.72,ACTIVE,NONE,UNUSUAL_ACTIVITY,LIKELY_ACTIVE,HIGH_ENGAGEMENT,MAINTAIN_FLOW
1775711002.1654475,182,105.83,200.00,0.38,ACTIVE,NONE,UNUSUAL_ACTIVITY,LIKELY_ACTIVE,HIGH_ENGAGEMENT,MAINTAIN_FLOW
1775711002.1814475,124,105.85,200.00,0.09,ACTIVE,NONE,UNUSUAL_ACTIVITY,LIKELY_ACTIVE,HIGH_ENGAGEMENT,MAINTAIN_FLOW
1775711002.1970692,84,105.83,200.00,-0.11,ACTIVE,NONE,UNUSUAL_ACTIVITY,LIKELY_ACTIVE,HIGH_ENGAGEMENT,MAINTAIN_FLOW
1775711002.213608,71,105.79,200.00,-0.17,ACTIVE,NONE,UNUSUAL_ACTIVITY,LIKELY_ACTIVE,HIGH_ENGAGEMENT,MAINTAIN_FLOW
1775711002.2292295,66,105.75,200.00,-0.20,ACTIVE,NONE,UNUSUAL_ACTIVITY,LIKELY_ACTIVE,HIGH_ENGAGEMENT,MAINTAIN_FLOW
1775711002.2456746,71,105.72,200.00,-0.17,ACTIVE,NONE,UNUSUAL_ACTIVITY,LIKELY_ACTIVE,HIGH_ENGAGEMENT,MAINTAIN_FLOW
1775711002.2620559,74,105.68,200.00,-0.16,ACTIVE,NONE,UNUSUAL_ACTIVITY,LIKELY_ACTIVE,HIGH_ENGAGEMENT,MAINTAIN_FLOW
1775711002.2776246,78,105.66,200.00,-0.14,ACTIVE,NONE,UNUSUAL_ACTIVITY,LIKELY_ACTIVE,HIGH_ENGAGEMENT,MAINTAIN_FLOW
1775711002.293484,84,105.64,200.00,-0.11,ACTIVE,NONE,UNUSUAL_ACTIVITY,LIKELY_ACTIVE,HIGH_ENGAGEMENT,MAINTAIN_FLOW
1775711002.3095477,96,105.63,200.00,-0.05,ACTIVE,NONE,UNUSUAL_ACTIVITY,LIKELY_ACTIVE,HIGH_ENGAGEMENT,MAINTAIN_FLOW
1775711002.3253343,105,105.63,200.00,-0.00,ACTIVE,NONE,UNUSUAL_ACTIVITY,LIKELY_ACTIVE,HIGH_ENGAGEMENT,MAINTAIN_FLOW
1775711002.341112,119,105.64,200.00,0.07,ACTIVE,NONE,UNUSUAL_ACTIVITY,LIKELY_ACTIVE,HIGH_ENGAGEMENT,MAINTAIN_FLOW
1775711002.3571165,138,105.67,200.00,0.16,ACTIVE,NONE,UNUSUAL_ACTIVITY,LIKELY_ACTIVE,HIGH_ENGAGEMENT,MAINTAIN_FLOW
1775711002.3731987,174,105.74,200.00,0.34,ACTIVE,NONE,UNUSUAL_ACTIVITY,LIKELY_ACTIVE,HIGH_ENGAGEMENT,MAINTAIN_FLOW
1775711002.3893232,378,105.74,200.00,1.36,ACTIVE,NONE,UNUSUAL_ACTIVITY,LIKELY_ACTIVE,HIGH_ENGAGEMENT,MAINTAIN_FLOW
1775711002.405126,670,105.74,200.00,2.82,ACTIVE,NONE,UNUSUAL_ACTIVITY,LIKELY_ACTIVE,HIGH_ENGAGEMENT,MAINTAIN_FLOW
1775711002.4214656,1178,105.74,200.00,5.36,ACTIVE,NONE,UNUSUAL_ACTIVITY,LIKELY_ACTIVE,HIGH_ENGAGEMENT,MAINTAIN_FLOW
1775711002.4373455,1871,105.74,200.00,8.83,ACTIVE,NONE,UNUSUAL_ACTIVITY,LIKELY_ACTIVE,HIGH_ENGAGEMENT,MAINTAIN_FLOW
1775711002.4535396,2658,105.74,200.00,12.76,ACTIVE,NONE,UNUSUAL_ACTIVITY,LIKELY_ACTIVE,HIGH_ENGAGEMENT,MAINTAIN_FLOW
1775711002.469541,3317,105.74,200.00,16.06,ACTIVE,NONE,UNUSUAL_ACTIVITY,LIKELY_ACTIVE,HIGH_ENGAGEMENT,MAINTAIN_FLOW
1775711002.4854138,4311,105.74,200.00,21.03,ACTIVE,NONE,UNUSUAL_ACTIVITY,LIKELY_ACTIVE,HIGH_ENGAGEMENT,MAINTAIN_FLOW
1775711002.5015302,5326,105.74,200.00,26.10,ACTIVE,NONE,UNUSUAL_ACTIVITY,LIKELY_ACTIVE,HIGH_ENGAGEMENT,MAINTAIN_FLOW
1775711002.5177665,5990,105.74,200.00,29.42,ACTIVE,NONE,UNUSUAL_ACTIVITY,LIKELY_ACTIVE,HIGH_ENGAGEMENT,MAINTAIN_FLOW
1775711002.534064,6133,105.74,200.00,30.14,ACTIVE,NONE,UNUSUAL_ACTIVITY,LIKELY_ACTIVE,HIGH_ENGAGEMENT,MAINTAIN_FLOW
1775711002.5499268,5925,105.74,200.00,29.10,ACTIVE,NONE,UNUSUAL_ACTIVITY,LIKELY_ACTIVE,HIGH_ENGAGEMENT,MAINTAIN_FLOW
1775711002.565099,5240,105.74,200.00,25.67,ACTIVE,NONE,UNUSUAL_ACTIVITY,LIKELY_ACTIVE,HIGH_ENGAGEMENT,MAINTAIN_FLOW
1775711002.581713,4418,105.74,200.00,21.56,ACTIVE,NONE,UNUSUAL_ACTIVITY,LIKELY_ACTIVE,HIGH_ENGAGEMENT,MAINTAIN_FLOW
1775711002.597395,4214,105.74,200.00,20.54,ACTIVE,NONE,UNUSUAL_ACTIVITY,LIKELY_ACTIVE,HIGH_ENGAGEMENT,MAINTAIN_FLOW
1775711002.613399,5087,105.74,200.00,24.91,ACTIVE,NONE,UNUSUAL_ACTIVITY,LIKELY_ACTIVE,HIGH_ENGAGEMENT,MAINTAIN_FLOW
1775711002.6292331,6046,105.74,200.00,29.70,ACTIVE,NONE,UNUSUAL_ACTIVITY,LIKELY_ACTIVE,HIGH_ENGAGEMENT,MAINTAIN_FLOW
1775711002.6451879,7163,105.74,200.00,35.29,ACTIVE,NONE,UNUSUAL_ACTIVITY,LIKELY_ACTIVE,HIGH_ENGAGEMENT,MAINTAIN_FLOW
1775711002.6614397,8173,105.74,200.00,40.34,ACTIVE,NONE,UNUSUAL_ACTIVITY,LIKELY_ACTIVE,HIGH_ENGAGEMENT,MAINTAIN_FLOW
1775711002.6771827,8858,105.74,200.00,43.76,ACTIVE,NONE,UNUSUAL_ACTIVITY,LIKELY_ACTIVE,HIGH_ENGAGEMENT,MAINTAIN_FLOW
1775711002.693222,8813,105.74,200.00,43.54,ACTIVE,NONE,UNUSUAL_ACTIVITY,LIKELY_ACTIVE,HIGH_ENGAGEMENT,MAINTAIN_FLOW
1775711002.7091122,8628,105.74,200.00,42.61,ACTIVE,NONE,UNUSUAL_ACTIVITY,LIKELY_ACTIVE,HIGH_ENGAGEMENT,MAINTAIN_FLOW
1775711002.7269773,8062,105.74,200.00,39.78,ACTIVE,NONE,UNUSUAL_ACTIVITY,LIKELY_ACTIVE,HIGH_ENGAGEMENT,MAINTAIN_FLOW
1775711002.7410643,7239,105.74,200.00,35.67,ACTIVE,NONE,UNUSUAL_ACTIVITY,LIKELY_ACTIVE,HIGH_ENGAGEMENT,MAINTAIN_FLOW
1775711002.7573812,6077,105.74,200.00,29.86,ACTIVE,NONE,UNUSUAL_ACTIVITY,LIKELY_ACTIVE,HIGH_ENGAGEMENT,MAINTAIN_FLOW
1775711002.7733781,4771,105.74,200.00,23.33,ACTIVE,NONE,UNUSUAL_ACTIVITY,LIKELY_ACTIVE,HIGH_ENGAGEMENT,MAINTAIN_FLOW
1775711002.7892284,3708,105.74,200.00,18.01,ACTIVE,NONE,UNUSUAL_ACTIVITY,LIKELY_ACTIVE,HIGH_ENGAGEMENT,MAINTAIN_FLOW
1775711002.8053303,2852,105.74,200.00,13.73,ACTIVE,NONE,UNUSUAL_ACTIVITY,LIKELY_ACTIVE,HIGH_ENGAGEMENT,MAINTAIN_FLOW
1775711002.821353,2145,105.74,200.00,10.20,ACTIVE,NONE,UNUSUAL_ACTIVITY,LIKELY_ACTIVE,HIGH_ENGAGEMENT,MAINTAIN_FLOW
1775711002.837023,1536,105.74,200.00,7.15,ACTIVE,NONE,UNUSUAL_ACTIVITY,LIKELY_ACTIVE,HIGH_ENGAGEMENT,MAINTAIN_FLOW
1775711002.853576,1068,105.74,200.00,4.81,ACTIVE,NONE,UNUSUAL_ACTIVITY,LIKELY_ACTIVE,HIGH_ENGAGEMENT,MAINTAIN_FLOW
1775711002.8690343,707,105.74,200.00,3.01,ACTIVE,NONE,UNUSUAL_ACTIVITY,LIKELY_ACTIVE,HIGH_ENGAGEMENT,MAINTAIN_FLOW
1775711002.8855171,411,105.74,200.00,1.53,ACTIVE,NONE,UNUSUAL_ACTIVITY,LIKELY_ACTIVE,HIGH_ENGAGEMENT,MAINTAIN_FLOW
1775711002.9023213,232,105.87,200.00,0.63,ACTIVE,NONE,UNUSUAL_ACTIVITY,LIKELY_ACTIVE,HIGH_ENGAGEMENT,MAINTAIN_FLOW
1775711002.9184217,188,105.95,200.00,0.41,ACTIVE,NONE,UNUSUAL_ACTIVITY,LIKELY_ACTIVE,HIGH_ENGAGEMENT,MAINTAIN_FLOW
1775711002.9340863,245,106.09,200.00,0.69,ACTIVE,NONE,UNUSUAL_ACTIVITY,LIKELY_ACTIVE,HIGH_ENGAGEMENT,MAINTAIN_FLOW
1775711002.949551,302,106.28,200.00,0.98,ACTIVE,NONE,UNUSUAL_ACTIVITY,LIKELY_ACTIVE,HIGH_ENGAGEMENT,MAINTAIN_FLOW
1775711002.9657092,379,106.28,200.00,1.36,ACTIVE,NONE,UNUSUAL_ACTIVITY,LIKELY_ACTIVE,HIGH_ENGAGEMENT,MAINTAIN_FLOW
1775711002.9816384,430,106.28,200.00,1.62,ACTIVE,NONE,UNUSUAL_ACTIVITY,LIKELY_ACTIVE,HIGH_ENGAGEMENT,MAINTAIN_FLOW
1775711002.997853,439,106.28,200.00,1.66,ACTIVE,NONE,UNUSUAL_ACTIVITY,LIKELY_ACTIVE,HIGH_ENGAGEMENT,MAINTAIN_FLOW
1775711003.0139735,406,106.28,200.00,1.50,ACTIVE,NONE,UNUSUAL_ACTIVITY,LIKELY_ACTIVE,HIGH_ENGAGEMENT,MAINTAIN_FLOW
1775711003.0299459,389,106.28,200.00,1.41,ACTIVE,NONE,UNUSUAL_ACTIVITY,LIKELY_ACTIVE,HIGH_ENGAGEMENT,MAINTAIN_FLOW
1775711003.0456886,386,106.28,200.00,1.40,ACTIVE,NONE,UNUSUAL_ACTIVITY,LIKELY_ACTIVE,HIGH_ENGAGEMENT,MAINTAIN_FLOW
1775711003.0615659,417,106.28,200.00,1.55,ACTIVE,NONE,UNUSUAL_ACTIVITY,LIKELY_ACTIVE,HIGH_ENGAGEMENT,MAINTAIN_FLOW
1775711003.0778182,458,106.28,200.00,1.76,ACTIVE,NONE,UNUSUAL_ACTIVITY,LIKELY_ACTIVE,HIGH_ENGAGEMENT,MAINTAIN_FLOW
1775711003.0937057,485,106.28,200.00,1.89,ACTIVE,NONE,UNUSUAL_ACTIVITY,LIKELY_ACTIVE,HIGH_ENGAGEMENT,MAINTAIN_FLOW
1775711003.1095324,477,106.28,200.00,1.85,ACTIVE,NONE,UNUSUAL_ACTIVITY,LIKELY_ACTIVE,HIGH_ENGAGEMENT,MAINTAIN_FLOW
1775711003.1255603,415,106.28,200.00,1.54,ACTIVE,NONE,UNUSUAL_ACTIVITY,LIKELY_ACTIVE,HIGH_ENGAGEMENT,MAINTAIN_FLOW
1775711003.1411026,320,106.28,200.00,1.07,ACTIVE,NONE,UNUSUAL_ACTIVITY,LIKELY_ACTIVE,HIGH_ENGAGEMENT,MAINTAIN_FLOW
1775711003.1574054,250,106.43,200.00,0.72,ACTIVE,NONE,UNUSUAL_ACTIVITY,LIKELY_ACTIVE,HIGH_ENGAGEMENT,MAINTAIN_FLOW
1775711003.1731346,205,106.53,200.00,0.49,ACTIVE,NONE,UNUSUAL_ACTIVITY,LIKELY_ACTIVE,HIGH_ENGAGEMENT,MAINTAIN_FLOW
1775711003.189142,181,106.60,200.00,0.37,ACTIVE,NONE,UNUSUAL_ACTIVITY,LIKELY_ACTIVE,HIGH_ENGAGEMENT,MAINTAIN_FLOW
1775711003.2054956,171,106.66,200.00,0.32,ACTIVE,NONE,UNUSUAL_ACTIVITY,LIKELY_ACTIVE,HIGH_ENGAGEMENT,MAINTAIN_FLOW
1775711003.221469,175,106.73,200.00,0.34,ACTIVE,NONE,UNUSUAL_ACTIVITY,LIKELY_ACTIVE,HIGH_ENGAGEMENT,MAINTAIN_FLOW
1775711003.23697,153,106.78,200.00,0.23,ACTIVE,NONE,UNUSUAL_ACTIVITY,LIKELY_ACTIVE,HIGH_ENGAGEMENT,MAINTAIN_FLOW
1775711003.2532084,135,106.81,200.00,0.14,ACTIVE,NONE,UNUSUAL_ACTIVITY,LIKELY_ACTIVE,HIGH_ENGAGEMENT,MAINTAIN_FLOW
1775711003.2696025,143,106.84,200.00,0.18,ACTIVE,NONE,UNUSUAL_ACTIVITY,LIKELY_ACTIVE,HIGH_ENGAGEMENT,MAINTAIN_FLOW
1775711003.2865362,153,106.89,200.00,0.23,ACTIVE,NONE,UNUSUAL_ACTIVITY,LIKELY_ACTIVE,HIGH_ENGAGEMENT,MAINTAIN_FLOW
1775711003.3040624,145,106.93,200.00,0.19,ACTIVE,NONE,UNUSUAL_ACTIVITY,LIKELY_ACTIVE,HIGH_ENGAGEMENT,MAINTAIN_FLOW
1775711003.3202589,144,106.96,200.00,0.19,ACTIVE,NONE,UNUSUAL_ACTIVITY,LIKELY_ACTIVE,HIGH_ENGAGEMENT,MAINTAIN_FLOW
1775711003.3354356,130,106.99,200.00,0.12,ACTIVE,NONE,UNUSUAL_ACTIVITY,LIKELY_ACTIVE,HIGH_ENGAGEMENT,MAINTAIN_FLOW
1775711003.352288,91,106.97,200.00,-0.08,ACTIVE,NONE,UNUSUAL_ACTIVITY,LIKELY_ACTIVE,HIGH_ENGAGEMENT,MAINTAIN_FLOW
1775711003.36741,65,106.93,200.00,-0.21,ACTIVE,NONE,UNUSUAL_ACTIVITY,LIKELY_ACTIVE,HIGH_ENGAGEMENT,MAINTAIN_FLOW
1775711003.383056,58,106.88,200.00,-0.24,ACTIVE,NONE,UNUSUAL_ACTIVITY,LIKELY_ACTIVE,HIGH_ENGAGEMENT,MAINTAIN_FLOW
1775711003.3981185,61,106.83,200.00,-0.23,ACTIVE,NONE,UNUSUAL_ACTIVITY,LIKELY_ACTIVE,HIGH_ENGAGEMENT,MAINTAIN_FLOW
1775711003.4141774,74,106.80,200.00,-0.16,ACTIVE,NONE,UNUSUAL_ACTIVITY,LIKELY_ACTIVE,HIGH_ENGAGEMENT,MAINTAIN_FLOW
1775711003.4300416,91,106.79,200.00,-0.08,ACTIVE,NONE,UNUSUAL_ACTIVITY,LIKELY_ACTIVE,HIGH_ENGAGEMENT,MAINTAIN_FLOW
1775711003.4457123,107,106.79,200.00,0.00,ACTIVE,NONE,UNUSUAL_ACTIVITY,LIKELY_ACTIVE,HIGH_ENGAGEMENT,MAINTAIN_FLOW
1775711003.4617877,121,106.80,200.00,0.07,ACTIVE,NONE,UNUSUAL_ACTIVITY,LIKELY_ACTIVE,HIGH_ENGAGEMENT,MAINTAIN_FLOW
1775711003.4775875,132,106.83,200.00,0.13,ACTIVE,NONE,UNUSUAL_ACTIVITY,LIKELY_ACTIVE,HIGH_ENGAGEMENT,MAINTAIN_FLOW
1775711003.4929504,137,106.86,200.00,0.15,ACTIVE,NONE,UNUSUAL_ACTIVITY,LIKELY_ACTIVE,HIGH_ENGAGEMENT,MAINTAIN_FLOW
1775711003.509989,140,106.89,200.00,0.17,ACTIVE,NONE,UNUSUAL_ACTIVITY,LIKELY_ACTIVE,HIGH_ENGAGEMENT,MAINTAIN_FLOW
1775711003.525391,146,106.93,200.00,0.20,ACTIVE,NONE,UNUSUAL_ACTIVITY,LIKELY_ACTIVE,HIGH_ENGAGEMENT,MAINTAIN_FLOW
1775711003.541786,158,106.98,200.00,0.26,ACTIVE,NONE,UNUSUAL_ACTIVITY,LIKELY_ACTIVE,HIGH_ENGAGEMENT,MAINTAIN_FLOW
1775711003.5579188,165,107.04,200.00,0.29,ACTIVE,NONE,UNUSUAL_ACTIVITY,LIKELY_ACTIVE,HIGH_ENGAGEMENT,MAINTAIN_FLOW
1775711003.5739589,169,107.10,200.00,0.31,ACTIVE,NONE,UNUSUAL_ACTIVITY,LIKELY_ACTIVE,HIGH_ENGAGEMENT,MAINTAIN_FLOW
1775711003.5891666,175,107.17,200.00,0.34,ACTIVE,NONE,UNUSUAL_ACTIVITY,LIKELY_ACTIVE,HIGH_ENGAGEMENT,MAINTAIN_FLOW
1775711003.605441,175,107.23,200.00,0.34,ACTIVE,NONE,UNUSUAL_ACTIVITY,LIKELY_ACTIVE,HIGH_ENGAGEMENT,MAINTAIN_FLOW
1775711003.621414,166,107.29,200.00,0.29,ACTIVE,NONE,UNUSUAL_ACTIVITY,LIKELY_ACTIVE,HIGH_ENGAGEMENT,MAINTAIN_FLOW
1775711003.6376512,159,107.35,200.00,0.26,ACTIVE,NONE,UNUSUAL_ACTIVITY,LIKELY_ACTIVE,HIGH_ENGAGEMENT,MAINTAIN_FLOW
1775711003.6537158,158,107.40,200.00,0.25,ACTIVE,NONE,UNUSUAL_ACTIVITY,LIKELY_ACTIVE,HIGH_ENGAGEMENT,MAINTAIN_FLOW
1775711003.6696146,154,107.44,200.00,0.23,ACTIVE,NONE,UNUSUAL_ACTIVITY,LIKELY_ACTIVE,HIGH_ENGAGEMENT,MAINTAIN_FLOW
1775711003.6853542,151,107.49,200.00,0.22,ACTIVE,NONE,UNUSUAL_ACTIVITY,LIKELY_ACTIVE,HIGH_ENGAGEMENT,MAINTAIN_FLOW
1775711003.7017334,150,107.53,200.00,0.21,ACTIVE,NONE,UNUSUAL_ACTIVITY,LIKELY_ACTIVE,HIGH_ENGAGEMENT,MAINTAIN_FLOW
1775711003.7178967,144,107.57,200.00,0.18,ACTIVE,NONE,UNUSUAL_ACTIVITY,LIKELY_ACTIVE,HIGH_ENGAGEMENT,MAINTAIN_FLOW
1775711003.7344484,138,107.60,200.00,0.15,ACTIVE,NONE,UNUSUAL_ACTIVITY,LIKELY_ACTIVE,HIGH_ENGAGEMENT,MAINTAIN_FLOW
1775711003.7497268,128,107.62,200.00,0.10,ACTIVE,NONE,UNUSUAL_ACTIVITY,LIKELY_ACTIVE,HIGH_ENGAGEMENT,MAINTAIN_FLOW
1775711003.7666638,120,107.63,200.00,0.06,ACTIVE,NONE,UNUSUAL_ACTIVITY,LIKELY_ACTIVE,HIGH_ENGAGEMENT,MAINTAIN_FLOW
1775711003.7820003,117,107.64,200.00,0.05,ACTIVE,NONE,UNUSUAL_ACTIVITY,LIKELY_ACTIVE,HIGH_ENGAGEMENT,MAINTAIN_FLOW
1775711003.7977786,112,107.64,200.00,0.02,ACTIVE,NONE,UNUSUAL_ACTIVITY,LIKELY_ACTIVE,HIGH_ENGAGEMENT,MAINTAIN_FLOW
1775711003.8141224,107,107.64,200.00,-0.00,ACTIVE,NONE,UNUSUAL_ACTIVITY,LIKELY_ACTIVE,HIGH_ENGAGEMENT,MAINTAIN_FLOW
1775711003.8299925,105,107.64,200.00,-0.01,ACTIVE,NONE,UNUSUAL_ACTIVITY,LIKELY_ACTIVE,HIGH_ENGAGEMENT,MAINTAIN_FLOW
1775711003.8455267,103,107.63,200.00,-0.02,ACTIVE,NONE,UNUSUAL_ACTIVITY,LIKELY_ACTIVE,HIGH_ENGAGEMENT,MAINTAIN_FLOW
1775711003.86197,98,107.62,200.00,-0.05,ACTIVE,NONE,UNUSUAL_ACTIVITY,LIKELY_ACTIVE,HIGH_ENGAGEMENT,MAINTAIN_FLOW
1775711003.8778396,96,107.61,200.00,-0.06,ACTIVE,NONE,UNUSUAL_ACTIVITY,LIKELY_ACTIVE,HIGH_ENGAGEMENT,MAINTAIN_FLOW
1775711003.8939376,91,107.60,200.00,-0.08,ACTIVE,NONE,UNUSUAL_ACTIVITY,LIKELY_ACTIVE,HIGH_ENGAGEMENT,MAINTAIN_FLOW
1775711003.9093063,90,107.58,200.00,-0.09,ACTIVE,NONE,UNUSUAL_ACTIVITY,LIKELY_ACTIVE,HIGH_ENGAGEMENT,MAINTAIN_FLOW
1775711003.925587,88,107.56,200.00,-0.10,ACTIVE,NONE,UNUSUAL_ACTIVITY,LIKELY_ACTIVE,HIGH_ENGAGEMENT,MAINTAIN_FLOW
1775711003.941205,86,107.54,200.00,-0.11,ACTIVE,NONE,UNUSUAL_ACTIVITY,LIKELY_ACTIVE,HIGH_ENGAGEMENT,MAINTAIN_FLOW
1775711003.9580293,90,107.52,200.00,-0.09,ACTIVE,NONE,UNUSUAL_ACTIVITY,LIKELY_ACTIVE,HIGH_ENGAGEMENT,MAINTAIN_FLOW
1775711003.9734566,90,107.50,200.00,-0.09,ACTIVE,NONE,UNUSUAL_ACTIVITY,LIKELY_ACTIVE,HIGH_ENGAGEMENT,MAINTAIN_FLOW
1775711003.9896767,88,107.48,200.00,-0.10,ACTIVE,NONE,UNUSUAL_ACTIVITY,LIKELY_ACTIVE,HIGH_ENGAGEMENT,MAINTAIN_FLOW
1775711004.0054002,89,107.46,200.00,-0.09,ACTIVE,NONE,UNUSUAL_ACTIVITY,LIKELY_ACTIVE,HIGH_ENGAGEMENT,MAINTAIN_FLOW
1775711004.0212574,89,107.45,200.00,-0.09,ACTIVE,NONE,UNUSUAL_ACTIVITY,LIKELY_ACTIVE,HIGH_ENGAGEMENT,MAINTAIN_FLOW
1775711004.0373764,88,107.43,200.00,-0.10,ACTIVE,NONE,UNUSUAL_ACTIVITY,LIKELY_ACTIVE,HIGH_ENGAGEMENT,MAINTAIN_FLOW
1775711004.0548186,91,107.41,200.00,-0.08,ACTIVE,NONE,UNUSUAL_ACTIVITY,LIKELY_ACTIVE,HIGH_ENGAGEMENT,MAINTAIN_FLOW
1775711004.069614,97,107.40,200.00,-0.05,ACTIVE,NONE,UNUSUAL_ACTIVITY,LIKELY_ACTIVE,HIGH_ENGAGEMENT,MAINTAIN_FLOW
1775711004.0853527,91,107.38,200.00,-0.08,ACTIVE,NONE,UNUSUAL_ACTIVITY,LIKELY_ACTIVE,HIGH_ENGAGEMENT,MAINTAIN_FLOW
1775711004.1012108,85,107.36,200.00,-0.11,ACTIVE,NONE,UNUSUAL_ACTIVITY,LIKELY_ACTIVE,HIGH_ENGAGEMENT,MAINTAIN_FLOW
1775711004.1185303,98,107.35,200.00,-0.05,ACTIVE,NONE,UNUSUAL_ACTIVITY,LIKELY_ACTIVE,HIGH_ENGAGEMENT,MAINTAIN_FLOW
1775711004.1339753,99,107.34,200.00,-0.04,ACTIVE,NONE,UNUSUAL_ACTIVITY,LIKELY_ACTIVE,HIGH_ENGAGEMENT,MAINTAIN_FLOW
1775711004.1499608,93,107.33,200.00,-0.07,ACTIVE,NONE,UNUSUAL_ACTIVITY,LIKELY_ACTIVE,HIGH_ENGAGEMENT,MAINTAIN_FLOW
1775711004.1655717,92,107.31,200.00,-0.08,ACTIVE,NONE,UNUSUAL_ACTIVITY,LIKELY_ACTIVE,HIGH_ENGAGEMENT,MAINTAIN_FLOW
1775711004.1815016,93,107.30,200.00,-0.07,ACTIVE,NONE,UNUSUAL_ACTIVITY,LIKELY_ACTIVE,HIGH_ENGAGEMENT,MAINTAIN_FLOW
1775711004.1978137,68,107.26,200.00,-0.20,ACTIVE,NONE,UNUSUAL_ACTIVITY,LIKELY_ACTIVE,HIGH_ENGAGEMENT,MAINTAIN_FLOW
1775711004.2136495,54,107.21,200.00,-0.27,ACTIVE,NONE,UNUSUAL_ACTIVITY,LIKELY_ACTIVE,HIGH_ENGAGEMENT,MAINTAIN_FLOW
1775711004.2301335,46,107.15,200.00,-0.31,ACTIVE,NONE,UNUSUAL_ACTIVITY,LIKELY_ACTIVE,HIGH_ENGAGEMENT,MAINTAIN_FLOW
1775711004.2460039,46,107.08,200.00,-0.31,ACTIVE,NONE,UNUSUAL_ACTIVITY,LIKELY_ACTIVE,HIGH_ENGAGEMENT,MAINTAIN_FLOW
1775711004.2621071,44,107.02,200.00,-0.32,ACTIVE,NONE,UNUSUAL_ACTIVITY,LIKELY_ACTIVE,HIGH_ENGAGEMENT,MAINTAIN_FLOW
1775711004.2771084,43,106.96,200.00,-0.32,ACTIVE,NONE,UNUSUAL_ACTIVITY,LIKELY_ACTIVE,HIGH_ENGAGEMENT,MAINTAIN_FLOW
1775711004.2939942,43,106.89,200.00,-0.32,ACTIVE,NONE,UNUSUAL_ACTIVITY,LIKELY_ACTIVE,HIGH_ENGAGEMENT,MAINTAIN_FLOW
1775711004.3093672,45,106.83,200.00,-0.31,ACTIVE,NONE,UNUSUAL_ACTIVITY,LIKELY_ACTIVE,HIGH_ENGAGEMENT,MAINTAIN_FLOW
1775711004.3256264,46,106.77,200.00,-0.30,ACTIVE,NONE,UNUSUAL_ACTIVITY,LIKELY_ACTIVE,HIGH_ENGAGEMENT,MAINTAIN_FLOW
1775711004.3425682,50,106.71,200.00,-0.28,ACTIVE,NONE,UNUSUAL_ACTIVITY,LIKELY_ACTIVE,HIGH_ENGAGEMENT,MAINTAIN_FLOW
1775711004.3579643,56,106.66,200.00,-0.25,ACTIVE,NONE,UNUSUAL_ACTIVITY,LIKELY_ACTIVE,HIGH_ENGAGEMENT,MAINTAIN_FLOW
1775711004.3731878,61,106.62,200.00,-0.23,ACTIVE,NONE,UNUSUAL_ACTIVITY,LIKELY_ACTIVE,HIGH_ENGAGEMENT,MAINTAIN_FLOW
1775711004.3894596,63,106.57,200.00,-0.22,ACTIVE,NONE,UNUSUAL_ACTIVITY,LIKELY_ACTIVE,HIGH_ENGAGEMENT,MAINTAIN_FLOW
1775711004.4052143,61,106.53,200.00,-0.23,ACTIVE,NONE,UNUSUAL_ACTIVITY,LIKELY_ACTIVE,HIGH_ENGAGEMENT,MAINTAIN_FLOW
1775711004.4211454,62,106.48,200.00,-0.22,ACTIVE,NONE,UNUSUAL_ACTIVITY,LIKELY_ACTIVE,HIGH_ENGAGEMENT,MAINTAIN_FLOW
1775711004.4374444,68,106.45,200.00,-0.19,ACTIVE,NONE,UNUSUAL_ACTIVITY,LIKELY_ACTIVE,HIGH_ENGAGEMENT,MAINTAIN_FLOW
1775711004.453379,67,106.41,200.00,-0.20,ACTIVE,NONE,UNUSUAL_ACTIVITY,LIKELY_ACTIVE,HIGH_ENGAGEMENT,MAINTAIN_FLOW
1775711004.4692485,66,106.37,200.00,-0.20,ACTIVE,NONE,UNUSUAL_ACTIVITY,LIKELY_ACTIVE,HIGH_ENGAGEMENT,MAINTAIN_FLOW
1775711004.48532,69,106.33,200.00,-0.19,ACTIVE,NONE,UNUSUAL_ACTIVITY,LIKELY_ACTIVE,HIGH_ENGAGEMENT,MAINTAIN_FLOW
1775711004.5017648,74,106.30,200.00,-0.16,ACTIVE,NONE,UNUSUAL_ACTIVITY,LIKELY_ACTIVE,HIGH_ENGAGEMENT,MAINTAIN_FLOW
1775711004.5178483,73,106.26,200.00,-0.17,ACTIVE,NONE,UNUSUAL_ACTIVITY,LIKELY_ACTIVE,HIGH_ENGAGEMENT,MAINTAIN_FLOW
1775711004.5339694,78,106.23,200.00,-0.14,ACTIVE,NONE,UNUSUAL_ACTIVITY,LIKELY_ACTIVE,HIGH_ENGAGEMENT,MAINTAIN_FLOW
1775711004.5501752,81,106.21,200.00,-0.13,ACTIVE,NONE,UNUSUAL_ACTIVITY,LIKELY_ACTIVE,HIGH_ENGAGEMENT,MAINTAIN_FLOW
1775711004.5663533,84,106.19,200.00,-0.11,ACTIVE,NONE,UNUSUAL_ACTIVITY,LIKELY_ACTIVE,HIGH_ENGAGEMENT,MAINTAIN_FLOW
1775711004.581859,81,106.16,200.00,-0.13,ACTIVE,NONE,UNUSUAL_ACTIVITY,LIKELY_ACTIVE,HIGH_ENGAGEMENT,MAINTAIN_FLOW
1775711004.5986423,77,106.13,200.00,-0.15,ACTIVE,NONE,UNUSUAL_ACTIVITY,LIKELY_ACTIVE,HIGH_ENGAGEMENT,MAINTAIN_FLOW
1775711004.6139052,75,106.10,200.00,-0.16,ACTIVE,NONE,UNUSUAL_ACTIVITY,LIKELY_ACTIVE,HIGH_ENGAGEMENT,MAINTAIN_FLOW
1775711004.630032,75,106.07,200.00,-0.16,ACTIVE,NONE,UNUSUAL_ACTIVITY,LIKELY_ACTIVE,HIGH_ENGAGEMENT,MAINTAIN_FLOW
1775711004.6460407,72,106.04,200.00,-0.17,ACTIVE,NONE,UNUSUAL_ACTIVITY,LIKELY_ACTIVE,HIGH_ENGAGEMENT,MAINTAIN_FLOW
1775711004.661694,74,106.00,200.00,-0.16,ACTIVE,NONE,UNUSUAL_ACTIVITY,LIKELY_ACTIVE,HIGH_ENGAGEMENT,MAINTAIN_FLOW
1775711004.6778975,82,105.98,200.00,-0.12,ACTIVE,NONE,UNUSUAL_ACTIVITY,LIKELY_ACTIVE,HIGH_ENGAGEMENT,MAINTAIN_FLOW
1775711004.694254,93,105.97,200.00,-0.06,ACTIVE,NONE,UNUSUAL_ACTIVITY,LIKELY_ACTIVE,HIGH_ENGAGEMENT,MAINTAIN_FLOW
1775711004.710191,93,105.95,200.00,-0.06,ACTIVE,NONE,UNUSUAL_ACTIVITY,LIKELY_ACTIVE,HIGH_ENGAGEMENT,MAINTAIN_FLOW
1775711004.7257307,97,105.95,200.00,-0.04,ACTIVE,NONE,UNUSUAL_ACTIVITY,LIKELY_ACTIVE,HIGH_ENGAGEMENT,MAINTAIN_FLOW
1775711004.7415316,96,105.94,200.00,-0.05,ACTIVE,NONE,UNUSUAL_ACTIVITY,LIKELY_ACTIVE,HIGH_ENGAGEMENT,MAINTAIN_FLOW
1775711004.757721,94,105.92,200.00,-0.06,ACTIVE,NONE,UNUSUAL_ACTIVITY,LIKELY_ACTIVE,HIGH_ENGAGEMENT,MAINTAIN_FLOW
1775711004.7736475,99,105.92,200.00,-0.03,ACTIVE,NONE,UNUSUAL_ACTIVITY,LIKELY_ACTIVE,HIGH_ENGAGEMENT,MAINTAIN_FLOW
1775711004.7896867,108,105.92,200.00,0.01,ACTIVE,NONE,UNUSUAL_ACTIVITY,LIKELY_ACTIVE,HIGH_ENGAGEMENT,MAINTAIN_FLOW
1775711004.805332,116,105.93,200.00,0.05,ACTIVE,NONE,UNUSUAL_ACTIVITY,LIKELY_ACTIVE,HIGH_ENGAGEMENT,MAINTAIN_FLOW
1775711004.8215542,123,105.95,200.00,0.09,ACTIVE,NONE,UNUSUAL_ACTIVITY,LIKELY_ACTIVE,HIGH_ENGAGEMENT,MAINTAIN_FLOW
1775711004.837098,131,105.97,200.00,0.13,ACTIVE,NONE,UNUSUAL_ACTIVITY,LIKELY_ACTIVE,HIGH_ENGAGEMENT,MAINTAIN_FLOW
1775711004.853446,127,105.99,200.00,0.11,ACTIVE,NONE,UNUSUAL_ACTIVITY,LIKELY_ACTIVE,HIGH_ENGAGEMENT,MAINTAIN_FLOW
1775711004.8695126,120,106.01,200.00,0.07,ACTIVE,NONE,UNUSUAL_ACTIVITY,LIKELY_ACTIVE,HIGH_ENGAGEMENT,MAINTAIN_FLOW
1775711004.885644,153,106.05,200.00,0.23,ACTIVE,NONE,UNUSUAL_ACTIVITY,LIKELY_ACTIVE,HIGH_ENGAGEMENT,MAINTAIN_FLOW
1775711004.9013753,212,106.16,200.00,0.53,ACTIVE,NONE,UNUSUAL_ACTIVITY,LIKELY_ACTIVE,HIGH_ENGAGEMENT,MAINTAIN_FLOW
1775711004.9174805,376,106.16,200.00,1.35,ACTIVE,NONE,UNUSUAL_ACTIVITY,LIKELY_ACTIVE,HIGH_ENGAGEMENT,MAINTAIN_FLOW
1775711004.9337382,660,106.16,200.00,2.77,ACTIVE,NONE,UNUSUAL_ACTIVITY,LIKELY_ACTIVE,HIGH_ENGAGEMENT,MAINTAIN_FLOW
1775711004.949728,1043,106.16,200.00,4.68,ACTIVE,NONE,UNUSUAL_ACTIVITY,LIKELY_ACTIVE,HIGH_ENGAGEMENT,MAINTAIN_FLOW
1775711004.9661043,1528,106.16,200.00,7.11,ACTIVE,NONE,UNUSUAL_ACTIVITY,LIKELY_ACTIVE,HIGH_ENGAGEMENT,MAINTAIN_FLOW
1775711004.9821541,2072,106.16,200.00,9.83,ACTIVE,NONE,UNUSUAL_ACTIVITY,LIKELY_ACTIVE,HIGH_ENGAGEMENT,MAINTAIN_FLOW
1775711004.9973586,2440,106.16,200.00,11.67,ACTIVE,NONE,UNUSUAL_ACTIVITY,LIKELY_ACTIVE,HIGH_ENGAGEMENT,MAINTAIN_FLOW
1775711005.0136123,2638,106.16,200.00,12.66,ACTIVE,NONE,UNUSUAL_ACTIVITY,LIKELY_ACTIVE,HIGH_ENGAGEMENT,MAINTAIN_FLOW
1775711005.0295851,2715,106.16,200.00,13.04,ACTIVE,NONE,UNUSUAL_ACTIVITY,LIKELY_ACTIVE,HIGH_ENGAGEMENT,MAINTAIN_FLOW
1775711005.0456145,2616,106.16,200.00,12.55,ACTIVE,NONE,UNUSUAL_ACTIVITY,LIKELY_ACTIVE,HIGH_ENGAGEMENT,MAINTAIN_FLOW
1775711005.0613246,2477,106.16,200.00,11.85,ACTIVE,NONE,UNUSUAL_ACTIVITY,LIKELY_ACTIVE,HIGH_ENGAGEMENT,MAINTAIN_FLOW
1775711005.0778387,2445,106.16,200.00,11.69,ACTIVE,NONE,UNUSUAL_ACTIVITY,LIKELY_ACTIVE,HIGH_ENGAGEMENT,MAINTAIN_FLOW
1775711005.0934012,2293,106.16,200.00,10.93,ACTIVE,NONE,UNUSUAL_ACTIVITY,LIKELY_ACTIVE,HIGH_ENGAGEMENT,MAINTAIN_FLOW
1775711005.1094828,2108,106.16,200.00,10.01,ACTIVE,NONE,UNUSUAL_ACTIVITY,LIKELY_ACTIVE,HIGH_ENGAGEMENT,MAINTAIN_FLOW
1775711005.1254163,2003,106.16,200.00,9.48,ACTIVE,NONE,UNUSUAL_ACTIVITY,LIKELY_ACTIVE,HIGH_ENGAGEMENT,MAINTAIN_FLOW
1775711005.1415553,1998,106.16,200.00,9.46,ACTIVE,NONE,UNUSUAL_ACTIVITY,LIKELY_ACTIVE,HIGH_ENGAGEMENT,MAINTAIN_FLOW
1775711005.1577194,2108,106.16,200.00,10.01,ACTIVE,NONE,UNUSUAL_ACTIVITY,LIKELY_ACTIVE,HIGH_ENGAGEMENT,MAINTAIN_FLOW
1775711005.1733315,2604,106.16,200.00,12.49,ACTIVE,NONE,UNUSUAL_ACTIVITY,LIKELY_ACTIVE,HIGH_ENGAGEMENT,MAINTAIN_FLOW
1775711005.1894944,3271,106.16,200.00,15.82,ACTIVE,NONE,UNUSUAL_ACTIVITY,LIKELY_ACTIVE,HIGH_ENGAGEMENT,MAINTAIN_FLOW
1775711005.2055278,3825,106.16,200.00,18.59,ACTIVE,NONE,UNUSUAL_ACTIVITY,LIKELY_ACTIVE,HIGH_ENGAGEMENT,MAINTAIN_FLOW
1775711005.2214782,4143,106.16,200.00,20.18,ACTIVE,NONE,UNUSUAL_ACTIVITY,LIKELY_ACTIVE,HIGH_ENGAGEMENT,MAINTAIN_FLOW
1775711005.2370944,4300,106.16,200.00,20.97,ACTIVE,NONE,UNUSUAL_ACTIVITY,LIKELY_ACTIVE,HIGH_ENGAGEMENT,MAINTAIN_FLOW
1775711005.2534559,4220,106.16,200.00,20.57,ACTIVE,NONE,UNUSUAL_ACTIVITY,LIKELY_ACTIVE,HIGH_ENGAGEMENT,MAINTAIN_FLOW
1775711005.2695756,3911,106.16,200.00,19.02,ACTIVE,NONE,UNUSUAL_ACTIVITY,LIKELY_ACTIVE,HIGH_ENGAGEMENT,MAINTAIN_FLOW
1775711005.285114,3697,106.16,200.00,17.95,ACTIVE,NONE,UNUSUAL_ACTIVITY,LIKELY_ACTIVE,HIGH_ENGAGEMENT,MAINTAIN_FLOW
1775711005.3014774,3491,106.16,200.00,16.92,ACTIVE,NONE,UNUSUAL_ACTIVITY,LIKELY_ACTIVE,HIGH_ENGAGEMENT,MAINTAIN_FLOW
1775711005.3181942,3277,106.16,200.00,15.85,ACTIVE,NONE,UNUSUAL_ACTIVITY,LIKELY_ACTIVE,HIGH_ENGAGEMENT,MAINTAIN_FLOW
1775711005.3335667,3248,106.16,200.00,15.71,ACTIVE,NONE,UNUSUAL_ACTIVITY,LIKELY_ACTIVE,HIGH_ENGAGEMENT,MAINTAIN_FLOW
1775711005.3499126,3194,106.16,200.00,15.44,ACTIVE,NONE,UNUSUAL_ACTIVITY,LIKELY_ACTIVE,HIGH_ENGAGEMENT,MAINTAIN_FLOW
1775711005.3659823,2862,106.16,200.00,13.78,ACTIVE,NONE,UNUSUAL_ACTIVITY,LIKELY_ACTIVE,HIGH_ENGAGEMENT,MAINTAIN_FLOW
1775711005.382237,2352,106.16,200.00,11.23,ACTIVE,NONE,UNUSUAL_ACTIVITY,LIKELY_ACTIVE,HIGH_ENGAGEMENT,MAINTAIN_FLOW
1775711005.3980627,1819,106.16,200.00,8.56,ACTIVE,NONE,UNUSUAL_ACTIVITY,LIKELY_ACTIVE,HIGH_ENGAGEMENT,MAINTAIN_FLOW
1775711005.414121,1127,106.16,200.00,5.10,ACTIVE,NONE,UNUSUAL_ACTIVITY,LIKELY_ACTIVE,HIGH_ENGAGEMENT,MAINTAIN_FLOW
1775711005.4298224,577,106.16,200.00,2.35,ACTIVE,NONE,UNUSUAL_ACTIVITY,LIKELY_ACTIVE,HIGH_ENGAGEMENT,MAINTAIN_FLOW
1775711005.4452732,316,106.16,200.00,1.05,ACTIVE,NONE,UNUSUAL_ACTIVITY,LIKELY_ACTIVE,HIGH_ENGAGEMENT,MAINTAIN_FLOW
1775711005.4619727,441,106.16,200.00,1.67,ACTIVE,NONE,UNUSUAL_ACTIVITY,LIKELY_ACTIVE,HIGH_ENGAGEMENT,MAINTAIN_FLOW
1775711005.4779754,662,106.16,200.00,2.78,ACTIVE,NONE,UNUSUAL_ACTIVITY,LIKELY_ACTIVE,HIGH_ENGAGEMENT,MAINTAIN_FLOW
1775711005.4940448,872,106.16,200.00,3.83,ACTIVE,NONE,UNUSUAL_ACTIVITY,LIKELY_ACTIVE,HIGH_ENGAGEMENT,MAINTAIN_FLOW
1775711005.5100613,1110,106.16,200.00,5.02,ACTIVE,NONE,UNUSUAL_ACTIVITY,LIKELY_ACTIVE,HIGH_ENGAGEMENT,MAINTAIN_FLOW
1775711005.5258486,1317,106.16,200.00,6.05,ACTIVE,NONE,UNUSUAL_ACTIVITY,LIKELY_ACTIVE,HIGH_ENGAGEMENT,MAINTAIN_FLOW
1775711005.5416071,1478,106.16,200.00,6.86,ACTIVE,NONE,UNUSUAL_ACTIVITY,LIKELY_ACTIVE,HIGH_ENGAGEMENT,MAINTAIN_FLOW
1775711005.5580306,1652,106.16,200.00,7.73,ACTIVE,NONE,UNUSUAL_ACTIVITY,LIKELY_ACTIVE,HIGH_ENGAGEMENT,MAINTAIN_FLOW
1775711005.5740614,1699,106.16,200.00,7.96,ACTIVE,NONE,UNUSUAL_ACTIVITY,LIKELY_ACTIVE,HIGH_ENGAGEMENT,MAINTAIN_FLOW
1775711005.590232,1638,106.16,200.00,7.66,ACTIVE,NONE,UNUSUAL_ACTIVITY,LIKELY_ACTIVE,HIGH_ENGAGEMENT,MAINTAIN_FLOW
1775711005.6054811,1584,106.16,200.00,7.39,ACTIVE,NONE,UNUSUAL_ACTIVITY,LIKELY_ACTIVE,HIGH_ENGAGEMENT,MAINTAIN_FLOW
1775711005.6216114,1423,106.16,200.00,6.58,ACTIVE,NONE,UNUSUAL_ACTIVITY,LIKELY_ACTIVE,HIGH_ENGAGEMENT,MAINTAIN_FLOW
1775711005.6376662,1183,106.16,200.00,5.38,ACTIVE,NONE,UNUSUAL_ACTIVITY,LIKELY_ACTIVE,HIGH_ENGAGEMENT,MAINTAIN_FLOW
1775711005.6531076,1224,106.16,200.00,5.59,ACTIVE,NONE,UNUSUAL_ACTIVITY,LIKELY_ACTIVE,HIGH_ENGAGEMENT,MAINTAIN_FLOW
1775711005.669067,1433,106.16,200.00,6.63,ACTIVE,NONE,UNUSUAL_ACTIVITY,LIKELY_ACTIVE,HIGH_ENGAGEMENT,MAINTAIN_FLOW
1775711005.6854377,1571,106.16,200.00,7.32,ACTIVE,NONE,UNUSUAL_ACTIVITY,LIKELY_ACTIVE,HIGH_ENGAGEMENT,MAINTAIN_FLOW
1775711005.701427,1700,106.16,200.00,7.97,ACTIVE,NONE,UNUSUAL_ACTIVITY,LIKELY_ACTIVE,HIGH_ENGAGEMENT,MAINTAIN_FLOW
1775711005.7177496,1716,106.16,200.00,8.05,ACTIVE,NONE,UNUSUAL_ACTIVITY,LIKELY_ACTIVE,HIGH_ENGAGEMENT,MAINTAIN_FLOW
1775711005.7334938,1478,106.16,200.00,6.86,ACTIVE,NONE,UNUSUAL_ACTIVITY,LIKELY_ACTIVE,HIGH_ENGAGEMENT,MAINTAIN_FLOW
1775711005.7503014,1074,106.16,200.00,4.84,ACTIVE,NONE,UNUSUAL_ACTIVITY,LIKELY_ACTIVE,HIGH_ENGAGEMENT,MAINTAIN_FLOW
1775711005.7662938,725,106.16,200.00,3.09,ACTIVE,NONE,UNUSUAL_ACTIVITY,LIKELY_ACTIVE,HIGH_ENGAGEMENT,MAINTAIN_FLOW
1775711005.7824256,408,106.16,200.00,1.51,ACTIVE,NONE,UNUSUAL_ACTIVITY,LIKELY_ACTIVE,HIGH_ENGAGEMENT,MAINTAIN_FLOW
1775711005.7980402,213,106.27,200.00,0.53,ACTIVE,NONE,UNUSUAL_ACTIVITY,LIKELY_ACTIVE,HIGH_ENGAGEMENT,MAINTAIN_FLOW
1775711005.8140044,182,106.34,200.00,0.38,ACTIVE,NONE,UNUSUAL_ACTIVITY,LIKELY_ACTIVE,HIGH_ENGAGEMENT,MAINTAIN_FLOW
1775711005.829712,382,106.34,200.00,1.38,ACTIVE,NONE,UNUSUAL_ACTIVITY,LIKELY_ACTIVE,HIGH_ENGAGEMENT,MAINTAIN_FLOW
1775711005.8453126,540,106.34,200.00,2.17,ACTIVE,NONE,UNUSUAL_ACTIVITY,LIKELY_ACTIVE,HIGH_ENGAGEMENT,MAINTAIN_FLOW
1775711005.861615,591,106.34,200.00,2.42,ACTIVE,NONE,UNUSUAL_ACTIVITY,LIKELY_ACTIVE,HIGH_ENGAGEMENT,MAINTAIN_FLOW
1775711005.8778803,595,106.34,200.00,2.44,ACTIVE,NONE,UNUSUAL_ACTIVITY,LIKELY_ACTIVE,HIGH_ENGAGEMENT,MAINTAIN_FLOW
1775711005.8936436,539,106.34,200.00,2.16,ACTIVE,NONE,UNUSUAL_ACTIVITY,LIKELY_ACTIVE,HIGH_ENGAGEMENT,MAINTAIN_FLOW
1775711005.9097083,332,106.34,200.00,1.13,ACTIVE,NONE,UNUSUAL_ACTIVITY,LIKELY_ACTIVE,HIGH_ENGAGEMENT,MAINTAIN_FLOW
1775711005.925612,268,106.50,200.00,0.81,ACTIVE,NONE,UNUSUAL_ACTIVITY,LIKELY_ACTIVE,HIGH_ENGAGEMENT,MAINTAIN_FLOW
1775711005.9421718,246,106.64,200.00,0.70,ACTIVE,NONE,UNUSUAL_ACTIVITY,LIKELY_ACTIVE,HIGH_ENGAGEMENT,MAINTAIN_FLOW
1775711005.95778,496,106.64,200.00,1.95,ACTIVE,NONE,UNUSUAL_ACTIVITY,LIKELY_ACTIVE,HIGH_ENGAGEMENT,MAINTAIN_FLOW
1775711005.9739969,772,106.64,200.00,3.33,ACTIVE,NONE,UNUSUAL_ACTIVITY,LIKELY_ACTIVE,HIGH_ENGAGEMENT,MAINTAIN_FLOW
1775711005.9900093,1149,106.64,200.00,5.21,ACTIVE,NONE,UNUSUAL_ACTIVITY,LIKELY_ACTIVE,HIGH_ENGAGEMENT,MAINTAIN_FLOW
1775711006.005843,1373,106.64,200.00,6.33,ACTIVE,NONE,UNUSUAL_ACTIVITY,LIKELY_ACTIVE,HIGH_ENGAGEMENT,MAINTAIN_FLOW
1775711006.0217042,1697,106.64,200.00,7.95,ACTIVE,NONE,UNUSUAL_ACTIVITY,LIKELY_ACTIVE,HIGH_ENGAGEMENT,MAINTAIN_FLOW
1775711006.037765,1791,106.64,200.00,8.42,ACTIVE,NONE,UNUSUAL_ACTIVITY,LIKELY_ACTIVE,HIGH_ENGAGEMENT,MAINTAIN_FLOW
1775711006.0535028,1886,106.64,200.00,8.90,ACTIVE,NONE,UNUSUAL_ACTIVITY,LIKELY_ACTIVE,HIGH_ENGAGEMENT,MAINTAIN_FLOW
1775711006.0693033,1876,106.64,200.00,8.85,ACTIVE,NONE,UNUSUAL_ACTIVITY,LIKELY_ACTIVE,HIGH_ENGAGEMENT,MAINTAIN_FLOW
1775711006.0852888,1922,106.64,200.00,9.08,ACTIVE,NONE,UNUSUAL_ACTIVITY,LIKELY_ACTIVE,HIGH_ENGAGEMENT,MAINTAIN_FLOW
1775711006.1012619,1924,106.64,200.00,9.09,ACTIVE,NONE,UNUSUAL_ACTIVITY,LIKELY_ACTIVE,HIGH_ENGAGEMENT,MAINTAIN_FLOW
1775711006.1173134,1830,106.64,200.00,8.62,ACTIVE,NONE,UNUSUAL_ACTIVITY,LIKELY_ACTIVE,HIGH_ENGAGEMENT,MAINTAIN_FLOW
1775711006.1336303,1709,106.64,200.00,8.01,ACTIVE,NONE,UNUSUAL_ACTIVITY,LIKELY_ACTIVE,HIGH_ENGAGEMENT,MAINTAIN_FLOW
1775711006.150353,1544,106.64,200.00,7.19,ACTIVE,NONE,UNUSUAL_ACTIVITY,LIKELY_ACTIVE,HIGH_ENGAGEMENT,MAINTAIN_FLOW
1775711006.1656296,1363,106.64,200.00,6.28,ACTIVE,NONE,UNUSUAL_ACTIVITY,LIKELY_ACTIVE,HIGH_ENGAGEMENT,MAINTAIN_FLOW
1775711006.1829903,1259,106.64,200.00,5.76,ACTIVE,NONE,UNUSUAL_ACTIVITY,LIKELY_ACTIVE,HIGH_ENGAGEMENT,MAINTAIN_FLOW
1775711006.1992137,1434,106.64,200.00,6.64,ACTIVE,NONE,UNUSUAL_ACTIVITY,LIKELY_ACTIVE,HIGH_ENGAGEMENT,MAINTAIN_FLOW
1775711006.2139428,1734,106.64,200.00,8.14,ACTIVE,NONE,UNUSUAL_ACTIVITY,LIKELY_ACTIVE,HIGH_ENGAGEMENT,MAINTAIN_FLOW
1775711006.2296927,2026,106.64,200.00,9.60,ACTIVE,NONE,UNUSUAL_ACTIVITY,LIKELY_ACTIVE,HIGH_ENGAGEMENT,MAINTAIN_FLOW
1775711006.246027,2375,106.64,200.00,11.34,ACTIVE,NONE,UNUSUAL_ACTIVITY,LIKELY_ACTIVE,HIGH_ENGAGEMENT,MAINTAIN_FLOW
1775711006.2619667,2547,106.64,200.00,12.20,ACTIVE,NONE,UNUSUAL_ACTIVITY,LIKELY_ACTIVE,HIGH_ENGAGEMENT,MAINTAIN_FLOW
1775711006.2777128,2511,106.64,200.00,12.02,ACTIVE,NONE,UNUSUAL_ACTIVITY,LIKELY_ACTIVE,HIGH_ENGAGEMENT,MAINTAIN_FLOW
1775711006.294026,2265,106.64,200.00,10.79,ACTIVE,NONE,UNUSUAL_ACTIVITY,LIKELY_ACTIVE,HIGH_ENGAGEMENT,MAINTAIN_FLOW
1775711006.3101408,2165,106.64,200.00,10.29,ACTIVE,NONE,UNUSUAL_ACTIVITY,LIKELY_ACTIVE,HIGH_ENGAGEMENT,MAINTAIN_FLOW
1775711006.325788,1980,106.64,200.00,9.37,ACTIVE,NONE,UNUSUAL_ACTIVITY,LIKELY_ACTIVE,HIGH_ENGAGEMENT,MAINTAIN_FLOW
1775711006.3416479,1965,106.64,200.00,9.29,ACTIVE,NONE,UNUSUAL_ACTIVITY,LIKELY_ACTIVE,HIGH_ENGAGEMENT,MAINTAIN_FLOW
1775711006.3578591,1952,106.64,200.00,9.23,ACTIVE,NONE,UNUSUAL_ACTIVITY,LIKELY_ACTIVE,HIGH_ENGAGEMENT,MAINTAIN_FLOW
1775711006.3734424,2070,106.64,200.00,9.82,ACTIVE,NONE,UNUSUAL_ACTIVITY,LIKELY_ACTIVE,HIGH_ENGAGEMENT,MAINTAIN_FLOW
1775711006.3898292,2029,106.64,200.00,9.61,ACTIVE,NONE,UNUSUAL_ACTIVITY,LIKELY_ACTIVE,HIGH_ENGAGEMENT,MAINTAIN_FLOW
1775711006.405549,2080,106.64,200.00,9.87,ACTIVE,NONE,UNUSUAL_ACTIVITY,LIKELY_ACTIVE,HIGH_ENGAGEMENT,MAINTAIN_FLOW
1775711006.4221282,2055,106.64,200.00,9.74,ACTIVE,NONE,UNUSUAL_ACTIVITY,LIKELY_ACTIVE,HIGH_ENGAGEMENT,MAINTAIN_FLOW
1775711006.437221,2022,106.64,200.00,9.58,ACTIVE,NONE,UNUSUAL_ACTIVITY,LIKELY_ACTIVE,HIGH_ENGAGEMENT,MAINTAIN_FLOW
1775711006.453568,1984,106.64,200.00,9.39,ACTIVE,NONE,UNUSUAL_ACTIVITY,LIKELY_ACTIVE,HIGH_ENGAGEMENT,MAINTAIN_FLOW
1775711006.4693,1984,106.64,200.00,9.39,ACTIVE,NONE,UNUSUAL_ACTIVITY,LIKELY_ACTIVE,HIGH_ENGAGEMENT,MAINTAIN_FLOW
1775711006.485705,1983,106.64,200.00,9.38,ACTIVE,NONE,UNUSUAL_ACTIVITY,LIKELY_ACTIVE,HIGH_ENGAGEMENT,MAINTAIN_FLOW
1775711006.5011904,1983,106.64,200.00,9.38,ACTIVE,NONE,UNUSUAL_ACTIVITY,LIKELY_ACTIVE,HIGH_ENGAGEMENT,MAINTAIN_FLOW
1775711006.5172844,2038,106.64,200.00,9.66,ACTIVE,NONE,UNUSUAL_ACTIVITY,LIKELY_ACTIVE,HIGH_ENGAGEMENT,MAINTAIN_FLOW
1775711006.5340111,2062,106.64,200.00,9.78,ACTIVE,NONE,UNUSUAL_ACTIVITY,LIKELY_ACTIVE,HIGH_ENGAGEMENT,MAINTAIN_FLOW
1775711006.5494235,2041,106.64,200.00,9.67,ACTIVE,NONE,UNUSUAL_ACTIVITY,LIKELY_ACTIVE,HIGH_ENGAGEMENT,MAINTAIN_FLOW
1775711006.5660288,1813,106.64,200.00,8.53,ACTIVE,NONE,UNUSUAL_ACTIVITY,LIKELY_ACTIVE,HIGH_ENGAGEMENT,MAINTAIN_FLOW
1775711006.582279,1448,106.64,200.00,6.71,ACTIVE,NONE,UNUSUAL_ACTIVITY,LIKELY_ACTIVE,HIGH_ENGAGEMENT,MAINTAIN_FLOW
1775711006.5987306,1049,106.64,200.00,4.71,ACTIVE,NONE,UNUSUAL_ACTIVITY,LIKELY_ACTIVE,HIGH_ENGAGEMENT,MAINTAIN_FLOW
1775711006.615095,655,106.64,200.00,2.74,ACTIVE,NONE,UNUSUAL_ACTIVITY,LIKELY_ACTIVE,HIGH_ENGAGEMENT,MAINTAIN_FLOW
1775711006.6299095,341,106.64,200.00,1.17,ACTIVE,NONE,UNUSUAL_ACTIVITY,LIKELY_ACTIVE,HIGH_ENGAGEMENT,MAINTAIN_FLOW
1775711006.6460214,258,106.79,200.00,0.76,ACTIVE,NONE,UNUSUAL_ACTIVITY,LIKELY_ACTIVE,HIGH_ENGAGEMENT,MAINTAIN_FLOW
1775711006.6619828,316,106.79,200.00,1.05,ACTIVE,NONE,UNUSUAL_ACTIVITY,LIKELY_ACTIVE,HIGH_ENGAGEMENT,MAINTAIN_FLOW
1775711006.6777008,362,106.79,200.00,1.28,ACTIVE,NONE,UNUSUAL_ACTIVITY,LIKELY_ACTIVE,HIGH_ENGAGEMENT,MAINTAIN_FLOW
1775711006.6940827,416,106.79,200.00,1.55,ACTIVE,NONE,UNUSUAL_ACTIVITY,LIKELY_ACTIVE,HIGH_ENGAGEMENT,MAINTAIN_FLOW
1775711006.710156,430,106.79,200.00,1.62,ACTIVE,NONE,UNUSUAL_ACTIVITY,LIKELY_ACTIVE,HIGH_ENGAGEMENT,MAINTAIN_FLOW
1775711006.7259412,536,106.79,200.00,2.15,ACTIVE,NONE,UNUSUAL_ACTIVITY,LIKELY_ACTIVE,HIGH_ENGAGEMENT,MAINTAIN_FLOW
1775711006.741932,685,106.79,200.00,2.89,ACTIVE,NONE,UNUSUAL_ACTIVITY,LIKELY_ACTIVE,HIGH_ENGAGEMENT,MAINTAIN_FLOW
1775711006.7573378,833,106.79,200.00,3.63,ACTIVE,NONE,UNUSUAL_ACTIVITY,LIKELY_ACTIVE,HIGH_ENGAGEMENT,MAINTAIN_FLOW
1775711006.7740486,869,106.79,200.00,3.81,ACTIVE,NONE,UNUSUAL_ACTIVITY,LIKELY_ACTIVE,HIGH_ENGAGEMENT,MAINTAIN_FLOW
1775711006.7899847,904,106.79,200.00,3.99,ACTIVE,NONE,UNUSUAL_ACTIVITY,LIKELY_ACTIVE,HIGH_ENGAGEMENT,MAINTAIN_FLOW
1775711006.805951,757,106.79,200.00,3.25,ACTIVE,NONE,UNUSUAL_ACTIVITY,LIKELY_ACTIVE,HIGH_ENGAGEMENT,MAINTAIN_FLOW
1775711006.821294,531,106.79,200.00,2.12,ACTIVE,NONE,UNUSUAL_ACTIVITY,LIKELY_ACTIVE,HIGH_ENGAGEMENT,MAINTAIN_FLOW
1775711006.8374515,343,106.79,200.00,1.18,ACTIVE,NONE,UNUSUAL_ACTIVITY,LIKELY_ACTIVE,HIGH_ENGAGEMENT,MAINTAIN_FLOW
1775711006.8536131,367,106.79,200.00,1.30,ACTIVE,NONE,UNUSUAL_ACTIVITY,LIKELY_ACTIVE,HIGH_ENGAGEMENT,MAINTAIN_FLOW
1775711006.8694065,486,106.79,200.00,1.90,ACTIVE,NONE,UNUSUAL_ACTIVITY,LIKELY_ACTIVE,HIGH_ENGAGEMENT,MAINTAIN_FLOW
1775711006.8854873,650,106.79,200.00,2.72,ACTIVE,NONE,UNUSUAL_ACTIVITY,LIKELY_ACTIVE,HIGH_ENGAGEMENT,MAINTAIN_FLOW
1775711006.9013937,871,106.79,200.00,3.82,ACTIVE,NONE,UNUSUAL_ACTIVITY,LIKELY_ACTIVE,HIGH_ENGAGEMENT,MAINTAIN_FLOW
1775711006.917508,1025,106.79,200.00,4.59,ACTIVE,NONE,UNUSUAL_ACTIVITY,LIKELY_ACTIVE,HIGH_ENGAGEMENT,MAINTAIN_FLOW
1775711006.9343758,920,106.79,200.00,4.07,ACTIVE,NONE,UNUSUAL_ACTIVITY,LIKELY_ACTIVE,HIGH_ENGAGEMENT,MAINTAIN_FLOW
1775711006.9493077,736,106.79,200.00,3.15,ACTIVE,NONE,UNUSUAL_ACTIVITY,LIKELY_ACTIVE,HIGH_ENGAGEMENT,MAINTAIN_FLOW
1775711006.9658875,548,106.79,200.00,2.21,ACTIVE,NONE,UNUSUAL_ACTIVITY,LIKELY_ACTIVE,HIGH_ENGAGEMENT,MAINTAIN_FLOW
1775711006.9817028,437,106.79,200.00,1.65,ACTIVE,NONE,UNUSUAL_ACTIVITY,LIKELY_ACTIVE,HIGH_ENGAGEMENT,MAINTAIN_FLOW
1775711006.9979753,631,106.79,200.00,2.62,ACTIVE,NONE,UNUSUAL_ACTIVITY,LIKELY_ACTIVE,HIGH_ENGAGEMENT,MAINTAIN_FLOW
1775711007.0143478,954,106.79,200.00,4.24,ACTIVE,NONE,UNUSUAL_ACTIVITY,LIKELY_ACTIVE,HIGH_ENGAGEMENT,MAINTAIN_FLOW
1775711007.0300333,1299,106.79,200.00,5.96,ACTIVE,NONE,UNUSUAL_ACTIVITY,LIKELY_ACTIVE,HIGH_ENGAGEMENT,MAINTAIN_FLOW
1775711007.0459979,1718,106.79,200.00,8.06,ACTIVE,NONE,UNUSUAL_ACTIVITY,LIKELY_ACTIVE,HIGH_ENGAGEMENT,MAINTAIN_FLOW
1775711007.0620282,2009,106.79,200.00,9.51,ACTIVE,NONE,UNUSUAL_ACTIVITY,LIKELY_ACTIVE,HIGH_ENGAGEMENT,MAINTAIN_FLOW
1775711007.0779169,2092,106.79,200.00,9.93,ACTIVE,NONE,UNUSUAL_ACTIVITY,LIKELY_ACTIVE,HIGH_ENGAGEMENT,MAINTAIN_FLOW
1775711007.0937233,2135,106.79,200.00,10.14,ACTIVE,NONE,UNUSUAL_ACTIVITY,LIKELY_ACTIVE,HIGH_ENGAGEMENT,MAINTAIN_FLOW
1775711007.1097875,2256,106.79,200.00,10.75,ACTIVE,NONE,UNUSUAL_ACTIVITY,LIKELY_ACTIVE,HIGH_ENGAGEMENT,MAINTAIN_FLOW
1775711007.126096,2260,106.79,200.00,10.77,ACTIVE,NONE,UNUSUAL_ACTIVITY,LIKELY_ACTIVE,HIGH_ENGAGEMENT,MAINTAIN_FLOW
1775711007.1421926,2239,106.79,200.00,10.66,ACTIVE,NONE,UNUSUAL_ACTIVITY,LIKELY_ACTIVE,HIGH_ENGAGEMENT,MAINTAIN_FLOW
1775711007.158093,2231,106.79,200.00,10.62,ACTIVE,NONE,UNUSUAL_ACTIVITY,LIKELY_ACTIVE,HIGH_ENGAGEMENT,MAINTAIN_FLOW
1775711007.1737418,2266,106.79,200.00,10.80,ACTIVE,NONE,UNUSUAL_ACTIVITY,LIKELY_ACTIVE,HIGH_ENGAGEMENT,MAINTAIN_FLOW
1775711007.1899655,2152,106.79,200.00,10.23,ACTIVE,NONE,UNUSUAL_ACTIVITY,LIKELY_ACTIVE,HIGH_ENGAGEMENT,MAINTAIN_FLOW
1775711007.205633,2044,106.79,200.00,9.69,ACTIVE,NONE,UNUSUAL_ACTIVITY,LIKELY_ACTIVE,HIGH_ENGAGEMENT,MAINTAIN_FLOW
1775711007.2215674,1964,106.79,200.00,9.29,ACTIVE,NONE,UNUSUAL_ACTIVITY,LIKELY_ACTIVE,HIGH_ENGAGEMENT,MAINTAIN_FLOW
1775711007.2378263,1770,106.79,200.00,8.32,ACTIVE,NONE,UNUSUAL_ACTIVITY,LIKELY_ACTIVE,HIGH_ENGAGEMENT,MAINTAIN_FLOW
1775711007.2536578,1639,106.79,200.00,7.66,ACTIVE,NONE,UNUSUAL_ACTIVITY,LIKELY_ACTIVE,HIGH_ENGAGEMENT,MAINTAIN_FLOW
1775711007.2696753,1543,106.79,200.00,7.18,ACTIVE,NONE,UNUSUAL_ACTIVITY,LIKELY_ACTIVE,HIGH_ENGAGEMENT,MAINTAIN_FLOW
1775711007.2853255,1513,106.79,200.00,7.03,ACTIVE,NONE,UNUSUAL_ACTIVITY,LIKELY_ACTIVE,HIGH_ENGAGEMENT,MAINTAIN_FLOW
1775711007.3016198,1526,106.79,200.00,7.10,ACTIVE,NONE,UNUSUAL_ACTIVITY,LIKELY_ACTIVE,HIGH_ENGAGEMENT,MAINTAIN_FLOW
1775711007.3173811,1599,106.79,200.00,7.46,ACTIVE,NONE,UNUSUAL_ACTIVITY,LIKELY_ACTIVE,HIGH_ENGAGEMENT,MAINTAIN_FLOW
1775711007.3334372,1624,106.79,200.00,7.59,ACTIVE,NONE,UNUSUAL_ACTIVITY,LIKELY_ACTIVE,HIGH_ENGAGEMENT,MAINTAIN_FLOW
1775711007.3499994,1703,106.79,200.00,7.98,ACTIVE,NONE,UNUSUAL_ACTIVITY,LIKELY_ACTIVE,HIGH_ENGAGEMENT,MAINTAIN_FLOW
1775711007.3659954,1625,106.79,200.00,7.59,ACTIVE,NONE,UNUSUAL_ACTIVITY,LIKELY_ACTIVE,HIGH_ENGAGEMENT,MAINTAIN_FLOW
1775711007.382531,1362,106.79,200.00,6.28,ACTIVE,NONE,UNUSUAL_ACTIVITY,LIKELY_ACTIVE,HIGH_ENGAGEMENT,MAINTAIN_FLOW
1775711007.398003,1041,106.79,200.00,4.67,ACTIVE,NONE,UNUSUAL_ACTIVITY,LIKELY_ACTIVE,HIGH_ENGAGEMENT,MAINTAIN_FLOW
1775711007.413953,741,106.79,200.00,3.17,ACTIVE,NONE,UNUSUAL_ACTIVITY,LIKELY_ACTIVE,HIGH_ENGAGEMENT,MAINTAIN_FLOW
1775711007.4299052,538,106.79,200.00,2.16,ACTIVE,NONE,UNUSUAL_ACTIVITY,LIKELY_ACTIVE,HIGH_ENGAGEMENT,MAINTAIN_FLOW
1775711007.445772,462,106.79,200.00,1.78,ACTIVE,NONE,UNUSUAL_ACTIVITY,LIKELY_ACTIVE,HIGH_ENGAGEMENT,MAINTAIN_FLOW
1775711007.461619,473,106.79,200.00,1.83,ACTIVE,NONE,UNUSUAL_ACTIVITY,LIKELY_ACTIVE,HIGH_ENGAGEMENT,MAINTAIN_FLOW
1775711007.4774513,800,106.79,200.00,3.47,ACTIVE,NONE,UNUSUAL_ACTIVITY,LIKELY_ACTIVE,HIGH_ENGAGEMENT,MAINTAIN_FLOW
1775711007.4937327,1442,106.79,200.00,6.68,ACTIVE,NONE,UNUSUAL_ACTIVITY,LIKELY_ACTIVE,HIGH_ENGAGEMENT,MAINTAIN_FLOW
1775711007.5093887,2003,106.79,200.00,9.48,ACTIVE,NONE,UNUSUAL_ACTIVITY,LIKELY_ACTIVE,HIGH_ENGAGEMENT,MAINTAIN_FLOW
1775711007.5254445,2628,106.79,200.00,12.61,ACTIVE,NONE,UNUSUAL_ACTIVITY,LIKELY_ACTIVE,HIGH_ENGAGEMENT,MAINTAIN_FLOW
1775711007.541584,3245,106.79,200.00,15.69,ACTIVE,NONE,UNUSUAL_ACTIVITY,LIKELY_ACTIVE,HIGH_ENGAGEMENT,MAINTAIN_FLOW
1775711007.5576408,3544,106.79,200.00,17.19,ACTIVE,NONE,UNUSUAL_ACTIVITY,LIKELY_ACTIVE,HIGH_ENGAGEMENT,MAINTAIN_FLOW
1775711007.573552,3529,106.79,200.00,17.11,ACTIVE,NONE,UNUSUAL_ACTIVITY,LIKELY_ACTIVE,HIGH_ENGAGEMENT,MAINTAIN_FLOW
1775711007.5896246,3476,106.79,200.00,16.85,ACTIVE,NONE,UNUSUAL_ACTIVITY,LIKELY_ACTIVE,HIGH_ENGAGEMENT,MAINTAIN_FLOW
1775711007.6053631,3308,106.79,200.00,16.01,ACTIVE,NONE,UNUSUAL_ACTIVITY,LIKELY_ACTIVE,HIGH_ENGAGEMENT,MAINTAIN_FLOW
1775711007.621821,3234,106.79,200.00,15.64,ACTIVE,NONE,UNUSUAL_ACTIVITY,LIKELY_ACTIVE,HIGH_ENGAGEMENT,MAINTAIN_FLOW
1775711007.6375394,3210,106.79,200.00,15.52,ACTIVE,NONE,UNUSUAL_ACTIVITY,LIKELY_ACTIVE,HIGH_ENGAGEMENT,MAINTAIN_FLOW
1775711007.6534748,3045,106.79,200.00,14.69,ACTIVE,NONE,UNUSUAL_ACTIVITY,LIKELY_ACTIVE,HIGH_ENGAGEMENT,MAINTAIN_FLOW
1775711007.6695008,2804,106.79,200.00,13.49,ACTIVE,NONE,UNUSUAL_ACTIVITY,LIKELY_ACTIVE,HIGH_ENGAGEMENT,MAINTAIN_FLOW
1775711007.685107,2565,106.79,200.00,12.29,ACTIVE,NONE,UNUSUAL_ACTIVITY,LIKELY_ACTIVE,HIGH_ENGAGEMENT,MAINTAIN_FLOW
1775711007.7010634,2352,106.79,200.00,11.23,ACTIVE,NONE,UNUSUAL_ACTIVITY,LIKELY_ACTIVE,HIGH_ENGAGEMENT,MAINTAIN_FLOW
1775711007.7176592,2100,106.79,200.00,9.97,ACTIVE,NONE,UNUSUAL_ACTIVITY,LIKELY_ACTIVE,HIGH_ENGAGEMENT,MAINTAIN_FLOW
1775711007.7335827,1933,106.79,200.00,9.13,ACTIVE,NONE,UNUSUAL_ACTIVITY,LIKELY_ACTIVE,HIGH_ENGAGEMENT,MAINTAIN_FLOW
1775711007.7496066,1699,106.79,200.00,7.96,ACTIVE,NONE,UNUSUAL_ACTIVITY,LIKELY_ACTIVE,HIGH_ENGAGEMENT,MAINTAIN_FLOW
1775711007.7655656,1436,106.79,200.00,6.65,ACTIVE,NONE,UNUSUAL_ACTIVITY,LIKELY_ACTIVE,HIGH_ENGAGEMENT,MAINTAIN_FLOW
1775711007.7817237,1065,106.79,200.00,4.79,ACTIVE,NONE,UNUSUAL_ACTIVITY,LIKELY_ACTIVE,HIGH_ENGAGEMENT,MAINTAIN_FLOW
1775711007.7980175,738,106.79,200.00,3.16,ACTIVE,NONE,UNUSUAL_ACTIVITY,LIKELY_ACTIVE,HIGH_ENGAGEMENT,MAINTAIN_FLOW
1775711007.8138618,453,106.79,200.00,1.73,ACTIVE,NONE,UNUSUAL_ACTIVITY,LIKELY_ACTIVE,HIGH_ENGAGEMENT,MAINTAIN_FLOW
1775711007.8296473,273,106.96,200.00,0.83,ACTIVE,NONE,UNUSUAL_ACTIVITY,LIKELY_ACTIVE,HIGH_ENGAGEMENT,MAINTAIN_FLOW
1775711007.8456516,163,107.02,200.00,0.28,ACTIVE,NONE,UNUSUAL_ACTIVITY,LIKELY_ACTIVE,HIGH_ENGAGEMENT,MAINTAIN_FLOW
1775711007.8613842,136,107.04,200.00,0.14,ACTIVE,NONE,UNUSUAL_ACTIVITY,LIKELY_ACTIVE,HIGH_ENGAGEMENT,MAINTAIN_FLOW
1775711007.8774047,134,107.07,200.00,0.13,ACTIVE,NONE,UNUSUAL_ACTIVITY,LIKELY_ACTIVE,HIGH_ENGAGEMENT,MAINTAIN_FLOW
1775711007.8931315,123,107.09,200.00,0.08,ACTIVE,NONE,UNUSUAL_ACTIVITY,LIKELY_ACTIVE,HIGH_ENGAGEMENT,MAINTAIN_FLOW
1775711007.9100106,140,107.12,200.00,0.16,ACTIVE,NONE,UNUSUAL_ACTIVITY,LIKELY_ACTIVE,HIGH_ENGAGEMENT,MAINTAIN_FLOW
1775711007.92609,149,107.16,200.00,0.21,ACTIVE,NONE,UNUSUAL_ACTIVITY,LIKELY_ACTIVE,HIGH_ENGAGEMENT,MAINTAIN_FLOW
1775711007.9420724,163,107.22,200.00,0.28,ACTIVE,NONE,UNUSUAL_ACTIVITY,LIKELY_ACTIVE,HIGH_ENGAGEMENT,MAINTAIN_FLOW
1775711007.9575732,176,107.29,200.00,0.34,ACTIVE,NONE,UNUSUAL_ACTIVITY,LIKELY_ACTIVE,HIGH_ENGAGEMENT,MAINTAIN_FLOW
1775711007.9736319,184,107.36,200.00,0.38,ACTIVE,NONE,UNUSUAL_ACTIVITY,LIKELY_ACTIVE,HIGH_ENGAGEMENT,MAINTAIN_FLOW
1775711007.9899416,208,107.46,200.00,0.50,ACTIVE,NONE,UNUSUAL_ACTIVITY,LIKELY_ACTIVE,HIGH_ENGAGEMENT,MAINTAIN_FLOW
1775711008.0054004,182,107.54,200.00,0.37,ACTIVE,NONE,UNUSUAL_ACTIVITY,LIKELY_ACTIVE,HIGH_ENGAGEMENT,MAINTAIN_FLOW
1775711008.021771,171,107.60,200.00,0.32,ACTIVE,NONE,UNUSUAL_ACTIVITY,LIKELY_ACTIVE,HIGH_ENGAGEMENT,MAINTAIN_FLOW
1775711008.0374656,148,107.64,200.00,0.20,ACTIVE,NONE,UNUSUAL_ACTIVITY,LIKELY_ACTIVE,HIGH_ENGAGEMENT,MAINTAIN_FLOW
1775711008.0534644,115,107.65,200.00,0.04,ACTIVE,NONE,UNUSUAL_ACTIVITY,LIKELY_ACTIVE,HIGH_ENGAGEMENT,MAINTAIN_FLOW
1775711008.0690022,125,107.67,200.00,0.09,ACTIVE,NONE,UNUSUAL_ACTIVITY,LIKELY_ACTIVE,HIGH_ENGAGEMENT,MAINTAIN_FLOW
1775711008.0855284,205,107.77,200.00,0.49,ACTIVE,NONE,UNUSUAL_ACTIVITY,LIKELY_ACTIVE,HIGH_ENGAGEMENT,MAINTAIN_FLOW
1775711008.101689,328,107.77,200.00,1.10,ACTIVE,NONE,UNUSUAL_ACTIVITY,LIKELY_ACTIVE,HIGH_ENGAGEMENT,MAINTAIN_FLOW
1775711008.117639,460,107.77,200.00,1.76,ACTIVE,NONE,UNUSUAL_ACTIVITY,LIKELY_ACTIVE,HIGH_ENGAGEMENT,MAINTAIN_FLOW
1775711008.133916,571,107.77,200.00,2.32,ACTIVE,NONE,UNUSUAL_ACTIVITY,LIKELY_ACTIVE,HIGH_ENGAGEMENT,MAINTAIN_FLOW
1775711008.1491854,578,107.77,200.00,2.35,ACTIVE,NONE,UNUSUAL_ACTIVITY,LIKELY_ACTIVE,HIGH_ENGAGEMENT,MAINTAIN_FLOW
1775711008.1659725,659,107.77,200.00,2.76,ACTIVE,NONE,UNUSUAL_ACTIVITY,LIKELY_ACTIVE,HIGH_ENGAGEMENT,MAINTAIN_FLOW
1775711008.1823235,682,107.77,200.00,2.87,ACTIVE,NONE,UNUSUAL_ACTIVITY,LIKELY_ACTIVE,HIGH_ENGAGEMENT,MAINTAIN_FLOW
1775711008.1981106,631,107.77,200.00,2.62,ACTIVE,NONE,UNUSUAL_ACTIVITY,LIKELY_ACTIVE,HIGH_ENGAGEMENT,MAINTAIN_FLOW
1775711008.2148106,553,107.77,200.00,2.23,ACTIVE,NONE,UNUSUAL_ACTIVITY,LIKELY_ACTIVE,HIGH_ENGAGEMENT,MAINTAIN_FLOW
1775711008.229996,555,107.77,200.00,2.24,ACTIVE,NONE,UNUSUAL_ACTIVITY,LIKELY_ACTIVE,HIGH_ENGAGEMENT,MAINTAIN_FLOW
1775711008.2459874,491,107.77,200.00,1.92,ACTIVE,NONE,UNUSUAL_ACTIVITY,LIKELY_ACTIVE,HIGH_ENGAGEMENT,MAINTAIN_FLOW
1775711008.2621305,361,107.77,200.00,1.27,ACTIVE,NONE,UNUSUAL_ACTIVITY,LIKELY_ACTIVE,HIGH_ENGAGEMENT,MAINTAIN_FLOW
1775711008.2778373,292,107.95,200.00,0.92,ACTIVE,NONE,UNUSUAL_ACTIVITY,LIKELY_ACTIVE,HIGH_ENGAGEMENT,MAINTAIN_FLOW
1775711008.2939782,274,108.12,200.00,0.83,ACTIVE,NONE,UNUSUAL_ACTIVITY,LIKELY_ACTIVE,HIGH_ENGAGEMENT,MAINTAIN_FLOW
1775711008.3101363,270,108.28,200.00,0.81,ACTIVE,NONE,UNUSUAL_ACTIVITY,LIKELY_ACTIVE,HIGH_ENGAGEMENT,MAINTAIN_FLOW
1775711008.325683,238,108.41,200.00,0.65,ACTIVE,NONE,UNUSUAL_ACTIVITY,LIKELY_ACTIVE,HIGH_ENGAGEMENT,MAINTAIN_FLOW
1775711008.3416307,252,108.55,200.00,0.72,ACTIVE,NONE,UNUSUAL_ACTIVITY,LIKELY_ACTIVE,HIGH_ENGAGEMENT,MAINTAIN_FLOW
1775711008.3581157,238,108.68,200.00,0.65,ACTIVE,NONE,UNUSUAL_ACTIVITY,LIKELY_ACTIVE,HIGH_ENGAGEMENT,MAINTAIN_FLOW
1775711008.37397,256,108.83,200.00,0.74,ACTIVE,NONE,UNUSUAL_ACTIVITY,LIKELY_ACTIVE,HIGH_ENGAGEMENT,MAINTAIN_FLOW
1775711008.3899105,246,108.96,200.00,0.69,ACTIVE,NONE,UNUSUAL_ACTIVITY,LIKELY_ACTIVE,HIGH_ENGAGEMENT,MAINTAIN_FLOW
1775711008.4058323,212,109.07,200.00,0.51,ACTIVE,NONE,UNUSUAL_ACTIVITY,LIKELY_ACTIVE,HIGH_ENGAGEMENT,MAINTAIN_FLOW
1775711008.4215848,173,109.13,200.00,0.32,ACTIVE,NONE,UNUSUAL_ACTIVITY,LIKELY_ACTIVE,HIGH_ENGAGEMENT,MAINTAIN_FLOW
1775711008.4378164,163,109.19,200.00,0.27,ACTIVE,NONE,UNUSUAL_ACTIVITY,LIKELY_ACTIVE,HIGH_ENGAGEMENT,MAINTAIN_FLOW
1775711008.4532325,121,109.20,200.00,0.06,ACTIVE,NONE,UNUSUAL_ACTIVITY,LIKELY_ACTIVE,HIGH_ENGAGEMENT,MAINTAIN_FLOW
1775711008.4696362,75,109.16,200.00,-0.17,ACTIVE,NONE,UNUSUAL_ACTIVITY,LIKELY_ACTIVE,HIGH_ENGAGEMENT,MAINTAIN_FLOW
1775711008.4854872,52,109.11,200.00,-0.29,ACTIVE,NONE,UNUSUAL_ACTIVITY,LIKELY_ACTIVE,HIGH_ENGAGEMENT,MAINTAIN_FLOW
1775711008.5014248,55,109.05,200.00,-0.27,ACTIVE,NONE,UNUSUAL_ACTIVITY,LIKELY_ACTIVE,HIGH_ENGAGEMENT,MAINTAIN_FLOW
1775711008.5171077,54,109.00,200.00,-0.27,ACTIVE,NONE,UNUSUAL_ACTIVITY,LIKELY_ACTIVE,HIGH_ENGAGEMENT,MAINTAIN_FLOW
1775711008.5333557,52,108.94,200.00,-0.28,ACTIVE,NONE,UNUSUAL_ACTIVITY,LIKELY_ACTIVE,HIGH_ENGAGEMENT,MAINTAIN_FLOW
1775711008.5493264,59,108.89,200.00,-0.25,ACTIVE,NONE,UNUSUAL_ACTIVITY,LIKELY_ACTIVE,HIGH_ENGAGEMENT,MAINTAIN_FLOW
1775711008.5658562,57,108.84,200.00,-0.26,ACTIVE,NONE,UNUSUAL_ACTIVITY,LIKELY_ACTIVE,HIGH_ENGAGEMENT,MAINTAIN_FLOW
1775711008.5817888,52,108.78,200.00,-0.28,ACTIVE,NONE,UNUSUAL_ACTIVITY,LIKELY_ACTIVE,HIGH_ENGAGEMENT,MAINTAIN_FLOW
1775711008.5976932,53,108.73,200.00,-0.28,ACTIVE,NONE,UNUSUAL_ACTIVITY,LIKELY_ACTIVE,HIGH_ENGAGEMENT,MAINTAIN_FLOW
1775711008.614986,63,108.68,200.00,-0.23,ACTIVE,NONE,UNUSUAL_ACTIVITY,LIKELY_ACTIVE,HIGH_ENGAGEMENT,MAINTAIN_FLOW
1775711008.6302803,61,108.63,200.00,-0.24,ACTIVE,NONE,UNUSUAL_ACTIVITY,LIKELY_ACTIVE,HIGH_ENGAGEMENT,MAINTAIN_FLOW
1775711008.6463845,55,108.58,200.00,-0.27,ACTIVE,NONE,UNUSUAL_ACTIVITY,LIKELY_ACTIVE,HIGH_ENGAGEMENT,MAINTAIN_FLOW
1775711008.6618814,59,108.53,200.00,-0.25,ACTIVE,NONE,UNUSUAL_ACTIVITY,LIKELY_ACTIVE,HIGH_ENGAGEMENT,MAINTAIN_FLOW
1775711008.6780894,63,108.48,200.00,-0.23,ACTIVE,NONE,UNUSUAL_ACTIVITY,LIKELY_ACTIVE,HIGH_ENGAGEMENT,MAINTAIN_FLOW
1775711008.6941755,57,108.43,200.00,-0.26,ACTIVE,NONE,UNUSUAL_ACTIVITY,LIKELY_ACTIVE,HIGH_ENGAGEMENT,MAINTAIN_FLOW
1775711008.7100654,52,108.38,200.00,-0.28,ACTIVE,NONE,UNUSUAL_ACTIVITY,LIKELY_ACTIVE,HIGH_ENGAGEMENT,MAINTAIN_FLOW
1775711008.7261212,57,108.32,200.00,-0.26,ACTIVE,NONE,UNUSUAL_ACTIVITY,LIKELY_ACTIVE,HIGH_ENGAGEMENT,MAINTAIN_FLOW
1775711008.74211,69,108.28,200.00,-0.20,ACTIVE,NONE,UNUSUAL_ACTIVITY,LIKELY_ACTIVE,HIGH_ENGAGEMENT,MAINTAIN_FLOW
1775711008.7580616,70,108.25,200.00,-0.19,ACTIVE,NONE,UNUSUAL_ACTIVITY,LIKELY_ACTIVE,HIGH_ENGAGEMENT,MAINTAIN_FLOW
1775711008.773909,75,108.21,200.00,-0.17,ACTIVE,NONE,UNUSUAL_ACTIVITY,LIKELY_ACTIVE,HIGH_ENGAGEMENT,MAINTAIN_FLOW
1775711008.7896862,82,108.19,200.00,-0.13,ACTIVE,NONE,UNUSUAL_ACTIVITY,LIKELY_ACTIVE,HIGH_ENGAGEMENT,MAINTAIN_FLOW
1775711008.8062592,90,108.17,200.00,-0.09,ACTIVE,NONE,UNUSUAL_ACTIVITY,LIKELY_ACTIVE,HIGH_ENGAGEMENT,MAINTAIN_FLOW
1775711008.8214502,88,108.15,200.00,-0.10,ACTIVE,NONE,UNUSUAL_ACTIVITY,LIKELY_ACTIVE,HIGH_ENGAGEMENT,MAINTAIN_FLOW
1775711008.8378756,88,108.13,200.00,-0.10,ACTIVE,NONE,UNUSUAL_ACTIVITY,LIKELY_ACTIVE,HIGH_ENGAGEMENT,MAINTAIN_FLOW
1775711008.8533454,87,108.11,200.00,-0.11,ACTIVE,NONE,UNUSUAL_ACTIVITY,LIKELY_ACTIVE,HIGH_ENGAGEMENT,MAINTAIN_FLOW
1775711008.8696022,86,108.08,200.00,-0.11,ACTIVE,NONE,UNUSUAL_ACTIVITY,LIKELY_ACTIVE,HIGH_ENGAGEMENT,MAINTAIN_FLOW
1775711008.8853676,79,108.06,200.00,-0.15,ACTIVE,NONE,UNUSUAL_ACTIVITY,LIKELY_ACTIVE,HIGH_ENGAGEMENT,MAINTAIN_FLOW
1775711008.9013002,69,108.02,200.00,-0.20,ACTIVE,NONE,UNUSUAL_ACTIVITY,LIKELY_ACTIVE,HIGH_ENGAGEMENT,MAINTAIN_FLOW
1775711008.9174645,67,107.98,200.00,-0.20,ACTIVE,NONE,UNUSUAL_ACTIVITY,LIKELY_ACTIVE,HIGH_ENGAGEMENT,MAINTAIN_FLOW
1775711008.933397,65,107.93,200.00,-0.21,ACTIVE,NONE,UNUSUAL_ACTIVITY,LIKELY_ACTIVE,HIGH_ENGAGEMENT,MAINTAIN_FLOW
1775711008.9494987,59,107.88,200.00,-0.24,ACTIVE,NONE,UNUSUAL_ACTIVITY,LIKELY_ACTIVE,HIGH_ENGAGEMENT,MAINTAIN_FLOW
1775711008.9653733,59,107.84,200.00,-0.24,ACTIVE,NONE,UNUSUAL_ACTIVITY,LIKELY_ACTIVE,HIGH_ENGAGEMENT,MAINTAIN_FLOW
1775711008.9815767,63,107.79,200.00,-0.22,ACTIVE,NONE,UNUSUAL_ACTIVITY,LIKELY_ACTIVE,HIGH_ENGAGEMENT,MAINTAIN_FLOW
1775711008.997841,66,107.75,200.00,-0.21,ACTIVE,NONE,UNUSUAL_ACTIVITY,LIKELY_ACTIVE,HIGH_ENGAGEMENT,MAINTAIN_FLOW
1775711009.0136843,63,107.70,200.00,-0.22,ACTIVE,NONE,UNUSUAL_ACTIVITY,LIKELY_ACTIVE,HIGH_ENGAGEMENT,MAINTAIN_FLOW
1775711009.029788,59,107.65,200.00,-0.24,ACTIVE,NONE,UNUSUAL_ACTIVITY,LIKELY_ACTIVE,HIGH_ENGAGEMENT,MAINTAIN_FLOW
1775711009.0457375,53,107.60,200.00,-0.27,ACTIVE,NONE,UNUSUAL_ACTIVITY,LIKELY_ACTIVE,HIGH_ENGAGEMENT,MAINTAIN_FLOW
1775711009.0623832,46,107.54,200.00,-0.31,ACTIVE,NONE,UNUSUAL_ACTIVITY,LIKELY_ACTIVE,HIGH_ENGAGEMENT,MAINTAIN_FLOW
1775711009.077609,60,107.49,200.00,-0.24,ACTIVE,NONE,UNUSUAL_ACTIVITY,LIKELY_ACTIVE,HIGH_ENGAGEMENT,MAINTAIN_FLOW
1775711009.093375,71,107.45,200.00,-0.18,ACTIVE,NONE,UNUSUAL_ACTIVITY,LIKELY_ACTIVE,HIGH_ENGAGEMENT,MAINTAIN_FLOW
1775711009.1092005,95,107.44,200.00,-0.06,ACTIVE,NONE,UNUSUAL_ACTIVITY,LIKELY_ACTIVE,HIGH_ENGAGEMENT,MAINTAIN_FLOW
1775711009.1258256,102,107.44,200.00,-0.03,ACTIVE,NONE,UNUSUAL_ACTIVITY,LIKELY_ACTIVE,HIGH_ENGAGEMENT,MAINTAIN_FLOW
1775711009.141266,110,107.44,200.00,0.01,ACTIVE,NONE,UNUSUAL_ACTIVITY,LIKELY_ACTIVE,HIGH_ENGAGEMENT,MAINTAIN_FLOW
1775711009.1572192,95,107.43,200.00,-0.06,ACTIVE,NONE,UNUSUAL_ACTIVITY,LIKELY_ACTIVE,HIGH_ENGAGEMENT,MAINTAIN_FLOW
1775711009.174269,82,107.40,200.00,-0.13,ACTIVE,NONE,UNUSUAL_ACTIVITY,LIKELY_ACTIVE,HIGH_ENGAGEMENT,MAINTAIN_FLOW
1775711009.189892,59,107.35,200.00,-0.24,ACTIVE,NONE,UNUSUAL_ACTIVITY,LIKELY_ACTIVE,HIGH_ENGAGEMENT,MAINTAIN_FLOW
1775711009.2060227,51,107.30,200.00,-0.28,ACTIVE,NONE,UNUSUAL_ACTIVITY,LIKELY_ACTIVE,HIGH_ENGAGEMENT,MAINTAIN_FLOW
1775711009.222293,44,107.23,200.00,-0.32,ACTIVE,NONE,UNUSUAL_ACTIVITY,LIKELY_ACTIVE,HIGH_ENGAGEMENT,MAINTAIN_FLOW
1775711009.2379827,38,107.16,200.00,-0.35,ACTIVE,NONE,UNUSUAL_ACTIVITY,LIKELY_ACTIVE,HIGH_ENGAGEMENT,MAINTAIN_FLOW
1775711009.25352,40,107.10,200.00,-0.34,ACTIVE,NONE,UNUSUAL_ACTIVITY,LIKELY_ACTIVE,HIGH_ENGAGEMENT,MAINTAIN_FLOW
1775711009.2692318,40,107.03,200.00,-0.34,ACTIVE,NONE,UNUSUAL_ACTIVITY,LIKELY_ACTIVE,HIGH_ENGAGEMENT,MAINTAIN_FLOW
1775711009.2854326,40,106.96,200.00,-0.33,ACTIVE,NONE,UNUSUAL_ACTIVITY,LIKELY_ACTIVE,HIGH_ENGAGEMENT,MAINTAIN_FLOW
1775711009.301331,41,106.90,200.00,-0.33,ACTIVE,NONE,UNUSUAL_ACTIVITY,LIKELY_ACTIVE,HIGH_ENGAGEMENT,MAINTAIN_FLOW
1775711009.3176723,42,106.83,200.00,-0.32,ACTIVE,NONE,UNUSUAL_ACTIVITY,LIKELY_ACTIVE,HIGH_ENGAGEMENT,MAINTAIN_FLOW
1775711009.3334527,40,106.77,200.00,-0.33,ACTIVE,NONE,UNUSUAL_ACTIVITY,LIKELY_ACTIVE,HIGH_ENGAGEMENT,MAINTAIN_FLOW
1775711009.349783,38,106.70,200.00,-0.34,ACTIVE,NONE,UNUSUAL_ACTIVITY,LIKELY_ACTIVE,HIGH_ENGAGEMENT,MAINTAIN_FLOW
1775711009.3659844,37,106.63,200.00,-0.35,ACTIVE,NONE,UNUSUAL_ACTIVITY,LIKELY_ACTIVE,HIGH_ENGAGEMENT,MAINTAIN_FLOW
1775711009.38177,33,106.55,200.00,-0.37,ACTIVE,NONE,UNUSUAL_ACTIVITY,LIKELY_ACTIVE,HIGH_ENGAGEMENT,MAINTAIN_FLOW
1775711009.398181,31,106.48,200.00,-0.38,ACTIVE,NONE,UNUSUAL_ACTIVITY,LIKELY_ACTIVE,HIGH_ENGAGEMENT,MAINTAIN_FLOW
1775711009.4140177,31,106.40,200.00,-0.38,ACTIVE,NONE,UNUSUAL_ACTIVITY,LIKELY_ACTIVE,HIGH_ENGAGEMENT,MAINTAIN_FLOW
1775711009.4305832,31,106.33,200.00,-0.38,ACTIVE,NONE,UNUSUAL_ACTIVITY,LIKELY_ACTIVE,HIGH_ENGAGEMENT,MAINTAIN_FLOW
1775711009.4466615,31,106.25,200.00,-0.38,ACTIVE,NONE,UNUSUAL_ACTIVITY,LIKELY_ACTIVE,HIGH_ENGAGEMENT,MAINTAIN_FLOW
1775711009.462359,31,106.18,200.00,-0.38,ACTIVE,NONE,UNUSUAL_ACTIVITY,LIKELY_ACTIVE,HIGH_ENGAGEMENT,MAINTAIN_FLOW
1775711009.4780917,32,106.10,200.00,-0.37,ACTIVE,NONE,UNUSUAL_ACTIVITY,LIKELY_ACTIVE,HIGH_ENGAGEMENT,MAINTAIN_FLOW
1775711009.4937243,32,106.03,200.00,-0.37,ACTIVE,NONE,UNUSUAL_ACTIVITY,LIKELY_ACTIVE,HIGH_ENGAGEMENT,MAINTAIN_FLOW
1775711009.5093966,33,105.95,200.00,-0.36,ACTIVE,NONE,UNUSUAL_ACTIVITY,LIKELY_ACTIVE,HIGH_ENGAGEMENT,MAINTAIN_FLOW
1775711009.5258327,35,105.88,200.00,-0.35,ACTIVE,NONE,UNUSUAL_ACTIVITY,LIKELY_ACTIVE,HIGH_ENGAGEMENT,MAINTAIN_FLOW
1775711009.5420046,37,105.81,200.00,-0.34,ACTIVE,NONE,UNUSUAL_ACTIVITY,LIKELY_ACTIVE,HIGH_ENGAGEMENT,MAINTAIN_FLOW
1775711009.5580518,39,105.75,200.00,-0.33,ACTIVE,NONE,UNUSUAL_ACTIVITY,LIKELY_ACTIVE,HIGH_ENGAGEMENT,MAINTAIN_FLOW
1775711009.5737145,39,105.68,200.00,-0.33,ACTIVE,NONE,UNUSUAL_ACTIVITY,LIKELY_ACTIVE,HIGH_ENGAGEMENT,MAINTAIN_FLOW
1775711009.5899634,38,105.61,200.00,-0.34,ACTIVE,NONE,UNUSUAL_ACTIVITY,LIKELY_ACTIVE,HIGH_ENGAGEMENT,MAINTAIN_FLOW
1775711009.6061306,37,105.55,200.00,-0.34,ACTIVE,NONE,UNUSUAL_ACTIVITY,LIKELY_ACTIVE,HIGH_ENGAGEMENT,MAINTAIN_FLOW
1775711009.6223793,36,105.48,200.00,-0.35,ACTIVE,NONE,UNUSUAL_ACTIVITY,LIKELY_ACTIVE,HIGH_ENGAGEMENT,MAINTAIN_FLOW
1775711009.6376538,34,105.40,200.00,-0.36,ACTIVE,NONE,UNUSUAL_ACTIVITY,LIKELY_ACTIVE,HIGH_ENGAGEMENT,MAINTAIN_FLOW
1775711009.6538272,33,105.33,200.00,-0.36,ACTIVE,NONE,UNUSUAL_ACTIVITY,LIKELY_ACTIVE,HIGH_ENGAGEMENT,MAINTAIN_FLOW
1775711009.6699479,35,105.26,200.00,-0.35,ACTIVE,NONE,UNUSUAL_ACTIVITY,LIKELY_ACTIVE,HIGH_ENGAGEMENT,MAINTAIN_FLOW
1775711009.6854813,36,105.19,200.00,-0.35,ACTIVE,NONE,UNUSUAL_ACTIVITY,LIKELY_ACTIVE,HIGH_ENGAGEMENT,MAINTAIN_FLOW
1775711009.702182,37,105.12,200.00,-0.34,ACTIVE,NONE,UNUSUAL_ACTIVITY,LIKELY_ACTIVE,HIGH_ENGAGEMENT,MAINTAIN_FLOW
1775711009.7172256,35,105.05,200.00,-0.35,ACTIVE,NONE,UNUSUAL_ACTIVITY,LIKELY_ACTIVE,HIGH_ENGAGEMENT,MAINTAIN_FLOW
1775711009.7334087,36,104.98,200.00,-0.34,ACTIVE,NONE,UNUSUAL_ACTIVITY,LIKELY_ACTIVE,HIGH_ENGAGEMENT,MAINTAIN_FLOW
1775711009.7494845,35,104.91,200.00,-0.35,ACTIVE,NONE,UNUSUAL_ACTIVITY,LIKELY_ACTIVE,HIGH_ENGAGEMENT,MAINTAIN_FLOW
1775711009.7656355,33,104.84,200.00,-0.36,ACTIVE,NONE,UNUSUAL_ACTIVITY,LIKELY_ACTIVE,HIGH_ENGAGEMENT,MAINTAIN_FLOW
1775711009.7816188,33,104.77,200.00,-0.36,ACTIVE,NONE,UNUSUAL_ACTIVITY,LIKELY_ACTIVE,HIGH_ENGAGEMENT,MAINTAIN_FLOW
1775711009.797995,33,104.70,200.00,-0.36,ACTIVE,NONE,UNUSUAL_ACTIVITY,LIKELY_ACTIVE,HIGH_ENGAGEMENT,MAINTAIN_FLOW
1775711009.8141155,33,104.63,200.00,-0.36,ACTIVE,NONE,UNUSUAL_ACTIVITY,LIKELY_ACTIVE,HIGH_ENGAGEMENT,MAINTAIN_FLOW
1775711009.8301756,34,104.56,200.00,-0.35,ACTIVE,NONE,UNUSUAL_ACTIVITY,LIKELY_ACTIVE,HIGH_ENGAGEMENT,MAINTAIN_FLOW
1775711009.8464963,32,104.48,200.00,-0.36,ACTIVE,NONE,UNUSUAL_ACTIVITY,LIKELY_ACTIVE,HIGH_ENGAGEMENT,MAINTAIN_FLOW
1775711009.8623338,30,104.41,200.00,-0.37,ACTIVE,NONE,UNUSUAL_ACTIVITY,LIKELY_ACTIVE,HIGH_ENGAGEMENT,MAINTAIN_FLOW
1775711009.8784752,32,104.34,200.00,-0.36,ACTIVE,NONE,UNUSUAL_ACTIVITY,LIKELY_ACTIVE,HIGH_ENGAGEMENT,MAINTAIN_FLOW
1775711009.8942707,33,104.27,200.00,-0.36,ACTIVE,NONE,UNUSUAL_ACTIVITY,LIKELY_ACTIVE,HIGH_ENGAGEMENT,MAINTAIN_FLOW
1775711009.9097621,33,104.19,200.00,-0.36,ACTIVE,NONE,UNUSUAL_ACTIVITY,LIKELY_ACTIVE,HIGH_ENGAGEMENT,MAINTAIN_FLOW
1775711009.9259052,35,104.13,200.00,-0.35,ACTIVE,NONE,UNUSUAL_ACTIVITY,LIKELY_ACTIVE,HIGH_ENGAGEMENT,MAINTAIN_FLOW
1775711009.9414148,37,104.06,200.00,-0.34,ACTIVE,NONE,UNUSUAL_ACTIVITY,LIKELY_ACTIVE,HIGH_ENGAGEMENT,MAINTAIN_FLOW
1775711009.9573274,36,103.99,200.00,-0.34,ACTIVE,NONE,UNUSUAL_ACTIVITY,LIKELY_ACTIVE,HIGH_ENGAGEMENT,MAINTAIN_FLOW
1775711009.9738634,34,103.92,200.00,-0.35,ACTIVE,NONE,UNUSUAL_ACTIVITY,LIKELY_ACTIVE,HIGH_ENGAGEMENT,MAINTAIN_FLOW
1775711009.9893217,33,103.85,200.00,-0.35,ACTIVE,NONE,UNUSUAL_ACTIVITY,LIKELY_ACTIVE,HIGH_ENGAGEMENT,MAINTAIN_FLOW
1775711010.005319,32,103.78,200.00,-0.36,ACTIVE,NONE,UNUSUAL_ACTIVITY,LIKELY_ACTIVE,HIGH_ENGAGEMENT,MAINTAIN_FLOW
1775711010.0216777,30,103.70,200.00,-0.37,ACTIVE,NONE,UNUSUAL_ACTIVITY,LIKELY_ACTIVE,HIGH_ENGAGEMENT,MAINTAIN_FLOW
1775711010.0373657,30,103.63,200.00,-0.37,ACTIVE,NONE,UNUSUAL_ACTIVITY,LIKELY_ACTIVE,HIGH_ENGAGEMENT,MAINTAIN_FLOW
1775711010.0534852,29,103.56,200.00,-0.37,ACTIVE,NONE,UNUSUAL_ACTIVITY,LIKELY_ACTIVE,HIGH_ENGAGEMENT,MAINTAIN_FLOW
1775711010.069201,30,103.48,200.00,-0.37,ACTIVE,NONE,UNUSUAL_ACTIVITY,LIKELY_ACTIVE,HIGH_ENGAGEMENT,MAINTAIN_FLOW
1775711010.0853941,30,103.41,200.00,-0.37,ACTIVE,NONE,UNUSUAL_ACTIVITY,LIKELY_ACTIVE,HIGH_ENGAGEMENT,MAINTAIN_FLOW
1775711010.1015434,30,103.34,200.00,-0.37,ACTIVE,NONE,UNUSUAL_ACTIVITY,LIKELY_ACTIVE,HIGH_ENGAGEMENT,MAINTAIN_FLOW
1775711010.1174028,30,103.26,200.00,-0.37,ACTIVE,NONE,UNUSUAL_ACTIVITY,LIKELY_ACTIVE,HIGH_ENGAGEMENT,MAINTAIN_FLOW
1775711010.1334918,32,103.19,200.00,-0.36,ACTIVE,NONE,UNUSUAL_ACTIVITY,LIKELY_ACTIVE,HIGH_ENGAGEMENT,MAINTAIN_FLOW
1775711010.1494994,30,103.12,200.00,-0.37,ACTIVE,NONE,UNUSUAL_ACTIVITY,LIKELY_ACTIVE,HIGH_ENGAGEMENT,MAINTAIN_FLOW
1775711010.1674836,30,103.04,200.00,-0.37,ACTIVE,NONE,UNUSUAL_ACTIVITY,LIKELY_ACTIVE,HIGH_ENGAGEMENT,MAINTAIN_FLOW
1775711010.182411,30,102.97,200.00,-0.36,ACTIVE,NONE,UNUSUAL_ACTIVITY,LIKELY_ACTIVE,HIGH_ENGAGEMENT,MAINTAIN_FLOW
1775711010.1976476,30,102.90,200.00,-0.36,ACTIVE,NONE,UNUSUAL_ACTIVITY,LIKELY_ACTIVE,HIGH_ENGAGEMENT,MAINTAIN_FLOW
1775711010.2136583,30,102.83,200.00,-0.36,ACTIVE,NONE,UNUSUAL_ACTIVITY,LIKELY_ACTIVE,HIGH_ENGAGEMENT,MAINTAIN_FLOW
1775711010.2296655,32,102.75,200.00,-0.35,ACTIVE,NONE,UNUSUAL_ACTIVITY,LIKELY_ACTIVE,HIGH_ENGAGEMENT,MAINTAIN_FLOW
1775711010.2460399,32,102.68,200.00,-0.35,ACTIVE,NONE,UNUSUAL_ACTIVITY,LIKELY_ACTIVE,HIGH_ENGAGEMENT,MAINTAIN_FLOW
1775711010.2623682,33,102.61,200.00,-0.35,ACTIVE,NONE,UNUSUAL_ACTIVITY,LIKELY_ACTIVE,HIGH_ENGAGEMENT,MAINTAIN_FLOW
1775711010.2774563,34,102.55,200.00,-0.34,ACTIVE,NONE,UNUSUAL_ACTIVITY,LIKELY_ACTIVE,HIGH_ENGAGEMENT,MAINTAIN_FLOW
1775711010.2932549,34,102.48,200.00,-0.34,ACTIVE,NONE,UNUSUAL_ACTIVITY,LIKELY_ACTIVE,HIGH_ENGAGEMENT,MAINTAIN_FLOW
1775711010.309646,34,102.41,200.00,-0.34,ACTIVE,NONE,UNUSUAL_ACTIVITY,LIKELY_ACTIVE,HIGH_ENGAGEMENT,MAINTAIN_FLOW
1775711010.3254614,35,102.34,200.00,-0.34,ACTIVE,NONE,UNUSUAL_ACTIVITY,LIKELY_ACTIVE,HIGH_ENGAGEMENT,MAINTAIN_FLOW
1775711010.3416214,36,102.27,200.00,-0.33,ACTIVE,NONE,UNUSUAL_ACTIVITY,LIKELY_ACTIVE,HIGH_ENGAGEMENT,MAINTAIN_FLOW
1775711010.357454,36,102.21,200.00,-0.33,ACTIVE,NONE,UNUSUAL_ACTIVITY,LIKELY_ACTIVE,HIGH_ENGAGEMENT,MAINTAIN_FLOW
1775711010.373566,35,102.14,200.00,-0.34,ACTIVE,NONE,UNUSUAL_ACTIVITY,LIKELY_ACTIVE,HIGH_ENGAGEMENT,MAINTAIN_FLOW
1775711010.389481,36,102.08,200.00,-0.33,ACTIVE,NONE,UNUSUAL_ACTIVITY,LIKELY_ACTIVE,HIGH_ENGAGEMENT,MAINTAIN_FLOW
1775711010.4061842,35,102.01,200.00,-0.34,MIXED,CHANGE,NORMAL,LIKELY_ACTIVE,HIGH_ENGAGEMENT,MAINTAIN_FLOW
1775711010.4216063,34,101.94,200.00,-0.34,MIXED,NONE,NORMAL,LIKELY_ACTIVE,HIGH_ENGAGEMENT,MAINTAIN_FLOW
1775711010.4375525,34,101.87,200.00,-0.34,MIXED,NONE,NORMAL,LIKELY_ACTIVE,HIGH_ENGAGEMENT,MAINTAIN_FLOW
1775711010.4532294,35,101.81,200.00,-0.33,MIXED,NONE,NORMAL,LIKELY_ACTIVE,HIGH_ENGAGEMENT,MAINTAIN_FLOW
1775711010.4700189,33,101.74,200.00,-0.34,MIXED,NONE,NORMAL,LIKELY_ACTIVE,HIGH_ENGAGEMENT,MAINTAIN_FLOW
1775711010.4860864,33,101.67,200.00,-0.34,MIXED,NONE,NORMAL,LIKELY_ACTIVE,HIGH_ENGAGEMENT,MAINTAIN_FLOW
1775711010.501467,34,101.60,200.00,-0.34,MIXED,NONE,NORMAL,LIKELY_ACTIVE,HIGH_ENGAGEMENT,MAINTAIN_FLOW
1775711010.5174124,35,101.53,200.00,-0.33,MIXED,NONE,NORMAL,LIKELY_ACTIVE,HIGH_ENGAGEMENT,MAINTAIN_FLOW
1775711010.5332227,34,101.47,200.00,-0.34,MIXED,NONE,NORMAL,STABLE,HIGH_ENGAGEMENT,MAINTAIN_FLOW
1775711010.549706,33,101.40,200.00,-0.34,MIXED,NONE,NORMAL,STABLE,HIGH_ENGAGEMENT,MAINTAIN_FLOW
1775711010.5650675,32,101.33,200.00,-0.35,MIXED,NONE,NORMAL,STABLE,HIGH_ENGAGEMENT,MAINTAIN_FLOW
1775711010.5814426,32,101.26,200.00,-0.35,MIXED,NONE,NORMAL,STABLE,HIGH_ENGAGEMENT,MAINTAIN_FLOW
1775711010.5977788,31,101.19,200.00,-0.35,MIXED,NONE,NORMAL,STABLE,HIGH_ENGAGEMENT,MAINTAIN_FLOW
1775711010.613905,31,101.12,200.00,-0.35,MIXED,NONE,NORMAL,STABLE,HIGH_ENGAGEMENT,MAINTAIN_FLOW
1775711010.630075,34,101.05,200.00,-0.34,MIXED,NONE,NORMAL,STABLE,HIGH_ENGAGEMENT,MAINTAIN_FLOW
1775711010.6461172,33,100.98,200.00,-0.34,MIXED,NONE,NORMAL,STABLE,HIGH_ENGAGEMENT,MAINTAIN_FLOW
1775711010.6624389,33,100.92,200.00,-0.34,MIXED,NONE,NORMAL,STABLE,HIGH_ENGAGEMENT,MAINTAIN_FLOW
1775711010.6777492,32,100.85,200.00,-0.34,MIXED,NONE,NORMAL,STABLE,HIGH_ENGAGEMENT,MAINTAIN_FLOW
1775711010.6937938,34,100.78,200.00,-0.33,MIXED,NONE,NORMAL,STABLE,HIGH_ENGAGEMENT,MAINTAIN_FLOW
1775711010.7099142,33,100.71,200.00,-0.34,MIXED,NONE,NORMAL,STABLE,HIGH_ENGAGEMENT,MAINTAIN_FLOW
1775711010.7287478,34,100.64,200.00,-0.33,MIXED,NONE,NORMAL,STABLE,HIGH_ENGAGEMENT,MAINTAIN_FLOW
1775711010.7419508,34,100.58,200.00,-0.33,MIXED,NONE,NORMAL,STABLE,HIGH_ENGAGEMENT,MAINTAIN_FLOW
1775711010.757862,33,100.51,200.00,-0.34,MIXED,NONE,NORMAL,STABLE,HIGH_ENGAGEMENT,MAINTAIN_FLOW
1775711010.7737916,30,100.44,200.00,-0.35,MIXED,NONE,NORMAL,STABLE,HIGH_ENGAGEMENT,MAINTAIN_FLOW
1775711010.7898178,31,100.37,200.00,-0.35,MIXED,NONE,NORMAL,STABLE,HIGH_ENGAGEMENT,MAINTAIN_FLOW
1775711010.8059244,32,100.30,200.00,-0.34,MIXED,NONE,NORMAL,STABLE,HIGH_ENGAGEMENT,MAINTAIN_FLOW
1775711010.8219965,30,100.23,200.00,-0.35,MIXED,NONE,NORMAL,STABLE,HIGH_ENGAGEMENT,MAINTAIN_FLOW
1775711010.838438,32,100.16,200.00,-0.34,MIXED,NONE,NORMAL,STABLE,HIGH_ENGAGEMENT,MAINTAIN_FLOW
1775711010.8541043,32,100.10,200.00,-0.34,MIXED,NONE,NORMAL,STABLE,HIGH_ENGAGEMENT,MAINTAIN_FLOW
1775711010.8697593,31,100.03,200.00,-0.35,MIXED,NONE,NORMAL,STABLE,HIGH_ENGAGEMENT,MAINTAIN_FLOW
1775711010.8866348,31,99.96,200.00,-0.34,INACTIVE,DEACTIVATION,NORMAL,STABLE,NORMAL,NONE
1775711010.9016294,32,99.89,200.00,-0.34,INACTIVE,NONE,NORMAL,STABLE,NORMAL,NONE
1775711010.917395,30,99.82,200.00,-0.35,INACTIVE,NONE,NORMAL,STABLE,NORMAL,NONE
1775711010.933325,30,99.75,200.00,-0.35,INACTIVE,NONE,NORMAL,STABLE,NORMAL,NONE
1775711010.9491405,31,99.68,200.00,-0.34,INACTIVE,NONE,NORMAL,STABLE,NORMAL,NONE
1775711010.965369,31,99.61,200.00,-0.34,INACTIVE,NONE,NORMAL,STABLE,NORMAL,NONE
1775711010.981338,31,99.54,200.00,-0.34,INACTIVE,NONE,NORMAL,STABLE,NORMAL,NONE
1775711010.9973445,33,99.48,200.00,-0.33,INACTIVE,NONE,NORMAL,STABLE,NORMAL,NONE
1775711011.0137608,35,99.41,200.00,-0.32,INACTIVE,NONE,NORMAL,STABLE,NORMAL,NONE
1775711011.0299313,35,99.35,200.00,-0.32,INACTIVE,NONE,NORMAL,STABLE,NORMAL,NONE
1775711011.0464222,34,99.28,200.00,-0.33,INACTIVE,NONE,NORMAL,STABLE,NORMAL,NONE
1775711011.0621667,36,99.22,200.00,-0.32,INACTIVE,NONE,NORMAL,LIKELY_INACTIVE,NORMAL,NONE
1775711011.0774014,35,99.16,200.00,-0.32,INACTIVE,NONE,NORMAL,LIKELY_INACTIVE,NORMAL,NONE
1775711011.093326,33,99.09,200.00,-0.33,INACTIVE,NONE,NORMAL,LIKELY_INACTIVE,NORMAL,NONE
1775711011.1094737,33,99.02,200.00,-0.33,INACTIVE,NONE,NORMAL,LIKELY_INACTIVE,NORMAL,NONE
1775711011.1254764,34,98.96,200.00,-0.32,INACTIVE,NONE,NORMAL,LIKELY_INACTIVE,NORMAL,NONE
1775711011.1413095,36,98.90,200.00,-0.31,INACTIVE,NONE,NORMAL,LIKELY_INACTIVE,NORMAL,NONE
1775711011.1573029,35,98.83,200.00,-0.32,INACTIVE,NONE,NORMAL,LIKELY_INACTIVE,NORMAL,NONE
1775711011.1736798,36,98.77,200.00,-0.31,INACTIVE,NONE,NORMAL,LIKELY_INACTIVE,NORMAL,NONE
1775711011.1898391,37,98.71,200.00,-0.31,INACTIVE,NONE,NORMAL,LIKELY_INACTIVE,NORMAL,NONE
1775711011.2051942,35,98.64,200.00,-0.32,INACTIVE,NONE,NORMAL,LIKELY_INACTIVE,NORMAL,NONE
1775711011.2219584,33,98.58,200.00,-0.33,INACTIVE,NONE,NORMAL,LIKELY_INACTIVE,NORMAL,NONE
1775711011.2380586,31,98.51,200.00,-0.34,INACTIVE,NONE,NORMAL,LIKELY_INACTIVE,NORMAL,NONE
1775711011.2538521,31,98.44,200.00,-0.34,INACTIVE,NONE,NORMAL,LIKELY_INACTIVE,NORMAL,NONE
1775711011.2699032,30,98.37,200.00,-0.34,INACTIVE,NONE,NORMAL,LIKELY_INACTIVE,NORMAL,NONE
1775711011.2858827,31,98.31,200.00,-0.34,INACTIVE,NONE,NORMAL,LIKELY_INACTIVE,NORMAL,NONE
1775711011.3022094,31,98.24,200.00,-0.34,INACTIVE,NONE,NORMAL,LIKELY_INACTIVE,NORMAL,NONE
1775711011.3174045,31,98.17,200.00,-0.34,INACTIVE,NONE,NORMAL,LIKELY_INACTIVE,NORMAL,NONE
1775711011.3333993,31,98.10,200.00,-0.34,INACTIVE,NONE,NORMAL,LIKELY_INACTIVE,NORMAL,NONE
1775711011.3495488,32,98.04,200.00,-0.33,INACTIVE,NONE,NORMAL,LIKELY_INACTIVE,NORMAL,NONE
1775711011.3655083,33,97.97,200.00,-0.32,INACTIVE,NONE,NORMAL,LIKELY_INACTIVE,NORMAL,NONE
1775711011.3819747,31,97.91,200.00,-0.33,INACTIVE,NONE,NORMAL,LIKELY_INACTIVE,NORMAL,NONE
1775711011.3974638,32,97.84,200.00,-0.33,INACTIVE,NONE,NORMAL,LIKELY_INACTIVE,NORMAL,NONE
1775711011.4138198,32,97.78,200.00,-0.33,INACTIVE,NONE,NORMAL,LIKELY_INACTIVE,NORMAL,NONE
1775711011.4301386,32,97.71,200.00,-0.33,INACTIVE,NONE,NORMAL,LIKELY_INACTIVE,NORMAL,NONE
1775711011.445973,30,97.64,200.00,-0.34,INACTIVE,NONE,NORMAL,LIKELY_INACTIVE,NORMAL,NONE
1775711011.4624264,30,97.57,200.00,-0.34,INACTIVE,NONE,NORMAL,LIKELY_INACTIVE,NORMAL,NONE
1775711011.4770007,31,97.51,200.00,-0.33,INACTIVE,NONE,NORMAL,LIKELY_INACTIVE,NORMAL,NONE
1775711011.4933007,28,97.44,200.00,-0.35,INACTIVE,NONE,NORMAL,LIKELY_INACTIVE,NORMAL,NONE
1775711011.5099676,29,97.37,200.00,-0.34,INACTIVE,NONE,NORMAL,LIKELY_INACTIVE,NORMAL,NONE
1775711011.525672,31,97.30,200.00,-0.33,INACTIVE,NONE,NORMAL,LIKELY_INACTIVE,NORMAL,NONE
1775711011.542314,31,97.24,200.00,-0.33,INACTIVE,NONE,NORMAL,LIKELY_INACTIVE,NORMAL,NONE
1775711011.5581512,31,97.17,200.00,-0.33,INACTIVE,NONE,NORMAL,LIKELY_INACTIVE,NORMAL,NONE
1775711011.5740168,34,97.11,200.00,-0.32,INACTIVE,NONE,NORMAL,LIKELY_INACTIVE,NORMAL,NONE
1775711011.5892992,32,97.04,200.00,-0.33,INACTIVE,NONE,NORMAL,LIKELY_INACTIVE,NORMAL,NONE
1775711011.6050234,32,96.98,200.00,-0.32,INACTIVE,NONE,NORMAL,LIKELY_INACTIVE,NORMAL,NONE
1775711011.6212935,34,96.91,200.00,-0.31,INACTIVE,NONE,NORMAL,LIKELY_INACTIVE,NORMAL,NONE
1775711011.6374176,34,96.85,200.00,-0.31,INACTIVE,NONE,NORMAL,LIKELY_INACTIVE,NORMAL,NONE
1775711011.6529262,35,96.79,200.00,-0.31,INACTIVE,NONE,NORMAL,LIKELY_INACTIVE,NORMAL,NONE
1775711011.6691928,37,96.73,200.00,-0.30,INACTIVE,NONE,NORMAL,LIKELY_INACTIVE,NORMAL,NONE
1775711011.6852214,36,96.67,200.00,-0.30,INACTIVE,NONE,NORMAL,LIKELY_INACTIVE,NORMAL,NONE
1775711011.7010179,37,96.61,200.00,-0.30,INACTIVE,NONE,NORMAL,LIKELY_INACTIVE,NORMAL,NONE
1775711011.716767,38,96.55,200.00,-0.29,INACTIVE,NONE,NORMAL,LIKELY_INACTIVE,NORMAL,NONE
1775711011.7327948,38,96.49,200.00,-0.29,INACTIVE,NONE,NORMAL,LIKELY_INACTIVE,NORMAL,NONE
1775711011.7489123,37,96.43,200.00,-0.30,INACTIVE,NONE,NORMAL,LIKELY_INACTIVE,NORMAL,NONE
1775711011.7651987,37,96.37,200.00,-0.30,INACTIVE,NONE,NORMAL,LIKELY_INACTIVE,NORMAL,NONE
1775711011.7813706,34,96.31,200.00,-0.31,INACTIVE,NONE,NORMAL,LIKELY_INACTIVE,NORMAL,NONE
1775711011.7971952,34,96.25,200.00,-0.31,INACTIVE,NONE,NORMAL,LIKELY_INACTIVE,NORMAL,NONE
1775711011.8130717,33,96.19,200.00,-0.32,INACTIVE,NONE,NORMAL,LIKELY_INACTIVE,NORMAL,NONE
1775711011.8300436,32,96.12,200.00,-0.32,INACTIVE,NONE,NORMAL,LIKELY_INACTIVE,NORMAL,NONE
1775711011.845456,36,96.06,200.00,-0.30,INACTIVE,NONE,NORMAL,LIKELY_INACTIVE,NORMAL,NONE
1775711011.8616328,38,96.00,200.00,-0.29,INACTIVE,NONE,NORMAL,LIKELY_INACTIVE,NORMAL,NONE
1775711011.878342,36,95.94,200.00,-0.30,INACTIVE,NONE,NORMAL,LIKELY_INACTIVE,NORMAL,NONE
1775711011.893538,34,95.88,200.00,-0.31,INACTIVE,NONE,NORMAL,LIKELY_INACTIVE,NORMAL,NONE
1775711011.9091933,37,95.82,200.00,-0.29,INACTIVE,NONE,NORMAL,LIKELY_INACTIVE,NORMAL,NONE
1775711011.9258218,41,95.77,200.00,-0.27,INACTIVE,NONE,NORMAL,LIKELY_INACTIVE,NORMAL,NONE
1775711011.9419231,42,95.71,200.00,-0.27,INACTIVE,NONE,NORMAL,LIKELY_INACTIVE,NORMAL,NONE
1775711011.9578855,46,95.66,200.00,-0.25,INACTIVE,NONE,NORMAL,LIKELY_INACTIVE,NORMAL,NONE
1775711011.9734113,49,95.62,200.00,-0.23,INACTIVE,NONE,NORMAL,LIKELY_INACTIVE,NORMAL,NONE
1775711011.9900963,50,95.57,200.00,-0.23,INACTIVE,NONE,NORMAL,LIKELY_INACTIVE,NORMAL,NONE
1775711012.005225,44,95.52,200.00,-0.26,INACTIVE,NONE,NORMAL,LIKELY_INACTIVE,NORMAL,NONE
1775711012.0212986,43,95.47,200.00,-0.26,INACTIVE,NONE,NORMAL,LIKELY_INACTIVE,NORMAL,NONE
1775711012.0371447,40,95.41,200.00,-0.28,INACTIVE,NONE,NORMAL,LIKELY_INACTIVE,NORMAL,NONE
1775711012.0533066,40,95.36,200.00,-0.28,INACTIVE,NONE,NORMAL,LIKELY_INACTIVE,NORMAL,NONE
1775711012.0695665,36,95.30,200.00,-0.30,INACTIVE,NONE,NORMAL,LIKELY_INACTIVE,NORMAL,NONE
1775711012.0855541,37,95.24,200.00,-0.29,INACTIVE,NONE,NORMAL,LIKELY_INACTIVE,NORMAL,NONE
1775711012.1017299,38,95.18,200.00,-0.29,INACTIVE,NONE,NORMAL,LIKELY_INACTIVE,NORMAL,NONE
1775711012.1177282,37,95.12,200.00,-0.29,INACTIVE,NONE,NORMAL,LIKELY_INACTIVE,NORMAL,NONE
1775711012.1331463,35,95.06,200.00,-0.30,INACTIVE,NONE,NORMAL,LIKELY_INACTIVE,NORMAL,NONE
1775711012.1490257,34,95.00,200.00,-0.31,INACTIVE,NONE,NORMAL,LIKELY_INACTIVE,NORMAL,NONE
1775711012.1650207,32,94.94,200.00,-0.31,INACTIVE,NONE,NORMAL,LIKELY_INACTIVE,NORMAL,NONE
1775711012.180885,30,94.87,200.00,-0.32,INACTIVE,NONE,NORMAL,LIKELY_INACTIVE,NORMAL,NONE
1775711012.196918,28,94.81,200.00,-0.33,INACTIVE,NONE,NORMAL,LIKELY_INACTIVE,NORMAL,NONE
1775711012.2139177,28,94.74,200.00,-0.33,INACTIVE,NONE,NORMAL,LIKELY_INACTIVE,NORMAL,NONE
1775711012.2298305,29,94.67,200.00,-0.33,INACTIVE,NONE,NORMAL,LIKELY_INACTIVE,NORMAL,NONE
1775711012.2456472,30,94.61,200.00,-0.32,INACTIVE,NONE,NORMAL,LIKELY_INACTIVE,NORMAL,NONE
1775711012.2621152,30,94.55,200.00,-0.32,INACTIVE,NONE,NORMAL,LIKELY_INACTIVE,NORMAL,NONE
1775711012.277453,31,94.48,200.00,-0.32,INACTIVE,NONE,NORMAL,LIKELY_INACTIVE,NORMAL,NONE
1775711012.2929032,31,94.42,200.00,-0.32,INACTIVE,NONE,NORMAL,LIKELY_INACTIVE,NORMAL,NONE
1775711012.3089428,31,94.36,200.00,-0.32,INACTIVE,NONE,NORMAL,LIKELY_INACTIVE,NORMAL,NONE
1775711012.324905,33,94.29,200.00,-0.31,INACTIVE,NONE,NORMAL,LIKELY_INACTIVE,NORMAL,NONE
1775711012.3414092,33,94.23,200.00,-0.31,INACTIVE,NONE,NORMAL,LIKELY_INACTIVE,NORMAL,NONE
1775711012.3573217,34,94.17,200.00,-0.30,INACTIVE,NONE,NORMAL,LIKELY_INACTIVE,NORMAL,NONE
1775711012.3735478,33,94.11,200.00,-0.31,INACTIVE,NONE,NORMAL,LIKELY_INACTIVE,NORMAL,NONE
1775711012.3897278,34,94.05,200.00,-0.30,INACTIVE,NONE,NORMAL,LIKELY_INACTIVE,NORMAL,NONE
1775711012.4055243,33,93.99,200.00,-0.30,INACTIVE,NONE,NORMAL,LIKELY_INACTIVE,NORMAL,NONE
1775711012.421894,34,93.93,200.00,-0.30,INACTIVE,NONE,NORMAL,LIKELY_INACTIVE,NORMAL,NONE
1775711012.4382796,33,93.87,200.00,-0.30,INACTIVE,NONE,NORMAL,LIKELY_INACTIVE,NORMAL,NONE
1775711012.453568,34,93.81,200.00,-0.30,INACTIVE,NONE,NORMAL,LIKELY_INACTIVE,NORMAL,NONE
1775711012.4693763,32,93.75,200.00,-0.31,INACTIVE,NONE,NORMAL,LIKELY_INACTIVE,NORMAL,NONE
1775711012.485527,29,93.68,200.00,-0.32,INACTIVE,NONE,NORMAL,LIKELY_INACTIVE,NORMAL,NONE
1775711012.501603,31,93.62,200.00,-0.31,INACTIVE,NONE,NORMAL,LIKELY_INACTIVE,NORMAL,NONE
1775711012.517298,31,93.56,200.00,-0.31,INACTIVE,NONE,NORMAL,LIKELY_INACTIVE,NORMAL,NONE
1775711012.5334651,31,93.49,200.00,-0.31,INACTIVE,NONE,NORMAL,LIKELY_INACTIVE,NORMAL,NONE
1775711012.5491455,33,93.43,200.00,-0.30,INACTIVE,NONE,NORMAL,LIKELY_INACTIVE,NORMAL,NONE
1775711012.5655158,33,93.37,200.00,-0.30,INACTIVE,NONE,NORMAL,LIKELY_INACTIVE,NORMAL,NONE
1775711012.5813327,33,93.31,200.00,-0.30,INACTIVE,NONE,NORMAL,LIKELY_INACTIVE,NORMAL,NONE
1775711012.596977,33,93.25,200.00,-0.30,INACTIVE,NONE,NORMAL,LIKELY_INACTIVE,NORMAL,NONE
1775711012.6132405,33,93.19,200.00,-0.30,INACTIVE,NONE,NORMAL,LIKELY_INACTIVE,NORMAL,NONE
1775711012.6294513,32,93.13,200.00,-0.31,INACTIVE,NONE,NORMAL,LIKELY_INACTIVE,NORMAL,NONE
1775711012.6451068,34,93.07,200.00,-0.30,INACTIVE,NONE,NORMAL,LIKELY_INACTIVE,NORMAL,NONE
1775711012.6612613,35,93.01,200.00,-0.29,INACTIVE,NONE,NORMAL,LIKELY_INACTIVE,NORMAL,NONE
1775711012.6771593,36,92.96,200.00,-0.28,INACTIVE,NONE,NORMAL,LIKELY_INACTIVE,NORMAL,NONE
1775711012.6929703,37,92.90,200.00,-0.28,INACTIVE,NONE,NORMAL,LIKELY_INACTIVE,NORMAL,NONE
1775711012.7089057,39,92.85,200.00,-0.27,INACTIVE,NONE,NORMAL,LIKELY_INACTIVE,NORMAL,NONE
1775711012.7253766,41,92.80,200.00,-0.26,INACTIVE,NONE,NORMAL,LIKELY_INACTIVE,NORMAL,NONE
1775711012.7413318,40,92.74,200.00,-0.26,INACTIVE,NONE,NORMAL,LIKELY_INACTIVE,NORMAL,NONE
1775711012.75751,40,92.69,200.00,-0.26,INACTIVE,NONE,NORMAL,LIKELY_INACTIVE,NORMAL,NONE
1775711012.7732718,44,92.64,200.00,-0.24,INACTIVE,NONE,NORMAL,LIKELY_INACTIVE,NORMAL,NONE
1775711012.7889304,43,92.59,200.00,-0.25,INACTIVE,NONE,NORMAL,LIKELY_INACTIVE,NORMAL,NONE
1775711012.8053079,39,92.54,200.00,-0.27,INACTIVE,NONE,NORMAL,LIKELY_INACTIVE,NORMAL,NONE
1775711012.8212066,38,92.48,200.00,-0.27,INACTIVE,NONE,NORMAL,LIKELY_INACTIVE,NORMAL,NONE
1775711012.8375633,37,92.43,200.00,-0.28,INACTIVE,NONE,NORMAL,LIKELY_INACTIVE,NORMAL,NONE
1775711012.8537772,34,92.37,200.00,-0.29,INACTIVE,NONE,NORMAL,LIKELY_INACTIVE,NORMAL,NONE
1775711012.86919,34,92.31,200.00,-0.29,INACTIVE,NONE,NORMAL,LIKELY_INACTIVE,NORMAL,NONE
1775711012.885347,36,92.26,200.00,-0.28,INACTIVE,NONE,NORMAL,LIKELY_INACTIVE,NORMAL,NONE
1775711012.901564,39,92.20,200.00,-0.27,INACTIVE,NONE,NORMAL,LIKELY_INACTIVE,NORMAL,NONE
1775711012.9175327,40,92.15,200.00,-0.26,INACTIVE,NONE,NORMAL,LIKELY_INACTIVE,NORMAL,NONE
1775711012.9331017,42,92.10,200.00,-0.25,INACTIVE,NONE,NORMAL,LIKELY_INACTIVE,NORMAL,NONE
1775711012.9488876,45,92.05,200.00,-0.24,INACTIVE,NONE,NORMAL,LIKELY_INACTIVE,NORMAL,NONE
1775711012.9648361,44,92.00,200.00,-0.24,INACTIVE,NONE,NORMAL,LIKELY_INACTIVE,NORMAL,NONE
1775711012.980991,43,91.96,200.00,-0.24,INACTIVE,NONE,NORMAL,LIKELY_INACTIVE,NORMAL,NONE
1775711012.9969082,45,91.91,200.00,-0.23,INACTIVE,NONE,NORMAL,LIKELY_INACTIVE,NORMAL,NONE
1775711013.0131962,42,91.86,200.00,-0.25,INACTIVE,NONE,NORMAL,LIKELY_INACTIVE,NORMAL,NONE
1775711013.0290432,39,91.81,200.00,-0.26,INACTIVE,NONE,NORMAL,LIKELY_INACTIVE,NORMAL,NONE
1775711013.045252,41,91.75,200.00,-0.25,INACTIVE,NONE,NORMAL,LIKELY_INACTIVE,NORMAL,NONE
1775711013.061109,41,91.70,200.00,-0.25,INACTIVE,NONE,NORMAL,LIKELY_INACTIVE,NORMAL,NONE
1775711013.077226,40,91.65,200.00,-0.26,INACTIVE,NONE,NORMAL,LIKELY_INACTIVE,NORMAL,NONE
1775711013.0932646,43,91.60,200.00,-0.24,INACTIVE,NONE,NORMAL,LIKELY_INACTIVE,NORMAL,NONE
1775711013.108993,45,91.56,200.00,-0.23,INACTIVE,NONE,NORMAL,LIKELY_INACTIVE,NORMAL,NONE
1775711013.1251385,43,91.51,200.00,-0.24,INACTIVE,NONE,NORMAL,LIKELY_INACTIVE,NORMAL,NONE
1775711013.141294,41,91.46,200.00,-0.25,INACTIVE,NONE,NORMAL,LIKELY_INACTIVE,NORMAL,NONE
1775711013.1567566,44,91.41,200.00,-0.24,INACTIVE,NONE,NORMAL,LIKELY_INACTIVE,NORMAL,NONE
1775711013.173235,42,91.36,200.00,-0.25,INACTIVE,NONE,NORMAL,LIKELY_INACTIVE,NORMAL,NONE
1775711013.189441,41,91.31,200.00,-0.25,INACTIVE,NONE,NORMAL,LIKELY_INACTIVE,NORMAL,NONE
1775711013.205249,45,91.26,200.00,-0.23,INACTIVE,NONE,NORMAL,LIKELY_INACTIVE,NORMAL,NONE
1775711013.2213423,48,91.22,200.00,-0.22,INACTIVE,NONE,NORMAL,LIKELY_INACTIVE,NORMAL,NONE
1775711013.237268,43,91.17,200.00,-0.24,INACTIVE,NONE,NORMAL,LIKELY_INACTIVE,NORMAL,NONE
1775711013.253313,48,91.13,200.00,-0.22,INACTIVE,NONE,NORMAL,LIKELY_INACTIVE,NORMAL,NONE
1775711013.269518,51,91.09,200.00,-0.20,INACTIVE,NONE,NORMAL,LIKELY_INACTIVE,NORMAL,NONE
1775711013.2847822,50,91.05,200.00,-0.21,INACTIVE,NONE,NORMAL,LIKELY_INACTIVE,NORMAL,NONE
1775711013.3013616,48,91.01,200.00,-0.22,INACTIVE,NONE,NORMAL,LIKELY_INACTIVE,NORMAL,NONE
1775711013.3172429,71,90.99,200.00,-0.10,INACTIVE,NONE,NORMAL,LIKELY_INACTIVE,NORMAL,NONE
1775711013.3331835,76,90.97,200.00,-0.07,INACTIVE,NONE,NORMAL,LIKELY_INACTIVE,NORMAL,NONE
1775711013.34959,77,90.96,200.00,-0.07,INACTIVE,NONE,NORMAL,LIKELY_INACTIVE,NORMAL,NONE
1775711013.3648977,95,90.96,200.00,0.02,INACTIVE,NONE,NORMAL,LIKELY_INACTIVE,NORMAL,NONE
1775711013.3815079,97,90.97,200.00,0.03,INACTIVE,NONE,NORMAL,LIKELY_INACTIVE,NORMAL,NONE
1775711013.3973153,84,90.96,200.00,-0.03,INACTIVE,NONE,NORMAL,LIKELY_INACTIVE,NORMAL,NONE
1775711013.413227,74,90.94,200.00,-0.08,INACTIVE,NONE,NORMAL,LIKELY_INACTIVE,NORMAL,NONE
1775711013.429554,70,90.92,200.00,-0.10,INACTIVE,NONE,NORMAL,LIKELY_INACTIVE,NORMAL,NONE
1775711013.4452868,50,90.88,200.00,-0.20,INACTIVE,NONE,NORMAL,LIKELY_INACTIVE,NORMAL,NONE
1775711013.4617393,49,90.84,200.00,-0.21,INACTIVE,NONE,NORMAL,LIKELY_INACTIVE,NORMAL,NONE
1775711013.477929,43,90.79,200.00,-0.24,INACTIVE,NONE,NORMAL,LIKELY_INACTIVE,NORMAL,NONE
1775711013.493639,44,90.74,200.00,-0.23,INACTIVE,NONE,NORMAL,LIKELY_INACTIVE,NORMAL,NONE
1775711013.5095456,42,90.70,200.00,-0.24,INACTIVE,NONE,NORMAL,LIKELY_INACTIVE,NORMAL,NONE
1775711013.525504,41,90.65,200.00,-0.25,INACTIVE,NONE,NORMAL,LIKELY_INACTIVE,NORMAL,NONE
1775711013.5413437,40,90.60,200.00,-0.25,INACTIVE,NONE,NORMAL,LIKELY_INACTIVE,NORMAL,NONE
1775711013.557393,37,90.54,200.00,-0.27,INACTIVE,NONE,NORMAL,LIKELY_INACTIVE,NORMAL,NONE
1775711013.5737267,37,90.49,200.00,-0.27,INACTIVE,NONE,NORMAL,LIKELY_INACTIVE,NORMAL,NONE
1775711013.589653,38,90.44,200.00,-0.26,INACTIVE,NONE,NORMAL,LIKELY_INACTIVE,NORMAL,NONE
1775711013.6049373,38,90.38,200.00,-0.26,INACTIVE,NONE,NORMAL,LIKELY_INACTIVE,NORMAL,NONE
1775711013.6214972,42,90.33,200.00,-0.24,INACTIVE,NONE,NORMAL,LIKELY_INACTIVE,NORMAL,NONE
1775711013.637538,43,90.29,200.00,-0.24,INACTIVE,NONE,NORMAL,LIKELY_INACTIVE,NORMAL,NONE
1775711013.6529243,42,90.24,200.00,-0.24,INACTIVE,NONE,NORMAL,LIKELY_INACTIVE,NORMAL,NONE
1775711013.6693661,41,90.19,200.00,-0.25,INACTIVE,NONE,NORMAL,LIKELY_INACTIVE,NORMAL,NONE
1775711013.685065,41,90.14,200.00,-0.25,INACTIVE,NONE,NORMAL,LIKELY_INACTIVE,NORMAL,NONE
1775711013.7008805,37,90.09,200.00,-0.27,INACTIVE,NONE,NORMAL,LIKELY_INACTIVE,NORMAL,NONE
1775711013.7170863,36,90.03,200.00,-0.27,INACTIVE,NONE,NORMAL,LIKELY_INACTIVE,NORMAL,NONE
1775711013.7330508,35,89.98,200.00,-0.27,INACTIVE,NONE,NORMAL,LIKELY_INACTIVE,NORMAL,NONE
1775711013.7492602,37,89.93,200.00,-0.26,INACTIVE,NONE,NORMAL,LIKELY_INACTIVE,NORMAL,NONE
1775711013.7652528,39,89.87,200.00,-0.25,INACTIVE,NONE,NORMAL,LIKELY_INACTIVE,NORMAL,NONE
1775711013.7816129,38,89.82,200.00,-0.26,INACTIVE,NONE,NORMAL,LIKELY_INACTIVE,NORMAL,NONE
1775711013.7978108,37,89.77,200.00,-0.26,INACTIVE,NONE,NORMAL,LIKELY_INACTIVE,NORMAL,NONE
1775711013.814057,38,89.72,200.00,-0.26,INACTIVE,NONE,NORMAL,LIKELY_INACTIVE,NORMAL,NONE
1775711013.829382,37,89.67,200.00,-0.26,INACTIVE,NONE,NORMAL,LIKELY_INACTIVE,NORMAL,NONE
1775711013.8454862,34,89.61,200.00,-0.28,INACTIVE,NONE,NORMAL,LIKELY_INACTIVE,NORMAL,NONE
1775711013.8616776,36,89.56,200.00,-0.27,INACTIVE,NONE,NORMAL,LIKELY_INACTIVE,NORMAL,NONE
1775711013.8792315,45,89.51,200.00,-0.22,INACTIVE,NONE,NORMAL,LIKELY_INACTIVE,NORMAL,NONE
1775711013.894627,45,89.47,200.00,-0.22,INACTIVE,NONE,NORMAL,LIKELY_INACTIVE,NORMAL,NONE
1775711013.9106429,59,89.44,200.00,-0.15,INACTIVE,NONE,NORMAL,LIKELY_INACTIVE,NORMAL,NONE
1775711013.9269888,75,89.42,200.00,-0.07,INACTIVE,NONE,NORMAL,LIKELY_INACTIVE,NORMAL,NONE
1775711013.9417865,85,89.42,200.00,-0.02,INACTIVE,NONE,NORMAL,LIKELY_INACTIVE,NORMAL,NONE
1775711013.9586349,81,89.41,200.00,-0.04,INACTIVE,NONE,NORMAL,LIKELY_INACTIVE,NORMAL,NONE
1775711013.9742239,82,89.40,200.00,-0.04,INACTIVE,NONE,NORMAL,LIKELY_INACTIVE,NORMAL,NONE
1775711013.9904175,68,89.38,200.00,-0.11,INACTIVE,NONE,NORMAL,LIKELY_INACTIVE,NORMAL,NONE
1775711014.0061314,52,89.34,200.00,-0.19,INACTIVE,NONE,NORMAL,LIKELY_INACTIVE,NORMAL,NONE
1775711014.0218463,43,89.30,200.00,-0.23,INACTIVE,NONE,NORMAL,LIKELY_INACTIVE,NORMAL,NONE
1775711014.0374618,42,89.25,200.00,-0.24,INACTIVE,NONE,NORMAL,LIKELY_INACTIVE,NORMAL,NONE
1775711014.0537503,43,89.20,200.00,-0.23,INACTIVE,NONE,NORMAL,LIKELY_INACTIVE,NORMAL,NONE
1775711014.0693605,42,89.16,200.00,-0.24,INACTIVE,NONE,NORMAL,LIKELY_INACTIVE,NORMAL,NONE
1775711014.0855443,42,89.11,200.00,-0.24,INACTIVE,NONE,NORMAL,LIKELY_INACTIVE,NORMAL,NONE
1775711014.1014335,42,89.06,200.00,-0.24,INACTIVE,NONE,NORMAL,LIKELY_INACTIVE,NORMAL,NONE
1775711014.1176505,38,89.01,200.00,-0.26,INACTIVE,NONE,NORMAL,LIKELY_INACTIVE,NORMAL,NONE
1775711014.1332994,34,88.96,200.00,-0.27,INACTIVE,NONE,NORMAL,LIKELY_INACTIVE,NORMAL,NONE
1775711014.1494412,36,88.90,200.00,-0.26,INACTIVE,NONE,NORMAL,LIKELY_INACTIVE,NORMAL,NONE
1775711014.165301,42,88.86,200.00,-0.23,INACTIVE,NONE,NORMAL,LIKELY_INACTIVE,NORMAL,NONE
1775711014.1813588,50,88.82,200.00,-0.19,INACTIVE,NONE,NORMAL,LIKELY_INACTIVE,NORMAL,NONE
1775711014.197269,64,88.79,200.00,-0.12,INACTIVE,NONE,NORMAL,LIKELY_INACTIVE,NORMAL,NONE
1775711014.213397,90,88.79,200.00,0.01,INACTIVE,NONE,NORMAL,LIKELY_INACTIVE,NORMAL,NONE
1775711014.229099,223,88.93,200.00,0.67,INACTIVE,NONE,NORMAL,LIKELY_INACTIVE,NORMAL,NONE
1775711014.2451975,580,88.93,200.00,2.46,INACTIVE,NONE,NORMAL,LIKELY_INACTIVE,NORMAL,NONE
1775711014.2613165,962,88.93,200.00,4.37,INACTIVE,NONE,NORMAL,LIKELY_INACTIVE,NORMAL,NONE
1775711014.277099,1381,88.93,200.00,6.46,INACTIVE,NONE,NORMAL,LIKELY_INACTIVE,NORMAL,NONE
1775711014.2933512,1731,88.93,200.00,8.21,INACTIVE,NONE,NORMAL,LIKELY_INACTIVE,NORMAL,NONE
1775711014.3095627,2012,88.93,200.00,9.62,INACTIVE,NONE,NORMAL,LIKELY_INACTIVE,NORMAL,NONE
1775711014.3252156,2101,88.93,200.00,10.06,INACTIVE,NONE,NORMAL,LIKELY_INACTIVE,NORMAL,NONE
1775711014.3413777,2136,88.93,200.00,10.24,INACTIVE,NONE,NORMAL,LIKELY_INACTIVE,NORMAL,NONE
1775711014.3573,2217,88.93,200.00,10.64,INACTIVE,NONE,NORMAL,LIKELY_INACTIVE,NORMAL,NONE
1775711014.3732507,2284,88.93,200.00,10.98,INACTIVE,NONE,NORMAL,LIKELY_INACTIVE,NORMAL,NONE
1775711014.389258,2332,88.93,200.00,11.22,INACTIVE,NONE,NORMAL,LIKELY_INACTIVE,NORMAL,NONE
1775711014.405258,2402,88.93,200.00,11.57,INACTIVE,NONE,NORMAL,LIKELY_INACTIVE,NORMAL,NONE
1775711014.4209416,2578,88.93,200.00,12.45,INACTIVE,NONE,NORMAL,LIKELY_INACTIVE,NORMAL,NONE
1775711014.437256,2782,88.93,200.00,13.47,INACTIVE,NONE,NORMAL,LIKELY_INACTIVE,NORMAL,NONE
1775711014.4530356,3100,88.93,200.00,15.06,INACTIVE,NONE,NORMAL,LIKELY_INACTIVE,NORMAL,NONE
1775711014.4691129,3382,88.93,200.00,16.47,INACTIVE,NONE,NORMAL,LIKELY_INACTIVE,NORMAL,NONE
1775711014.485492,3669,88.93,200.00,17.90,INACTIVE,NONE,NORMAL,LIKELY_INACTIVE,NORMAL,NONE
1775711014.5012805,3941,88.93,200.00,19.26,INACTIVE,NONE,NORMAL,LIKELY_INACTIVE,NORMAL,NONE
1775711014.5174139,4231,88.93,200.00,20.71,INACTIVE,NONE,NORMAL,LIKELY_INACTIVE,NORMAL,NONE
1775711014.5329566,4562,88.93,200.00,22.37,INACTIVE,NONE,NORMAL,LIKELY_INACTIVE,NORMAL,NONE
1775711014.5493183,4885,88.93,200.00,23.98,INACTIVE,NONE,NORMAL,LIKELY_INACTIVE,NORMAL,NONE
1775711014.5653782,5212,88.93,200.00,25.62,INACTIVE,NONE,NORMAL,LIKELY_INACTIVE,NORMAL,NONE
1775711014.5814235,5455,88.93,200.00,26.83,INACTIVE,NONE,NORMAL,LIKELY_INACTIVE,NORMAL,NONE
1775711014.5973606,5624,88.93,200.00,27.68,INACTIVE,NONE,NORMAL,LIKELY_INACTIVE,NORMAL,NONE
1775711014.6132636,5729,88.93,200.00,28.20,INACTIVE,NONE,NORMAL,LIKELY_INACTIVE,NORMAL,NONE
1775711014.6293647,5891,88.93,200.00,29.01,INACTIVE,NONE,NORMAL,LIKELY_INACTIVE,NORMAL,NONE
1775711014.6451144,6010,88.93,200.00,29.61,INACTIVE,NONE,NORMAL,LIKELY_INACTIVE,NORMAL,NONE
1775711014.6615665,6259,88.93,200.00,30.85,INACTIVE,NONE,NORMAL,LIKELY_INACTIVE,NORMAL,NONE
1775711014.677477,6608,88.93,200.00,32.60,INACTIVE,NONE,NORMAL,LIKELY_INACTIVE,NORMAL,NONE
1775711014.6933713,7141,88.93,200.00,35.26,INACTIVE,NONE,NORMAL,LIKELY_INACTIVE,NORMAL,NONE
1775711014.709625,7547,88.93,200.00,37.29,INACTIVE,NONE,NORMAL,LIKELY_INACTIVE,NORMAL,NONE
1775711014.7256472,7953,88.93,200.00,39.32,INACTIVE,NONE,NORMAL,LIKELY_INACTIVE,NORMAL,NONE
1775711014.7416782,8235,88.93,200.00,40.73,INACTIVE,NONE,NORMAL,LIKELY_INACTIVE,NORMAL,NONE
1775711014.7573876,8353,88.93,200.00,41.32,INACTIVE,NONE,NORMAL,LIKELY_INACTIVE,NORMAL,NONE
1775711014.773407,8473,88.93,200.00,41.92,INACTIVE,NONE,NORMAL,LIKELY_INACTIVE,NORMAL,NONE
1775711014.7893574,8516,88.93,200.00,42.14,INACTIVE,NONE,NORMAL,LIKELY_INACTIVE,NORMAL,NONE
1775711014.8053837,8412,88.93,200.00,41.62,INACTIVE,NONE,NORMAL,LIKELY_INACTIVE,NORMAL,NONE
1775711014.8212564,8441,88.93,200.00,41.76,INACTIVE,NONE,NORMAL,LIKELY_INACTIVE,NORMAL,NONE
1775711014.837431,8681,88.93,200.00,42.96,INACTIVE,NONE,NORMAL,LIKELY_INACTIVE,NORMAL,NONE
1775711014.8528512,8681,88.93,200.00,42.96,INACTIVE,NONE,NORMAL,LIKELY_INACTIVE,NORMAL,NONE
1775711014.8690567,9289,88.93,200.00,46.00,INACTIVE,NONE,NORMAL,LIKELY_INACTIVE,NORMAL,NONE
1775711014.8848526,9908,88.93,200.00,49.10,INACTIVE,NONE,NORMAL,LIKELY_INACTIVE,NORMAL,NONE
1775711014.9013066,10630,88.93,200.00,52.71,INACTIVE,NONE,NORMAL,LIKELY_INACTIVE,NORMAL,NONE
1775711014.9178884,11603,88.93,200.00,57.57,INACTIVE,NONE,NORMAL,LIKELY_INACTIVE,NORMAL,NONE
1775711014.9332771,12747,88.93,200.00,63.29,INACTIVE,NONE,NORMAL,LIKELY_INACTIVE,NORMAL,NONE
1775711014.9490075,13398,88.93,200.00,66.55,INACTIVE,NONE,NORMAL,LIKELY_INACTIVE,NORMAL,NONE
1775711014.9653604,14030,88.93,200.00,69.71,INACTIVE,NONE,NORMAL,LIKELY_INACTIVE,NORMAL,NONE
1775711014.981329,14401,88.93,200.00,71.56,INACTIVE,NONE,NORMAL,LIKELY_INACTIVE,NORMAL,NONE
1775711014.99725,14555,88.93,200.00,72.33,INACTIVE,NONE,NORMAL,LIKELY_INACTIVE,NORMAL,NONE
1775711015.0136094,14467,88.93,200.00,71.89,INACTIVE,NONE,NORMAL,LIKELY_INACTIVE,NORMAL,NONE
1775711015.02907,14371,88.93,200.00,71.41,INACTIVE,NONE,NORMAL,LIKELY_INACTIVE,NORMAL,NONE
1775711015.045294,13944,88.93,200.00,69.28,INACTIVE,NONE,NORMAL,LIKELY_INACTIVE,NORMAL,NONE
1775711015.0614913,12976,88.93,200.00,64.44,INACTIVE,NONE,NORMAL,LIKELY_INACTIVE,NORMAL,NONE
1775711015.077415,10899,88.93,200.00,54.05,INACTIVE,NONE,NORMAL,LIKELY_INACTIVE,NORMAL,NONE
1775711015.093105,8801,88.93,200.00,43.56,INACTIVE,NONE,NORMAL,LIKELY_INACTIVE,NORMAL,NONE
1775711015.1096425,6610,88.93,200.00,32.61,INACTIVE,NONE,NORMAL,LIKELY_INACTIVE,NORMAL,NONE
1775711015.125471,4761,88.93,200.00,23.36,INACTIVE,NONE,NORMAL,LIKELY_INACTIVE,NORMAL,NONE
1775711015.141133,3401,88.93,200.00,16.56,INACTIVE,NONE,NORMAL,LIKELY_INACTIVE,NORMAL,NONE
1775711015.157451,2831,88.93,200.00,13.71,INACTIVE,NONE,NORMAL,LIKELY_INACTIVE,NORMAL,NONE
1775711015.1733174,2328,88.93,200.00,11.20,INACTIVE,NONE,NORMAL,LIKELY_INACTIVE,NORMAL,NONE
1775711015.1895075,1923,88.93,200.00,9.17,INACTIVE,NONE,NORMAL,LIKELY_INACTIVE,NORMAL,NONE
1775711015.205449,1589,88.93,200.00,7.50,INACTIVE,NONE,NORMAL,LIKELY_INACTIVE,NORMAL,NONE
1775711015.2210705,1301,88.93,200.00,6.06,INACTIVE,NONE,NORMAL,LIKELY_INACTIVE,NORMAL,NONE
1775711015.237627,1047,88.93,200.00,4.79,INACTIVE,NONE,NORMAL,LIKELY_INACTIVE,NORMAL,NONE
1775711015.2532504,823,88.93,200.00,3.67,INACTIVE,NONE,NORMAL,LIKELY_INACTIVE,NORMAL,NONE
1775711015.2691946,626,88.93,200.00,2.69,INACTIVE,NONE,NORMAL,LIKELY_INACTIVE,NORMAL,NONE
1775711015.285201,449,88.93,200.00,1.80,INACTIVE,NONE,NORMAL,LIKELY_INACTIVE,NORMAL,NONE
1775711015.3013065,300,88.93,200.00,1.06,INACTIVE,NONE,NORMAL,LIKELY_INACTIVE,NORMAL,NONE
1775711015.3175447,197,89.04,200.00,0.54,INACTIVE,NONE,NORMAL,LIKELY_INACTIVE,NORMAL,NONE
1775711015.3333867,145,89.09,200.00,0.28,INACTIVE,NONE,NORMAL,LIKELY_INACTIVE,NORMAL,NONE
1775711015.3493223,130,89.13,200.00,0.20,INACTIVE,NONE,NORMAL,LIKELY_INACTIVE,NORMAL,NONE
1775711015.3651497,157,89.20,200.00,0.34,INACTIVE,NONE,NORMAL,LIKELY_INACTIVE,NORMAL,NONE
1775711015.381327,219,89.33,200.00,0.65,INACTIVE,NONE,NORMAL,LIKELY_INACTIVE,NORMAL,NONE
1775711015.3970704,285,89.53,200.00,0.98,INACTIVE,NONE,NORMAL,LIKELY_INACTIVE,NORMAL,NONE
1775711015.4135928,337,89.53,200.00,1.24,INACTIVE,NONE,NORMAL,LIKELY_INACTIVE,NORMAL,NONE
1775711015.4295151,382,89.53,200.00,1.46,INACTIVE,NONE,NORMAL,LIKELY_INACTIVE,NORMAL,NONE
1775711015.4452536,423,89.53,200.00,1.67,INACTIVE,NONE,NORMAL,LIKELY_INACTIVE,NORMAL,NONE
1775711015.4610045,454,89.53,200.00,1.82,INACTIVE,NONE,NORMAL,LIKELY_INACTIVE,NORMAL,NONE
1775711015.4774523,480,89.53,200.00,1.95,INACTIVE,NONE,NORMAL,LIKELY_INACTIVE,NORMAL,NONE
1775711015.493629,504,89.53,200.00,2.07,INACTIVE,NONE,NORMAL,LIKELY_INACTIVE,NORMAL,NONE
1775711015.5098653,532,89.53,200.00,2.21,INACTIVE,NONE,NORMAL,LIKELY_INACTIVE,NORMAL,NONE
1775711015.525731,553,89.53,200.00,2.32,INACTIVE,NONE,NORMAL,LIKELY_INACTIVE,NORMAL,NONE
1775711015.5422127,565,89.53,200.00,2.38,INACTIVE,NONE,NORMAL,LIKELY_INACTIVE,NORMAL,NONE
1775711015.557783,574,89.53,200.00,2.42,INACTIVE,NONE,NORMAL,LIKELY_INACTIVE,NORMAL,NONE
1775711015.5738587,581,89.53,200.00,2.46,INACTIVE,NONE,NORMAL,LIKELY_INACTIVE,NORMAL,NONE
1775711015.5903566,584,89.53,200.00,2.47,INACTIVE,NONE,NORMAL,LIKELY_INACTIVE,NORMAL,NONE
1775711015.605865,579,89.53,200.00,2.45,INACTIVE,NONE,NORMAL,LIKELY_INACTIVE,NORMAL,NONE
1775711015.621734,569,89.53,200.00,2.40,INACTIVE,NONE,NORMAL,LIKELY_INACTIVE,NORMAL,NONE
1775711015.6380236,567,89.53,200.00,2.39,INACTIVE,NONE,NORMAL,LIKELY_INACTIVE,NORMAL,NONE
1775711015.653652,563,89.53,200.00,2.37,INACTIVE,NONE,NORMAL,LIKELY_INACTIVE,NORMAL,NONE
1775711015.6698859,555,89.53,200.00,2.33,INACTIVE,NONE,NORMAL,LIKELY_INACTIVE,NORMAL,NONE
1775711015.6859767,548,89.53,200.00,2.29,INACTIVE,NONE,NORMAL,LIKELY_INACTIVE,NORMAL,NONE
1775711015.7014577,544,89.53,200.00,2.27,INACTIVE,NONE,NORMAL,LIKELY_INACTIVE,NORMAL,NONE
1775711015.7181115,527,89.53,200.00,2.19,INACTIVE,NONE,NORMAL,LIKELY_INACTIVE,NORMAL,NONE
1775711015.7339668,508,89.53,200.00,2.09,INACTIVE,NONE,NORMAL,LIKELY_INACTIVE,NORMAL,NONE
1775711015.7496865,498,89.53,200.00,2.04,INACTIVE,NONE,NORMAL,LIKELY_INACTIVE,NORMAL,NONE
1775711015.765574,491,89.53,200.00,2.01,INACTIVE,NONE,NORMAL,LIKELY_INACTIVE,NORMAL,NONE
1775711015.7810059,486,89.53,200.00,1.98,INACTIVE,NONE,NORMAL,LIKELY_INACTIVE,NORMAL,NONE
1775711015.7970316,475,89.53,200.00,1.93,INACTIVE,NONE,NORMAL,LIKELY_INACTIVE,NORMAL,NONE
1775711015.8134706,465,89.53,200.00,1.88,INACTIVE,NONE,NORMAL,LIKELY_INACTIVE,NORMAL,NONE
1775711015.8293624,448,89.53,200.00,1.79,INACTIVE,NONE,NORMAL,LIKELY_INACTIVE,NORMAL,NONE
1775711015.8452702,432,89.53,200.00,1.71,INACTIVE,NONE,NORMAL,LIKELY_INACTIVE,NORMAL,NONE
1775711015.861331,416,89.53,200.00,1.63,INACTIVE,NONE,NORMAL,LIKELY_INACTIVE,NORMAL,NONE
1775711015.8778465,409,89.53,200.00,1.60,INACTIVE,NONE,NORMAL,LIKELY_INACTIVE,NORMAL,NONE
1775711015.8933568,405,89.53,200.00,1.58,INACTIVE,NONE,NORMAL,LIKELY_INACTIVE,NORMAL,NONE
1775711015.9098282,395,89.53,200.00,1.53,INACTIVE,NONE,NORMAL,LIKELY_INACTIVE,NORMAL,NONE
1775711015.9261613,386,89.53,200.00,1.48,INACTIVE,NONE,NORMAL,LIKELY_INACTIVE,NORMAL,NONE
1775711015.9420552,372,89.53,200.00,1.41,INACTIVE,NONE,NORMAL,LIKELY_INACTIVE,NORMAL,NONE
1775711015.9581542,359,89.53,200.00,1.35,INACTIVE,NONE,NORMAL,LIKELY_INACTIVE,NORMAL,NONE
1775711015.973817,343,89.53,200.00,1.27,INACTIVE,NONE,NORMAL,LIKELY_INACTIVE,NORMAL,NONE
1775711015.9896293,336,89.53,200.00,1.23,INACTIVE,NONE,NORMAL,LIKELY_INACTIVE,NORMAL,NONE
1775711016.006114,324,89.53,200.00,1.17,INACTIVE,NONE,NORMAL,LIKELY_INACTIVE,NORMAL,NONE
1775711016.021807,314,89.53,200.00,1.12,INACTIVE,NONE,NORMAL,LIKELY_INACTIVE,NORMAL,NONE
1775711016.037824,308,89.53,200.00,1.09,INACTIVE,NONE,NORMAL,LIKELY_INACTIVE,NORMAL,NONE
1775711016.054184,302,89.53,200.00,1.06,INACTIVE,NONE,NORMAL,LIKELY_INACTIVE,NORMAL,NONE
1775711016.0700784,300,89.53,200.00,1.05,INACTIVE,NONE,NORMAL,LIKELY_INACTIVE,NORMAL,NONE
1775711016.0855832,290,89.53,200.00,1.00,INACTIVE,NONE,NORMAL,LIKELY_INACTIVE,NORMAL,NONE
1775711016.1013904,277,89.71,200.00,0.94,INACTIVE,NONE,NORMAL,LIKELY_INACTIVE,NORMAL,NONE
1775711016.1175702,265,89.89,200.00,0.88,INACTIVE,NONE,NORMAL,LIKELY_INACTIVE,NORMAL,NONE
1775711016.1340988,251,90.05,200.00,0.80,INACTIVE,NONE,NORMAL,LIKELY_INACTIVE,NORMAL,NONE
1775711016.1497805,232,90.19,200.00,0.71,INACTIVE,NONE,NORMAL,LIKELY_INACTIVE,NORMAL,NONE
1775711016.1660755,224,90.33,200.00,0.67,INACTIVE,NONE,NORMAL,LIKELY_INACTIVE,NORMAL,NONE
1775711016.1817422,218,90.45,200.00,0.64,INACTIVE,NONE,NORMAL,LIKELY_INACTIVE,NORMAL,NONE
1775711016.197203,212,90.57,200.00,0.61,INACTIVE,NONE,NORMAL,LIKELY_INACTIVE,NORMAL,NONE
1775711016.213272,210,90.69,200.00,0.60,INACTIVE,NONE,NORMAL,LIKELY_INACTIVE,NORMAL,NONE
1775711016.22959,209,90.81,200.00,0.59,INACTIVE,NONE,NORMAL,LIKELY_INACTIVE,NORMAL,NONE
1775711016.245045,206,90.93,200.00,0.58,INACTIVE,NONE,NORMAL,LIKELY_INACTIVE,NORMAL,NONE
1775711016.2614746,205,91.04,200.00,0.57,INACTIVE,NONE,NORMAL,LIKELY_INACTIVE,NORMAL,NONE
1775711016.2778013,205,91.16,200.00,0.57,INACTIVE,NONE,NORMAL,LIKELY_INACTIVE,NORMAL,NONE
1775711016.2932348,198,91.26,200.00,0.53,INACTIVE,NONE,NORMAL,LIKELY_INACTIVE,NORMAL,NONE
1775711016.309727,181,91.35,200.00,0.45,INACTIVE,NONE,NORMAL,LIKELY_INACTIVE,NORMAL,NONE
1775711016.3261971,157,91.42,200.00,0.33,INACTIVE,NONE,NORMAL,LIKELY_INACTIVE,NORMAL,NONE
1775711016.3423076,132,91.46,200.00,0.20,INACTIVE,NONE,NORMAL,LIKELY_INACTIVE,NORMAL,NONE
1775711016.3579648,122,91.49,200.00,0.15,INACTIVE,NONE,NORMAL,LIKELY_INACTIVE,NORMAL,NONE
1775711016.3733015,119,91.52,200.00,0.14,INACTIVE,NONE,NORMAL,LIKELY_INACTIVE,NORMAL,NONE
1775711016.3890698,134,91.56,200.00,0.21,INACTIVE,NONE,NORMAL,LIKELY_INACTIVE,NORMAL,NONE
1775711016.404852,158,91.63,200.00,0.33,INACTIVE,NONE,NORMAL,LIKELY_INACTIVE,NORMAL,NONE
1775711016.4221249,181,91.72,200.00,0.45,INACTIVE,NONE,NORMAL,LIKELY_INACTIVE,NORMAL,NONE
1775711016.4378703,188,91.81,200.00,0.48,INACTIVE,NONE,NORMAL,LIKELY_INACTIVE,NORMAL,NONE
1775711016.4541795,188,91.91,200.00,0.48,INACTIVE,NONE,NORMAL,LIKELY_INACTIVE,NORMAL,NONE
1775711016.4697697,180,92.00,200.00,0.44,INACTIVE,NONE,NORMAL,LIKELY_INACTIVE,NORMAL,NONE
1775711016.4850674,175,92.08,200.00,0.41,INACTIVE,NONE,NORMAL,LIKELY_INACTIVE,NORMAL,NONE
1775711016.5010955,180,92.17,200.00,0.44,INACTIVE,NONE,NORMAL,LIKELY_INACTIVE,NORMAL,NONE
1775711016.5174093,174,92.25,200.00,0.41,INACTIVE,NONE,NORMAL,LIKELY_INACTIVE,NORMAL,NONE
1775711016.5338538,165,92.32,200.00,0.36,INACTIVE,NONE,NORMAL,LIKELY_INACTIVE,NORMAL,NONE
1775711016.5499501,146,92.37,200.00,0.27,INACTIVE,NONE,NORMAL,LIKELY_INACTIVE,NORMAL,NONE
1775711016.565964,119,92.40,200.00,0.13,INACTIVE,NONE,NORMAL,LIKELY_INACTIVE,NORMAL,NONE
1775711016.58148,86,92.40,200.00,-0.03,INACTIVE,NONE,NORMAL,LIKELY_INACTIVE,NORMAL,NONE
1775711016.597018,76,92.38,200.00,-0.08,INACTIVE,NONE,NORMAL,LIKELY_INACTIVE,NORMAL,NONE
1775711016.6132946,74,92.36,200.00,-0.09,INACTIVE,NONE,NORMAL,LIKELY_INACTIVE,NORMAL,NONE
1775711016.6290534,93,92.36,200.00,0.00,INACTIVE,NONE,NORMAL,LIKELY_INACTIVE,NORMAL,NONE
1775711016.6452677,122,92.39,200.00,0.15,INACTIVE,NONE,NORMAL,LIKELY_INACTIVE,NORMAL,NONE
1775711016.6615014,153,92.45,200.00,0.30,INACTIVE,NONE,NORMAL,LIKELY_INACTIVE,NORMAL,NONE
1775711016.6775432,166,92.52,200.00,0.37,INACTIVE,NONE,NORMAL,LIKELY_INACTIVE,NORMAL,NONE
1775711016.6936083,168,92.60,200.00,0.38,INACTIVE,NONE,NORMAL,LIKELY_INACTIVE,NORMAL,NONE
1775711016.709562,150,92.66,200.00,0.29,INACTIVE,NONE,NORMAL,LIKELY_INACTIVE,NORMAL,NONE
1775711016.7253423,120,92.68,200.00,0.14,INACTIVE,NONE,NORMAL,LIKELY_INACTIVE,NORMAL,NONE
1775711016.741617,244,92.84,200.00,0.76,INACTIVE,NONE,NORMAL,LIKELY_INACTIVE,NORMAL,NONE
1775711016.7575965,222,92.97,200.00,0.65,INACTIVE,NONE,NORMAL,LIKELY_INACTIVE,NORMAL,NONE
1775711016.77366,220,93.09,200.00,0.63,INACTIVE,NONE,NORMAL,LIKELY_INACTIVE,NORMAL,NONE
1775711016.7895138,247,93.25,200.00,0.77,INACTIVE,NONE,NORMAL,LIKELY_INACTIVE,NORMAL,NONE
1775711016.805998,292,93.45,200.00,0.99,INACTIVE,NONE,NORMAL,LIKELY_INACTIVE,NORMAL,NONE
1775711016.8218904,183,93.53,200.00,0.45,INACTIVE,NONE,NORMAL,LIKELY_INACTIVE,NORMAL,NONE
1775711016.8377864,224,93.67,200.00,0.65,INACTIVE,NONE,NORMAL,LIKELY_INACTIVE,NORMAL,NONE
1775711016.854001,274,93.85,200.00,0.90,INACTIVE,NONE,NORMAL,LIKELY_INACTIVE,NORMAL,NONE
1775711016.8698473,310,93.85,200.00,1.08,INACTIVE,NONE,NORMAL,LIKELY_INACTIVE,NORMAL,NONE
1775711016.88573,389,93.85,200.00,1.48,INACTIVE,NONE,NORMAL,LIKELY_INACTIVE,NORMAL,NONE
1775711016.901801,417,93.85,200.00,1.62,INACTIVE,NONE,NORMAL,LIKELY_INACTIVE,NORMAL,NONE
1775711016.9170835,412,93.85,200.00,1.59,INACTIVE,NONE,NORMAL,LIKELY_INACTIVE,NORMAL,NONE
1775711016.933805,362,93.85,200.00,1.34,INACTIVE,NONE,NORMAL,LIKELY_INACTIVE,NORMAL,NONE
1775711016.9493976,308,93.85,200.00,1.07,INACTIVE,NONE,NORMAL,LIKELY_INACTIVE,NORMAL,NONE
1775711016.9663446,222,93.97,200.00,0.64,INACTIVE,NONE,NORMAL,LIKELY_INACTIVE,NORMAL,NONE
1775711016.9819832,210,94.09,200.00,0.58,INACTIVE,NONE,NORMAL,LIKELY_INACTIVE,NORMAL,NONE
1775711016.9974847,264,94.26,200.00,0.85,INACTIVE,NONE,NORMAL,LIKELY_INACTIVE,NORMAL,NONE
1775711017.0133622,351,94.26,200.00,1.28,INACTIVE,NONE,NORMAL,LIKELY_INACTIVE,NORMAL,NONE
1775711017.029663,429,94.26,200.00,1.67,INACTIVE,NONE,NORMAL,LIKELY_INACTIVE,NORMAL,NONE
1775711017.045696,477,94.26,200.00,1.91,INACTIVE,NONE,NORMAL,LIKELY_INACTIVE,NORMAL,NONE
1775711017.061353,482,94.26,200.00,1.94,INACTIVE,NONE,NORMAL,LIKELY_INACTIVE,NORMAL,NONE
1775711017.077373,453,94.26,200.00,1.79,INACTIVE,NONE,NORMAL,LIKELY_INACTIVE,NORMAL,NONE
1775711017.0934098,420,94.26,200.00,1.63,INACTIVE,NONE,NORMAL,LIKELY_INACTIVE,NORMAL,NONE
1775711017.109699,387,94.26,200.00,1.46,INACTIVE,NONE,NORMAL,LIKELY_INACTIVE,NORMAL,NONE
1775711017.1256435,363,94.26,200.00,1.34,INACTIVE,NONE,NORMAL,LIKELY_INACTIVE,NORMAL,NONE
1775711017.1420252,376,94.26,200.00,1.41,INACTIVE,NONE,NORMAL,LIKELY_INACTIVE,NORMAL,NONE
1775711017.1574383,391,94.26,200.00,1.48,INACTIVE,NONE,NORMAL,LIKELY_INACTIVE,NORMAL,NONE
1775711017.1741574,342,94.26,200.00,1.24,INACTIVE,NONE,NORMAL,LIKELY_INACTIVE,NORMAL,NONE
1775711017.1899052,339,94.26,200.00,1.22,INACTIVE,NONE,NORMAL,LIKELY_INACTIVE,NORMAL,NONE
1775711017.2057898,425,94.26,200.00,1.65,INACTIVE,NONE,NORMAL,LIKELY_INACTIVE,NORMAL,NONE
1775711017.2214763,737,94.26,200.00,3.21,INACTIVE,NONE,NORMAL,LIKELY_INACTIVE,NORMAL,NONE
1775711017.2381353,1270,94.26,200.00,5.88,INACTIVE,NONE,NORMAL,LIKELY_INACTIVE,NORMAL,NONE
1775711017.2538466,1741,94.26,200.00,8.23,INACTIVE,NONE,NORMAL,LIKELY_INACTIVE,NORMAL,NONE
1775711017.269732,2132,94.26,200.00,10.19,INACTIVE,NONE,NORMAL,LIKELY_INACTIVE,NORMAL,NONE
1775711017.2859282,2457,94.26,200.00,11.81,INACTIVE,NONE,NORMAL,LIKELY_INACTIVE,NORMAL,NONE
1775711017.301915,2532,94.26,200.00,12.19,INACTIVE,NONE,NORMAL,LIKELY_INACTIVE,NORMAL,NONE
1775711017.3178012,2309,94.26,200.00,11.07,INACTIVE,NONE,NORMAL,LIKELY_INACTIVE,NORMAL,NONE
1775711017.333686,2189,94.26,200.00,10.47,INACTIVE,NONE,NORMAL,LIKELY_INACTIVE,NORMAL,NONE
1775711017.3497086,2087,94.26,200.00,9.96,INACTIVE,NONE,NORMAL,LIKELY_INACTIVE,NORMAL,NONE
1775711017.36573,1913,94.26,200.00,9.09,INACTIVE,NONE,NORMAL,LIKELY_INACTIVE,NORMAL,NONE
1775711017.3814993,1691,94.26,200.00,7.98,INACTIVE,NONE,NORMAL,LIKELY_INACTIVE,NORMAL,NONE
1775711017.397526,1469,94.26,200.00,6.87,INACTIVE,NONE,NORMAL,LIKELY_INACTIVE,NORMAL,NONE
1775711017.4137383,1180,94.26,200.00,5.43,INACTIVE,NONE,NORMAL,LIKELY_INACTIVE,NORMAL,NONE
1775711017.4293072,879,94.26,200.00,3.92,INACTIVE,NONE,NORMAL,LIKELY_INACTIVE,NORMAL,NONE
1775711017.4456494,608,94.26,200.00,2.57,INACTIVE,NONE,NORMAL,LIKELY_INACTIVE,NORMAL,NONE
1775711017.4615781,385,94.26,200.00,1.45,INACTIVE,NONE,NORMAL,LIKELY_INACTIVE,NORMAL,NONE
1775711017.4773066,240,94.41,200.00,0.73,INACTIVE,NONE,NORMAL,LIKELY_INACTIVE,NORMAL,NONE
1775711017.4934278,201,94.51,200.00,0.53,INACTIVE,NONE,NORMAL,LIKELY_INACTIVE,NORMAL,NONE
1775711017.5100405,812,94.51,200.00,3.59,INACTIVE,NONE,NORMAL,LIKELY_INACTIVE,NORMAL,NONE
1775711017.5253146,1652,94.51,200.00,7.79,INACTIVE,NONE,NORMAL,LIKELY_INACTIVE,NORMAL,NONE
1775711017.5417778,2671,94.51,200.00,12.88,INACTIVE,NONE,NORMAL,LIKELY_INACTIVE,NORMAL,NONE
1775711017.5573962,3577,94.51,200.00,17.41,INACTIVE,NONE,NORMAL,LIKELY_INACTIVE,NORMAL,NONE
1775711017.5733898,4551,94.51,200.00,22.28,INACTIVE,NONE,NORMAL,LIKELY_INACTIVE,NORMAL,NONE
1775711017.5894299,5092,94.51,200.00,24.99,INACTIVE,NONE,NORMAL,LIKELY_INACTIVE,NORMAL,NONE
1775711017.6053133,5470,94.51,200.00,26.88,INACTIVE,NONE,NORMAL,LIKELY_INACTIVE,NORMAL,NONE
1775711017.6215012,5634,94.51,200.00,27.70,INACTIVE,NONE,NORMAL,LIKELY_INACTIVE,NORMAL,NONE
1775711017.6376407,5813,94.51,200.00,28.59,INACTIVE,NONE,NORMAL,LIKELY_INACTIVE,NORMAL,NONE
1775711017.653202,5884,94.51,200.00,28.95,INACTIVE,NONE,NORMAL,LIKELY_INACTIVE,NORMAL,NONE
1775711017.6693056,5632,94.51,200.00,27.69,INACTIVE,NONE,NORMAL,LIKELY_INACTIVE,NORMAL,NONE
1775711017.6853642,5492,94.51,200.00,26.99,INACTIVE,NONE,NORMAL,LIKELY_INACTIVE,NORMAL,NONE
1775711017.7015154,5560,94.51,200.00,27.33,INACTIVE,NONE,NORMAL,LIKELY_INACTIVE,NORMAL,NONE
1775711017.717523,5445,94.51,200.00,26.75,INACTIVE,NONE,NORMAL,LIKELY_INACTIVE,NORMAL,NONE
1775711017.73354,5240,94.51,200.00,25.73,INACTIVE,NONE,NORMAL,LIKELY_INACTIVE,NORMAL,NONE
1775711017.7491581,5241,94.51,200.00,25.73,INACTIVE,NONE,NORMAL,LIKELY_INACTIVE,NORMAL,NONE
1775711017.7652986,5189,94.51,200.00,25.47,INACTIVE,NONE,NORMAL,LIKELY_INACTIVE,NORMAL,NONE
1775711017.7811463,5102,94.51,200.00,25.04,INACTIVE,NONE,NORMAL,LIKELY_INACTIVE,NORMAL,NONE
1775711017.7975087,5359,94.51,200.00,26.32,INACTIVE,NONE,NORMAL,LIKELY_INACTIVE,NORMAL,NONE
1775711017.813484,5761,94.51,200.00,28.33,INACTIVE,NONE,NORMAL,LIKELY_INACTIVE,NORMAL,NONE
1775711017.8292196,6159,94.51,200.00,30.32,INACTIVE,NONE,NORMAL,LIKELY_INACTIVE,NORMAL,NONE
1775711017.8462427,6502,94.51,200.00,32.04,INACTIVE,NONE,NORMAL,LIKELY_INACTIVE,NORMAL,NONE
1775711017.8615923,6761,94.51,200.00,33.33,INACTIVE,NONE,NORMAL,LIKELY_INACTIVE,NORMAL,NONE
1775711017.8771493,7021,94.51,200.00,34.63,INACTIVE,NONE,NORMAL,LIKELY_INACTIVE,NORMAL,NONE
1775711017.893318,7219,94.51,200.00,35.62,INACTIVE,NONE,NORMAL,LIKELY_INACTIVE,NORMAL,NONE
1775711017.9093676,7287,94.51,200.00,35.96,INACTIVE,NONE,NORMAL,LIKELY_INACTIVE,NORMAL,NONE
1775711017.925144,7147,94.51,200.00,35.26,INACTIVE,NONE,NORMAL,LIKELY_INACTIVE,NORMAL,NONE
1775711017.9414349,6813,94.51,200.00,33.59,INACTIVE,NONE,NORMAL,LIKELY_INACTIVE,NORMAL,NONE
1775711017.9573388,6217,94.51,200.00,30.61,INACTIVE,NONE,NORMAL,LIKELY_INACTIVE,NORMAL,NONE
1775711017.9734836,5618,94.51,200.00,27.62,INACTIVE,NONE,NORMAL,LIKELY_INACTIVE,NORMAL,NONE
1775711017.9896235,5020,94.51,200.00,24.63,INACTIVE,NONE,NORMAL,LIKELY_INACTIVE,NORMAL,NONE
1775711018.005391,4513,94.51,200.00,22.09,INACTIVE,NONE,NORMAL,LIKELY_INACTIVE,NORMAL,NONE
1775711018.0213046,4213,94.51,200.00,20.59,INACTIVE,NONE,NORMAL,LIKELY_INACTIVE,NORMAL,NONE
1775711018.0375543,4052,94.51,200.00,19.79,INACTIVE,NONE,NORMAL,LIKELY_INACTIVE,NORMAL,NONE
1775711018.0538442,3977,94.51,200.00,19.41,INACTIVE,NONE,NORMAL,LIKELY_INACTIVE,NORMAL,NONE
1775711018.069839,3968,94.51,200.00,19.37,INACTIVE,NONE,NORMAL,LIKELY_INACTIVE,NORMAL,NONE
1775711018.0856357,4064,94.51,200.00,19.85,INACTIVE,NONE,NORMAL,LIKELY_INACTIVE,NORMAL,NONE
1775711018.101768,4054,94.51,200.00,19.80,INACTIVE,NONE,NORMAL,LIKELY_INACTIVE,NORMAL,NONE
1775711018.117678,4119,94.51,200.00,20.12,INACTIVE,NONE,NORMAL,LIKELY_INACTIVE,NORMAL,NONE
1775711018.1332777,4164,94.51,200.00,20.35,INACTIVE,NONE,NORMAL,LIKELY_INACTIVE,NORMAL,NONE
1775711018.1492894,4229,94.51,200.00,20.67,INACTIVE,NONE,NORMAL,LIKELY_INACTIVE,NORMAL,NONE
1775711018.165104,4359,94.51,200.00,21.32,INACTIVE,NONE,NORMAL,LIKELY_INACTIVE,NORMAL,NONE
1775711018.1810217,4522,94.51,200.00,22.14,INACTIVE,NONE,NORMAL,LIKELY_INACTIVE,NORMAL,NONE
1775711018.1970181,4801,94.51,200.00,23.53,INACTIVE,NONE,NORMAL,LIKELY_INACTIVE,NORMAL,NONE
1775711018.2129707,4971,94.51,200.00,24.38,INACTIVE,NONE,NORMAL,LIKELY_INACTIVE,NORMAL,NONE
1775711018.2291915,5156,94.51,200.00,25.31,INACTIVE,NONE,NORMAL,LIKELY_INACTIVE,NORMAL,NONE
1775711018.2455013,5088,94.51,200.00,24.97,INACTIVE,NONE,NORMAL,LIKELY_INACTIVE,NORMAL,NONE
1775711018.2617939,5131,94.51,200.00,25.18,INACTIVE,NONE,NORMAL,LIKELY_INACTIVE,NORMAL,NONE
1775711018.277633,5010,94.51,200.00,24.58,INACTIVE,NONE,NORMAL,LIKELY_INACTIVE,NORMAL,NONE
1775711018.2935207,4897,94.51,200.00,24.01,INACTIVE,NONE,NORMAL,LIKELY_INACTIVE,NORMAL,NONE
1775711018.309752,4764,94.51,200.00,23.35,INACTIVE,NONE,NORMAL,LIKELY_INACTIVE,NORMAL,NONE
1775711018.3255773,4771,94.51,200.00,23.38,INACTIVE,NONE,NORMAL,LIKELY_INACTIVE,NORMAL,NONE
1775711018.3413675,4627,94.51,200.00,22.66,INACTIVE,NONE,NORMAL,LIKELY_INACTIVE,NORMAL,NONE
1775711018.3576934,4619,94.51,200.00,22.62,INACTIVE,NONE,NORMAL,LIKELY_INACTIVE,NORMAL,NONE
1775711018.3738043,4720,94.51,200.00,23.13,INACTIVE,NONE,NORMAL,LIKELY_INACTIVE,NORMAL,NONE
1775711018.3895323,4852,94.51,200.00,23.79,INACTIVE,NONE,NORMAL,LIKELY_INACTIVE,NORMAL,NONE
1775711018.406086,5024,94.51,200.00,24.65,INACTIVE,NONE,NORMAL,LIKELY_INACTIVE,NORMAL,NONE
1775711018.4220417,5305,94.51,200.00,26.05,INACTIVE,NONE,NORMAL,LIKELY_INACTIVE,NORMAL,NONE
1775711018.4380677,5581,94.51,200.00,27.43,INACTIVE,NONE,NORMAL,LIKELY_INACTIVE,NORMAL,NONE
1775711018.4538038,5788,94.51,200.00,28.47,INACTIVE,NONE,NORMAL,LIKELY_INACTIVE,NORMAL,NONE
1775711018.4701037,5955,94.51,200.00,29.30,INACTIVE,NONE,NORMAL,LIKELY_INACTIVE,NORMAL,NONE
1775711018.4862876,6186,94.51,200.00,30.46,INACTIVE,NONE,NORMAL,LIKELY_INACTIVE,NORMAL,NONE
1775711018.502142,6458,94.51,200.00,31.82,INACTIVE,NONE,NORMAL,LIKELY_INACTIVE,NORMAL,NONE
1775711018.5179105,6548,94.51,200.00,32.27,INACTIVE,NONE,NORMAL,LIKELY_INACTIVE,NORMAL,NONE
1775711018.534176,6825,94.51,200.00,33.65,INACTIVE,NONE,NORMAL,LIKELY_INACTIVE,NORMAL,NONE
1775711018.549507,7129,94.51,200.00,35.17,INACTIVE,NONE,NORMAL,LIKELY_INACTIVE,NORMAL,NONE
1775711018.5659328,7338,94.51,200.00,36.22,INACTIVE,NONE,NORMAL,LIKELY_INACTIVE,NORMAL,NONE
1775711018.5820708,7433,94.51,200.00,36.69,INACTIVE,NONE,NORMAL,LIKELY_INACTIVE,NORMAL,NONE
1775711018.5976522,7723,94.51,200.00,38.14,INACTIVE,NONE,NORMAL,LIKELY_INACTIVE,NORMAL,NONE
1775711018.6132517,7748,94.51,200.00,38.27,INACTIVE,NONE,NORMAL,LIKELY_INACTIVE,NORMAL,NONE
1775711018.6293943,7911,94.51,200.00,39.08,INACTIVE,NONE,NORMAL,LIKELY_INACTIVE,NORMAL,NONE
1775711018.6454377,7830,94.51,200.00,38.68,INACTIVE,NONE,NORMAL,LIKELY_INACTIVE,NORMAL,NONE
1775711018.6612532,7890,94.51,200.00,38.98,INACTIVE,NONE,NORMAL,LIKELY_INACTIVE,NORMAL,NONE
1775711018.6776266,7795,94.51,200.00,38.50,INACTIVE,NONE,NORMAL,LIKELY_INACTIVE,NORMAL,NONE
1775711018.6936827,7788,94.51,200.00,38.47,INACTIVE,NONE,NORMAL,LIKELY_INACTIVE,NORMAL,NONE
1775711018.7095213,7857,94.51,200.00,38.81,INACTIVE,NONE,NORMAL,LIKELY_INACTIVE,NORMAL,NONE
1775711018.72741,7977,94.51,200.00,39.41,INACTIVE,NONE,NORMAL,LIKELY_INACTIVE,NORMAL,NONE
1775711018.742163,8026,94.51,200.00,39.66,INACTIVE,NONE,NORMAL,LIKELY_INACTIVE,NORMAL,NONE
1775711018.7579572,8188,94.51,200.00,40.47,INACTIVE,NONE,NORMAL,LIKELY_INACTIVE,NORMAL,NONE
1775711018.7740166,8302,94.51,200.00,41.04,INACTIVE,NONE,NORMAL,LIKELY_INACTIVE,NORMAL,NONE
1775711018.7900786,8219,94.51,200.00,40.62,INACTIVE,NONE,NORMAL,LIKELY_INACTIVE,NORMAL,NONE
1775711018.8064203,8329,94.51,200.00,41.17,INACTIVE,NONE,NORMAL,LIKELY_INACTIVE,NORMAL,NONE
1775711018.8221304,8334,94.51,200.00,41.20,INACTIVE,NONE,NORMAL,LIKELY_INACTIVE,NORMAL,NONE
1775711018.8376112,8196,94.51,200.00,40.51,INACTIVE,NONE,NORMAL,LIKELY_INACTIVE,NORMAL,NONE
1775711018.8543606,8316,94.51,200.00,41.11,INACTIVE,NONE,NORMAL,LIKELY_INACTIVE,NORMAL,NONE
1775711018.8701968,8345,94.51,200.00,41.25,INACTIVE,NONE,NORMAL,LIKELY_INACTIVE,NORMAL,NONE
1775711018.885979,8283,94.51,200.00,40.94,INACTIVE,NONE,NORMAL,LIKELY_INACTIVE,NORMAL,NONE
1775711018.9015913,8230,94.51,200.00,40.68,INACTIVE,NONE,NORMAL,LIKELY_INACTIVE,NORMAL,NONE
1775711018.9174168,8378,94.51,200.00,41.42,INACTIVE,NONE,NORMAL,LIKELY_INACTIVE,NORMAL,NONE
1775711018.9337783,8422,94.51,200.00,41.64,INACTIVE,NONE,NORMAL,LIKELY_INACTIVE,NORMAL,NONE
1775711018.9493742,8463,94.51,200.00,41.84,INACTIVE,NONE,NORMAL,LIKELY_INACTIVE,NORMAL,NONE
1775711018.9659743,8594,94.51,200.00,42.50,INACTIVE,NONE,NORMAL,LIKELY_INACTIVE,NORMAL,NONE
1775711018.9820375,8894,94.51,200.00,44.00,INACTIVE,NONE,NORMAL,LIKELY_INACTIVE,NORMAL,NONE
1775711018.9982665,9101,94.51,200.00,45.03,INACTIVE,NONE,NORMAL,LIKELY_INACTIVE,NORMAL,NONE
1775711019.0142486,9247,94.51,200.00,45.76,INACTIVE,NONE,NORMAL,LIKELY_INACTIVE,NORMAL,NONE
1775711019.0297425,9431,94.51,200.00,46.68,INACTIVE,NONE,NORMAL,LIKELY_INACTIVE,NORMAL,NONE
1775711019.0457976,9637,94.51,200.00,47.71,INACTIVE,NONE,NORMAL,LIKELY_INACTIVE,NORMAL,NONE
1775711019.0620043,9755,94.51,200.00,48.30,INACTIVE,NONE,NORMAL,LIKELY_INACTIVE,NORMAL,NONE
1775711019.077775,9909,94.51,200.00,49.07,INACTIVE,NONE,NORMAL,LIKELY_INACTIVE,NORMAL,NONE
1775711019.0934987,9995,94.51,200.00,49.50,INACTIVE,NONE,NORMAL,LIKELY_INACTIVE,NORMAL,NONE
1775711019.1097503,10210,94.51,200.00,50.58,INACTIVE,NONE,NORMAL,LIKELY_INACTIVE,NORMAL,NONE
1775711019.127104,10394,94.51,200.00,51.50,INACTIVE,NONE,NORMAL,LIKELY_INACTIVE,NORMAL,NONE
1775711019.1414278,10685,94.51,200.00,52.95,INACTIVE,NONE,NORMAL,LIKELY_INACTIVE,NORMAL,NONE
1775711019.1575594,10913,94.51,200.00,54.09,INACTIVE,NONE,NORMAL,LIKELY_INACTIVE,NORMAL,NONE
1775711019.1739788,11260,94.51,200.00,55.83,INACTIVE,NONE,NORMAL,LIKELY_INACTIVE,NORMAL,NONE
1775711019.1910996,11338,94.51,200.00,56.22,INACTIVE,NONE,NORMAL,LIKELY_INACTIVE,NORMAL,NONE
1775711019.2057803,11393,94.51,200.00,56.49,INACTIVE,NONE,NORMAL,LIKELY_INACTIVE,NORMAL,NONE
1775711019.221817,11482,94.51,200.00,56.94,INACTIVE,NONE,NORMAL,LIKELY_INACTIVE,NORMAL,NONE
1775711019.2377324,11499,94.51,200.00,57.02,INACTIVE,NONE,NORMAL,LIKELY_INACTIVE,NORMAL,NONE
1775711019.2535045,11485,94.51,200.00,56.95,INACTIVE,NONE,NORMAL,LIKELY_INACTIVE,NORMAL,NONE
1775711019.2693014,11567,94.51,200.00,57.36,INACTIVE,NONE,NORMAL,LIKELY_INACTIVE,NORMAL,NONE
1775711019.2860293,11596,94.51,200.00,57.51,INACTIVE,NONE,NORMAL,LIKELY_INACTIVE,NORMAL,NONE
1775711019.3019016,11440,94.51,200.00,56.73,INACTIVE,NONE,NORMAL,LIKELY_INACTIVE,NORMAL,NONE
1775711019.3182125,11452,94.51,200.00,56.79,INACTIVE,NONE,NORMAL,LIKELY_INACTIVE,NORMAL,NONE
1775711019.334101,11408,94.51,200.00,56.57,INACTIVE,NONE,NORMAL,LIKELY_INACTIVE,NORMAL,NONE
1775711019.349675,11372,94.51,200.00,56.39,INACTIVE,NONE,NORMAL,LIKELY_INACTIVE,NORMAL,NONE
1775711019.3661475,11474,94.51,200.00,56.90,INACTIVE,NONE,NORMAL,LIKELY_INACTIVE,NORMAL,NONE
1775711019.3823135,11644,94.51,200.00,57.75,INACTIVE,NONE,NORMAL,LIKELY_INACTIVE,NORMAL,NONE
1775711019.398105,11813,94.51,200.00,58.59,INACTIVE,NONE,NORMAL,LIKELY_INACTIVE,NORMAL,NONE
1775711019.4140754,11877,94.51,200.00,58.91,INACTIVE,NONE,NORMAL,LIKELY_INACTIVE,NORMAL,NONE
1775711019.4299555,11767,94.51,200.00,58.36,INACTIVE,NONE,NORMAL,LIKELY_INACTIVE,NORMAL,NONE
1775711019.445091,11116,94.51,200.00,55.11,INACTIVE,NONE,NORMAL,LIKELY_INACTIVE,NORMAL,NONE
1775711019.4616134,9888,94.51,200.00,48.97,INACTIVE,NONE,NORMAL,LIKELY_INACTIVE,NORMAL,NONE
1775711019.4774437,8430,94.51,200.00,41.68,INACTIVE,NONE,NORMAL,LIKELY_INACTIVE,NORMAL,NONE
1775711019.4937718,6830,94.51,200.00,33.68,INACTIVE,NONE,NORMAL,LIKELY_INACTIVE,NORMAL,NONE
1775711019.5099154,5494,94.51,200.00,27.00,INACTIVE,NONE,NORMAL,LIKELY_INACTIVE,NORMAL,NONE
1775711019.525949,4801,94.51,200.00,23.53,INACTIVE,NONE,NORMAL,LIKELY_INACTIVE,NORMAL,NONE
1775711019.541688,4317,94.51,200.00,21.11,INACTIVE,NONE,NORMAL,LIKELY_INACTIVE,NORMAL,NONE
1775711019.5577261,3445,94.51,200.00,16.75,INACTIVE,NONE,NORMAL,LIKELY_INACTIVE,NORMAL,NONE
1775711019.5736222,2814,94.51,200.00,13.60,INACTIVE,NONE,NORMAL,LIKELY_INACTIVE,NORMAL,NONE
1775711019.5901594,2141,94.51,200.00,10.23,INACTIVE,NONE,NORMAL,LIKELY_INACTIVE,NORMAL,NONE
1775711019.6063373,1305,94.51,200.00,6.05,INACTIVE,NONE,NORMAL,LIKELY_INACTIVE,NORMAL,NONE
1775711019.6220176,763,94.51,200.00,3.34,INACTIVE,NONE,NORMAL,LIKELY_INACTIVE,NORMAL,NONE
1775711019.6380575,733,94.51,200.00,3.19,INACTIVE,NONE,NORMAL,LIKELY_INACTIVE,NORMAL,NONE
1775711019.6541922,723,94.51,200.00,3.14,INACTIVE,NONE,NORMAL,LIKELY_INACTIVE,NORMAL,NONE
1775711019.6700556,705,94.51,200.00,3.05,INACTIVE,NONE,NORMAL,LIKELY_INACTIVE,NORMAL,NONE
1775711019.6870992,712,94.51,200.00,3.09,MIXED,ACTIVATION,NORMAL,LIKELY_INACTIVE,NORMAL,NONE
1775711019.701853,739,94.51,200.00,3.22,MIXED,NONE,NORMAL,LIKELY_INACTIVE,NORMAL,NONE
1775711019.718019,764,94.51,200.00,3.35,MIXED,NONE,NORMAL,LIKELY_INACTIVE,NORMAL,NONE
1775711019.7340777,790,94.51,200.00,3.48,MIXED,NONE,NORMAL,LIKELY_INACTIVE,NORMAL,NONE
1775711019.750244,814,94.51,200.00,3.60,MIXED,NONE,NORMAL,LIKELY_INACTIVE,NORMAL,NONE
1775711019.7663145,819,94.51,200.00,3.62,MIXED,NONE,NORMAL,LIKELY_INACTIVE,NORMAL,NONE
1775711019.782186,818,94.51,200.00,3.62,MIXED,NONE,NORMAL,LIKELY_INACTIVE,NORMAL,NONE
1775711019.79775,813,94.51,200.00,3.59,MIXED,NONE,NORMAL,LIKELY_INACTIVE,NORMAL,NONE
1775711019.8136199,811,94.51,200.00,3.58,MIXED,NONE,NORMAL,STABLE,NORMAL,NONE
1775711019.8296115,809,94.51,200.00,3.57,MIXED,NONE,NORMAL,STABLE,NORMAL,NONE
1775711019.846312,808,94.51,200.00,3.57,ACTIVE,CHANGE,NORMAL,STABLE,NORMAL,NONE
1775711019.8612478,800,94.51,200.00,3.53,ACTIVE,NONE,NORMAL,STABLE,NORMAL,NONE
1775711019.8776698,791,94.51,200.00,3.48,ACTIVE,NONE,NORMAL,STABLE,NORMAL,NONE
1775711019.8932574,775,94.51,200.00,3.40,ACTIVE,NONE,NORMAL,STABLE,NORMAL,NONE
1775711019.9094899,763,94.51,200.00,3.34,ACTIVE,NONE,NORMAL,STABLE,NORMAL,NONE
1775711019.9255948,750,94.51,200.00,3.28,ACTIVE,NONE,NORMAL,STABLE,NORMAL,NONE
1775711019.9418836,737,94.51,200.00,3.21,ACTIVE,NONE,NORMAL,STABLE,NORMAL,NONE
1775711019.9575,724,94.51,200.00,3.15,ACTIVE,NONE,NORMAL,STABLE,NORMAL,NONE
1775711019.973615,707,94.51,200.00,3.06,ACTIVE,NONE,NORMAL,STABLE,NORMAL,NONE
1775711019.9899359,686,94.51,200.00,2.96,ACTIVE,NONE,NORMAL,STABLE,NORMAL,NONE
1775711020.0062485,670,94.51,200.00,2.88,ACTIVE,NONE,NORMAL,STABLE,NORMAL,NONE
1775711020.0225735,653,94.51,200.00,2.79,ACTIVE,NONE,NORMAL,LIKELY_ACTIVE,HIGH_ENGAGEMENT,MAINTAIN_FLOW
1775711020.0381556,641,94.51,200.00,2.73,ACTIVE,NONE,NORMAL,LIKELY_ACTIVE,HIGH_ENGAGEMENT,MAINTAIN_FLOW
1775711020.054271,622,94.51,200.00,2.64,ACTIVE,NONE,NORMAL,LIKELY_ACTIVE,HIGH_ENGAGEMENT,MAINTAIN_FLOW
1775711020.0701847,609,94.51,200.00,2.57,ACTIVE,NONE,NORMAL,LIKELY_ACTIVE,HIGH_ENGAGEMENT,MAINTAIN_FLOW
1775711020.085715,595,94.51,200.00,2.50,ACTIVE,NONE,NORMAL,LIKELY_ACTIVE,HIGH_ENGAGEMENT,MAINTAIN_FLOW
1775711020.1016965,581,94.51,200.00,2.43,ACTIVE,NONE,NORMAL,LIKELY_ACTIVE,HIGH_ENGAGEMENT,MAINTAIN_FLOW
1775711020.1176074,569,94.51,200.00,2.37,ACTIVE,NONE,NORMAL,LIKELY_ACTIVE,HIGH_ENGAGEMENT,MAINTAIN_FLOW
1775711020.1335206,557,94.51,200.00,2.31,ACTIVE,NONE,NORMAL,LIKELY_ACTIVE,HIGH_ENGAGEMENT,MAINTAIN_FLOW
1775711020.1496885,540,94.51,200.00,2.23,ACTIVE,NONE,NORMAL,LIKELY_ACTIVE,HIGH_ENGAGEMENT,MAINTAIN_FLOW
1775711020.1655564,520,94.51,200.00,2.13,ACTIVE,NONE,NORMAL,LIKELY_ACTIVE,HIGH_ENGAGEMENT,MAINTAIN_FLOW
1775711020.1819284,497,94.51,200.00,2.01,ACTIVE,NONE,NORMAL,LIKELY_ACTIVE,HIGH_ENGAGEMENT,MAINTAIN_FLOW
1775711020.1975393,462,94.51,200.00,1.84,ACTIVE,NONE,NORMAL,LIKELY_ACTIVE,HIGH_ENGAGEMENT,MAINTAIN_FLOW
1775711020.2139082,443,94.51,200.00,1.74,ACTIVE,NONE,NORMAL,LIKELY_ACTIVE,HIGH_ENGAGEMENT,MAINTAIN_FLOW
1775711020.2295787,426,94.51,200.00,1.66,ACTIVE,NONE,NORMAL,LIKELY_ACTIVE,HIGH_ENGAGEMENT,MAINTAIN_FLOW
1775711020.2459373,410,94.51,200.00,1.58,ACTIVE,NONE,NORMAL,LIKELY_ACTIVE,HIGH_ENGAGEMENT,MAINTAIN_FLOW
1775711020.2616549,398,94.51,200.00,1.52,ACTIVE,NONE,NORMAL,LIKELY_ACTIVE,HIGH_ENGAGEMENT,MAINTAIN_FLOW
1775711020.277551,392,94.51,200.00,1.49,ACTIVE,NONE,NORMAL,LIKELY_ACTIVE,HIGH_ENGAGEMENT,MAINTAIN_FLOW
1775711020.293757,372,94.51,200.00,1.39,ACTIVE,NONE,NORMAL,LIKELY_ACTIVE,HIGH_ENGAGEMENT,MAINTAIN_FLOW
1775711020.3098087,348,94.51,200.00,1.27,ACTIVE,NONE,NORMAL,LIKELY_ACTIVE,HIGH_ENGAGEMENT,MAINTAIN_FLOW
1775711020.325903,327,94.51,200.00,1.16,ACTIVE,NONE,NORMAL,LIKELY_ACTIVE,HIGH_ENGAGEMENT,MAINTAIN_FLOW
1775711020.3415678,308,94.51,200.00,1.07,ACTIVE,NONE,NORMAL,LIKELY_ACTIVE,HIGH_ENGAGEMENT,MAINTAIN_FLOW
1775711020.3578935,292,94.71,200.00,0.99,ACTIVE,NONE,NORMAL,LIKELY_ACTIVE,HIGH_ENGAGEMENT,MAINTAIN_FLOW
1775711020.3738456,287,94.90,200.00,0.96,ACTIVE,NONE,NORMAL,LIKELY_ACTIVE,HIGH_ENGAGEMENT,MAINTAIN_FLOW
1775711020.3898783,279,95.09,200.00,0.92,ACTIVE,NONE,NORMAL,LIKELY_ACTIVE,HIGH_ENGAGEMENT,MAINTAIN_FLOW
1775711020.4055655,271,95.26,200.00,0.88,ACTIVE,NONE,NORMAL,LIKELY_ACTIVE,HIGH_ENGAGEMENT,MAINTAIN_FLOW
1775711020.4218857,260,95.43,200.00,0.82,ACTIVE,NONE,NORMAL,LIKELY_ACTIVE,HIGH_ENGAGEMENT,MAINTAIN_FLOW
1775711020.4376228,258,95.59,200.00,0.81,ACTIVE,NONE,NORMAL,LIKELY_ACTIVE,HIGH_ENGAGEMENT,MAINTAIN_FLOW
1775711020.4536352,245,95.74,200.00,0.75,ACTIVE,NONE,NORMAL,LIKELY_ACTIVE,HIGH_ENGAGEMENT,MAINTAIN_FLOW
1775711020.4698448,236,95.88,200.00,0.70,ACTIVE,NONE,NORMAL,LIKELY_ACTIVE,HIGH_ENGAGEMENT,MAINTAIN_FLOW
1775711020.4858801,228,96.01,200.00,0.66,ACTIVE,NONE,NORMAL,LIKELY_ACTIVE,HIGH_ENGAGEMENT,MAINTAIN_FLOW
1775711020.5019376,218,96.13,200.00,0.61,ACTIVE,NONE,NORMAL,LIKELY_ACTIVE,HIGH_ENGAGEMENT,MAINTAIN_FLOW
1775711020.5178115,205,96.24,200.00,0.54,ACTIVE,NONE,NORMAL,LIKELY_ACTIVE,HIGH_ENGAGEMENT,MAINTAIN_FLOW
1775711020.5337079,201,96.35,200.00,0.52,ACTIVE,NONE,NORMAL,LIKELY_ACTIVE,HIGH_ENGAGEMENT,MAINTAIN_FLOW
1775711020.549618,198,96.45,200.00,0.51,ACTIVE,NONE,NORMAL,LIKELY_ACTIVE,HIGH_ENGAGEMENT,MAINTAIN_FLOW
1775711020.565665,195,96.55,200.00,0.49,ACTIVE,NONE,NORMAL,LIKELY_ACTIVE,HIGH_ENGAGEMENT,MAINTAIN_FLOW
1775711020.5816925,201,96.65,200.00,0.52,ACTIVE,NONE,NORMAL,LIKELY_ACTIVE,HIGH_ENGAGEMENT,MAINTAIN_FLOW
1775711020.5977228,203,96.76,200.00,0.53,ACTIVE,NONE,NORMAL,LIKELY_ACTIVE,HIGH_ENGAGEMENT,MAINTAIN_FLOW
1775711020.6146927,195,96.86,200.00,0.49,ACTIVE,NONE,NORMAL,LIKELY_ACTIVE,HIGH_ENGAGEMENT,MAINTAIN_FLOW
1775711020.6299732,186,96.94,200.00,0.45,ACTIVE,NONE,NORMAL,LIKELY_ACTIVE,HIGH_ENGAGEMENT,MAINTAIN_FLOW
1775711020.6455848,171,97.02,200.00,0.37,ACTIVE,NONE,NORMAL,LIKELY_ACTIVE,HIGH_ENGAGEMENT,MAINTAIN_FLOW
1775711020.6621428,154,97.08,200.00,0.28,ACTIVE,NONE,NORMAL,LIKELY_ACTIVE,HIGH_ENGAGEMENT,MAINTAIN_FLOW
1775711020.677479,134,97.11,200.00,0.18,ACTIVE,NONE,NORMAL,LIKELY_ACTIVE,HIGH_ENGAGEMENT,MAINTAIN_FLOW
1775711020.69369,124,97.14,200.00,0.13,ACTIVE,NONE,NORMAL,LIKELY_ACTIVE,HIGH_ENGAGEMENT,MAINTAIN_FLOW
1775711020.7099402,120,97.16,200.00,0.11,ACTIVE,NONE,NORMAL,LIKELY_ACTIVE,HIGH_ENGAGEMENT,MAINTAIN_FLOW
1775711020.7258008,122,97.19,200.00,0.12,ACTIVE,NONE,NORMAL,LIKELY_ACTIVE,HIGH_ENGAGEMENT,MAINTAIN_FLOW
1775711020.7417693,123,97.21,200.00,0.13,ACTIVE,NONE,NORMAL,LIKELY_ACTIVE,HIGH_ENGAGEMENT,MAINTAIN_FLOW
1775711020.7577734,125,97.24,200.00,0.14,ACTIVE,NONE,NORMAL,LIKELY_ACTIVE,HIGH_ENGAGEMENT,MAINTAIN_FLOW
1775711020.773987,124,97.27,200.00,0.13,ACTIVE,NONE,NORMAL,LIKELY_ACTIVE,HIGH_ENGAGEMENT,MAINTAIN_FLOW
1775711020.7896602,121,97.29,200.00,0.12,ACTIVE,NONE,NORMAL,LIKELY_ACTIVE,HIGH_ENGAGEMENT,MAINTAIN_FLOW
1775711020.8059967,111,97.31,200.00,0.07,ACTIVE,NONE,NORMAL,LIKELY_ACTIVE,HIGH_ENGAGEMENT,MAINTAIN_FLOW
1775711020.8221815,101,97.31,200.00,0.02,ACTIVE,NONE,NORMAL,LIKELY_ACTIVE,HIGH_ENGAGEMENT,MAINTAIN_FLOW
1775711020.8384688,93,97.30,200.00,-0.02,ACTIVE,NONE,NORMAL,LIKELY_ACTIVE,HIGH_ENGAGEMENT,MAINTAIN_FLOW
1775711020.8540514,88,97.30,200.00,-0.05,ACTIVE,NONE,NORMAL,LIKELY_ACTIVE,HIGH_ENGAGEMENT,MAINTAIN_FLOW
1775711020.8696856,81,97.28,200.00,-0.08,ACTIVE,NONE,NORMAL,LIKELY_ACTIVE,HIGH_ENGAGEMENT,MAINTAIN_FLOW
1775711020.8863401,76,97.26,200.00,-0.11,ACTIVE,NONE,NORMAL,LIKELY_ACTIVE,HIGH_ENGAGEMENT,MAINTAIN_FLOW
1775711020.9024856,71,97.23,200.00,-0.13,ACTIVE,NONE,NORMAL,LIKELY_ACTIVE,HIGH_ENGAGEMENT,MAINTAIN_FLOW
1775711020.9181294,70,97.20,200.00,-0.14,ACTIVE,NONE,NORMAL,LIKELY_ACTIVE,HIGH_ENGAGEMENT,MAINTAIN_FLOW
1775711020.9341195,66,97.17,200.00,-0.16,ACTIVE,NONE,NORMAL,LIKELY_ACTIVE,HIGH_ENGAGEMENT,MAINTAIN_FLOW
1775711020.9500988,64,97.14,200.00,-0.17,ACTIVE,NONE,NORMAL,LIKELY_ACTIVE,HIGH_ENGAGEMENT,MAINTAIN_FLOW
1775711020.966276,67,97.11,200.00,-0.15,ACTIVE,NONE,NORMAL,LIKELY_ACTIVE,HIGH_ENGAGEMENT,MAINTAIN_FLOW
1775711020.9822955,67,97.08,200.00,-0.15,ACTIVE,NONE,NORMAL,LIKELY_ACTIVE,HIGH_ENGAGEMENT,MAINTAIN_FLOW
1775711020.9976733,63,97.05,200.00,-0.17,ACTIVE,NONE,NORMAL,LIKELY_ACTIVE,HIGH_ENGAGEMENT,MAINTAIN_FLOW
1775711021.0144958,59,97.01,200.00,-0.19,ACTIVE,NONE,NORMAL,LIKELY_ACTIVE,HIGH_ENGAGEMENT,MAINTAIN_FLOW
1775711021.0295715,54,96.96,200.00,-0.21,ACTIVE,NONE,NORMAL,LIKELY_ACTIVE,HIGH_ENGAGEMENT,MAINTAIN_FLOW
1775711021.04622,50,96.92,200.00,-0.23,ACTIVE,NONE,NORMAL,LIKELY_ACTIVE,HIGH_ENGAGEMENT,MAINTAIN_FLOW
1775711021.0617938,47,96.87,200.00,-0.25,ACTIVE,NONE,NORMAL,LIKELY_ACTIVE,HIGH_ENGAGEMENT,MAINTAIN_FLOW
1775711021.0772536,49,96.82,200.00,-0.24,ACTIVE,NONE,NORMAL,LIKELY_ACTIVE,HIGH_ENGAGEMENT,MAINTAIN_FLOW
1775711021.0935922,50,96.77,200.00,-0.23,ACTIVE,NONE,NORMAL,LIKELY_ACTIVE,HIGH_ENGAGEMENT,MAINTAIN_FLOW
1775711021.1095736,51,96.73,200.00,-0.23,ACTIVE,NONE,NORMAL,LIKELY_ACTIVE,HIGH_ENGAGEMENT,MAINTAIN_FLOW
1775711021.125945,50,96.68,200.00,-0.23,ACTIVE,NONE,NORMAL,LIKELY_ACTIVE,HIGH_ENGAGEMENT,MAINTAIN_FLOW
1775711021.1414583,49,96.63,200.00,-0.24,ACTIVE,NONE,NORMAL,LIKELY_ACTIVE,HIGH_ENGAGEMENT,MAINTAIN_FLOW
1775711021.1580212,47,96.58,200.00,-0.25,ACTIVE,NONE,NORMAL,LIKELY_ACTIVE,HIGH_ENGAGEMENT,MAINTAIN_FLOW
1775711021.1741617,47,96.53,200.00,-0.25,ACTIVE,NONE,NORMAL,LIKELY_ACTIVE,HIGH_ENGAGEMENT,MAINTAIN_FLOW
1775711021.1901414,46,96.48,200.00,-0.25,ACTIVE,NONE,NORMAL,LIKELY_ACTIVE,HIGH_ENGAGEMENT,MAINTAIN_FLOW
1775711021.2068942,44,96.43,200.00,-0.26,ACTIVE,NONE,NORMAL,LIKELY_ACTIVE,HIGH_ENGAGEMENT,MAINTAIN_FLOW
1775711021.2223887,44,96.38,200.00,-0.26,ACTIVE,NONE,NORMAL,LIKELY_ACTIVE,HIGH_ENGAGEMENT,MAINTAIN_FLOW
1775711021.2384381,45,96.33,200.00,-0.26,ACTIVE,NONE,NORMAL,LIKELY_ACTIVE,HIGH_ENGAGEMENT,MAINTAIN_FLOW
1775711021.2539082,43,96.27,200.00,-0.27,ACTIVE,NONE,NORMAL,LIKELY_ACTIVE,HIGH_ENGAGEMENT,MAINTAIN_FLOW
1775711021.27022,44,96.22,200.00,-0.26,ACTIVE,NONE,NORMAL,LIKELY_ACTIVE,HIGH_ENGAGEMENT,MAINTAIN_FLOW
1775711021.2861347,46,96.17,200.00,-0.25,ACTIVE,NONE,NORMAL,LIKELY_ACTIVE,HIGH_ENGAGEMENT,MAINTAIN_FLOW
1775711021.3022742,46,96.12,200.00,-0.25,ACTIVE,NONE,NORMAL,LIKELY_ACTIVE,HIGH_ENGAGEMENT,MAINTAIN_FLOW
1775711021.3183181,47,96.07,200.00,-0.25,ACTIVE,NONE,NORMAL,LIKELY_ACTIVE,HIGH_ENGAGEMENT,MAINTAIN_FLOW
1775711021.333808,47,96.02,200.00,-0.25,ACTIVE,NONE,NORMAL,LIKELY_ACTIVE,HIGH_ENGAGEMENT,MAINTAIN_FLOW
1775711021.3501933,47,95.97,200.00,-0.24,ACTIVE,NONE,NORMAL,LIKELY_ACTIVE,HIGH_ENGAGEMENT,MAINTAIN_FLOW
1775711021.3658683,50,95.93,200.00,-0.23,ACTIVE,NONE,NORMAL,LIKELY_ACTIVE,HIGH_ENGAGEMENT,MAINTAIN_FLOW
1775711021.381762,51,95.88,200.00,-0.22,ACTIVE,NONE,NORMAL,LIKELY_ACTIVE,HIGH_ENGAGEMENT,MAINTAIN_FLOW
1775711021.3980224,55,95.84,200.00,-0.20,ACTIVE,NONE,NORMAL,LIKELY_ACTIVE,HIGH_ENGAGEMENT,MAINTAIN_FLOW
1775711021.4138246,59,95.80,200.00,-0.18,ACTIVE,NONE,NORMAL,LIKELY_ACTIVE,HIGH_ENGAGEMENT,MAINTAIN_FLOW
1775711021.4302487,66,95.78,200.00,-0.15,ACTIVE,NONE,NORMAL,LIKELY_ACTIVE,HIGH_ENGAGEMENT,MAINTAIN_FLOW
1775711021.445622,70,95.75,200.00,-0.13,ACTIVE,NONE,NORMAL,LIKELY_ACTIVE,HIGH_ENGAGEMENT,MAINTAIN_FLOW
1775711021.4619892,72,95.73,200.00,-0.12,ACTIVE,NONE,NORMAL,LIKELY_ACTIVE,HIGH_ENGAGEMENT,MAINTAIN_FLOW
1775711021.4773884,74,95.70,200.00,-0.11,ACTIVE,NONE,NORMAL,LIKELY_ACTIVE,HIGH_ENGAGEMENT,MAINTAIN_FLOW
1775711021.493596,74,95.68,200.00,-0.11,ACTIVE,NONE,NORMAL,LIKELY_ACTIVE,HIGH_ENGAGEMENT,MAINTAIN_FLOW
1775711021.509614,72,95.66,200.00,-0.12,ACTIVE,NONE,NORMAL,LIKELY_ACTIVE,HIGH_ENGAGEMENT,MAINTAIN_FLOW
1775711021.5259035,70,95.63,200.00,-0.13,ACTIVE,NONE,NORMAL,LIKELY_ACTIVE,HIGH_ENGAGEMENT,MAINTAIN_FLOW
1775711021.5418844,71,95.61,200.00,-0.12,ACTIVE,NONE,NORMAL,LIKELY_ACTIVE,HIGH_ENGAGEMENT,MAINTAIN_FLOW
1775711021.5577786,74,95.59,200.00,-0.11,ACTIVE,NONE,NORMAL,LIKELY_ACTIVE,HIGH_ENGAGEMENT,MAINTAIN_FLOW
1775711021.5738688,75,95.57,200.00,-0.10,ACTIVE,NONE,NORMAL,LIKELY_ACTIVE,HIGH_ENGAGEMENT,MAINTAIN_FLOW
1775711021.5900493,71,95.54,200.00,-0.12,ACTIVE,NONE,NORMAL,LIKELY_ACTIVE,HIGH_ENGAGEMENT,MAINTAIN_FLOW
1775711021.6054726,74,95.52,200.00,-0.11,ACTIVE,NONE,NORMAL,LIKELY_ACTIVE,HIGH_ENGAGEMENT,MAINTAIN_FLOW
1775711021.6218283,74,95.50,200.00,-0.11,ACTIVE,NONE,NORMAL,LIKELY_ACTIVE,HIGH_ENGAGEMENT,MAINTAIN_FLOW
1775711021.6377459,71,95.47,200.00,-0.12,ACTIVE,NONE,NORMAL,LIKELY_ACTIVE,HIGH_ENGAGEMENT,MAINTAIN_FLOW
1775711021.6537256,67,95.45,200.00,-0.14,ACTIVE,NONE,NORMAL,LIKELY_ACTIVE,HIGH_ENGAGEMENT,MAINTAIN_FLOW
1775711021.6697118,66,95.42,200.00,-0.15,ACTIVE,NONE,NORMAL,LIKELY_ACTIVE,HIGH_ENGAGEMENT,MAINTAIN_FLOW
1775711021.6852632,62,95.38,200.00,-0.17,ACTIVE,NONE,NORMAL,LIKELY_ACTIVE,HIGH_ENGAGEMENT,MAINTAIN_FLOW
1775711021.70166,57,95.34,200.00,-0.19,ACTIVE,NONE,NORMAL,LIKELY_ACTIVE,HIGH_ENGAGEMENT,MAINTAIN_FLOW
1775711021.718457,53,95.30,200.00,-0.21,ACTIVE,NONE,NORMAL,LIKELY_ACTIVE,HIGH_ENGAGEMENT,MAINTAIN_FLOW
1775711021.734434,55,95.26,200.00,-0.20,ACTIVE,NONE,NORMAL,LIKELY_ACTIVE,HIGH_ENGAGEMENT,MAINTAIN_FLOW
1775711021.7504318,56,95.22,200.00,-0.20,ACTIVE,NONE,NORMAL,LIKELY_ACTIVE,HIGH_ENGAGEMENT,MAINTAIN_FLOW
1775711021.7660725,53,95.18,200.00,-0.21,ACTIVE,NONE,NORMAL,LIKELY_ACTIVE,HIGH_ENGAGEMENT,MAINTAIN_FLOW
1775711021.7816713,52,95.14,200.00,-0.22,ACTIVE,NONE,NORMAL,LIKELY_ACTIVE,HIGH_ENGAGEMENT,MAINTAIN_FLOW
1775711021.7974048,52,95.09,200.00,-0.22,ACTIVE,NONE,NORMAL,LIKELY_ACTIVE,HIGH_ENGAGEMENT,MAINTAIN_FLOW
1775711021.8134146,49,95.05,200.00,-0.23,ACTIVE,NONE,NORMAL,LIKELY_ACTIVE,HIGH_ENGAGEMENT,MAINTAIN_FLOW
1775711021.82968,47,95.00,200.00,-0.24,ACTIVE,NONE,NORMAL,LIKELY_ACTIVE,HIGH_ENGAGEMENT,MAINTAIN_FLOW
1775711021.8462245,48,94.95,200.00,-0.23,ACTIVE,NONE,NORMAL,LIKELY_ACTIVE,HIGH_ENGAGEMENT,MAINTAIN_FLOW
1775711021.8621016,48,94.91,200.00,-0.23,ACTIVE,NONE,NORMAL,LIKELY_ACTIVE,HIGH_ENGAGEMENT,MAINTAIN_FLOW
1775711021.877647,47,94.86,200.00,-0.24,ACTIVE,NONE,NORMAL,LIKELY_ACTIVE,HIGH_ENGAGEMENT,MAINTAIN_FLOW
1775711021.8938456,47,94.81,200.00,-0.24,ACTIVE,NONE,NORMAL,LIKELY_ACTIVE,HIGH_ENGAGEMENT,MAINTAIN_FLOW
1775711021.9096208,47,94.76,200.00,-0.24,ACTIVE,NONE,NORMAL,LIKELY_ACTIVE,HIGH_ENGAGEMENT,MAINTAIN_FLOW
1775711021.925761,46,94.71,200.00,-0.24,ACTIVE,NONE,NORMAL,LIKELY_ACTIVE,HIGH_ENGAGEMENT,MAINTAIN_FLOW
1775711021.9417803,46,94.66,200.00,-0.24,ACTIVE,NONE,NORMAL,LIKELY_ACTIVE,HIGH_ENGAGEMENT,MAINTAIN_FLOW
1775711021.957734,46,94.62,200.00,-0.24,ACTIVE,NONE,NORMAL,LIKELY_ACTIVE,HIGH_ENGAGEMENT,MAINTAIN_FLOW
1775711021.974276,46,94.57,200.00,-0.24,ACTIVE,NONE,NORMAL,LIKELY_ACTIVE,HIGH_ENGAGEMENT,MAINTAIN_FLOW
1775711021.9897556,45,94.52,200.00,-0.25,ACTIVE,NONE,NORMAL,LIKELY_ACTIVE,HIGH_ENGAGEMENT,MAINTAIN_FLOW
1775711022.006049,44,94.47,200.00,-0.25,ACTIVE,NONE,NORMAL,LIKELY_ACTIVE,HIGH_ENGAGEMENT,MAINTAIN_FLOW
1775711022.0219562,47,94.42,200.00,-0.24,ACTIVE,NONE,NORMAL,LIKELY_ACTIVE,HIGH_ENGAGEMENT,MAINTAIN_FLOW
1775711022.0382214,48,94.37,200.00,-0.23,ACTIVE,NONE,NORMAL,LIKELY_ACTIVE,HIGH_ENGAGEMENT,MAINTAIN_FLOW
1775711022.054731,47,94.33,200.00,-0.24,ACTIVE,NONE,NORMAL,LIKELY_ACTIVE,HIGH_ENGAGEMENT,MAINTAIN_FLOW
1775711022.0702238,49,94.28,200.00,-0.23,ACTIVE,NONE,NORMAL,LIKELY_ACTIVE,HIGH_ENGAGEMENT,MAINTAIN_FLOW
1775711022.0854673,50,94.24,200.00,-0.22,ACTIVE,NONE,NORMAL,LIKELY_ACTIVE,HIGH_ENGAGEMENT,MAINTAIN_FLOW
1775711022.102423,50,94.19,200.00,-0.22,ACTIVE,NONE,NORMAL,LIKELY_ACTIVE,HIGH_ENGAGEMENT,MAINTAIN_FLOW
1775711022.1182837,47,94.14,200.00,-0.24,ACTIVE,NONE,NORMAL,LIKELY_ACTIVE,HIGH_ENGAGEMENT,MAINTAIN_FLOW
1775711022.1340744,46,94.10,200.00,-0.24,ACTIVE,NONE,NORMAL,LIKELY_ACTIVE,HIGH_ENGAGEMENT,MAINTAIN_FLOW
1775711022.150079,46,94.05,200.00,-0.24,ACTIVE,NONE,NORMAL,LIKELY_ACTIVE,HIGH_ENGAGEMENT,MAINTAIN_FLOW
1775711022.16569,44,94.00,200.00,-0.25,ACTIVE,NONE,NORMAL,LIKELY_ACTIVE,HIGH_ENGAGEMENT,MAINTAIN_FLOW
1775711022.1821942,43,93.95,200.00,-0.25,ACTIVE,NONE,NORMAL,LIKELY_ACTIVE,HIGH_ENGAGEMENT,MAINTAIN_FLOW
1775711022.1980815,48,93.90,200.00,-0.23,ACTIVE,NONE,NORMAL,LIKELY_ACTIVE,HIGH_ENGAGEMENT,MAINTAIN_FLOW
1775711022.2143097,50,93.86,200.00,-0.22,ACTIVE,NONE,NORMAL,LIKELY_ACTIVE,HIGH_ENGAGEMENT,MAINTAIN_FLOW
1775711022.2300677,51,93.82,200.00,-0.21,ACTIVE,NONE,NORMAL,LIKELY_ACTIVE,HIGH_ENGAGEMENT,MAINTAIN_FLOW
1775711022.246189,54,93.78,200.00,-0.20,ACTIVE,NONE,NORMAL,LIKELY_ACTIVE,HIGH_ENGAGEMENT,MAINTAIN_FLOW
1775711022.2624576,51,93.73,200.00,-0.21,ACTIVE,NONE,NORMAL,LIKELY_ACTIVE,HIGH_ENGAGEMENT,MAINTAIN_FLOW
1775711022.2779205,46,93.68,200.00,-0.24,ACTIVE,NONE,NORMAL,LIKELY_ACTIVE,HIGH_ENGAGEMENT,MAINTAIN_FLOW
1775711022.2934105,49,93.64,200.00,-0.22,ACTIVE,NONE,NORMAL,LIKELY_ACTIVE,HIGH_ENGAGEMENT,MAINTAIN_FLOW
1775711022.3095648,49,93.60,200.00,-0.22,ACTIVE,NONE,NORMAL,LIKELY_ACTIVE,HIGH_ENGAGEMENT,MAINTAIN_FLOW
1775711022.3258104,50,93.55,200.00,-0.22,ACTIVE,NONE,NORMAL,LIKELY_ACTIVE,HIGH_ENGAGEMENT,MAINTAIN_FLOW
1775711022.3416245,63,93.52,200.00,-0.15,ACTIVE,NONE,NORMAL,LIKELY_ACTIVE,HIGH_ENGAGEMENT,MAINTAIN_FLOW
1775711022.357891,78,93.51,200.00,-0.08,ACTIVE,NONE,NORMAL,LIKELY_ACTIVE,HIGH_ENGAGEMENT,MAINTAIN_FLOW
1775711022.374054,89,93.50,200.00,-0.02,ACTIVE,NONE,NORMAL,LIKELY_ACTIVE,HIGH_ENGAGEMENT,MAINTAIN_FLOW
1775711022.3897913,118,93.53,200.00,0.12,ACTIVE,NONE,NORMAL,LIKELY_ACTIVE,HIGH_ENGAGEMENT,MAINTAIN_FLOW
1775711022.4054372,148,93.58,200.00,0.27,ACTIVE,NONE,NORMAL,LIKELY_ACTIVE,HIGH_ENGAGEMENT,MAINTAIN_FLOW
1775711022.4219038,165,93.65,200.00,0.36,ACTIVE,NONE,NORMAL,LIKELY_ACTIVE,HIGH_ENGAGEMENT,MAINTAIN_FLOW
1775711022.4383113,177,93.73,200.00,0.42,ACTIVE,NONE,NORMAL,LIKELY_ACTIVE,HIGH_ENGAGEMENT,MAINTAIN_FLOW
1775711022.4544115,194,93.84,200.00,0.50,ACTIVE,NONE,NORMAL,LIKELY_ACTIVE,HIGH_ENGAGEMENT,MAINTAIN_FLOW
1775711022.4695303,192,93.93,200.00,0.49,ACTIVE,NONE,NORMAL,LIKELY_ACTIVE,HIGH_ENGAGEMENT,MAINTAIN_FLOW
1775711022.4854712,183,94.02,200.00,0.44,ACTIVE,NONE,NORMAL,LIKELY_ACTIVE,HIGH_ENGAGEMENT,MAINTAIN_FLOW
1775711022.5016766,172,94.10,200.00,0.39,ACTIVE,NONE,NORMAL,LIKELY_ACTIVE,HIGH_ENGAGEMENT,MAINTAIN_FLOW
1775711022.517542,154,94.16,200.00,0.30,ACTIVE,NONE,NORMAL,LIKELY_ACTIVE,HIGH_ENGAGEMENT,MAINTAIN_FLOW
1775711022.5340152,134,94.20,200.00,0.20,ACTIVE,NONE,NORMAL,LIKELY_ACTIVE,HIGH_ENGAGEMENT,MAINTAIN_FLOW
1775711022.5499744,114,94.22,200.00,0.10,ACTIVE,NONE,NORMAL,LIKELY_ACTIVE,HIGH_ENGAGEMENT,MAINTAIN_FLOW
1775711022.5659072,104,94.23,200.00,0.05,ACTIVE,NONE,NORMAL,LIKELY_ACTIVE,HIGH_ENGAGEMENT,MAINTAIN_FLOW
1775711022.5819087,94,94.23,200.00,-0.00,ACTIVE,NONE,NORMAL,LIKELY_ACTIVE,HIGH_ENGAGEMENT,MAINTAIN_FLOW
1775711022.5979295,88,94.22,200.00,-0.03,ACTIVE,NONE,NORMAL,LIKELY_ACTIVE,HIGH_ENGAGEMENT,MAINTAIN_FLOW
1775711022.6141472,77,94.21,200.00,-0.09,ACTIVE,NONE,NORMAL,LIKELY_ACTIVE,HIGH_ENGAGEMENT,MAINTAIN_FLOW
1775711022.6296077,69,94.18,200.00,-0.13,ACTIVE,NONE,NORMAL,LIKELY_ACTIVE,HIGH_ENGAGEMENT,MAINTAIN_FLOW
1775711022.6459155,54,94.14,200.00,-0.20,ACTIVE,NONE,NORMAL,LIKELY_ACTIVE,HIGH_ENGAGEMENT,MAINTAIN_FLOW
1775711022.6616585,47,94.09,200.00,-0.24,ACTIVE,NONE,NORMAL,LIKELY_ACTIVE,HIGH_ENGAGEMENT,MAINTAIN_FLOW
1775711022.6775308,47,94.05,200.00,-0.24,ACTIVE,NONE,NORMAL,LIKELY_ACTIVE,HIGH_ENGAGEMENT,MAINTAIN_FLOW
1775711022.6937249,51,94.00,200.00,-0.22,ACTIVE,NONE,NORMAL,LIKELY_ACTIVE,HIGH_ENGAGEMENT,MAINTAIN_FLOW
1775711022.7096252,58,93.97,200.00,-0.18,ACTIVE,NONE,NORMAL,LIKELY_ACTIVE,HIGH_ENGAGEMENT,MAINTAIN_FLOW
1775711022.725632,67,93.94,200.00,-0.13,ACTIVE,NONE,NORMAL,LIKELY_ACTIVE,HIGH_ENGAGEMENT,MAINTAIN_FLOW
1775711022.7416267,77,93.92,200.00,-0.08,ACTIVE,NONE,NORMAL,LIKELY_ACTIVE,HIGH_ENGAGEMENT,MAINTAIN_FLOW
1775711022.7576325,87,93.92,200.00,-0.03,ACTIVE,NONE,NORMAL,LIKELY_ACTIVE,HIGH_ENGAGEMENT,MAINTAIN_FLOW
1775711022.7735765,94,93.92,200.00,0.00,ACTIVE,NONE,NORMAL,LIKELY_ACTIVE,HIGH_ENGAGEMENT,MAINTAIN_FLOW
1775711022.7896786,102,93.92,200.00,0.04,ACTIVE,NONE,NORMAL,LIKELY_ACTIVE,HIGH_ENGAGEMENT,MAINTAIN_FLOW
1775711022.8057613,109,93.94,200.00,0.08,ACTIVE,NONE,NORMAL,LIKELY_ACTIVE,HIGH_ENGAGEMENT,MAINTAIN_FLOW
1775711022.8219213,114,93.96,200.00,0.10,ACTIVE,NONE,NORMAL,LIKELY_ACTIVE,HIGH_ENGAGEMENT,MAINTAIN_FLOW
1775711022.837706,116,93.98,200.00,0.11,ACTIVE,NONE,NORMAL,LIKELY_ACTIVE,HIGH_ENGAGEMENT,MAINTAIN_FLOW
1775711022.8536026,121,94.01,200.00,0.13,ACTIVE,NONE,NORMAL,LIKELY_ACTIVE,HIGH_ENGAGEMENT,MAINTAIN_FLOW
1775711022.8691032,118,94.03,200.00,0.12,ACTIVE,NONE,NORMAL,LIKELY_ACTIVE,HIGH_ENGAGEMENT,MAINTAIN_FLOW
1775711022.8857343,113,94.05,200.00,0.09,ACTIVE,NONE,NORMAL,LIKELY_ACTIVE,HIGH_ENGAGEMENT,MAINTAIN_FLOW
1775711022.9014666,109,94.07,200.00,0.07,ACTIVE,NONE,NORMAL,LIKELY_ACTIVE,HIGH_ENGAGEMENT,MAINTAIN_FLOW
1775711022.9177003,107,94.08,200.00,0.06,ACTIVE,NONE,NORMAL,LIKELY_ACTIVE,HIGH_ENGAGEMENT,MAINTAIN_FLOW
1775711022.9337442,104,94.09,200.00,0.05,ACTIVE,NONE,NORMAL,LIKELY_ACTIVE,HIGH_ENGAGEMENT,MAINTAIN_FLOW
1775711022.9495194,101,94.10,200.00,0.03,ACTIVE,NONE,NORMAL,LIKELY_ACTIVE,HIGH_ENGAGEMENT,MAINTAIN_FLOW
1775711022.9654033,97,94.10,200.00,0.01,ACTIVE,NONE,NORMAL,LIKELY_ACTIVE,HIGH_ENGAGEMENT,MAINTAIN_FLOW
1775711022.9818377,93,94.10,200.00,-0.01,ACTIVE,NONE,NORMAL,LIKELY_ACTIVE,HIGH_ENGAGEMENT,MAINTAIN_FLOW
1775711022.9975781,90,94.09,200.00,-0.02,ACTIVE,NONE,NORMAL,LIKELY_ACTIVE,HIGH_ENGAGEMENT,MAINTAIN_FLOW
1775711023.0136967,88,94.09,200.00,-0.03,ACTIVE,NONE,NORMAL,LIKELY_ACTIVE,HIGH_ENGAGEMENT,MAINTAIN_FLOW
1775711023.0295742,84,94.08,200.00,-0.05,ACTIVE,NONE,NORMAL,LIKELY_ACTIVE,HIGH_ENGAGEMENT,MAINTAIN_FLOW
1775711023.0459454,83,94.07,200.00,-0.06,ACTIVE,NONE,NORMAL,LIKELY_ACTIVE,HIGH_ENGAGEMENT,MAINTAIN_FLOW
1775711023.061645,81,94.05,200.00,-0.07,ACTIVE,NONE,NORMAL,LIKELY_ACTIVE,HIGH_ENGAGEMENT,MAINTAIN_FLOW
1775711023.0778787,78,94.04,200.00,-0.08,ACTIVE,NONE,NORMAL,LIKELY_ACTIVE,HIGH_ENGAGEMENT,MAINTAIN_FLOW
1775711023.0938628,73,94.02,200.00,-0.11,ACTIVE,NONE,NORMAL,LIKELY_ACTIVE,HIGH_ENGAGEMENT,MAINTAIN_FLOW
1775711023.1096437,70,93.99,200.00,-0.12,ACTIVE,NONE,NORMAL,LIKELY_ACTIVE,HIGH_ENGAGEMENT,MAINTAIN_FLOW
1775711023.125878,66,93.96,200.00,-0.14,ACTIVE,NONE,NORMAL,LIKELY_ACTIVE,HIGH_ENGAGEMENT,MAINTAIN_FLOW
1775711023.1419485,65,93.94,200.00,-0.14,ACTIVE,NONE,NORMAL,LIKELY_ACTIVE,HIGH_ENGAGEMENT,MAINTAIN_FLOW
1775711023.1574523,63,93.90,200.00,-0.15,ACTIVE,NONE,NORMAL,LIKELY_ACTIVE,HIGH_ENGAGEMENT,MAINTAIN_FLOW
1775711023.1739511,63,93.87,200.00,-0.15,ACTIVE,NONE,NORMAL,LIKELY_ACTIVE,HIGH_ENGAGEMENT,MAINTAIN_FLOW
1775711023.1894763,63,93.84,200.00,-0.15,ACTIVE,NONE,NORMAL,LIKELY_ACTIVE,HIGH_ENGAGEMENT,MAINTAIN_FLOW
1775711023.2060592,63,93.81,200.00,-0.15,ACTIVE,NONE,NORMAL,LIKELY_ACTIVE,HIGH_ENGAGEMENT,MAINTAIN_FLOW
1775711023.221733,59,93.78,200.00,-0.17,ACTIVE,NONE,NORMAL,LIKELY_ACTIVE,HIGH_ENGAGEMENT,MAINTAIN_FLOW
1775711023.238314,57,93.74,200.00,-0.18,ACTIVE,NONE,NORMAL,LIKELY_ACTIVE,HIGH_ENGAGEMENT,MAINTAIN_FLOW
1775711023.254643,60,93.71,200.00,-0.17,ACTIVE,NONE,NORMAL,LIKELY_ACTIVE,HIGH_ENGAGEMENT,MAINTAIN_FLOW
1775711023.2708886,57,93.67,200.00,-0.18,ACTIVE,NONE,NORMAL,LIKELY_ACTIVE,HIGH_ENGAGEMENT,MAINTAIN_FLOW
1775711023.2867508,60,93.64,200.00,-0.17,ACTIVE,NONE,NORMAL,LIKELY_ACTIVE,HIGH_ENGAGEMENT,MAINTAIN_FLOW
1775711023.3026633,61,93.60,200.00,-0.16,ACTIVE,NONE,NORMAL,LIKELY_ACTIVE,HIGH_ENGAGEMENT,MAINTAIN_FLOW
1775711023.318399,60,93.57,200.00,-0.17,ACTIVE,NONE,NORMAL,LIKELY_ACTIVE,HIGH_ENGAGEMENT,MAINTAIN_FLOW
1775711023.3343952,54,93.53,200.00,-0.20,ACTIVE,NONE,NORMAL,LIKELY_ACTIVE,HIGH_ENGAGEMENT,MAINTAIN_FLOW
1775711023.3504374,51,93.49,200.00,-0.21,ACTIVE,NONE,NORMAL,LIKELY_ACTIVE,HIGH_ENGAGEMENT,MAINTAIN_FLOW
1775711023.3667493,44,93.44,200.00,-0.25,ACTIVE,NONE,NORMAL,LIKELY_ACTIVE,HIGH_ENGAGEMENT,MAINTAIN_FLOW
1775711023.3821394,44,93.39,200.00,-0.25,ACTIVE,NONE,NORMAL,LIKELY_ACTIVE,HIGH_ENGAGEMENT,MAINTAIN_FLOW
1775711023.3975847,41,93.34,200.00,-0.26,ACTIVE,NONE,NORMAL,LIKELY_ACTIVE,HIGH_ENGAGEMENT,MAINTAIN_FLOW
1775711023.4137816,38,93.28,200.00,-0.28,ACTIVE,NONE,NORMAL,LIKELY_ACTIVE,HIGH_ENGAGEMENT,MAINTAIN_FLOW
1775711023.4297373,39,93.23,200.00,-0.27,ACTIVE,NONE,NORMAL,LIKELY_ACTIVE,HIGH_ENGAGEMENT,MAINTAIN_FLOW
1775711023.4456987,39,93.17,200.00,-0.27,ACTIVE,NONE,NORMAL,LIKELY_ACTIVE,HIGH_ENGAGEMENT,MAINTAIN_FLOW
1775711023.4618747,38,93.12,200.00,-0.28,ACTIVE,NONE,NORMAL,LIKELY_ACTIVE,HIGH_ENGAGEMENT,MAINTAIN_FLOW
1775711023.4778998,42,93.07,200.00,-0.26,ACTIVE,NONE,NORMAL,LIKELY_ACTIVE,HIGH_ENGAGEMENT,MAINTAIN_FLOW
1775711023.4934242,46,93.02,200.00,-0.24,ACTIVE,NONE,NORMAL,LIKELY_ACTIVE,HIGH_ENGAGEMENT,MAINTAIN_FLOW
1775711023.509684,46,92.97,200.00,-0.23,ACTIVE,NONE,NORMAL,LIKELY_ACTIVE,HIGH_ENGAGEMENT,MAINTAIN_FLOW
1775711023.5257316,46,92.93,200.00,-0.23,ACTIVE,NONE,NORMAL,LIKELY_ACTIVE,HIGH_ENGAGEMENT,MAINTAIN_FLOW
1775711023.5418386,44,92.88,200.00,-0.24,ACTIVE,NONE,NORMAL,LIKELY_ACTIVE,HIGH_ENGAGEMENT,MAINTAIN_FLOW
1775711023.5579295,43,92.83,200.00,-0.25,ACTIVE,NONE,NORMAL,LIKELY_ACTIVE,HIGH_ENGAGEMENT,MAINTAIN_FLOW
1775711023.5739348,38,92.77,200.00,-0.27,ACTIVE,NONE,NORMAL,LIKELY_ACTIVE,HIGH_ENGAGEMENT,MAINTAIN_FLOW
1775711023.589755,36,92.72,200.00,-0.28,ACTIVE,NONE,NORMAL,LIKELY_ACTIVE,HIGH_ENGAGEMENT,MAINTAIN_FLOW
1775711023.6061351,36,92.66,200.00,-0.28,ACTIVE,NONE,NORMAL,LIKELY_ACTIVE,HIGH_ENGAGEMENT,MAINTAIN_FLOW
1775711023.6230865,38,92.60,200.00,-0.27,ACTIVE,NONE,NORMAL,LIKELY_ACTIVE,HIGH_ENGAGEMENT,MAINTAIN_FLOW
1775711023.6378655,37,92.55,200.00,-0.28,ACTIVE,NONE,NORMAL,LIKELY_ACTIVE,HIGH_ENGAGEMENT,MAINTAIN_FLOW
1775711023.655169,36,92.49,200.00,-0.28,ACTIVE,NONE,NORMAL,LIKELY_ACTIVE,HIGH_ENGAGEMENT,MAINTAIN_FLOW
1775711023.6704156,36,92.44,200.00,-0.28,ACTIVE,NONE,NORMAL,LIKELY_ACTIVE,HIGH_ENGAGEMENT,MAINTAIN_FLOW
1775711023.6861122,35,92.38,200.00,-0.29,ACTIVE,NONE,NORMAL,LIKELY_ACTIVE,HIGH_ENGAGEMENT,MAINTAIN_FLOW
1775711023.7019312,33,92.32,200.00,-0.30,ACTIVE,NONE,NORMAL,LIKELY_ACTIVE,HIGH_ENGAGEMENT,MAINTAIN_FLOW
1775711023.717745,34,92.26,200.00,-0.29,ACTIVE,NONE,NORMAL,LIKELY_ACTIVE,HIGH_ENGAGEMENT,MAINTAIN_FLOW
1775711023.733736,37,92.21,200.00,-0.28,ACTIVE,NONE,NORMAL,LIKELY_ACTIVE,HIGH_ENGAGEMENT,MAINTAIN_FLOW
1775711023.7496512,38,92.15,200.00,-0.27,ACTIVE,NONE,NORMAL,LIKELY_ACTIVE,HIGH_ENGAGEMENT,MAINTAIN_FLOW
1775711023.7657325,39,92.10,200.00,-0.27,ACTIVE,NONE,NORMAL,LIKELY_ACTIVE,HIGH_ENGAGEMENT,MAINTAIN_FLOW
1775711023.781606,40,92.05,200.00,-0.26,ACTIVE,NONE,NORMAL,LIKELY_ACTIVE,HIGH_ENGAGEMENT,MAINTAIN_FLOW
1775711023.7978125,41,91.99,200.00,-0.25,ACTIVE,NONE,NORMAL,LIKELY_ACTIVE,HIGH_ENGAGEMENT,MAINTAIN_FLOW
1775711023.8135593,40,91.94,200.00,-0.26,ACTIVE,NONE,NORMAL,LIKELY_ACTIVE,HIGH_ENGAGEMENT,MAINTAIN_FLOW
1775711023.829879,42,91.89,200.00,-0.25,ACTIVE,NONE,NORMAL,LIKELY_ACTIVE,HIGH_ENGAGEMENT,MAINTAIN_FLOW
1775711023.8459327,46,91.85,200.00,-0.23,ACTIVE,NONE,NORMAL,LIKELY_ACTIVE,HIGH_ENGAGEMENT,MAINTAIN_FLOW
1775711023.861728,52,91.81,200.00,-0.20,ACTIVE,NONE,NORMAL,LIKELY_ACTIVE,HIGH_ENGAGEMENT,MAINTAIN_FLOW
1775711023.8780992,54,91.77,200.00,-0.19,ACTIVE,NONE,NORMAL,LIKELY_ACTIVE,HIGH_ENGAGEMENT,MAINTAIN_FLOW
1775711023.8942835,56,91.73,200.00,-0.18,ACTIVE,NONE,NORMAL,LIKELY_ACTIVE,HIGH_ENGAGEMENT,MAINTAIN_FLOW
1775711023.909964,56,91.70,200.00,-0.18,ACTIVE,NONE,NORMAL,LIKELY_ACTIVE,HIGH_ENGAGEMENT,MAINTAIN_FLOW
1775711023.925462,56,91.66,200.00,-0.18,ACTIVE,NONE,NORMAL,LIKELY_ACTIVE,HIGH_ENGAGEMENT,MAINTAIN_FLOW
1775711023.941933,61,91.63,200.00,-0.15,ACTIVE,NONE,NORMAL,LIKELY_ACTIVE,HIGH_ENGAGEMENT,MAINTAIN_FLOW
1775711023.9576747,70,91.61,200.00,-0.11,ACTIVE,NONE,NORMAL,LIKELY_ACTIVE,HIGH_ENGAGEMENT,MAINTAIN_FLOW
1775711023.973823,84,91.60,200.00,-0.04,ACTIVE,NONE,NORMAL,LIKELY_ACTIVE,HIGH_ENGAGEMENT,MAINTAIN_FLOW
1775711023.989651,95,91.61,200.00,0.02,ACTIVE,NONE,NORMAL,LIKELY_ACTIVE,HIGH_ENGAGEMENT,MAINTAIN_FLOW
1775711024.0059745,100,91.61,200.00,0.04,ACTIVE,NONE,NORMAL,LIKELY_ACTIVE,HIGH_ENGAGEMENT,MAINTAIN_FLOW
1775711024.0218356,99,91.62,200.00,0.04,ACTIVE,NONE,NORMAL,LIKELY_ACTIVE,HIGH_ENGAGEMENT,MAINTAIN_FLOW
1775711024.0383954,98,91.63,200.00,0.03,ACTIVE,NONE,NORMAL,LIKELY_ACTIVE,HIGH_ENGAGEMENT,MAINTAIN_FLOW
1775711024.0546849,97,91.63,200.00,0.03,ACTIVE,NONE,NORMAL,LIKELY_ACTIVE,HIGH_ENGAGEMENT,MAINTAIN_FLOW
1775711024.0709171,92,91.63,200.00,0.00,ACTIVE,NONE,NORMAL,LIKELY_ACTIVE,HIGH_ENGAGEMENT,MAINTAIN_FLOW
1775711024.0861955,90,91.63,200.00,-0.01,ACTIVE,NONE,NORMAL,LIKELY_ACTIVE,HIGH_ENGAGEMENT,MAINTAIN_FLOW
1775711024.1018896,88,91.63,200.00,-0.02,ACTIVE,NONE,NORMAL,LIKELY_ACTIVE,HIGH_ENGAGEMENT,MAINTAIN_FLOW
1775711024.118098,81,91.62,200.00,-0.05,ACTIVE,NONE,NORMAL,LIKELY_ACTIVE,HIGH_ENGAGEMENT,MAINTAIN_FLOW
1775711024.1340435,68,91.59,200.00,-0.12,ACTIVE,NONE,NORMAL,LIKELY_ACTIVE,HIGH_ENGAGEMENT,MAINTAIN_FLOW
1775711024.1504307,60,91.56,200.00,-0.16,ACTIVE,NONE,NORMAL,LIKELY_ACTIVE,HIGH_ENGAGEMENT,MAINTAIN_FLOW
1775711024.1656778,50,91.52,200.00,-0.21,ACTIVE,NONE,NORMAL,LIKELY_ACTIVE,HIGH_ENGAGEMENT,MAINTAIN_FLOW
1775711024.1820772,41,91.47,200.00,-0.25,ACTIVE,NONE,NORMAL,LIKELY_ACTIVE,HIGH_ENGAGEMENT,MAINTAIN_FLOW
1775711024.198207,36,91.41,200.00,-0.28,ACTIVE,NONE,NORMAL,LIKELY_ACTIVE,HIGH_ENGAGEMENT,MAINTAIN_FLOW
1775711024.2139344,37,91.36,200.00,-0.27,ACTIVE,NONE,NORMAL,LIKELY_ACTIVE,HIGH_ENGAGEMENT,MAINTAIN_FLOW
1775711024.2298245,40,91.31,200.00,-0.26,ACTIVE,NONE,NORMAL,LIKELY_ACTIVE,HIGH_ENGAGEMENT,MAINTAIN_FLOW
1775711024.246189,47,91.26,200.00,-0.22,ACTIVE,NONE,NORMAL,LIKELY_ACTIVE,HIGH_ENGAGEMENT,MAINTAIN_FLOW
1775711024.2621446,48,91.22,200.00,-0.22,ACTIVE,NONE,NORMAL,LIKELY_ACTIVE,HIGH_ENGAGEMENT,MAINTAIN_FLOW
1775711024.2780735,56,91.19,200.00,-0.18,ACTIVE,NONE,NORMAL,LIKELY_ACTIVE,HIGH_ENGAGEMENT,MAINTAIN_FLOW
1775711024.2938535,62,91.16,200.00,-0.15,ACTIVE,NONE,NORMAL,LIKELY_ACTIVE,HIGH_ENGAGEMENT,MAINTAIN_FLOW
1775711024.3101091,63,91.13,200.00,-0.14,ACTIVE,NONE,NORMAL,LIKELY_ACTIVE,HIGH_ENGAGEMENT,MAINTAIN_FLOW
1775711024.325732,60,91.10,200.00,-0.16,ACTIVE,NONE,NORMAL,LIKELY_ACTIVE,HIGH_ENGAGEMENT,MAINTAIN_FLOW
1775711024.3417256,61,91.07,200.00,-0.15,ACTIVE,NONE,NORMAL,LIKELY_ACTIVE,HIGH_ENGAGEMENT,MAINTAIN_FLOW
1775711024.3576972,55,91.03,200.00,-0.18,ACTIVE,NONE,NORMAL,LIKELY_ACTIVE,HIGH_ENGAGEMENT,MAINTAIN_FLOW
1775711024.3734102,49,90.99,200.00,-0.21,ACTIVE,NONE,NORMAL,LIKELY_ACTIVE,HIGH_ENGAGEMENT,MAINTAIN_FLOW
1775711024.3895717,48,90.95,200.00,-0.21,ACTIVE,NONE,NORMAL,LIKELY_ACTIVE,HIGH_ENGAGEMENT,MAINTAIN_FLOW
1775711024.4058928,47,90.90,200.00,-0.22,ACTIVE,NONE,NORMAL,LIKELY_ACTIVE,HIGH_ENGAGEMENT,MAINTAIN_FLOW
1775711024.4223151,46,90.86,200.00,-0.22,ACTIVE,NONE,NORMAL,LIKELY_ACTIVE,HIGH_ENGAGEMENT,MAINTAIN_FLOW
1775711024.43817,48,90.81,200.00,-0.21,ACTIVE,NONE,NORMAL,LIKELY_ACTIVE,HIGH_ENGAGEMENT,MAINTAIN_FLOW
1775711024.4546084,50,90.77,200.00,-0.20,ACTIVE,NONE,NORMAL,LIKELY_ACTIVE,HIGH_ENGAGEMENT,MAINTAIN_FLOW
1775711024.4707406,49,90.73,200.00,-0.21,ACTIVE,NONE,NORMAL,LIKELY_ACTIVE,HIGH_ENGAGEMENT,MAINTAIN_FLOW
1775711024.4877458,47,90.69,200.00,-0.22,MIXED,CHANGE,NORMAL,LIKELY_ACTIVE,HIGH_ENGAGEMENT,MAINTAIN_FLOW
1775711024.5026498,46,90.64,200.00,-0.22,MIXED,NONE,NORMAL,LIKELY_ACTIVE,HIGH_ENGAGEMENT,MAINTAIN_FLOW
1775711024.5184042,46,90.60,200.00,-0.22,MIXED,NONE,NORMAL,LIKELY_ACTIVE,HIGH_ENGAGEMENT,MAINTAIN_FLOW
1775711024.5342681,43,90.55,200.00,-0.24,MIXED,NONE,NORMAL,LIKELY_ACTIVE,HIGH_ENGAGEMENT,MAINTAIN_FLOW
1775711024.55048,43,90.50,200.00,-0.24,MIXED,NONE,NORMAL,LIKELY_ACTIVE,HIGH_ENGAGEMENT,MAINTAIN_FLOW
1775711024.5663862,43,90.46,200.00,-0.24,MIXED,NONE,NORMAL,LIKELY_ACTIVE,HIGH_ENGAGEMENT,MAINTAIN_FLOW
1775711024.5823858,43,90.41,200.00,-0.24,MIXED,NONE,NORMAL,LIKELY_ACTIVE,HIGH_ENGAGEMENT,MAINTAIN_FLOW
1775711024.5984244,39,90.36,200.00,-0.26,MIXED,NONE,NORMAL,LIKELY_ACTIVE,HIGH_ENGAGEMENT,MAINTAIN_FLOW
1775711024.6144915,39,90.31,200.00,-0.26,MIXED,NONE,NORMAL,STABLE,HIGH_ENGAGEMENT,MAINTAIN_FLOW
1775711024.6304255,38,90.25,200.00,-0.26,MIXED,NONE,NORMAL,STABLE,HIGH_ENGAGEMENT,MAINTAIN_FLOW
1775711024.6467876,36,90.20,200.00,-0.27,INACTIVE,DEACTIVATION,NORMAL,STABLE,NORMAL,NONE
1775711024.6617064,36,90.15,200.00,-0.27,INACTIVE,NONE,NORMAL,STABLE,NORMAL,NONE
1775711024.6774218,37,90.09,200.00,-0.27,INACTIVE,NONE,NORMAL,STABLE,NORMAL,NONE
1775711024.6943898,36,90.04,200.00,-0.27,INACTIVE,NONE,NORMAL,STABLE,NORMAL,NONE
1775711024.709803,34,89.98,200.00,-0.28,INACTIVE,NONE,NORMAL,STABLE,NORMAL,NONE
1775711024.7255516,34,89.93,200.00,-0.28,INACTIVE,NONE,NORMAL,STABLE,NORMAL,NONE
1775711024.7417986,34,89.87,200.00,-0.28,INACTIVE,NONE,NORMAL,STABLE,NORMAL,NONE
1775711024.757769,33,89.81,200.00,-0.28,INACTIVE,NONE,NORMAL,STABLE,NORMAL,NONE
1775711024.773727,32,89.76,200.00,-0.29,INACTIVE,NONE,NORMAL,STABLE,NORMAL,NONE
1775711024.7898777,33,89.70,200.00,-0.28,INACTIVE,NONE,NORMAL,STABLE,NORMAL,NONE
1775711024.8056412,34,89.64,200.00,-0.28,INACTIVE,NONE,NORMAL,STABLE,NORMAL,NONE
1775711024.8221457,34,89.59,200.00,-0.28,INACTIVE,NONE,NORMAL,LIKELY_INACTIVE,NORMAL,NONE
1775711024.838271,35,89.53,200.00,-0.27,INACTIVE,NONE,NORMAL,LIKELY_INACTIVE,NORMAL,NONE
1775711024.8542197,37,89.48,200.00,-0.26,INACTIVE,NONE,NORMAL,LIKELY_INACTIVE,NORMAL,NONE
1775711024.8705459,36,89.43,200.00,-0.27,INACTIVE,NONE,NORMAL,LIKELY_INACTIVE,NORMAL,NONE
1775711024.8866363,36,89.37,200.00,-0.27,INACTIVE,NONE,NORMAL,LIKELY_INACTIVE,NORMAL,NONE
1775711024.90159,37,89.32,200.00,-0.26,INACTIVE,NONE,NORMAL,LIKELY_INACTIVE,NORMAL,NONE
1775711024.9172685,36,89.27,200.00,-0.27,INACTIVE,NONE,NORMAL,LIKELY_INACTIVE,NORMAL,NONE
1775711024.933642,34,89.21,200.00,-0.28,INACTIVE,NONE,NORMAL,LIKELY_INACTIVE,NORMAL,NONE
1775711024.9495156,37,89.16,200.00,-0.26,INACTIVE,NONE,NORMAL,LIKELY_INACTIVE,NORMAL,NONE
1775711024.9663787,37,89.11,200.00,-0.26,INACTIVE,NONE,NORMAL,LIKELY_INACTIVE,NORMAL,NONE
1775711024.9820995,37,89.06,200.00,-0.26,INACTIVE,NONE,NORMAL,LIKELY_INACTIVE,NORMAL,NONE
1775711024.998304,38,89.00,200.00,-0.26,INACTIVE,NONE,NORMAL,LIKELY_INACTIVE,NORMAL,NONE
1775711025.0143037,40,88.96,200.00,-0.24,INACTIVE,NONE,NORMAL,LIKELY_INACTIVE,NORMAL,NONE
1775711025.0304134,38,88.90,200.00,-0.25,INACTIVE,NONE,NORMAL,LIKELY_INACTIVE,NORMAL,NONE
1775711025.0465262,37,88.85,200.00,-0.26,INACTIVE,NONE,NORMAL,LIKELY_INACTIVE,NORMAL,NONE
1775711025.0614054,35,88.80,200.00,-0.27,INACTIVE,NONE,NORMAL,LIKELY_INACTIVE,NORMAL,NONE
1775711025.0773273,35,88.75,200.00,-0.27,INACTIVE,NONE,NORMAL,LIKELY_INACTIVE,NORMAL,NONE
1775711025.0937924,34,88.69,200.00,-0.27,INACTIVE,NONE,NORMAL,LIKELY_INACTIVE,NORMAL,NONE
1775711025.1098936,35,88.64,200.00,-0.27,INACTIVE,NONE,NORMAL,LIKELY_INACTIVE,NORMAL,NONE
1775711025.125701,35,88.58,200.00,-0.27,INACTIVE,NONE,NORMAL,LIKELY_INACTIVE,NORMAL,NONE
1775711025.1414797,36,88.53,200.00,-0.26,INACTIVE,NONE,NORMAL,LIKELY_INACTIVE,NORMAL,NONE
1775711025.1586242,34,88.48,200.00,-0.27,INACTIVE,NONE,NORMAL,LIKELY_INACTIVE,NORMAL,NONE
1775711025.1736782,35,88.42,200.00,-0.27,INACTIVE,NONE,NORMAL,LIKELY_INACTIVE,NORMAL,NONE
1775711025.1898553,35,88.37,200.00,-0.27,INACTIVE,NONE,NORMAL,LIKELY_INACTIVE,NORMAL,NONE
1775711025.2058275,36,88.32,200.00,-0.26,INACTIVE,NONE,NORMAL,LIKELY_INACTIVE,NORMAL,NONE
1775711025.2231164,36,88.26,200.00,-0.26,INACTIVE,NONE,NORMAL,LIKELY_INACTIVE,NORMAL,NONE
1775711025.2389507,38,88.21,200.00,-0.25,INACTIVE,NONE,NORMAL,LIKELY_INACTIVE,NORMAL,NONE
1775711025.2537954,37,88.16,200.00,-0.26,INACTIVE,NONE,NORMAL,LIKELY_INACTIVE,NORMAL,NONE
1775711025.2695224,36,88.11,200.00,-0.26,INACTIVE,NONE,NORMAL,LIKELY_INACTIVE,NORMAL,NONE
1775711025.2855804,34,88.06,200.00,-0.27,INACTIVE,NONE,NORMAL,LIKELY_INACTIVE,NORMAL,NONE
1775711025.3014905,35,88.00,200.00,-0.27,INACTIVE,NONE,NORMAL,LIKELY_INACTIVE,NORMAL,NONE
1775711025.3175385,35,87.95,200.00,-0.26,INACTIVE,NONE,NORMAL,LIKELY_INACTIVE,NORMAL,NONE
1775711025.333671,35,87.90,200.00,-0.26,INACTIVE,NONE,NORMAL,LIKELY_INACTIVE,NORMAL,NONE
1775711025.34949,38,87.85,200.00,-0.25,INACTIVE,NONE,NORMAL,LIKELY_INACTIVE,NORMAL,NONE
1775711025.3656194,38,87.80,200.00,-0.25,INACTIVE,NONE,NORMAL,LIKELY_INACTIVE,NORMAL,NONE
1775711025.3815675,38,87.75,200.00,-0.25,INACTIVE,NONE,NORMAL,LIKELY_INACTIVE,NORMAL,NONE
1775711025.3976345,37,87.70,200.00,-0.25,INACTIVE,NONE,NORMAL,LIKELY_INACTIVE,NORMAL,NONE
1775711025.4136996,38,87.65,200.00,-0.25,INACTIVE,NONE,NORMAL,LIKELY_INACTIVE,NORMAL,NONE
1775711025.4298396,36,87.60,200.00,-0.26,INACTIVE,NONE,NORMAL,LIKELY_INACTIVE,NORMAL,NONE
1775711025.4456697,39,87.55,200.00,-0.24,INACTIVE,NONE,NORMAL,LIKELY_INACTIVE,NORMAL,NONE
1775711025.461622,38,87.50,200.00,-0.25,INACTIVE,NONE,NORMAL,LIKELY_INACTIVE,NORMAL,NONE
1775711025.4775412,39,87.45,200.00,-0.24,INACTIVE,NONE,NORMAL,LIKELY_INACTIVE,NORMAL,NONE
1775711025.4934204,52,87.41,200.00,-0.18,INACTIVE,NONE,NORMAL,LIKELY_INACTIVE,NORMAL,NONE
1775711025.5096154,54,87.38,200.00,-0.17,INACTIVE,NONE,NORMAL,LIKELY_INACTIVE,NORMAL,NONE
1775711025.5255487,55,87.35,200.00,-0.16,INACTIVE,NONE,NORMAL,LIKELY_INACTIVE,NORMAL,NONE
1775711025.5417101,57,87.32,200.00,-0.15,INACTIVE,NONE,NORMAL,LIKELY_INACTIVE,NORMAL,NONE
1775711025.5574734,56,87.29,200.00,-0.16,INACTIVE,NONE,NORMAL,LIKELY_INACTIVE,NORMAL,NONE
1775711025.573734,41,87.24,200.00,-0.23,INACTIVE,NONE,NORMAL,LIKELY_INACTIVE,NORMAL,NONE
1775711025.5898743,41,87.19,200.00,-0.23,INACTIVE,NONE,NORMAL,LIKELY_INACTIVE,NORMAL,NONE
1775711025.6058588,38,87.15,200.00,-0.25,INACTIVE,NONE,NORMAL,LIKELY_INACTIVE,NORMAL,NONE
1775711025.621688,35,87.09,200.00,-0.26,INACTIVE,NONE,NORMAL,LIKELY_INACTIVE,NORMAL,NONE
1775711025.6374645,37,87.04,200.00,-0.25,INACTIVE,NONE,NORMAL,LIKELY_INACTIVE,NORMAL,NONE
1775711025.653643,40,87.00,200.00,-0.23,INACTIVE,NONE,NORMAL,LIKELY_INACTIVE,NORMAL,NONE
1775711025.6693404,41,86.95,200.00,-0.23,INACTIVE,NONE,NORMAL,LIKELY_INACTIVE,NORMAL,NONE
1775711025.6854255,41,86.90,200.00,-0.23,INACTIVE,NONE,NORMAL,LIKELY_INACTIVE,NORMAL,NONE
1775711025.7012691,43,86.86,200.00,-0.22,INACTIVE,NONE,NORMAL,LIKELY_INACTIVE,NORMAL,NONE
1775711025.7177157,42,86.82,200.00,-0.22,INACTIVE,NONE,NORMAL,LIKELY_INACTIVE,NORMAL,NONE
1775711025.734125,38,86.77,200.00,-0.24,INACTIVE,NONE,NORMAL,LIKELY_INACTIVE,NORMAL,NONE
1775711025.7496395,36,86.72,200.00,-0.25,INACTIVE,NONE,NORMAL,LIKELY_INACTIVE,NORMAL,NONE
1775711025.7662318,35,86.66,200.00,-0.26,INACTIVE,NONE,NORMAL,LIKELY_INACTIVE,NORMAL,NONE
1775711025.7821934,35,86.61,200.00,-0.26,INACTIVE,NONE,NORMAL,LIKELY_INACTIVE,NORMAL,NONE
1775711025.7982743,37,86.56,200.00,-0.25,INACTIVE,NONE,NORMAL,LIKELY_INACTIVE,NORMAL,NONE
1775711025.8135133,39,86.51,200.00,-0.24,INACTIVE,NONE,NORMAL,LIKELY_INACTIVE,NORMAL,NONE
1775711025.8299108,39,86.47,200.00,-0.24,INACTIVE,NONE,NORMAL,LIKELY_INACTIVE,NORMAL,NONE
1775711025.845544,41,86.42,200.00,-0.23,INACTIVE,NONE,NORMAL,LIKELY_INACTIVE,NORMAL,NONE
1775711025.8615146,41,86.38,200.00,-0.23,INACTIVE,NONE,NORMAL,LIKELY_INACTIVE,NORMAL,NONE
1775711025.8777528,39,86.33,200.00,-0.24,INACTIVE,NONE,NORMAL,LIKELY_INACTIVE,NORMAL,NONE
1775711025.8935955,37,86.28,200.00,-0.25,INACTIVE,NONE,NORMAL,LIKELY_INACTIVE,NORMAL,NONE
1775711025.9095652,37,86.23,200.00,-0.25,INACTIVE,NONE,NORMAL,LIKELY_INACTIVE,NORMAL,NONE
1775711025.9261868,37,86.18,200.00,-0.25,INACTIVE,NONE,NORMAL,LIKELY_INACTIVE,NORMAL,NONE
1775711025.9415205,36,86.13,200.00,-0.25,INACTIVE,NONE,NORMAL,LIKELY_INACTIVE,NORMAL,NONE
1775711025.9576757,36,86.08,200.00,-0.25,INACTIVE,NONE,NORMAL,LIKELY_INACTIVE,NORMAL,NONE
1775711025.973473,38,86.03,200.00,-0.24,INACTIVE,NONE,NORMAL,LIKELY_INACTIVE,NORMAL,NONE
1775711025.9896424,39,85.99,200.00,-0.23,INACTIVE,NONE,NORMAL,LIKELY_INACTIVE,NORMAL,NONE
1775711026.0055475,38,85.94,200.00,-0.24,INACTIVE,NONE,NORMAL,LIKELY_INACTIVE,NORMAL,NONE
1775711026.0218835,39,85.89,200.00,-0.23,INACTIVE,NONE,NORMAL,LIKELY_INACTIVE,NORMAL,NONE
1775711026.0379753,39,85.84,200.00,-0.23,INACTIVE,NONE,NORMAL,LIKELY_INACTIVE,NORMAL,NONE
1775711026.054333,39,85.80,200.00,-0.23,INACTIVE,NONE,NORMAL,LIKELY_INACTIVE,NORMAL,NONE
1775711026.0699875,37,85.75,200.00,-0.24,INACTIVE,NONE,NORMAL,LIKELY_INACTIVE,NORMAL,NONE
1775711026.085375,38,85.70,200.00,-0.24,INACTIVE,NONE,NORMAL,LIKELY_INACTIVE,NORMAL,NONE
1775711026.1020513,38,85.65,200.00,-0.24,INACTIVE,NONE,NORMAL,LIKELY_INACTIVE,NORMAL,NONE
1775711026.1184764,38,85.61,200.00,-0.24,INACTIVE,NONE,NORMAL,LIKELY_INACTIVE,NORMAL,NONE
1775711026.1344252,38,85.56,200.00,-0.24,INACTIVE,NONE,NORMAL,LIKELY_INACTIVE,NORMAL,NONE
1775711026.1495492,39,85.51,200.00,-0.23,INACTIVE,NONE,NORMAL,LIKELY_INACTIVE,NORMAL,NONE
1775711026.1782353,38,85.46,200.00,-0.24,INACTIVE,NONE,NORMAL,LIKELY_INACTIVE,NORMAL,NONE
1775711026.1821635,39,85.42,200.00,-0.23,INACTIVE,NONE,NORMAL,LIKELY_INACTIVE,NORMAL,NONE
1775711026.1977968,39,85.37,200.00,-0.23,INACTIVE,NONE,NORMAL,LIKELY_INACTIVE,NORMAL,NONE
1775711026.2141123,39,85.32,200.00,-0.23,INACTIVE,NONE,NORMAL,LIKELY_INACTIVE,NORMAL,NONE
1775711026.2294192,41,85.28,200.00,-0.22,INACTIVE,NONE,NORMAL,LIKELY_INACTIVE,NORMAL,NONE
1775711026.2458937,42,85.24,200.00,-0.22,INACTIVE,NONE,NORMAL,LIKELY_INACTIVE,NORMAL,NONE
1775711026.2619233,44,85.20,200.00,-0.21,INACTIVE,NONE,NORMAL,LIKELY_INACTIVE,NORMAL,NONE
1775711026.2778597,44,85.15,200.00,-0.21,INACTIVE,NONE,NORMAL,LIKELY_INACTIVE,NORMAL,NONE
1775711026.2937381,45,85.11,200.00,-0.20,INACTIVE,NONE,NORMAL,LIKELY_INACTIVE,NORMAL,NONE
1775711026.3099313,47,85.08,200.00,-0.19,INACTIVE,NONE,NORMAL,LIKELY_INACTIVE,NORMAL,NONE
1775711026.326007,47,85.04,200.00,-0.19,INACTIVE,NONE,NORMAL,LIKELY_INACTIVE,NORMAL,NONE
1775711026.34173,54,85.01,200.00,-0.16,INACTIVE,NONE,NORMAL,LIKELY_INACTIVE,NORMAL,NONE
1775711026.3578682,81,85.00,200.00,-0.02,INACTIVE,NONE,NORMAL,LIKELY_INACTIVE,NORMAL,NONE
1775711026.3739839,173,85.09,200.00,0.44,INACTIVE,NONE,NORMAL,LIKELY_INACTIVE,NORMAL,NONE
1775711026.3896072,799,85.09,200.00,3.57,INACTIVE,NONE,NORMAL,LIKELY_INACTIVE,NORMAL,NONE
1775711026.4057212,1800,85.09,200.00,8.57,INACTIVE,NONE,NORMAL,LIKELY_INACTIVE,NORMAL,NONE
1775711026.4218578,3520,85.09,200.00,17.17,INACTIVE,NONE,NORMAL,LIKELY_INACTIVE,NORMAL,NONE
1775711026.4382608,5775,85.09,200.00,28.45,INACTIVE,NONE,NORMAL,LIKELY_INACTIVE,NORMAL,NONE
1775711026.453928,8424,85.09,200.00,41.69,INACTIVE,NONE,NORMAL,LIKELY_INACTIVE,NORMAL,NONE
1775711026.4700828,10369,85.09,200.00,51.42,INACTIVE,NONE,NORMAL,LIKELY_INACTIVE,NORMAL,NONE
1775711026.4862993,11849,85.09,200.00,58.82,INACTIVE,NONE,NORMAL,LIKELY_INACTIVE,NORMAL,NONE
1775711026.5023685,12685,85.09,200.00,63.00,INACTIVE,NONE,NORMAL,LIKELY_INACTIVE,NORMAL,NONE
1775711026.5189838,12665,85.09,200.00,62.90,INACTIVE,NONE,NORMAL,LIKELY_INACTIVE,NORMAL,NONE
1775711026.5342436,11994,85.09,200.00,59.54,INACTIVE,NONE,NORMAL,LIKELY_INACTIVE,NORMAL,NONE
1775711026.550346,11436,85.09,200.00,56.75,INACTIVE,NONE,NORMAL,LIKELY_INACTIVE,NORMAL,NONE
1775711026.5662746,11007,85.09,200.00,54.61,INACTIVE,NONE,NORMAL,LIKELY_INACTIVE,NORMAL,NONE
1775711026.5818844,10818,85.09,200.00,53.66,INACTIVE,NONE,NORMAL,LIKELY_INACTIVE,NORMAL,NONE
1775711026.5982153,10896,85.09,200.00,54.05,INACTIVE,NONE,NORMAL,LIKELY_INACTIVE,NORMAL,NONE
1775711026.6143818,11244,85.09,200.00,55.79,INACTIVE,NONE,NORMAL,LIKELY_INACTIVE,NORMAL,NONE
1775711026.629274,11887,85.09,200.00,59.01,INACTIVE,NONE,NORMAL,LIKELY_INACTIVE,NORMAL,NONE
1775711026.6449182,12517,85.09,200.00,62.16,INACTIVE,NONE,NORMAL,LIKELY_INACTIVE,NORMAL,NONE
1775711026.6612823,12701,85.09,200.00,63.08,INACTIVE,NONE,NORMAL,LIKELY_INACTIVE,NORMAL,NONE
1775711026.6783323,13172,85.09,200.00,65.43,INACTIVE,NONE,NORMAL,LIKELY_INACTIVE,NORMAL,NONE
1775711026.693831,13345,85.09,200.00,66.30,INACTIVE,NONE,NORMAL,LIKELY_INACTIVE,NORMAL,NONE
1775711026.710072,13437,85.09,200.00,66.76,INACTIVE,NONE,NORMAL,LIKELY_INACTIVE,NORMAL,NONE
1775711026.7273943,13372,85.09,200.00,66.43,INACTIVE,NONE,NORMAL,LIKELY_INACTIVE,NORMAL,NONE
1775711026.7416177,13478,85.09,200.00,66.96,INACTIVE,NONE,NORMAL,LIKELY_INACTIVE,NORMAL,NONE
1775711026.7579799,13345,85.09,200.00,66.30,INACTIVE,NONE,NORMAL,LIKELY_INACTIVE,NORMAL,NONE
1775711026.7734725,13629,85.09,200.00,67.72,INACTIVE,NONE,NORMAL,LIKELY_INACTIVE,NORMAL,NONE
1775711026.7894862,13670,85.09,200.00,67.92,INACTIVE,NONE,NORMAL,LIKELY_INACTIVE,NORMAL,NONE
1775711026.8055735,14010,85.09,200.00,69.62,INACTIVE,NONE,NORMAL,LIKELY_INACTIVE,NORMAL,NONE
1775711026.821375,14016,85.09,200.00,69.65,INACTIVE,NONE,NORMAL,LIKELY_INACTIVE,NORMAL,NONE
1775711026.8374548,14249,85.09,200.00,70.82,INACTIVE,NONE,NORMAL,LIKELY_INACTIVE,NORMAL,NONE
1775711026.8539097,14054,85.09,200.00,69.84,INACTIVE,NONE,NORMAL,LIKELY_INACTIVE,NORMAL,NONE
1775711026.8695803,14172,85.09,200.00,70.43,INACTIVE,NONE,NORMAL,LIKELY_INACTIVE,NORMAL,NONE
1775711026.8857858,13838,85.09,200.00,68.76,INACTIVE,NONE,NORMAL,LIKELY_INACTIVE,NORMAL,NONE
1775711026.902032,14009,85.09,200.00,69.62,INACTIVE,NONE,NORMAL,LIKELY_INACTIVE,NORMAL,NONE
1775711026.9186268,13675,85.09,200.00,67.95,INACTIVE,NONE,NORMAL,LIKELY_INACTIVE,NORMAL,NONE
1775711026.9343634,13747,85.09,200.00,68.31,INACTIVE,NONE,NORMAL,LIKELY_INACTIVE,NORMAL,NONE
1775711026.9498825,13301,85.09,200.00,66.08,INACTIVE,NONE,NORMAL,LIKELY_INACTIVE,NORMAL,NONE
1775711026.96651,13415,85.09,200.00,66.65,INACTIVE,NONE,NORMAL,LIKELY_INACTIVE,NORMAL,NONE
1775711026.9823148,13021,85.09,200.00,64.68,INACTIVE,NONE,NORMAL,LIKELY_INACTIVE,NORMAL,NONE
1775711026.9982638,13199,85.09,200.00,65.57,INACTIVE,NONE,NORMAL,LIKELY_INACTIVE,NORMAL,NONE
1775711027.0139859,12998,85.09,200.00,64.56,INACTIVE,NONE,NORMAL,LIKELY_INACTIVE,NORMAL,NONE
1775711027.0299673,13377,85.09,200.00,66.46,INACTIVE,NONE,NORMAL,LIKELY_INACTIVE,NORMAL,NONE
1775711027.0449677,13323,85.09,200.00,66.19,INACTIVE,NONE,NORMAL,LIKELY_INACTIVE,NORMAL,NONE
1775711027.0622752,13660,85.09,200.00,67.87,INACTIVE,NONE,NORMAL,LIKELY_INACTIVE,NORMAL,NONE
1775711027.0773885,13576,85.09,200.00,67.45,INACTIVE,NONE,NORMAL,LIKELY_INACTIVE,NORMAL,NONE
1775711027.094053,13656,85.09,200.00,67.85,INACTIVE,NONE,NORMAL,LIKELY_INACTIVE,NORMAL,NONE
1775711027.1099803,13432,85.09,200.00,66.73,INACTIVE,NONE,NORMAL,LIKELY_INACTIVE,NORMAL,NONE
1775711027.1256955,13327,85.09,200.00,66.21,INACTIVE,NONE,NORMAL,LIKELY_INACTIVE,NORMAL,NONE
1775711027.1413236,13183,85.09,200.00,65.49,INACTIVE,NONE,NORMAL,LIKELY_INACTIVE,NORMAL,NONE
1775711027.1576455,12928,85.09,200.00,64.21,INACTIVE,NONE,NORMAL,LIKELY_INACTIVE,NORMAL,NONE
1775711027.1730475,12956,85.09,200.00,64.35,INACTIVE,NONE,NORMAL,LIKELY_INACTIVE,NORMAL,NONE
1775711027.1894054,12605,85.09,200.00,62.60,INACTIVE,NONE,NORMAL,LIKELY_INACTIVE,NORMAL,NONE
1775711027.2056165,12580,85.09,200.00,62.47,INACTIVE,NONE,NORMAL,LIKELY_INACTIVE,NORMAL,NONE
1775711027.2215023,12209,85.09,200.00,60.62,INACTIVE,NONE,NORMAL,LIKELY_INACTIVE,NORMAL,NONE
1775711027.2376108,12275,85.09,200.00,60.95,INACTIVE,NONE,NORMAL,LIKELY_INACTIVE,NORMAL,NONE
1775711027.2539158,11970,85.09,200.00,59.42,INACTIVE,NONE,NORMAL,LIKELY_INACTIVE,NORMAL,NONE
1775711027.2699542,12044,85.09,200.00,59.79,INACTIVE,NONE,NORMAL,LIKELY_INACTIVE,NORMAL,NONE
1775711027.286031,11873,85.09,200.00,58.94,INACTIVE,NONE,NORMAL,LIKELY_INACTIVE,NORMAL,NONE
1775711027.3014913,11766,85.09,200.00,58.40,INACTIVE,NONE,NORMAL,LIKELY_INACTIVE,NORMAL,NONE
1775711027.3175461,11683,85.09,200.00,57.99,INACTIVE,NONE,NORMAL,LIKELY_INACTIVE,NORMAL,NONE
1775711027.3337867,11420,85.09,200.00,56.67,INACTIVE,NONE,NORMAL,LIKELY_INACTIVE,NORMAL,NONE
1775711027.3501499,11457,85.09,200.00,56.86,INACTIVE,NONE,NORMAL,LIKELY_INACTIVE,NORMAL,NONE
1775711027.3660283,11273,85.09,200.00,55.94,INACTIVE,NONE,NORMAL,LIKELY_INACTIVE,NORMAL,NONE
1775711027.3822758,11314,85.09,200.00,56.14,INACTIVE,NONE,NORMAL,LIKELY_INACTIVE,NORMAL,NONE
1775711027.3983603,11205,85.09,200.00,55.60,INACTIVE,NONE,NORMAL,LIKELY_INACTIVE,NORMAL,NONE
1775711027.4140403,11180,85.09,200.00,55.47,INACTIVE,NONE,NORMAL,LIKELY_INACTIVE,NORMAL,NONE
1775711027.4289727,11165,85.09,200.00,55.40,INACTIVE,NONE,NORMAL,LIKELY_INACTIVE,NORMAL,NONE
1775711027.4453468,10995,85.09,200.00,54.55,INACTIVE,NONE,NORMAL,LIKELY_INACTIVE,NORMAL,NONE
1775711027.4623766,11171,85.09,200.00,55.43,INACTIVE,NONE,NORMAL,LIKELY_INACTIVE,NORMAL,NONE
1775711027.477876,11005,85.09,200.00,54.60,INACTIVE,NONE,NORMAL,LIKELY_INACTIVE,NORMAL,NONE
1775711027.494372,11229,85.09,200.00,55.72,INACTIVE,NONE,NORMAL,LIKELY_INACTIVE,NORMAL,NONE
1775711027.5101225,11059,85.09,200.00,54.87,INACTIVE,NONE,NORMAL,LIKELY_INACTIVE,NORMAL,NONE
1775711027.5263603,11244,85.09,200.00,55.79,INACTIVE,NONE,NORMAL,LIKELY_INACTIVE,NORMAL,NONE
1775711027.5419211,11171,85.09,200.00,55.43,INACTIVE,NONE,NORMAL,LIKELY_INACTIVE,NORMAL,NONE
1775711027.5573328,11127,85.09,200.00,55.21,INACTIVE,NONE,NORMAL,LIKELY_INACTIVE,NORMAL,NONE
1775711027.5736914,11174,85.09,200.00,55.44,INACTIVE,NONE,NORMAL,LIKELY_INACTIVE,NORMAL,NONE
1775711027.5894034,10984,85.09,200.00,54.49,INACTIVE,NONE,NORMAL,LIKELY_INACTIVE,NORMAL,NONE
1775711027.6059985,11050,85.09,200.00,54.82,INACTIVE,NONE,NORMAL,LIKELY_INACTIVE,NORMAL,NONE
1775711027.621697,10908,85.09,200.00,54.11,INACTIVE,NONE,NORMAL,LIKELY_INACTIVE,NORMAL,NONE
1775711027.637662,10917,85.09,200.00,54.16,INACTIVE,NONE,NORMAL,LIKELY_INACTIVE,NORMAL,NONE
1775711027.6536212,10829,85.09,200.00,53.72,INACTIVE,NONE,NORMAL,LIKELY_INACTIVE,NORMAL,NONE
1775711027.6700237,10758,85.09,200.00,53.36,INACTIVE,NONE,NORMAL,LIKELY_INACTIVE,NORMAL,NONE
1775711027.6861463,10741,85.09,200.00,53.28,INACTIVE,NONE,NORMAL,LIKELY_INACTIVE,NORMAL,NONE
1775711027.7022784,10596,85.09,200.00,52.55,INACTIVE,NONE,NORMAL,LIKELY_INACTIVE,NORMAL,NONE
1775711027.7182393,10728,85.09,200.00,53.21,INACTIVE,NONE,NORMAL,LIKELY_INACTIVE,NORMAL,NONE
1775711027.734647,10634,85.09,200.00,52.74,INACTIVE,NONE,NORMAL,LIKELY_INACTIVE,NORMAL,NONE
1775711027.7497337,10729,85.09,200.00,53.22,INACTIVE,NONE,NORMAL,LIKELY_INACTIVE,NORMAL,NONE
1775711027.765493,10698,85.09,200.00,53.06,INACTIVE,NONE,NORMAL,LIKELY_INACTIVE,NORMAL,NONE
1775711027.781769,10531,85.09,200.00,52.23,INACTIVE,NONE,NORMAL,LIKELY_INACTIVE,NORMAL,NONE
1775711027.7975774,10448,85.09,200.00,51.81,INACTIVE,NONE,NORMAL,LIKELY_INACTIVE,NORMAL,NONE
1775711027.8138635,10258,85.09,200.00,50.86,INACTIVE,NONE,NORMAL,LIKELY_INACTIVE,NORMAL,NONE
1775711027.8298166,10273,85.09,200.00,50.94,INACTIVE,NONE,NORMAL,LIKELY_INACTIVE,NORMAL,NONE
1775711027.8456578,10260,85.09,200.00,50.87,INACTIVE,NONE,NORMAL,LIKELY_INACTIVE,NORMAL,NONE
1775711027.8616767,10271,85.09,200.00,50.93,INACTIVE,NONE,NORMAL,LIKELY_INACTIVE,NORMAL,NONE
1775711027.8776727,10379,85.09,200.00,51.47,INACTIVE,NONE,NORMAL,LIKELY_INACTIVE,NORMAL,NONE
1775711027.8936586,10353,85.09,200.00,51.34,INACTIVE,NONE,NORMAL,LIKELY_INACTIVE,NORMAL,NONE
1775711027.9097326,10454,85.09,200.00,51.84,INACTIVE,NONE,NORMAL,LIKELY_INACTIVE,NORMAL,NONE
1775711027.9257703,10286,85.09,200.00,51.00,INACTIVE,NONE,NORMAL,LIKELY_INACTIVE,NORMAL,NONE
1775711027.941464,10422,85.09,200.00,51.68,INACTIVE,NONE,NORMAL,LIKELY_INACTIVE,NORMAL,NONE
1775711027.9576228,10352,85.09,200.00,51.33,INACTIVE,NONE,NORMAL,LIKELY_INACTIVE,NORMAL,NONE
1775711027.9732275,10239,85.09,200.00,50.77,INACTIVE,NONE,NORMAL,LIKELY_INACTIVE,NORMAL,NONE
1775711027.9892404,10339,85.09,200.00,51.27,INACTIVE,NONE,NORMAL,LIKELY_INACTIVE,NORMAL,NONE
1775711028.0056198,10244,85.09,200.00,50.79,INACTIVE,NONE,NORMAL,LIKELY_INACTIVE,NORMAL,NONE
1775711028.0212865,10352,85.09,200.00,51.33,INACTIVE,NONE,NORMAL,LIKELY_INACTIVE,NORMAL,NONE
1775711028.0375633,10265,85.09,200.00,50.90,INACTIVE,NONE,NORMAL,LIKELY_INACTIVE,NORMAL,NONE
1775711028.0533862,10427,85.09,200.00,51.71,INACTIVE,NONE,NORMAL,LIKELY_INACTIVE,NORMAL,NONE
1775711028.0696514,10410,85.09,200.00,51.62,INACTIVE,NONE,NORMAL,LIKELY_INACTIVE,NORMAL,NONE
1775711028.0857205,10386,85.09,200.00,51.50,INACTIVE,NONE,NORMAL,LIKELY_INACTIVE,NORMAL,NONE
1775711028.10186,10517,85.09,200.00,52.16,INACTIVE,NONE,NORMAL,LIKELY_INACTIVE,NORMAL,NONE
1775711028.1177924,10496,85.09,200.00,52.05,INACTIVE,NONE,NORMAL,LIKELY_INACTIVE,NORMAL,NONE
1775711028.1338243,10585,85.09,200.00,52.50,INACTIVE,NONE,NORMAL,LIKELY_INACTIVE,NORMAL,NONE
1775711028.1496427,10621,85.09,200.00,52.68,INACTIVE,NONE,NORMAL,LIKELY_INACTIVE,NORMAL,NONE
1775711028.1655188,10725,85.09,200.00,53.20,INACTIVE,NONE,NORMAL,LIKELY_INACTIVE,NORMAL,NONE
1775711028.1817477,10831,85.09,200.00,53.73,INACTIVE,NONE,NORMAL,LIKELY_INACTIVE,NORMAL,NONE
1775711028.1975143,10840,85.09,200.00,53.77,INACTIVE,NONE,NORMAL,LIKELY_INACTIVE,NORMAL,NONE
1775711028.2140703,11050,85.09,200.00,54.82,INACTIVE,NONE,NORMAL,LIKELY_INACTIVE,NORMAL,NONE
1775711028.229494,11039,85.09,200.00,54.77,INACTIVE,NONE,NORMAL,LIKELY_INACTIVE,NORMAL,NONE
1775711028.2452993,11181,85.09,200.00,55.48,INACTIVE,NONE,NORMAL,LIKELY_INACTIVE,NORMAL,NONE
1775711028.2616851,11260,85.09,200.00,55.87,INACTIVE,NONE,NORMAL,LIKELY_INACTIVE,NORMAL,NONE
1775711028.2775548,11299,85.09,200.00,56.07,INACTIVE,NONE,NORMAL,LIKELY_INACTIVE,NORMAL,NONE
1775711028.293645,11471,85.09,200.00,56.93,INACTIVE,NONE,NORMAL,LIKELY_INACTIVE,NORMAL,NONE
1775711028.3099594,11456,85.09,200.00,56.85,INACTIVE,NONE,NORMAL,LIKELY_INACTIVE,NORMAL,NONE
1775711028.3261304,11730,85.09,200.00,58.22,INACTIVE,NONE,NORMAL,LIKELY_INACTIVE,NORMAL,NONE
1775711028.3413172,11746,85.09,200.00,58.30,INACTIVE,NONE,NORMAL,LIKELY_INACTIVE,NORMAL,NONE
1775711028.3583133,12033,85.09,200.00,59.74,INACTIVE,NONE,NORMAL,LIKELY_INACTIVE,NORMAL,NONE
1775711028.3742442,12085,85.09,200.00,60.00,INACTIVE,NONE,NORMAL,LIKELY_INACTIVE,NORMAL,NONE
1775711028.389645,12248,85.09,200.00,60.81,INACTIVE,NONE,NORMAL,LIKELY_INACTIVE,NORMAL,NONE
1775711028.4056478,12413,85.09,200.00,61.64,INACTIVE,NONE,NORMAL,LIKELY_INACTIVE,NORMAL,NONE
1775711028.4214346,12282,85.09,200.00,60.98,INACTIVE,NONE,NORMAL,LIKELY_INACTIVE,NORMAL,NONE
1775711028.4376988,12487,85.09,200.00,62.01,INACTIVE,NONE,NORMAL,LIKELY_INACTIVE,NORMAL,NONE
1775711028.453686,12210,85.09,200.00,60.62,INACTIVE,NONE,NORMAL,LIKELY_INACTIVE,NORMAL,NONE
1775711028.4696765,12379,85.09,200.00,61.47,INACTIVE,NONE,NORMAL,LIKELY_INACTIVE,NORMAL,NONE
1775711028.4860115,12101,85.09,200.00,60.08,INACTIVE,NONE,NORMAL,LIKELY_INACTIVE,NORMAL,NONE
1775711028.501943,12293,85.09,200.00,61.04,INACTIVE,NONE,NORMAL,LIKELY_INACTIVE,NORMAL,NONE
1775711028.5178256,12034,85.09,200.00,59.74,INACTIVE,NONE,NORMAL,LIKELY_INACTIVE,NORMAL,NONE
1775711028.5338233,12220,85.09,200.00,60.67,INACTIVE,NONE,NORMAL,LIKELY_INACTIVE,NORMAL,NONE
1775711028.5499556,12030,85.09,200.00,59.72,INACTIVE,NONE,NORMAL,LIKELY_INACTIVE,NORMAL,NONE
1775711028.566394,12002,85.09,200.00,59.58,INACTIVE,NONE,NORMAL,LIKELY_INACTIVE,NORMAL,NONE
1775711028.5821974,11917,85.09,200.00,59.16,INACTIVE,NONE,NORMAL,LIKELY_INACTIVE,NORMAL,NONE
1775711028.5983744,11721,85.09,200.00,58.18,INACTIVE,NONE,NORMAL,LIKELY_INACTIVE,NORMAL,NONE
1775711028.6137023,11694,85.09,200.00,58.04,INACTIVE,NONE,NORMAL,LIKELY_INACTIVE,NORMAL,NONE
1775711028.6302369,11421,85.09,200.00,56.68,INACTIVE,NONE,NORMAL,LIKELY_INACTIVE,NORMAL,NONE
1775711028.646124,11389,85.09,200.00,56.52,INACTIVE,NONE,NORMAL,LIKELY_INACTIVE,NORMAL,NONE
1775711028.662729,11221,85.09,200.00,55.68,INACTIVE,NONE,NORMAL,LIKELY_INACTIVE,NORMAL,NONE
1775711028.6780987,11220,85.09,200.00,55.67,INACTIVE,NONE,NORMAL,LIKELY_INACTIVE,NORMAL,NONE
1775711028.6940541,11178,85.09,200.00,55.46,INACTIVE,NONE,NORMAL,LIKELY_INACTIVE,NORMAL,NONE
1775711028.7093697,11084,85.09,200.00,54.99,INACTIVE,NONE,NORMAL,LIKELY_INACTIVE,NORMAL,NONE
1775711028.7263925,11205,85.09,200.00,55.60,INACTIVE,NONE,NORMAL,LIKELY_INACTIVE,NORMAL,NONE
1775711028.7415323,11122,85.09,200.00,55.18,INACTIVE,NONE,NORMAL,LIKELY_INACTIVE,NORMAL,NONE
1775711028.7583542,11222,85.09,200.00,55.68,INACTIVE,NONE,NORMAL,LIKELY_INACTIVE,NORMAL,NONE
1775711028.7738798,11131,85.09,200.00,55.23,INACTIVE,NONE,NORMAL,LIKELY_INACTIVE,NORMAL,NONE
1775711028.7893047,11309,85.09,200.00,56.12,INACTIVE,NONE,NORMAL,LIKELY_INACTIVE,NORMAL,NONE
1775711028.8052907,11270,85.09,200.00,55.92,INACTIVE,NONE,NORMAL,LIKELY_INACTIVE,NORMAL,NONE
1775711028.8217423,11182,85.09,200.00,55.48,INACTIVE,NONE,NORMAL,LIKELY_INACTIVE,NORMAL,NONE
1775711028.8375301,11365,85.09,200.00,56.40,INACTIVE,NONE,NORMAL,LIKELY_INACTIVE,NORMAL,NONE
1775711028.8535182,11271,85.09,200.00,55.93,INACTIVE,NONE,NORMAL,LIKELY_INACTIVE,NORMAL,NONE
1775711028.8699245,11450,85.09,200.00,56.82,INACTIVE,NONE,NORMAL,LIKELY_INACTIVE,NORMAL,NONE
1775711028.885837,11380,85.09,200.00,56.47,INACTIVE,NONE,NORMAL,LIKELY_INACTIVE,NORMAL,NONE
1775711028.901625,11580,85.09,200.00,57.47,INACTIVE,NONE,NORMAL,LIKELY_INACTIVE,NORMAL,NONE
1775711028.9179502,11508,85.09,200.00,57.11,INACTIVE,NONE,NORMAL,LIKELY_INACTIVE,NORMAL,NONE
1775711028.9344525,11505,85.09,200.00,57.10,INACTIVE,NONE,NORMAL,LIKELY_INACTIVE,NORMAL,NONE
1775711028.9503844,11528,85.09,200.00,57.21,INACTIVE,NONE,NORMAL,LIKELY_INACTIVE,NORMAL,NONE
1775711028.9664216,11350,85.09,200.00,56.32,INACTIVE,NONE,NORMAL,LIKELY_INACTIVE,NORMAL,NONE
1775711028.9818807,11426,85.09,200.00,56.70,INACTIVE,NONE,NORMAL,LIKELY_INACTIVE,NORMAL,NONE
1775711028.9982965,11345,85.09,200.00,56.30,INACTIVE,NONE,NORMAL,LIKELY_INACTIVE,NORMAL,NONE
1775711029.0140972,11465,85.09,200.00,56.90,INACTIVE,NONE,NORMAL,LIKELY_INACTIVE,NORMAL,NONE
1775711029.0303602,11526,85.09,200.00,57.20,INACTIVE,NONE,NORMAL,LIKELY_INACTIVE,NORMAL,NONE
1775711029.0463655,11494,85.09,200.00,57.04,INACTIVE,NONE,NORMAL,LIKELY_INACTIVE,NORMAL,NONE
1775711029.0618916,11553,85.09,200.00,57.34,INACTIVE,NONE,NORMAL,LIKELY_INACTIVE,NORMAL,NONE
1775711029.0780768,11483,85.09,200.00,56.99,INACTIVE,NONE,NORMAL,LIKELY_INACTIVE,NORMAL,NONE
1775711029.0943522,11476,85.09,200.00,56.95,INACTIVE,NONE,NORMAL,LIKELY_INACTIVE,NORMAL,NONE
1775711029.1102848,11284,85.09,200.00,55.99,INACTIVE,NONE,NORMAL,LIKELY_INACTIVE,NORMAL,NONE
1775711029.1261928,11335,85.09,200.00,56.25,INACTIVE,NONE,NORMAL,LIKELY_INACTIVE,NORMAL,NONE
1775711029.1423807,11283,85.09,200.00,55.99,INACTIVE,NONE,NORMAL,LIKELY_INACTIVE,NORMAL,NONE
1775711029.15801,11095,85.09,200.00,55.05,INACTIVE,NONE,NORMAL,LIKELY_INACTIVE,NORMAL,NONE
1775711029.1734989,11131,85.09,200.00,55.23,INACTIVE,NONE,NORMAL,LIKELY_INACTIVE,NORMAL,NONE
1775711029.189567,11018,85.09,200.00,54.66,INACTIVE,NONE,NORMAL,LIKELY_INACTIVE,NORMAL,NONE
1775711029.2057486,11059,85.09,200.00,54.87,INACTIVE,NONE,NORMAL,LIKELY_INACTIVE,NORMAL,NONE
1775711029.2217054,11006,85.09,200.00,54.60,INACTIVE,NONE,NORMAL,LIKELY_INACTIVE,NORMAL,NONE
1775711029.2376645,11011,85.09,200.00,54.63,INACTIVE,NONE,NORMAL,LIKELY_INACTIVE,NORMAL,NONE
1775711029.2537675,11036,85.09,200.00,54.75,INACTIVE,NONE,NORMAL,LIKELY_INACTIVE,NORMAL,NONE
1775711029.2697482,10933,85.09,200.00,54.24,INACTIVE,NONE,NORMAL,LIKELY_INACTIVE,NORMAL,NONE
1775711029.285991,10965,85.09,200.00,54.40,INACTIVE,NONE,NORMAL,LIKELY_INACTIVE,NORMAL,NONE
1775711029.3020444,10846,85.09,200.00,53.80,INACTIVE,NONE,NORMAL,LIKELY_INACTIVE,NORMAL,NONE
1775711029.317995,10914,85.09,200.00,54.14,INACTIVE,NONE,NORMAL,LIKELY_INACTIVE,NORMAL,NONE
1775711029.334743,10901,85.09,200.00,54.08,INACTIVE,NONE,NORMAL,LIKELY_INACTIVE,NORMAL,NONE
1775711029.3506396,10811,85.09,200.00,53.63,INACTIVE,NONE,NORMAL,LIKELY_INACTIVE,NORMAL,NONE
1775711029.3664172,10949,85.09,200.00,54.32,INACTIVE,NONE,NORMAL,LIKELY_INACTIVE,NORMAL,NONE
1775711029.382367,10836,85.09,200.00,53.75,INACTIVE,NONE,NORMAL,LIKELY_INACTIVE,NORMAL,NONE
1775711029.3977761,10887,85.09,200.00,54.01,INACTIVE,NONE,NORMAL,LIKELY_INACTIVE,NORMAL,NONE
1775711029.4143703,10749,85.09,200.00,53.32,INACTIVE,NONE,NORMAL,LIKELY_INACTIVE,NORMAL,NONE
1775711029.430352,10816,85.09,200.00,53.65,INACTIVE,NONE,NORMAL,LIKELY_INACTIVE,NORMAL,NONE
1775711029.4460285,10712,85.09,200.00,53.13,INACTIVE,NONE,NORMAL,LIKELY_INACTIVE,NORMAL,NONE
1775711029.462273,10554,85.09,200.00,52.34,INACTIVE,NONE,NORMAL,LIKELY_INACTIVE,NORMAL,NONE
1775711029.4781058,10634,85.09,200.00,52.74,INACTIVE,NONE,NORMAL,LIKELY_INACTIVE,NORMAL,NONE
1775711029.4934697,10503,85.09,200.00,52.09,INACTIVE,NONE,NORMAL,LIKELY_INACTIVE,NORMAL,NONE
1775711029.5101278,10561,85.09,200.00,52.38,INACTIVE,NONE,NORMAL,LIKELY_INACTIVE,NORMAL,NONE
1775711029.5255678,10477,85.09,200.00,51.96,INACTIVE,NONE,NORMAL,LIKELY_INACTIVE,NORMAL,NONE
1775711029.5417614,10555,85.09,200.00,52.35,INACTIVE,NONE,NORMAL,LIKELY_INACTIVE,NORMAL,NONE
1775711029.5575078,10544,85.09,200.00,52.29,INACTIVE,NONE,NORMAL,LIKELY_INACTIVE,NORMAL,NONE
1775711029.5733166,10398,85.09,200.00,51.56,INACTIVE,NONE,NORMAL,LIKELY_INACTIVE,NORMAL,NONE
1775711029.5894976,10556,85.09,200.00,52.35,INACTIVE,NONE,NORMAL,LIKELY_INACTIVE,NORMAL,NONE
1775711029.605537,10461,85.09,200.00,51.88,INACTIVE,NONE,NORMAL,LIKELY_INACTIVE,NORMAL,NONE
1775711029.6217432,10570,85.09,200.00,52.42,INACTIVE,NONE,NORMAL,LIKELY_INACTIVE,NORMAL,NONE
1775711029.6377609,10467,85.09,200.00,51.91,INACTIVE,NONE,NORMAL,LIKELY_INACTIVE,NORMAL,NONE
1775711029.654847,10521,85.09,200.00,52.18,INACTIVE,NONE,NORMAL,LIKELY_INACTIVE,NORMAL,NONE
1775711029.6695864,10505,85.09,200.00,52.10,INACTIVE,NONE,NORMAL,LIKELY_INACTIVE,NORMAL,NONE
1775711029.6857002,10356,85.09,200.00,51.35,INACTIVE,NONE,NORMAL,LIKELY_INACTIVE,NORMAL,NONE
1775711029.7019877,10519,85.09,200.00,52.17,INACTIVE,NONE,NORMAL,LIKELY_INACTIVE,NORMAL,NONE
1775711029.7177806,10397,85.09,200.00,51.56,INACTIVE,NONE,NORMAL,LIKELY_INACTIVE,NORMAL,NONE
1775711029.7341008,10531,85.09,200.00,52.23,INACTIVE,NONE,NORMAL,LIKELY_INACTIVE,NORMAL,NONE
1775711029.7501001,10403,85.09,200.00,51.59,INACTIVE,NONE,NORMAL,LIKELY_INACTIVE,NORMAL,NONE
1775711029.7659903,10533,85.09,200.00,52.24,INACTIVE,NONE,NORMAL,LIKELY_INACTIVE,NORMAL,NONE
1775711029.7823389,10482,85.09,200.00,51.98,INACTIVE,NONE,NORMAL,LIKELY_INACTIVE,NORMAL,NONE
1775711029.7983148,10403,85.09,200.00,51.59,INACTIVE,NONE,NORMAL,LIKELY_INACTIVE,NORMAL,NONE
1775711029.8141766,10580,85.09,200.00,52.47,INACTIVE,NONE,NORMAL,LIKELY_INACTIVE,NORMAL,NONE
1775711029.8305695,10471,85.09,200.00,51.93,INACTIVE,NONE,NORMAL,LIKELY_INACTIVE,NORMAL,NONE
1775711029.8458056,10684,85.09,200.00,52.99,INACTIVE,NONE,NORMAL,LIKELY_INACTIVE,NORMAL,NONE
1775711029.8622446,10581,85.09,200.00,52.48,INACTIVE,NONE,NORMAL,LIKELY_INACTIVE,NORMAL,NONE
1775711029.878066,10824,85.09,200.00,53.69,INACTIVE,NONE,NORMAL,LIKELY_INACTIVE,NORMAL,NONE
1775711029.8943114,10767,85.09,200.00,53.41,INACTIVE,NONE,NORMAL,LIKELY_INACTIVE,NORMAL,NONE
1775711029.9103253,10828,85.09,200.00,53.71,INACTIVE,NONE,NORMAL,LIKELY_INACTIVE,NORMAL,NONE
1775711029.9258404,10879,85.09,200.00,53.97,INACTIVE,NONE,NORMAL,LIKELY_INACTIVE,NORMAL,NONE
1775711029.942253,10730,85.09,200.00,53.22,INACTIVE,NONE,NORMAL,LIKELY_INACTIVE,NORMAL,NONE
1775711029.9583423,10856,85.09,200.00,53.85,INACTIVE,NONE,NORMAL,LIKELY_INACTIVE,NORMAL,NONE
1775711029.9739146,10644,85.09,200.00,52.79,INACTIVE,NONE,NORMAL,LIKELY_INACTIVE,NORMAL,NONE
1775711029.9902048,10738,85.09,200.00,53.26,INACTIVE,NONE,NORMAL,LIKELY_INACTIVE,NORMAL,NONE
1775711030.0055187,10524,85.09,200.00,52.19,INACTIVE,NONE,NORMAL,LIKELY_INACTIVE,NORMAL,NONE
1775711030.0216057,10617,85.09,200.00,52.66,INACTIVE,NONE,NORMAL,LIKELY_INACTIVE,NORMAL,NONE
1775711030.0375614,10379,85.09,200.00,51.47,INACTIVE,NONE,NORMAL,LIKELY_INACTIVE,NORMAL,NONE
1775711030.0535266,10289,85.09,200.00,51.02,INACTIVE,NONE,NORMAL,LIKELY_INACTIVE,NORMAL,NONE
1775711030.0693634,10270,85.09,200.00,50.92,INACTIVE,NONE,NORMAL,LIKELY_INACTIVE,NORMAL,NONE
1775711030.0855696,10019,85.09,200.00,49.67,INACTIVE,NONE,NORMAL,LIKELY_INACTIVE,NORMAL,NONE
1775711030.1015785,10144,85.09,200.00,50.29,INACTIVE,NONE,NORMAL,LIKELY_INACTIVE,NORMAL,NONE
1775711030.1177683,9983,85.09,200.00,49.49,INACTIVE,NONE,NORMAL,LIKELY_INACTIVE,NORMAL,NONE
1775711030.1337948,10163,85.09,200.00,50.39,INACTIVE,NONE,NORMAL,LIKELY_INACTIVE,NORMAL,NONE
1775711030.150221,10030,85.09,200.00,49.72,INACTIVE,NONE,NORMAL,LIKELY_INACTIVE,NORMAL,NONE
1775711030.1663866,10221,85.09,200.00,50.68,INACTIVE,NONE,NORMAL,LIKELY_INACTIVE,NORMAL,NONE
1775711030.1823282,10098,85.09,200.00,50.06,INACTIVE,NONE,NORMAL,LIKELY_INACTIVE,NORMAL,NONE
1775711030.1984544,10152,85.09,200.00,50.33,INACTIVE,NONE,NORMAL,LIKELY_INACTIVE,NORMAL,NONE
1775711030.2144427,10214,85.09,200.00,50.64,INACTIVE,NONE,NORMAL,LIKELY_INACTIVE,NORMAL,NONE
1775711030.2295046,10059,85.09,200.00,49.87,INACTIVE,NONE,NORMAL,LIKELY_INACTIVE,NORMAL,NONE
1775711030.2454064,10187,85.09,200.00,50.51,INACTIVE,NONE,NORMAL,LIKELY_INACTIVE,NORMAL,NONE
1775711030.2620456,10043,85.09,200.00,49.79,INACTIVE,NONE,NORMAL,LIKELY_INACTIVE,NORMAL,NONE
1775711030.2778323,10129,85.09,200.00,50.22,INACTIVE,NONE,NORMAL,LIKELY_INACTIVE,NORMAL,NONE
1775711030.2933767,9963,85.09,200.00,49.39,INACTIVE,NONE,NORMAL,LIKELY_INACTIVE,NORMAL,NONE
1775711030.309607,10000,85.09,200.00,49.57,INACTIVE,NONE,NORMAL,LIKELY_INACTIVE,NORMAL,NONE
1775711030.3257196,9931,85.09,200.00,49.23,INACTIVE,NONE,NORMAL,LIKELY_INACTIVE,NORMAL,NONE
1775711030.3415937,9818,85.09,200.00,48.66,INACTIVE,NONE,NORMAL,LIKELY_INACTIVE,NORMAL,NONE
1775711030.35772,9843,85.09,200.00,48.79,INACTIVE,NONE,NORMAL,LIKELY_INACTIVE,NORMAL,NONE
1775711030.3737652,9785,85.09,200.00,48.50,INACTIVE,NONE,NORMAL,LIKELY_INACTIVE,NORMAL,NONE
1775711030.3895772,9811,85.09,200.00,48.63,INACTIVE,NONE,NORMAL,LIKELY_INACTIVE,NORMAL,NONE
1775711030.405536,9813,85.09,200.00,48.64,INACTIVE,NONE,NORMAL,LIKELY_INACTIVE,NORMAL,NONE
1775711030.4215698,9786,85.09,200.00,48.50,INACTIVE,NONE,NORMAL,LIKELY_INACTIVE,NORMAL,NONE
1775711030.4373133,9914,85.09,200.00,49.14,INACTIVE,NONE,NORMAL,LIKELY_INACTIVE,NORMAL,NONE
1775711030.453488,9931,85.09,200.00,49.23,INACTIVE,NONE,NORMAL,LIKELY_INACTIVE,NORMAL,NONE
1775711030.469531,10188,85.09,200.00,50.51,INACTIVE,NONE,NORMAL,LIKELY_INACTIVE,NORMAL,NONE
1775711030.485493,10184,85.09,200.00,50.49,INACTIVE,NONE,NORMAL,LIKELY_INACTIVE,NORMAL,NONE
1775711030.5013354,10495,85.09,200.00,52.05,INACTIVE,NONE,NORMAL,LIKELY_INACTIVE,NORMAL,NONE
1775711030.5174716,10442,85.09,200.00,51.78,INACTIVE,NONE,NORMAL,LIKELY_INACTIVE,NORMAL,NONE
1775711030.533804,10416,85.09,200.00,51.65,INACTIVE,NONE,NORMAL,LIKELY_INACTIVE,NORMAL,NONE
1775711030.5497088,10403,85.09,200.00,51.59,INACTIVE,NONE,NORMAL,LIKELY_INACTIVE,NORMAL,NONE
1775711030.5657039,10165,85.09,200.00,50.40,INACTIVE,NONE,NORMAL,LIKELY_INACTIVE,NORMAL,NONE
1775711030.5818696,10254,85.09,200.00,50.84,INACTIVE,NONE,NORMAL,LIKELY_INACTIVE,NORMAL,NONE
1775711030.5977223,10084,85.09,200.00,49.99,INACTIVE,NONE,NORMAL,LIKELY_INACTIVE,NORMAL,NONE
1775711030.6139903,10165,85.09,200.00,50.40,INACTIVE,NONE,NORMAL,LIKELY_INACTIVE,NORMAL,NONE
1775711030.6295772,10056,85.09,200.00,49.85,INACTIVE,NONE,NORMAL,LIKELY_INACTIVE,NORMAL,NONE
1775711030.6458707,10111,85.09,200.00,50.13,INACTIVE,NONE,NORMAL,LIKELY_INACTIVE,NORMAL,NONE
1775711030.6616263,10044,85.09,200.00,49.79,INACTIVE,NONE,NORMAL,LIKELY_INACTIVE,NORMAL,NONE
1775711030.677431,9928,85.09,200.00,49.21,INACTIVE,NONE,NORMAL,LIKELY_INACTIVE,NORMAL,NONE
1775711030.693741,10038,85.09,200.00,49.76,INACTIVE,NONE,NORMAL,LIKELY_INACTIVE,NORMAL,NONE
1775711030.7096765,9948,85.09,200.00,49.31,INACTIVE,NONE,NORMAL,LIKELY_INACTIVE,NORMAL,NONE
1775711030.7255447,10035,85.09,200.00,49.75,INACTIVE,NONE,NORMAL,LIKELY_INACTIVE,NORMAL,NONE
1775711030.7415044,9980,85.09,200.00,49.47,INACTIVE,NONE,NORMAL,LIKELY_INACTIVE,NORMAL,NONE
1775711030.7577507,9936,85.09,200.00,49.25,INACTIVE,NONE,NORMAL,LIKELY_INACTIVE,NORMAL,NONE
1775711030.7737432,9937,85.09,200.00,49.26,INACTIVE,NONE,NORMAL,LIKELY_INACTIVE,NORMAL,NONE
1775711030.789603,9879,85.09,200.00,48.97,INACTIVE,NONE,NORMAL,LIKELY_INACTIVE,NORMAL,NONE
1775711030.805739,9905,85.09,200.00,49.10,INACTIVE,NONE,NORMAL,LIKELY_INACTIVE,NORMAL,NONE
1775711030.8216972,9800,85.09,200.00,48.57,INACTIVE,NONE,NORMAL,LIKELY_INACTIVE,NORMAL,NONE
1775711030.8375726,9837,85.09,200.00,48.76,INACTIVE,NONE,NORMAL,LIKELY_INACTIVE,NORMAL,NONE
1775711030.853634,9799,85.09,200.00,48.57,INACTIVE,NONE,NORMAL,LIKELY_INACTIVE,NORMAL,NONE
1775711030.8698366,9659,85.09,200.00,47.87,INACTIVE,NONE,NORMAL,LIKELY_INACTIVE,NORMAL,NONE
1775711030.885356,9623,85.09,200.00,47.69,INACTIVE,NONE,NORMAL,LIKELY_INACTIVE,NORMAL,NONE
1775711030.9012344,9567,85.09,200.00,47.41,INACTIVE,NONE,NORMAL,LIKELY_INACTIVE,NORMAL,NONE
1775711030.918058,9578,85.09,200.00,47.46,INACTIVE,NONE,NORMAL,LIKELY_INACTIVE,NORMAL,NONE
1775711030.9341502,9555,85.09,200.00,47.35,INACTIVE,NONE,NORMAL,LIKELY_INACTIVE,NORMAL,NONE
1775711030.9497237,9518,85.09,200.00,47.16,INACTIVE,NONE,NORMAL,LIKELY_INACTIVE,NORMAL,NONE
1775711030.9661143,9612,85.09,200.00,47.63,INACTIVE,NONE,NORMAL,LIKELY_INACTIVE,NORMAL,NONE
1775711030.9818997,9544,85.09,200.00,47.29,INACTIVE,NONE,NORMAL,LIKELY_INACTIVE,NORMAL,NONE
1775711030.9984229,9749,85.09,200.00,48.32,INACTIVE,NONE,NORMAL,LIKELY_INACTIVE,NORMAL,NONE
1775711031.014422,9633,85.09,200.00,47.74,INACTIVE,NONE,NORMAL,LIKELY_INACTIVE,NORMAL,NONE
1775711031.0300689,9850,85.09,200.00,48.82,INACTIVE,NONE,NORMAL,LIKELY_INACTIVE,NORMAL,NONE
1775711031.0469956,9840,85.09,200.00,48.77,MIXED,ACTIVATION,NORMAL,LIKELY_INACTIVE,NORMAL,NONE
1775711031.062176,9903,85.09,200.00,49.09,MIXED,NONE,NORMAL,LIKELY_INACTIVE,NORMAL,NONE
1775711031.077831,10021,85.09,200.00,49.68,MIXED,NONE,NORMAL,LIKELY_INACTIVE,NORMAL,NONE
1775711031.0941274,9864,85.09,200.00,48.89,MIXED,NONE,NORMAL,LIKELY_INACTIVE,NORMAL,NONE
1775711031.1099339,10079,85.09,200.00,49.97,MIXED,NONE,NORMAL,LIKELY_INACTIVE,NORMAL,NONE
1775711031.1254907,9921,85.09,200.00,49.18,MIXED,NONE,NORMAL,LIKELY_INACTIVE,NORMAL,NONE
1775711031.1415489,10010,85.09,200.00,49.62,MIXED,NONE,NORMAL,LIKELY_INACTIVE,NORMAL,NONE
1775711031.1578777,9794,85.09,200.00,48.54,MIXED,NONE,NORMAL,LIKELY_INACTIVE,NORMAL,NONE
1775711031.1738791,9742,85.09,200.00,48.28,MIXED,NONE,NORMAL,STABLE,NORMAL,NONE
1775711031.1895137,9619,85.09,200.00,47.67,MIXED,NONE,NORMAL,STABLE,NORMAL,NONE
1775711031.206337,9463,85.09,200.00,46.89,ACTIVE,CHANGE,NORMAL,STABLE,NORMAL,NONE
1775711031.2216296,9455,85.09,200.00,46.85,ACTIVE,NONE,NORMAL,STABLE,NORMAL,NONE
1775711031.2373247,9405,85.09,200.00,46.60,ACTIVE,NONE,NORMAL,STABLE,NORMAL,NONE
1775711031.254241,9499,85.09,200.00,47.07,ACTIVE,NONE,NORMAL,STABLE,NORMAL,NONE
1775711031.2711656,9482,85.09,200.00,46.98,ACTIVE,NONE,NORMAL,STABLE,NORMAL,NONE
1775711031.28572,9400,85.09,200.00,46.57,ACTIVE,NONE,NORMAL,STABLE,NORMAL,NONE
1775711031.3023205,9474,85.09,200.00,46.94,ACTIVE,NONE,NORMAL,STABLE,NORMAL,NONE
1775711031.3183837,9371,85.09,200.00,46.43,ACTIVE,NONE,NORMAL,STABLE,NORMAL,NONE
1775711031.3337975,9456,85.09,200.00,46.85,ACTIVE,NONE,NORMAL,STABLE,NORMAL,NONE
1775711031.3497877,9277,85.09,200.00,45.96,ACTIVE,NONE,NORMAL,STABLE,NORMAL,NONE
1775711031.3664494,9333,85.09,200.00,46.24,ACTIVE,NONE,NORMAL,STABLE,NORMAL,NONE
1775711031.38264,9265,85.09,200.00,45.90,ACTIVE,NONE,NORMAL,LIKELY_ACTIVE,HIGH_ENGAGEMENT,MAINTAIN_FLOW
1775711031.3992188,9135,85.09,200.00,45.25,ACTIVE,NONE,NORMAL,LIKELY_ACTIVE,HIGH_ENGAGEMENT,MAINTAIN_FLOW
1775711031.4142585,9201,85.09,200.00,45.58,ACTIVE,NONE,NORMAL,LIKELY_ACTIVE,HIGH_ENGAGEMENT,MAINTAIN_FLOW
1775711031.4304802,9167,85.09,200.00,45.41,ACTIVE,NONE,NORMAL,LIKELY_ACTIVE,HIGH_ENGAGEMENT,MAINTAIN_FLOW
1775711031.4465654,9227,85.09,200.00,45.71,ACTIVE,NONE,NORMAL,LIKELY_ACTIVE,HIGH_ENGAGEMENT,MAINTAIN_FLOW
1775711031.4623146,9211,85.09,200.00,45.63,ACTIVE,NONE,NORMAL,LIKELY_ACTIVE,HIGH_ENGAGEMENT,MAINTAIN_FLOW
1775711031.4784431,9192,85.09,200.00,45.53,ACTIVE,NONE,NORMAL,LIKELY_ACTIVE,HIGH_ENGAGEMENT,MAINTAIN_FLOW
1775711031.4941761,9225,85.09,200.00,45.70,ACTIVE,NONE,NORMAL,LIKELY_ACTIVE,HIGH_ENGAGEMENT,MAINTAIN_FLOW
1775711031.5100892,9188,85.09,200.00,45.51,ACTIVE,NONE,NORMAL,LIKELY_ACTIVE,HIGH_ENGAGEMENT,MAINTAIN_FLOW
1775711031.5253828,9309,85.09,200.00,46.12,ACTIVE,NONE,NORMAL,LIKELY_ACTIVE,HIGH_ENGAGEMENT,MAINTAIN_FLOW
1775711031.5419123,9182,85.09,200.00,45.48,ACTIVE,NONE,NORMAL,LIKELY_ACTIVE,HIGH_ENGAGEMENT,MAINTAIN_FLOW
1775711031.5587127,9337,85.09,200.00,46.26,ACTIVE,NONE,NORMAL,LIKELY_ACTIVE,HIGH_ENGAGEMENT,MAINTAIN_FLOW
1775711031.5742824,9295,85.09,200.00,46.05,ACTIVE,NONE,NORMAL,LIKELY_ACTIVE,HIGH_ENGAGEMENT,MAINTAIN_FLOW
1775711031.5898979,9191,85.09,200.00,45.53,ACTIVE,NONE,NORMAL,LIKELY_ACTIVE,HIGH_ENGAGEMENT,MAINTAIN_FLOW
1775711031.6064746,9313,85.09,200.00,46.14,ACTIVE,NONE,NORMAL,LIKELY_ACTIVE,HIGH_ENGAGEMENT,MAINTAIN_FLOW
1775711031.6218462,9167,85.09,200.00,45.41,ACTIVE,NONE,NORMAL,LIKELY_ACTIVE,HIGH_ENGAGEMENT,MAINTAIN_FLOW
1775711031.6376815,9323,85.09,200.00,46.19,ACTIVE,NONE,NORMAL,LIKELY_ACTIVE,HIGH_ENGAGEMENT,MAINTAIN_FLOW
1775711031.654279,9115,85.09,200.00,45.15,ACTIVE,NONE,NORMAL,LIKELY_ACTIVE,HIGH_ENGAGEMENT,MAINTAIN_FLOW
1775711031.669785,9329,85.09,200.00,46.22,ACTIVE,NONE,NORMAL,LIKELY_ACTIVE,HIGH_ENGAGEMENT,MAINTAIN_FLOW
1775711031.6858258,9163,85.09,200.00,45.39,ACTIVE,NONE,NORMAL,LIKELY_ACTIVE,HIGH_ENGAGEMENT,MAINTAIN_FLOW
1775711031.702069,9198,85.09,200.00,45.56,ACTIVE,NONE,NORMAL,LIKELY_ACTIVE,HIGH_ENGAGEMENT,MAINTAIN_FLOW
1775711031.7180488,9173,85.09,200.00,45.44,ACTIVE,NONE,NORMAL,LIKELY_ACTIVE,HIGH_ENGAGEMENT,MAINTAIN_FLOW
1775711031.7341232,9008,85.09,200.00,44.61,ACTIVE,NONE,NORMAL,LIKELY_ACTIVE,HIGH_ENGAGEMENT,MAINTAIN_FLOW
1775711031.750664,9131,85.09,200.00,45.23,ACTIVE,NONE,NORMAL,LIKELY_ACTIVE,HIGH_ENGAGEMENT,MAINTAIN_FLOW
1775711031.7665741,8994,85.09,200.00,44.54,ACTIVE,NONE,NORMAL,LIKELY_ACTIVE,HIGH_ENGAGEMENT,MAINTAIN_FLOW
1775711031.7826724,9126,85.09,200.00,45.20,ACTIVE,NONE,NORMAL,LIKELY_ACTIVE,HIGH_ENGAGEMENT,MAINTAIN_FLOW
1775711031.798902,8967,85.09,200.00,44.41,ACTIVE,NONE,NORMAL,LIKELY_ACTIVE,HIGH_ENGAGEMENT,MAINTAIN_FLOW
1775711031.8146117,9004,85.09,200.00,44.59,ACTIVE,NONE,NORMAL,LIKELY_ACTIVE,HIGH_ENGAGEMENT,MAINTAIN_FLOW
1775711031.8303998,8878,85.09,200.00,43.96,ACTIVE,NONE,NORMAL,LIKELY_ACTIVE,HIGH_ENGAGEMENT,MAINTAIN_FLOW
1775711031.8464026,8681,85.09,200.00,42.98,ACTIVE,NONE,NORMAL,LIKELY_ACTIVE,HIGH_ENGAGEMENT,MAINTAIN_FLOW
1775711031.8624704,8640,85.09,200.00,42.77,ACTIVE,NONE,NORMAL,LIKELY_ACTIVE,HIGH_ENGAGEMENT,MAINTAIN_FLOW
1775711031.8784206,8514,85.09,200.00,42.14,ACTIVE,NONE,NORMAL,LIKELY_ACTIVE,HIGH_ENGAGEMENT,MAINTAIN_FLOW
1775711031.8940127,8559,85.09,200.00,42.37,ACTIVE,NONE,NORMAL,LIKELY_ACTIVE,HIGH_ENGAGEMENT,MAINTAIN_FLOW
1775711031.9099703,8544,85.09,200.00,42.29,ACTIVE,NONE,NORMAL,LIKELY_ACTIVE,HIGH_ENGAGEMENT,MAINTAIN_FLOW
1775711031.926024,8556,85.09,200.00,42.35,ACTIVE,NONE,NORMAL,LIKELY_ACTIVE,HIGH_ENGAGEMENT,MAINTAIN_FLOW
1775711031.9424043,8649,85.09,200.00,42.82,ACTIVE,NONE,NORMAL,LIKELY_ACTIVE,HIGH_ENGAGEMENT,MAINTAIN_FLOW
1775711031.958136,8602,85.09,200.00,42.58,ACTIVE,NONE,NORMAL,LIKELY_ACTIVE,HIGH_ENGAGEMENT,MAINTAIN_FLOW
1775711031.9746382,8752,85.09,200.00,43.33,ACTIVE,NONE,NORMAL,LIKELY_ACTIVE,HIGH_ENGAGEMENT,MAINTAIN_FLOW
1775711031.990393,8579,85.09,200.00,42.47,ACTIVE,NONE,NORMAL,LIKELY_ACTIVE,HIGH_ENGAGEMENT,MAINTAIN_FLOW
1775711032.0060692,8746,85.09,200.00,43.30,ACTIVE,NONE,NORMAL,LIKELY_ACTIVE,HIGH_ENGAGEMENT,MAINTAIN_FLOW
1775711032.0220416,8660,85.09,200.00,42.87,ACTIVE,NONE,NORMAL,LIKELY_ACTIVE,HIGH_ENGAGEMENT,MAINTAIN_FLOW
1775711032.038267,8588,85.09,200.00,42.51,ACTIVE,NONE,NORMAL,LIKELY_ACTIVE,HIGH_ENGAGEMENT,MAINTAIN_FLOW
1775711032.0538883,8675,85.09,200.00,42.95,ACTIVE,NONE,NORMAL,LIKELY_ACTIVE,HIGH_ENGAGEMENT,MAINTAIN_FLOW
1775711032.0701652,8580,85.09,200.00,42.47,ACTIVE,NONE,NORMAL,LIKELY_ACTIVE,HIGH_ENGAGEMENT,MAINTAIN_FLOW
1775711032.0859296,8758,85.09,200.00,43.36,ACTIVE,NONE,NORMAL,LIKELY_ACTIVE,HIGH_ENGAGEMENT,MAINTAIN_FLOW
1775711032.1022685,8556,85.09,200.00,42.35,ACTIVE,NONE,NORMAL,LIKELY_ACTIVE,HIGH_ENGAGEMENT,MAINTAIN_FLOW
1775711032.1176176,8713,85.09,200.00,43.14,ACTIVE,NONE,NORMAL,LIKELY_ACTIVE,HIGH_ENGAGEMENT,MAINTAIN_FLOW
1775711032.134165,8545,85.09,200.00,42.30,ACTIVE,NONE,NORMAL,LIKELY_ACTIVE,HIGH_ENGAGEMENT,MAINTAIN_FLOW
1775711032.150937,8524,85.09,200.00,42.19,ACTIVE,NONE,NORMAL,LIKELY_ACTIVE,HIGH_ENGAGEMENT,MAINTAIN_FLOW
1775711032.1658368,8414,85.09,200.00,41.64,ACTIVE,NONE,NORMAL,LIKELY_ACTIVE,HIGH_ENGAGEMENT,MAINTAIN_FLOW
1775711032.1819177,8273,85.09,200.00,40.94,ACTIVE,NONE,NORMAL,LIKELY_ACTIVE,HIGH_ENGAGEMENT,MAINTAIN_FLOW
1775711032.1980667,8302,85.09,200.00,41.08,ACTIVE,NONE,NORMAL,LIKELY_ACTIVE,HIGH_ENGAGEMENT,MAINTAIN_FLOW
1775711032.2138157,8052,85.09,200.00,39.83,ACTIVE,NONE,NORMAL,LIKELY_ACTIVE,HIGH_ENGAGEMENT,MAINTAIN_FLOW
1775711032.2297237,8041,85.09,200.00,39.78,ACTIVE,NONE,NORMAL,LIKELY_ACTIVE,HIGH_ENGAGEMENT,MAINTAIN_FLOW
1775711032.2457268,7929,85.09,200.00,39.22,ACTIVE,NONE,NORMAL,LIKELY_ACTIVE,HIGH_ENGAGEMENT,MAINTAIN_FLOW
1775711032.2618983,7874,85.09,200.00,38.94,ACTIVE,NONE,NORMAL,LIKELY_ACTIVE,HIGH_ENGAGEMENT,MAINTAIN_FLOW
1775711032.2781894,7936,85.09,200.00,39.25,ACTIVE,NONE,NORMAL,LIKELY_ACTIVE,HIGH_ENGAGEMENT,MAINTAIN_FLOW
1775711032.2944453,7995,85.09,200.00,39.55,ACTIVE,NONE,NORMAL,LIKELY_ACTIVE,HIGH_ENGAGEMENT,MAINTAIN_FLOW
1775711032.3102815,8438,85.09,200.00,41.76,ACTIVE,NONE,NORMAL,LIKELY_ACTIVE,HIGH_ENGAGEMENT,MAINTAIN_FLOW
1775711032.3264549,8751,85.09,200.00,43.33,ACTIVE,NONE,NORMAL,LIKELY_ACTIVE,HIGH_ENGAGEMENT,MAINTAIN_FLOW
1775711032.3422308,9759,85.09,200.00,48.37,ACTIVE,NONE,NORMAL,LIKELY_ACTIVE,HIGH_ENGAGEMENT,MAINTAIN_FLOW
1775711032.3583875,10442,85.09,200.00,51.78,ACTIVE,NONE,NORMAL,LIKELY_ACTIVE,HIGH_ENGAGEMENT,MAINTAIN_FLOW
1775711032.3744757,11710,85.09,200.00,58.12,ACTIVE,NONE,NORMAL,LIKELY_ACTIVE,HIGH_ENGAGEMENT,MAINTAIN_FLOW
1775711032.3902612,12151,85.09,200.00,60.33,ACTIVE,NONE,NORMAL,LIKELY_ACTIVE,HIGH_ENGAGEMENT,MAINTAIN_FLOW
1775711032.4066586,12010,85.09,200.00,59.62,ACTIVE,NONE,NORMAL,LIKELY_ACTIVE,HIGH_ENGAGEMENT,MAINTAIN_FLOW
1775711032.4225192,10044,85.09,200.00,49.79,ACTIVE,NONE,NORMAL,LIKELY_ACTIVE,HIGH_ENGAGEMENT,MAINTAIN_FLOW
1775711032.4382434,7710,85.09,200.00,38.12,ACTIVE,NONE,NORMAL,LIKELY_ACTIVE,HIGH_ENGAGEMENT,MAINTAIN_FLOW
1775711032.45414,4926,85.09,200.00,24.20,ACTIVE,NONE,NORMAL,LIKELY_ACTIVE,HIGH_ENGAGEMENT,MAINTAIN_FLOW
1775711032.4699824,2519,85.09,200.00,12.17,ACTIVE,NONE,NORMAL,LIKELY_ACTIVE,HIGH_ENGAGEMENT,MAINTAIN_FLOW
1775711032.4861898,703,85.09,200.00,3.09,ACTIVE,NONE,NORMAL,LIKELY_ACTIVE,HIGH_ENGAGEMENT,MAINTAIN_FLOW
1775711032.5018613,292,85.09,200.00,1.03,ACTIVE,NONE,NORMAL,LIKELY_ACTIVE,HIGH_ENGAGEMENT,MAINTAIN_FLOW
1775711032.5183418,256,85.26,200.00,0.85,ACTIVE,NONE,NORMAL,LIKELY_ACTIVE,HIGH_ENGAGEMENT,MAINTAIN_FLOW
1775711032.5340037,305,85.26,200.00,1.10,ACTIVE,NONE,NORMAL,LIKELY_ACTIVE,HIGH_ENGAGEMENT,MAINTAIN_FLOW
1775711032.5500503,386,85.26,200.00,1.50,ACTIVE,NONE,NORMAL,LIKELY_ACTIVE,HIGH_ENGAGEMENT,MAINTAIN_FLOW
1775711032.5662942,491,85.26,200.00,2.03,ACTIVE,NONE,NORMAL,LIKELY_ACTIVE,HIGH_ENGAGEMENT,MAINTAIN_FLOW
1775711032.5826745,553,85.26,200.00,2.34,ACTIVE,NONE,NORMAL,LIKELY_ACTIVE,HIGH_ENGAGEMENT,MAINTAIN_FLOW
1775711032.598527,561,85.26,200.00,2.38,ACTIVE,NONE,NORMAL,LIKELY_ACTIVE,HIGH_ENGAGEMENT,MAINTAIN_FLOW
1775711032.6145422,572,85.26,200.00,2.43,ACTIVE,NONE,NORMAL,LIKELY_ACTIVE,HIGH_ENGAGEMENT,MAINTAIN_FLOW
1775711032.6309369,588,85.26,200.00,2.51,ACTIVE,NONE,NORMAL,LIKELY_ACTIVE,HIGH_ENGAGEMENT,MAINTAIN_FLOW
1775711032.6461487,574,85.26,200.00,2.44,ACTIVE,NONE,NORMAL,LIKELY_ACTIVE,HIGH_ENGAGEMENT,MAINTAIN_FLOW
1775711032.6621892,587,85.26,200.00,2.51,ACTIVE,NONE,NORMAL,LIKELY_ACTIVE,HIGH_ENGAGEMENT,MAINTAIN_FLOW
1775711032.678361,618,85.26,200.00,2.66,ACTIVE,NONE,NORMAL,LIKELY_ACTIVE,HIGH_ENGAGEMENT,MAINTAIN_FLOW
1775711032.69456,645,85.26,200.00,2.80,ACTIVE,NONE,NORMAL,LIKELY_ACTIVE,HIGH_ENGAGEMENT,MAINTAIN_FLOW
1775711032.710454,662,85.26,200.00,2.88,ACTIVE,NONE,NORMAL,LIKELY_ACTIVE,HIGH_ENGAGEMENT,MAINTAIN_FLOW
1775711032.7263246,675,85.26,200.00,2.95,ACTIVE,NONE,NORMAL,LIKELY_ACTIVE,HIGH_ENGAGEMENT,MAINTAIN_FLOW
1775711032.7422025,668,85.26,200.00,2.91,ACTIVE,NONE,NORMAL,LIKELY_ACTIVE,HIGH_ENGAGEMENT,MAINTAIN_FLOW
1775711032.7582178,639,85.26,200.00,2.77,ACTIVE,NONE,NORMAL,LIKELY_ACTIVE,HIGH_ENGAGEMENT,MAINTAIN_FLOW
1775711032.7739666,612,85.26,200.00,2.63,ACTIVE,NONE,NORMAL,LIKELY_ACTIVE,HIGH_ENGAGEMENT,MAINTAIN_FLOW
1775711032.7906344,610,85.26,200.00,2.62,ACTIVE,NONE,NORMAL,LIKELY_ACTIVE,HIGH_ENGAGEMENT,MAINTAIN_FLOW
1775711032.8064759,632,85.26,200.00,2.73,ACTIVE,NONE,NORMAL,LIKELY_ACTIVE,HIGH_ENGAGEMENT,MAINTAIN_FLOW
1775711032.8225253,654,85.26,200.00,2.84,ACTIVE,NONE,NORMAL,LIKELY_ACTIVE,HIGH_ENGAGEMENT,MAINTAIN_FLOW
1775711032.8379226,667,85.26,200.00,2.91,ACTIVE,NONE,NORMAL,LIKELY_ACTIVE,HIGH_ENGAGEMENT,MAINTAIN_FLOW
1775711032.853943,684,85.26,200.00,2.99,ACTIVE,NONE,NORMAL,LIKELY_ACTIVE,HIGH_ENGAGEMENT,MAINTAIN_FLOW
1775711032.8695347,685,85.26,200.00,3.00,ACTIVE,NONE,NORMAL,LIKELY_ACTIVE,HIGH_ENGAGEMENT,MAINTAIN_FLOW
1775711032.8859682,659,85.26,200.00,2.87,ACTIVE,NONE,NORMAL,LIKELY_ACTIVE,HIGH_ENGAGEMENT,MAINTAIN_FLOW
1775711032.9020996,627,85.26,200.00,2.71,ACTIVE,NONE,NORMAL,LIKELY_ACTIVE,HIGH_ENGAGEMENT,MAINTAIN_FLOW
1775711032.9179618,596,85.26,200.00,2.55,ACTIVE,NONE,NORMAL,LIKELY_ACTIVE,HIGH_ENGAGEMENT,MAINTAIN_FLOW
1775711032.934268,553,85.26,200.00,2.34,ACTIVE,NONE,NORMAL,LIKELY_ACTIVE,HIGH_ENGAGEMENT,MAINTAIN_FLOW
1775711032.9500408,509,85.26,200.00,2.12,ACTIVE,NONE,NORMAL,LIKELY_ACTIVE,HIGH_ENGAGEMENT,MAINTAIN_FLOW
1775711032.9660509,485,85.26,200.00,2.00,ACTIVE,NONE,NORMAL,LIKELY_ACTIVE,HIGH_ENGAGEMENT,MAINTAIN_FLOW
1775711032.982634,471,85.26,200.00,1.93,ACTIVE,NONE,NORMAL,LIKELY_ACTIVE,HIGH_ENGAGEMENT,MAINTAIN_FLOW
1775711032.998154,468,85.26,200.00,1.91,ACTIVE,NONE,NORMAL,LIKELY_ACTIVE,HIGH_ENGAGEMENT,MAINTAIN_FLOW
1775711033.0141926,458,85.26,200.00,1.86,ACTIVE,NONE,NORMAL,LIKELY_ACTIVE,HIGH_ENGAGEMENT,MAINTAIN_FLOW
1775711033.0301886,438,85.26,200.00,1.76,ACTIVE,NONE,NORMAL,LIKELY_ACTIVE,HIGH_ENGAGEMENT,MAINTAIN_FLOW
1775711033.0458858,418,85.26,200.00,1.66,ACTIVE,NONE,NORMAL,LIKELY_ACTIVE,HIGH_ENGAGEMENT,MAINTAIN_FLOW
1775711033.0618668,392,85.26,200.00,1.53,ACTIVE,NONE,NORMAL,LIKELY_ACTIVE,HIGH_ENGAGEMENT,MAINTAIN_FLOW
1775711033.077762,375,85.26,200.00,1.45,ACTIVE,NONE,NORMAL,LIKELY_ACTIVE,HIGH_ENGAGEMENT,MAINTAIN_FLOW
1775711033.0935287,376,85.26,200.00,1.45,ACTIVE,NONE,NORMAL,LIKELY_ACTIVE,HIGH_ENGAGEMENT,MAINTAIN_FLOW
1775711033.1097631,367,85.26,200.00,1.41,ACTIVE,NONE,NORMAL,LIKELY_ACTIVE,HIGH_ENGAGEMENT,MAINTAIN_FLOW
1775711033.1256976,351,85.26,200.00,1.33,ACTIVE,NONE,NORMAL,LIKELY_ACTIVE,HIGH_ENGAGEMENT,MAINTAIN_FLOW
1775711033.1416957,339,85.26,200.00,1.27,ACTIVE,NONE,NORMAL,LIKELY_ACTIVE,HIGH_ENGAGEMENT,MAINTAIN_FLOW
1775711033.1574354,331,85.26,200.00,1.23,ACTIVE,NONE,NORMAL,LIKELY_ACTIVE,HIGH_ENGAGEMENT,MAINTAIN_FLOW
1775711033.1735702,321,85.26,200.00,1.18,ACTIVE,NONE,NORMAL,LIKELY_ACTIVE,HIGH_ENGAGEMENT,MAINTAIN_FLOW
1775711033.1898737,310,85.26,200.00,1.12,ACTIVE,NONE,NORMAL,LIKELY_ACTIVE,HIGH_ENGAGEMENT,MAINTAIN_FLOW
1775711033.2057076,297,85.26,200.00,1.06,ACTIVE,NONE,NORMAL,LIKELY_ACTIVE,HIGH_ENGAGEMENT,MAINTAIN_FLOW
1775711033.2217739,279,85.46,200.00,0.97,ACTIVE,NONE,NORMAL,LIKELY_ACTIVE,HIGH_ENGAGEMENT,MAINTAIN_FLOW
1775711033.2379394,264,85.63,200.00,0.89,ACTIVE,NONE,NORMAL,LIKELY_ACTIVE,HIGH_ENGAGEMENT,MAINTAIN_FLOW
1775711033.2537398,245,85.79,200.00,0.80,ACTIVE,NONE,NORMAL,LIKELY_ACTIVE,HIGH_ENGAGEMENT,MAINTAIN_FLOW
1775711033.269747,231,85.94,200.00,0.73,ACTIVE,NONE,NORMAL,LIKELY_ACTIVE,HIGH_ENGAGEMENT,MAINTAIN_FLOW
1775711033.285762,227,86.08,200.00,0.70,ACTIVE,NONE,NORMAL,LIKELY_ACTIVE,HIGH_ENGAGEMENT,MAINTAIN_FLOW
1775711033.3018007,223,86.22,200.00,0.68,ACTIVE,NONE,NORMAL,LIKELY_ACTIVE,HIGH_ENGAGEMENT,MAINTAIN_FLOW
1775711033.31763,219,86.35,200.00,0.66,ACTIVE,NONE,NORMAL,LIKELY_ACTIVE,HIGH_ENGAGEMENT,MAINTAIN_FLOW
1775711033.3335721,217,86.48,200.00,0.65,ACTIVE,NONE,NORMAL,LIKELY_ACTIVE,HIGH_ENGAGEMENT,MAINTAIN_FLOW
1775711033.3499095,213,86.61,200.00,0.63,ACTIVE,NONE,NORMAL,LIKELY_ACTIVE,HIGH_ENGAGEMENT,MAINTAIN_FLOW
1775711033.3656578,200,86.72,200.00,0.57,ACTIVE,NONE,NORMAL,LIKELY_ACTIVE,HIGH_ENGAGEMENT,MAINTAIN_FLOW
1775711033.3825097,186,86.82,200.00,0.50,ACTIVE,NONE,NORMAL,LIKELY_ACTIVE,HIGH_ENGAGEMENT,MAINTAIN_FLOW
1775711033.3981516,172,86.90,200.00,0.43,ACTIVE,NONE,NORMAL,LIKELY_ACTIVE,HIGH_ENGAGEMENT,MAINTAIN_FLOW
1775711033.4145474,156,86.97,200.00,0.35,ACTIVE,NONE,NORMAL,LIKELY_ACTIVE,HIGH_ENGAGEMENT,MAINTAIN_FLOW
1775711033.4303699,146,87.03,200.00,0.29,ACTIVE,NONE,NORMAL,LIKELY_ACTIVE,HIGH_ENGAGEMENT,MAINTAIN_FLOW
1775711033.4462535,142,87.09,200.00,0.27,ACTIVE,NONE,NORMAL,LIKELY_ACTIVE,HIGH_ENGAGEMENT,MAINTAIN_FLOW
1775711033.462523,145,87.15,200.00,0.29,ACTIVE,NONE,NORMAL,LIKELY_ACTIVE,HIGH_ENGAGEMENT,MAINTAIN_FLOW
1775711033.478659,142,87.20,200.00,0.27,ACTIVE,NONE,NORMAL,LIKELY_ACTIVE,HIGH_ENGAGEMENT,MAINTAIN_FLOW
1775711033.4943368,140,87.25,200.00,0.26,ACTIVE,NONE,NORMAL,LIKELY_ACTIVE,HIGH_ENGAGEMENT,MAINTAIN_FLOW
1775711033.5105238,134,87.30,200.00,0.23,ACTIVE,NONE,NORMAL,LIKELY_ACTIVE,HIGH_ENGAGEMENT,MAINTAIN_FLOW
1775711033.526052,128,87.34,200.00,0.20,ACTIVE,NONE,NORMAL,LIKELY_ACTIVE,HIGH_ENGAGEMENT,MAINTAIN_FLOW
1775711033.5425324,120,87.37,200.00,0.16,ACTIVE,NONE,NORMAL,LIKELY_ACTIVE,HIGH_ENGAGEMENT,MAINTAIN_FLOW
1775711033.558496,113,87.40,200.00,0.13,ACTIVE,NONE,NORMAL,LIKELY_ACTIVE,HIGH_ENGAGEMENT,MAINTAIN_FLOW
1775711033.5745707,106,87.42,200.00,0.09,ACTIVE,NONE,NORMAL,LIKELY_ACTIVE,HIGH_ENGAGEMENT,MAINTAIN_FLOW
1775711033.589583,101,87.43,200.00,0.07,ACTIVE,NONE,NORMAL,LIKELY_ACTIVE,HIGH_ENGAGEMENT,MAINTAIN_FLOW
1775711033.6059375,97,87.44,200.00,0.05,ACTIVE,NONE,NORMAL,LIKELY_ACTIVE,HIGH_ENGAGEMENT,MAINTAIN_FLOW
1775711033.6221185,91,87.44,200.00,0.02,ACTIVE,NONE,NORMAL,LIKELY_ACTIVE,HIGH_ENGAGEMENT,MAINTAIN_FLOW
1775711033.637666,88,87.44,200.00,0.00,ACTIVE,NONE,NORMAL,LIKELY_ACTIVE,HIGH_ENGAGEMENT,MAINTAIN_FLOW
1775711033.6535783,86,87.44,200.00,-0.01,ACTIVE,NONE,NORMAL,LIKELY_ACTIVE,HIGH_ENGAGEMENT,MAINTAIN_FLOW
1775711033.6698065,82,87.44,200.00,-0.03,ACTIVE,NONE,NORMAL,LIKELY_ACTIVE,HIGH_ENGAGEMENT,MAINTAIN_FLOW
1775711033.685739,78,87.43,200.00,-0.05,ACTIVE,NONE,NORMAL,LIKELY_ACTIVE,HIGH_ENGAGEMENT,MAINTAIN_FLOW
1775711033.702035,74,87.42,200.00,-0.07,ACTIVE,NONE,NORMAL,LIKELY_ACTIVE,HIGH_ENGAGEMENT,MAINTAIN_FLOW
1775711033.7176883,73,87.40,200.00,-0.07,ACTIVE,NONE,NORMAL,LIKELY_ACTIVE,HIGH_ENGAGEMENT,MAINTAIN_FLOW
1775711033.7339437,70,87.38,200.00,-0.09,ACTIVE,NONE,NORMAL,LIKELY_ACTIVE,HIGH_ENGAGEMENT,MAINTAIN_FLOW
1775711033.749962,65,87.36,200.00,-0.11,ACTIVE,NONE,NORMAL,LIKELY_ACTIVE,HIGH_ENGAGEMENT,MAINTAIN_FLOW
1775711033.766211,60,87.33,200.00,-0.14,ACTIVE,NONE,NORMAL,LIKELY_ACTIVE,HIGH_ENGAGEMENT,MAINTAIN_FLOW
1775711033.7826881,57,87.30,200.00,-0.15,ACTIVE,NONE,NORMAL,LIKELY_ACTIVE,HIGH_ENGAGEMENT,MAINTAIN_FLOW
1775711033.7983913,53,87.27,200.00,-0.17,ACTIVE,NONE,NORMAL,LIKELY_ACTIVE,HIGH_ENGAGEMENT,MAINTAIN_FLOW
1775711033.8145316,53,87.23,200.00,-0.17,ACTIVE,NONE,NORMAL,LIKELY_ACTIVE,HIGH_ENGAGEMENT,MAINTAIN_FLOW
1775711033.8305657,54,87.20,200.00,-0.17,ACTIVE,NONE,NORMAL,LIKELY_ACTIVE,HIGH_ENGAGEMENT,MAINTAIN_FLOW
1775711033.8464613,53,87.17,200.00,-0.17,ACTIVE,NONE,NORMAL,LIKELY_ACTIVE,HIGH_ENGAGEMENT,MAINTAIN_FLOW
1775711033.862504,50,87.13,200.00,-0.19,ACTIVE,NONE,NORMAL,LIKELY_ACTIVE,HIGH_ENGAGEMENT,MAINTAIN_FLOW
1775711033.8776927,46,87.09,200.00,-0.21,ACTIVE,NONE,NORMAL,LIKELY_ACTIVE,HIGH_ENGAGEMENT,MAINTAIN_FLOW
1775711033.8938143,40,87.04,200.00,-0.24,ACTIVE,NONE,NORMAL,LIKELY_ACTIVE,HIGH_ENGAGEMENT,MAINTAIN_FLOW
1775711033.9103549,40,86.99,200.00,-0.23,ACTIVE,NONE,NORMAL,LIKELY_ACTIVE,HIGH_ENGAGEMENT,MAINTAIN_FLOW
1775711033.9263718,40,86.95,200.00,-0.23,ACTIVE,NONE,NORMAL,LIKELY_ACTIVE,HIGH_ENGAGEMENT,MAINTAIN_FLOW
1775711033.942549,42,86.90,200.00,-0.22,ACTIVE,NONE,NORMAL,LIKELY_ACTIVE,HIGH_ENGAGEMENT,MAINTAIN_FLOW
1775711033.9584732,45,86.86,200.00,-0.21,ACTIVE,NONE,NORMAL,LIKELY_ACTIVE,HIGH_ENGAGEMENT,MAINTAIN_FLOW
1775711033.9743006,48,86.82,200.00,-0.19,ACTIVE,NONE,NORMAL,LIKELY_ACTIVE,HIGH_ENGAGEMENT,MAINTAIN_FLOW
1775711033.9900196,45,86.78,200.00,-0.21,ACTIVE,NONE,NORMAL,LIKELY_ACTIVE,HIGH_ENGAGEMENT,MAINTAIN_FLOW
1775711034.0065203,43,86.74,200.00,-0.22,ACTIVE,NONE,NORMAL,LIKELY_ACTIVE,HIGH_ENGAGEMENT,MAINTAIN_FLOW
1775711034.022318,41,86.69,200.00,-0.23,ACTIVE,NONE,NORMAL,LIKELY_ACTIVE,HIGH_ENGAGEMENT,MAINTAIN_FLOW
1775711034.0376606,38,86.64,200.00,-0.24,ACTIVE,NONE,NORMAL,LIKELY_ACTIVE,HIGH_ENGAGEMENT,MAINTAIN_FLOW
1775711034.0544705,36,86.59,200.00,-0.25,ACTIVE,NONE,NORMAL,LIKELY_ACTIVE,HIGH_ENGAGEMENT,MAINTAIN_FLOW
1775711034.069273,35,86.54,200.00,-0.26,ACTIVE,NONE,NORMAL,LIKELY_ACTIVE,HIGH_ENGAGEMENT,MAINTAIN_FLOW
1775711034.085952,32,86.49,200.00,-0.27,ACTIVE,NONE,NORMAL,LIKELY_ACTIVE,HIGH_ENGAGEMENT,MAINTAIN_FLOW
1775711034.102001,29,86.43,200.00,-0.29,ACTIVE,NONE,NORMAL,LIKELY_ACTIVE,HIGH_ENGAGEMENT,MAINTAIN_FLOW
1775711034.118206,28,86.37,200.00,-0.29,ACTIVE,NONE,NORMAL,LIKELY_ACTIVE,HIGH_ENGAGEMENT,MAINTAIN_FLOW
1775711034.1342533,27,86.31,200.00,-0.30,ACTIVE,NONE,NORMAL,LIKELY_ACTIVE,HIGH_ENGAGEMENT,MAINTAIN_FLOW
1775711034.1502092,29,86.25,200.00,-0.29,ACTIVE,NONE,NORMAL,LIKELY_ACTIVE,HIGH_ENGAGEMENT,MAINTAIN_FLOW
1775711034.1665907,32,86.20,200.00,-0.27,ACTIVE,NONE,NORMAL,LIKELY_ACTIVE,HIGH_ENGAGEMENT,MAINTAIN_FLOW
1775711034.1829004,33,86.15,200.00,-0.27,ACTIVE,NONE,NORMAL,LIKELY_ACTIVE,HIGH_ENGAGEMENT,MAINTAIN_FLOW
1775711034.1982472,32,86.09,200.00,-0.27,ACTIVE,NONE,NORMAL,LIKELY_ACTIVE,HIGH_ENGAGEMENT,MAINTAIN_FLOW
1775711034.2143414,33,86.04,200.00,-0.27,ACTIVE,NONE,NORMAL,LIKELY_ACTIVE,HIGH_ENGAGEMENT,MAINTAIN_FLOW
1775711034.230589,31,85.98,200.00,-0.27,ACTIVE,NONE,NORMAL,LIKELY_ACTIVE,HIGH_ENGAGEMENT,MAINTAIN_FLOW
1775711034.24586,29,85.93,200.00,-0.28,ACTIVE,NONE,NORMAL,LIKELY_ACTIVE,HIGH_ENGAGEMENT,MAINTAIN_FLOW
1775711034.262263,29,85.87,200.00,-0.28,ACTIVE,NONE,NORMAL,LIKELY_ACTIVE,HIGH_ENGAGEMENT,MAINTAIN_FLOW
1775711034.278015,30,85.81,200.00,-0.28,ACTIVE,NONE,NORMAL,LIKELY_ACTIVE,HIGH_ENGAGEMENT,MAINTAIN_FLOW
1775711034.2937198,29,85.76,200.00,-0.28,ACTIVE,NONE,NORMAL,LIKELY_ACTIVE,HIGH_ENGAGEMENT,MAINTAIN_FLOW
1775711034.3098762,29,85.70,200.00,-0.28,ACTIVE,NONE,NORMAL,LIKELY_ACTIVE,HIGH_ENGAGEMENT,MAINTAIN_FLOW
1775711034.3257182,30,85.64,200.00,-0.28,ACTIVE,NONE,NORMAL,LIKELY_ACTIVE,HIGH_ENGAGEMENT,MAINTAIN_FLOW
1775711034.3416376,31,85.59,200.00,-0.27,ACTIVE,NONE,NORMAL,LIKELY_ACTIVE,HIGH_ENGAGEMENT,MAINTAIN_FLOW
1775711034.358067,32,85.54,200.00,-0.27,ACTIVE,NONE,NORMAL,LIKELY_ACTIVE,HIGH_ENGAGEMENT,MAINTAIN_FLOW
1775711034.3737736,32,85.48,200.00,-0.27,ACTIVE,NONE,NORMAL,LIKELY_ACTIVE,HIGH_ENGAGEMENT,MAINTAIN_FLOW
1775711034.3895423,33,85.43,200.00,-0.26,ACTIVE,NONE,NORMAL,LIKELY_ACTIVE,HIGH_ENGAGEMENT,MAINTAIN_FLOW
1775711034.4055915,31,85.38,200.00,-0.27,ACTIVE,NONE,NORMAL,LIKELY_ACTIVE,HIGH_ENGAGEMENT,MAINTAIN_FLOW
1775711034.4216373,30,85.32,200.00,-0.28,ACTIVE,NONE,NORMAL,LIKELY_ACTIVE,HIGH_ENGAGEMENT,MAINTAIN_FLOW
1775711034.4377434,29,85.26,200.00,-0.28,ACTIVE,NONE,NORMAL,LIKELY_ACTIVE,HIGH_ENGAGEMENT,MAINTAIN_FLOW
1775711034.4536905,30,85.21,200.00,-0.28,ACTIVE,NONE,NORMAL,LIKELY_ACTIVE,HIGH_ENGAGEMENT,MAINTAIN_FLOW
1775711034.469225,30,85.15,200.00,-0.28,ACTIVE,NONE,NORMAL,LIKELY_ACTIVE,HIGH_ENGAGEMENT,MAINTAIN_FLOW
1775711034.4857006,32,85.10,200.00,-0.27,ACTIVE,NONE,NORMAL,LIKELY_ACTIVE,HIGH_ENGAGEMENT,MAINTAIN_FLOW
1775711034.501881,36,85.05,200.00,-0.25,ACTIVE,NONE,NORMAL,LIKELY_ACTIVE,HIGH_ENGAGEMENT,MAINTAIN_FLOW
1775711034.5175285,40,85.01,200.00,-0.23,ACTIVE,NONE,NORMAL,LIKELY_ACTIVE,HIGH_ENGAGEMENT,MAINTAIN_FLOW
1775711034.5341191,44,84.96,200.00,-0.20,ACTIVE,NONE,NORMAL,LIKELY_ACTIVE,HIGH_ENGAGEMENT,MAINTAIN_FLOW
1775711034.550479,45,84.92,200.00,-0.20,ACTIVE,NONE,NORMAL,LIKELY_ACTIVE,HIGH_ENGAGEMENT,MAINTAIN_FLOW
1775711034.566398,45,84.88,200.00,-0.20,ACTIVE,NONE,NORMAL,LIKELY_ACTIVE,HIGH_ENGAGEMENT,MAINTAIN_FLOW
1775711034.5822043,44,84.84,200.00,-0.20,ACTIVE,NONE,NORMAL,LIKELY_ACTIVE,HIGH_ENGAGEMENT,MAINTAIN_FLOW
1775711034.5985775,41,84.80,200.00,-0.22,ACTIVE,NONE,NORMAL,LIKELY_ACTIVE,HIGH_ENGAGEMENT,MAINTAIN_FLOW
1775711034.614714,39,84.75,200.00,-0.23,ACTIVE,NONE,NORMAL,LIKELY_ACTIVE,HIGH_ENGAGEMENT,MAINTAIN_FLOW
1775711034.6307752,39,84.71,200.00,-0.23,ACTIVE,NONE,NORMAL,LIKELY_ACTIVE,HIGH_ENGAGEMENT,MAINTAIN_FLOW
1775711034.646223,37,84.66,200.00,-0.24,ACTIVE,NONE,NORMAL,LIKELY_ACTIVE,HIGH_ENGAGEMENT,MAINTAIN_FLOW
1775711034.6625059,35,84.61,200.00,-0.25,ACTIVE,NONE,NORMAL,LIKELY_ACTIVE,HIGH_ENGAGEMENT,MAINTAIN_FLOW
1775711034.6783946,33,84.56,200.00,-0.26,ACTIVE,NONE,NORMAL,LIKELY_ACTIVE,HIGH_ENGAGEMENT,MAINTAIN_FLOW
1775711034.6942558,31,84.51,200.00,-0.27,ACTIVE,NONE,NORMAL,LIKELY_ACTIVE,HIGH_ENGAGEMENT,MAINTAIN_FLOW
1775711034.710191,30,84.45,200.00,-0.27,ACTIVE,NONE,NORMAL,LIKELY_ACTIVE,HIGH_ENGAGEMENT,MAINTAIN_FLOW
1775711034.7288225,29,84.40,200.00,-0.28,ACTIVE,NONE,NORMAL,LIKELY_ACTIVE,HIGH_ENGAGEMENT,MAINTAIN_FLOW
1775711034.7426574,29,84.34,200.00,-0.28,ACTIVE,NONE,NORMAL,LIKELY_ACTIVE,HIGH_ENGAGEMENT,MAINTAIN_FLOW
1775711034.7583334,29,84.29,200.00,-0.28,ACTIVE,NONE,NORMAL,LIKELY_ACTIVE,HIGH_ENGAGEMENT,MAINTAIN_FLOW
1775711034.7745411,29,84.23,200.00,-0.28,ACTIVE,NONE,NORMAL,LIKELY_ACTIVE,HIGH_ENGAGEMENT,MAINTAIN_FLOW
1775711034.7902417,28,84.17,200.00,-0.28,ACTIVE,NONE,NORMAL,LIKELY_ACTIVE,HIGH_ENGAGEMENT,MAINTAIN_FLOW
1775711034.8061402,28,84.12,200.00,-0.28,ACTIVE,NONE,NORMAL,LIKELY_ACTIVE,HIGH_ENGAGEMENT,MAINTAIN_FLOW
1775711034.822173,28,84.06,200.00,-0.28,ACTIVE,NONE,NORMAL,LIKELY_ACTIVE,HIGH_ENGAGEMENT,MAINTAIN_FLOW
1775711034.8384967,29,84.01,200.00,-0.28,ACTIVE,NONE,NORMAL,LIKELY_ACTIVE,HIGH_ENGAGEMENT,MAINTAIN_FLOW
1775711034.8543515,29,83.95,200.00,-0.27,ACTIVE,NONE,NORMAL,LIKELY_ACTIVE,HIGH_ENGAGEMENT,MAINTAIN_FLOW
1775711034.8699472,31,83.90,200.00,-0.26,ACTIVE,NONE,NORMAL,LIKELY_ACTIVE,HIGH_ENGAGEMENT,MAINTAIN_FLOW
1775711034.885829,31,83.85,200.00,-0.26,ACTIVE,NONE,NORMAL,LIKELY_ACTIVE,HIGH_ENGAGEMENT,MAINTAIN_FLOW
1775711034.901691,30,83.79,200.00,-0.27,ACTIVE,NONE,NORMAL,LIKELY_ACTIVE,HIGH_ENGAGEMENT,MAINTAIN_FLOW
1775711034.9181302,30,83.74,200.00,-0.27,ACTIVE,NONE,NORMAL,LIKELY_ACTIVE,HIGH_ENGAGEMENT,MAINTAIN_FLOW
1775711034.9340556,30,83.68,200.00,-0.27,ACTIVE,NONE,NORMAL,LIKELY_ACTIVE,HIGH_ENGAGEMENT,MAINTAIN_FLOW
1775711034.950024,29,83.63,200.00,-0.27,ACTIVE,NONE,NORMAL,LIKELY_ACTIVE,HIGH_ENGAGEMENT,MAINTAIN_FLOW
1775711034.9662914,29,83.57,200.00,-0.27,ACTIVE,NONE,NORMAL,LIKELY_ACTIVE,HIGH_ENGAGEMENT,MAINTAIN_FLOW
1775711034.98217,30,83.52,200.00,-0.27,ACTIVE,NONE,NORMAL,LIKELY_ACTIVE,HIGH_ENGAGEMENT,MAINTAIN_FLOW
1775711034.9986575,30,83.47,200.00,-0.27,ACTIVE,NONE,NORMAL,LIKELY_ACTIVE,HIGH_ENGAGEMENT,MAINTAIN_FLOW
1775711035.0146377,30,83.41,200.00,-0.27,ACTIVE,NONE,NORMAL,LIKELY_ACTIVE,HIGH_ENGAGEMENT,MAINTAIN_FLOW
1775711035.030936,31,83.36,200.00,-0.26,ACTIVE,NONE,NORMAL,LIKELY_ACTIVE,HIGH_ENGAGEMENT,MAINTAIN_FLOW
1775711035.0466506,32,83.31,200.00,-0.26,ACTIVE,NONE,NORMAL,LIKELY_ACTIVE,HIGH_ENGAGEMENT,MAINTAIN_FLOW
1775711035.063016,32,83.26,200.00,-0.26,ACTIVE,NONE,NORMAL,LIKELY_ACTIVE,HIGH_ENGAGEMENT,MAINTAIN_FLOW
1775711035.0778534,31,83.21,200.00,-0.26,ACTIVE,NONE,NORMAL,LIKELY_ACTIVE,HIGH_ENGAGEMENT,MAINTAIN_FLOW
1775711035.094396,32,83.16,200.00,-0.26,ACTIVE,NONE,NORMAL,LIKELY_ACTIVE,HIGH_ENGAGEMENT,MAINTAIN_FLOW
1775711035.1102262,33,83.11,200.00,-0.25,ACTIVE,NONE,NORMAL,LIKELY_ACTIVE,HIGH_ENGAGEMENT,MAINTAIN_FLOW
1775711035.1266356,32,83.05,200.00,-0.26,ACTIVE,NONE,NORMAL,LIKELY_ACTIVE,HIGH_ENGAGEMENT,MAINTAIN_FLOW
1775711035.142486,32,83.00,200.00,-0.26,ACTIVE,NONE,NORMAL,LIKELY_ACTIVE,HIGH_ENGAGEMENT,MAINTAIN_FLOW
1775711035.158516,32,82.95,200.00,-0.25,ACTIVE,NONE,NORMAL,LIKELY_ACTIVE,HIGH_ENGAGEMENT,MAINTAIN_FLOW
1775711035.1743033,29,82.90,200.00,-0.27,ACTIVE,NONE,NORMAL,LIKELY_ACTIVE,HIGH_ENGAGEMENT,MAINTAIN_FLOW
1775711035.1902556,27,82.84,200.00,-0.28,ACTIVE,NONE,NORMAL,LIKELY_ACTIVE,HIGH_ENGAGEMENT,MAINTAIN_FLOW
1775711035.205878,28,82.79,200.00,-0.27,ACTIVE,NONE,NORMAL,LIKELY_ACTIVE,HIGH_ENGAGEMENT,MAINTAIN_FLOW
1775711035.2224693,29,82.73,200.00,-0.27,ACTIVE,NONE,NORMAL,LIKELY_ACTIVE,HIGH_ENGAGEMENT,MAINTAIN_FLOW
1775711035.2385635,29,82.68,200.00,-0.27,ACTIVE,NONE,NORMAL,LIKELY_ACTIVE,HIGH_ENGAGEMENT,MAINTAIN_FLOW
1775711035.254165,30,82.63,200.00,-0.26,ACTIVE,NONE,NORMAL,LIKELY_ACTIVE,HIGH_ENGAGEMENT,MAINTAIN_FLOW
1775711035.2704153,31,82.58,200.00,-0.26,ACTIVE,NONE,NORMAL,LIKELY_ACTIVE,HIGH_ENGAGEMENT,MAINTAIN_FLOW
1775711035.2856257,30,82.52,200.00,-0.26,ACTIVE,NONE,NORMAL,LIKELY_ACTIVE,HIGH_ENGAGEMENT,MAINTAIN_FLOW
1775711035.3016696,28,82.47,200.00,-0.27,ACTIVE,NONE,NORMAL,LIKELY_ACTIVE,HIGH_ENGAGEMENT,MAINTAIN_FLOW
1775711035.317649,29,82.42,200.00,-0.27,ACTIVE,NONE,NORMAL,LIKELY_ACTIVE,HIGH_ENGAGEMENT,MAINTAIN_FLOW
1775711035.334148,29,82.36,200.00,-0.27,ACTIVE,NONE,NORMAL,LIKELY_ACTIVE,HIGH_ENGAGEMENT,MAINTAIN_FLOW
1775711035.35016,28,82.31,200.00,-0.27,ACTIVE,NONE,NORMAL,LIKELY_ACTIVE,HIGH_ENGAGEMENT,MAINTAIN_FLOW
1775711035.3662694,28,82.25,200.00,-0.27,ACTIVE,NONE,NORMAL,LIKELY_ACTIVE,HIGH_ENGAGEMENT,MAINTAIN_FLOW
1775711035.3822923,29,82.20,200.00,-0.27,ACTIVE,NONE,NORMAL,LIKELY_ACTIVE,HIGH_ENGAGEMENT,MAINTAIN_FLOW
1775711035.3983278,29,82.15,200.00,-0.27,ACTIVE,NONE,NORMAL,LIKELY_ACTIVE,HIGH_ENGAGEMENT,MAINTAIN_FLOW
1775711035.4143836,29,82.09,200.00,-0.27,ACTIVE,NONE,NORMAL,LIKELY_ACTIVE,HIGH_ENGAGEMENT,MAINTAIN_FLOW
1775711035.4307036,29,82.04,200.00,-0.27,ACTIVE,NONE,NORMAL,LIKELY_ACTIVE,HIGH_ENGAGEMENT,MAINTAIN_FLOW
1775711035.4461734,30,81.99,200.00,-0.26,ACTIVE,NONE,NORMAL,LIKELY_ACTIVE,HIGH_ENGAGEMENT,MAINTAIN_FLOW
1775711035.462257,29,81.94,200.00,-0.26,ACTIVE,NONE,NORMAL,LIKELY_ACTIVE,HIGH_ENGAGEMENT,MAINTAIN_FLOW
1775711035.4777348,29,81.88,200.00,-0.26,ACTIVE,NONE,NORMAL,LIKELY_ACTIVE,HIGH_ENGAGEMENT,MAINTAIN_FLOW
1775711035.4937768,29,81.83,200.00,-0.26,ACTIVE,NONE,NORMAL,LIKELY_ACTIVE,HIGH_ENGAGEMENT,MAINTAIN_FLOW
1775711035.5100174,30,81.78,200.00,-0.26,ACTIVE,NONE,NORMAL,LIKELY_ACTIVE,HIGH_ENGAGEMENT,MAINTAIN_FLOW
1775711035.5256326,31,81.73,200.00,-0.25,ACTIVE,NONE,NORMAL,LIKELY_ACTIVE,HIGH_ENGAGEMENT,MAINTAIN_FLOW
1775711035.541529,33,81.68,200.00,-0.24,ACTIVE,NONE,NORMAL,LIKELY_ACTIVE,HIGH_ENGAGEMENT,MAINTAIN_FLOW
1775711035.5581143,33,81.63,200.00,-0.24,ACTIVE,NONE,NORMAL,LIKELY_ACTIVE,HIGH_ENGAGEMENT,MAINTAIN_FLOW
1775711035.5741503,32,81.58,200.00,-0.25,ACTIVE,NONE,NORMAL,LIKELY_ACTIVE,HIGH_ENGAGEMENT,MAINTAIN_FLOW
1775711035.5898473,33,81.53,200.00,-0.24,ACTIVE,NONE,NORMAL,LIKELY_ACTIVE,HIGH_ENGAGEMENT,MAINTAIN_FLOW
1775711035.6057444,41,81.49,200.00,-0.20,ACTIVE,NONE,NORMAL,LIKELY_ACTIVE,HIGH_ENGAGEMENT,MAINTAIN_FLOW
1775711035.6221404,46,81.46,200.00,-0.18,ACTIVE,NONE,NORMAL,LIKELY_ACTIVE,HIGH_ENGAGEMENT,MAINTAIN_FLOW
1775711035.6377547,49,81.42,200.00,-0.16,ACTIVE,NONE,NORMAL,LIKELY_ACTIVE,HIGH_ENGAGEMENT,MAINTAIN_FLOW
1775711035.6540368,48,81.39,200.00,-0.17,ACTIVE,NONE,NORMAL,LIKELY_ACTIVE,HIGH_ENGAGEMENT,MAINTAIN_FLOW
1775711035.669759,47,81.36,200.00,-0.17,ACTIVE,NONE,NORMAL,LIKELY_ACTIVE,HIGH_ENGAGEMENT,MAINTAIN_FLOW
1775711035.6860468,37,81.31,200.00,-0.22,ACTIVE,NONE,NORMAL,LIKELY_ACTIVE,HIGH_ENGAGEMENT,MAINTAIN_FLOW
1775711035.701925,31,81.26,200.00,-0.25,ACTIVE,NONE,NORMAL,LIKELY_ACTIVE,HIGH_ENGAGEMENT,MAINTAIN_FLOW
1775711035.7178638,31,81.21,200.00,-0.25,ACTIVE,NONE,NORMAL,LIKELY_ACTIVE,HIGH_ENGAGEMENT,MAINTAIN_FLOW
1775711035.7345243,32,81.16,200.00,-0.25,ACTIVE,NONE,NORMAL,LIKELY_ACTIVE,HIGH_ENGAGEMENT,MAINTAIN_FLOW
1775711035.7500815,30,81.11,200.00,-0.26,ACTIVE,NONE,NORMAL,LIKELY_ACTIVE,HIGH_ENGAGEMENT,MAINTAIN_FLOW
1775711035.7658715,32,81.06,200.00,-0.25,ACTIVE,NONE,NORMAL,LIKELY_ACTIVE,HIGH_ENGAGEMENT,MAINTAIN_FLOW
1775711035.7822263,33,81.01,200.00,-0.24,ACTIVE,NONE,NORMAL,LIKELY_ACTIVE,HIGH_ENGAGEMENT,MAINTAIN_FLOW
1775711035.7982812,31,80.96,200.00,-0.25,ACTIVE,NONE,NORMAL,LIKELY_ACTIVE,HIGH_ENGAGEMENT,MAINTAIN_FLOW
1775711035.813972,31,80.91,200.00,-0.25,ACTIVE,NONE,NORMAL,LIKELY_ACTIVE,HIGH_ENGAGEMENT,MAINTAIN_FLOW
1775711035.8299613,33,80.86,200.00,-0.24,ACTIVE,NONE,NORMAL,LIKELY_ACTIVE,HIGH_ENGAGEMENT,MAINTAIN_FLOW
1775711035.846029,33,80.82,200.00,-0.24,ACTIVE,NONE,NORMAL,LIKELY_ACTIVE,HIGH_ENGAGEMENT,MAINTAIN_FLOW
1775711035.8622482,34,80.77,200.00,-0.23,ACTIVE,NONE,NORMAL,LIKELY_ACTIVE,HIGH_ENGAGEMENT,MAINTAIN_FLOW
1775711035.8777246,35,80.72,200.00,-0.23,ACTIVE,NONE,NORMAL,LIKELY_ACTIVE,HIGH_ENGAGEMENT,MAINTAIN_FLOW
1775711035.8938575,37,80.68,200.00,-0.22,ACTIVE,NONE,NORMAL,LIKELY_ACTIVE,HIGH_ENGAGEMENT,MAINTAIN_FLOW
1775711035.9096406,36,80.64,200.00,-0.22,ACTIVE,NONE,NORMAL,LIKELY_ACTIVE,HIGH_ENGAGEMENT,MAINTAIN_FLOW
1775711035.9257421,36,80.59,200.00,-0.22,ACTIVE,NONE,NORMAL,LIKELY_ACTIVE,HIGH_ENGAGEMENT,MAINTAIN_FLOW
1775711035.9418442,36,80.55,200.00,-0.22,ACTIVE,NONE,NORMAL,LIKELY_ACTIVE,HIGH_ENGAGEMENT,MAINTAIN_FLOW
1775711035.9581132,36,80.50,200.00,-0.22,ACTIVE,NONE,NORMAL,LIKELY_ACTIVE,HIGH_ENGAGEMENT,MAINTAIN_FLOW
1775711035.973834,35,80.46,200.00,-0.23,ACTIVE,NONE,NORMAL,LIKELY_ACTIVE,HIGH_ENGAGEMENT,MAINTAIN_FLOW
1775711035.9899607,34,80.41,200.00,-0.23,ACTIVE,NONE,NORMAL,LIKELY_ACTIVE,HIGH_ENGAGEMENT,MAINTAIN_FLOW
1775711036.0060108,35,80.36,200.00,-0.23,ACTIVE,NONE,NORMAL,LIKELY_ACTIVE,HIGH_ENGAGEMENT,MAINTAIN_FLOW
1775711036.0219672,34,80.32,200.00,-0.23,ACTIVE,NONE,NORMAL,LIKELY_ACTIVE,HIGH_ENGAGEMENT,MAINTAIN_FLOW
1775711036.0380726,32,80.27,200.00,-0.24,ACTIVE,NONE,NORMAL,LIKELY_ACTIVE,HIGH_ENGAGEMENT,MAINTAIN_FLOW
1775711036.0538118,33,80.22,200.00,-0.24,ACTIVE,NONE,NORMAL,LIKELY_ACTIVE,HIGH_ENGAGEMENT,MAINTAIN_FLOW
1775711036.069696,34,80.18,200.00,-0.23,ACTIVE,NONE,NORMAL,LIKELY_ACTIVE,HIGH_ENGAGEMENT,MAINTAIN_FLOW
1775711036.0861847,32,80.13,200.00,-0.24,ACTIVE,NONE,NORMAL,LIKELY_ACTIVE,HIGH_ENGAGEMENT,MAINTAIN_FLOW
1775711036.1019914,36,80.08,200.00,-0.22,ACTIVE,NONE,NORMAL,LIKELY_ACTIVE,HIGH_ENGAGEMENT,MAINTAIN_FLOW
1775711036.1175802,40,80.04,200.00,-0.20,ACTIVE,NONE,NORMAL,LIKELY_ACTIVE,HIGH_ENGAGEMENT,MAINTAIN_FLOW
1775711036.1342213,42,80.01,200.00,-0.19,ACTIVE,NONE,NORMAL,LIKELY_ACTIVE,HIGH_ENGAGEMENT,MAINTAIN_FLOW
1775711036.1499343,45,79.97,200.00,-0.17,ACTIVE,NONE,NORMAL,LIKELY_ACTIVE,HIGH_ENGAGEMENT,MAINTAIN_FLOW
1775711036.1658127,46,79.94,200.00,-0.17,ACTIVE,NONE,NORMAL,LIKELY_ACTIVE,HIGH_ENGAGEMENT,MAINTAIN_FLOW
1775711036.1816068,41,79.90,200.00,-0.19,ACTIVE,NONE,NORMAL,LIKELY_ACTIVE,HIGH_ENGAGEMENT,MAINTAIN_FLOW
1775711036.198486,40,79.86,200.00,-0.20,ACTIVE,NONE,NORMAL,LIKELY_ACTIVE,HIGH_ENGAGEMENT,MAINTAIN_FLOW
1775711036.214873,40,79.82,200.00,-0.20,ACTIVE,NONE,NORMAL,LIKELY_ACTIVE,HIGH_ENGAGEMENT,MAINTAIN_FLOW
1775711036.2299576,38,79.78,200.00,-0.21,ACTIVE,NONE,NORMAL,LIKELY_ACTIVE,HIGH_ENGAGEMENT,MAINTAIN_FLOW
1775711036.2464771,39,79.74,200.00,-0.20,ACTIVE,NONE,NORMAL,LIKELY_ACTIVE,HIGH_ENGAGEMENT,MAINTAIN_FLOW
1775711036.2627738,39,79.70,200.00,-0.20,ACTIVE,NONE,NORMAL,LIKELY_ACTIVE,HIGH_ENGAGEMENT,MAINTAIN_FLOW
1775711036.2785435,37,79.65,200.00,-0.21,ACTIVE,NONE,NORMAL,LIKELY_ACTIVE,HIGH_ENGAGEMENT,MAINTAIN_FLOW
1775711036.2948446,32,79.61,200.00,-0.24,ACTIVE,NONE,NORMAL,LIKELY_ACTIVE,HIGH_ENGAGEMENT,MAINTAIN_FLOW
1775711036.3104305,29,79.55,200.00,-0.25,ACTIVE,NONE,NORMAL,LIKELY_ACTIVE,HIGH_ENGAGEMENT,MAINTAIN_FLOW
1775711036.326278,28,79.50,200.00,-0.26,ACTIVE,NONE,NORMAL,LIKELY_ACTIVE,HIGH_ENGAGEMENT,MAINTAIN_FLOW
1775711036.3426964,29,79.45,200.00,-0.25,ACTIVE,NONE,NORMAL,LIKELY_ACTIVE,HIGH_ENGAGEMENT,MAINTAIN_FLOW
1775711036.3584003,29,79.40,200.00,-0.25,ACTIVE,NONE,NORMAL,LIKELY_ACTIVE,HIGH_ENGAGEMENT,MAINTAIN_FLOW
1775711036.3740475,29,79.35,200.00,-0.25,ACTIVE,NONE,NORMAL,LIKELY_ACTIVE,HIGH_ENGAGEMENT,MAINTAIN_FLOW
1775711036.3904507,32,79.30,200.00,-0.24,ACTIVE,NONE,NORMAL,LIKELY_ACTIVE,HIGH_ENGAGEMENT,MAINTAIN_FLOW
1775711036.406011,36,79.26,200.00,-0.22,ACTIVE,NONE,NORMAL,LIKELY_ACTIVE,HIGH_ENGAGEMENT,MAINTAIN_FLOW
1775711036.4218695,36,79.22,200.00,-0.22,ACTIVE,NONE,NORMAL,LIKELY_ACTIVE,HIGH_ENGAGEMENT,MAINTAIN_FLOW
1775711036.4376483,37,79.18,200.00,-0.21,ACTIVE,NONE,NORMAL,LIKELY_ACTIVE,HIGH_ENGAGEMENT,MAINTAIN_FLOW
1775711036.4537134,47,79.14,200.00,-0.16,ACTIVE,NONE,NORMAL,LIKELY_ACTIVE,HIGH_ENGAGEMENT,MAINTAIN_FLOW
1775711036.470024,54,79.12,200.00,-0.13,ACTIVE,NONE,NORMAL,LIKELY_ACTIVE,HIGH_ENGAGEMENT,MAINTAIN_FLOW
1775711036.485615,63,79.10,200.00,-0.08,ACTIVE,NONE,NORMAL,LIKELY_ACTIVE,HIGH_ENGAGEMENT,MAINTAIN_FLOW
1775711036.5019412,65,79.09,200.00,-0.07,ACTIVE,NONE,NORMAL,LIKELY_ACTIVE,HIGH_ENGAGEMENT,MAINTAIN_FLOW
1775711036.5176914,62,79.07,200.00,-0.09,ACTIVE,NONE,NORMAL,LIKELY_ACTIVE,HIGH_ENGAGEMENT,MAINTAIN_FLOW
1775711036.5335066,76,79.07,200.00,-0.02,ACTIVE,NONE,NORMAL,LIKELY_ACTIVE,HIGH_ENGAGEMENT,MAINTAIN_FLOW
1775711036.54969,100,79.09,200.00,0.10,ACTIVE,NONE,NORMAL,LIKELY_ACTIVE,HIGH_ENGAGEMENT,MAINTAIN_FLOW
1775711036.5661623,121,79.13,200.00,0.21,ACTIVE,NONE,NORMAL,LIKELY_ACTIVE,HIGH_ENGAGEMENT,MAINTAIN_FLOW
1775711036.5822175,142,79.19,200.00,0.31,ACTIVE,NONE,NORMAL,LIKELY_ACTIVE,HIGH_ENGAGEMENT,MAINTAIN_FLOW
1775711036.5979643,186,79.30,200.00,0.53,ACTIVE,NONE,NORMAL,LIKELY_ACTIVE,HIGH_ENGAGEMENT,MAINTAIN_FLOW
1775711036.6143382,191,79.41,200.00,0.56,ACTIVE,NONE,NORMAL,LIKELY_ACTIVE,HIGH_ENGAGEMENT,MAINTAIN_FLOW
1775711036.6307468,194,79.53,200.00,0.57,ACTIVE,NONE,NORMAL,LIKELY_ACTIVE,HIGH_ENGAGEMENT,MAINTAIN_FLOW
1775711036.6462767,196,79.64,200.00,0.58,ACTIVE,NONE,NORMAL,LIKELY_ACTIVE,HIGH_ENGAGEMENT,MAINTAIN_FLOW
1775711036.662047,197,79.76,200.00,0.59,ACTIVE,NONE,NORMAL,LIKELY_ACTIVE,HIGH_ENGAGEMENT,MAINTAIN_FLOW
1775711036.6787245,205,79.89,200.00,0.63,ACTIVE,NONE,NORMAL,LIKELY_ACTIVE,HIGH_ENGAGEMENT,MAINTAIN_FLOW
1775711036.694475,217,80.02,200.00,0.68,ACTIVE,NONE,NORMAL,LIKELY_ACTIVE,HIGH_ENGAGEMENT,MAINTAIN_FLOW
1775711036.710146,203,80.15,200.00,0.61,ACTIVE,NONE,NORMAL,LIKELY_ACTIVE,HIGH_ENGAGEMENT,MAINTAIN_FLOW
1775711036.7261567,201,80.27,200.00,0.60,ACTIVE,NONE,NORMAL,LIKELY_ACTIVE,HIGH_ENGAGEMENT,MAINTAIN_FLOW
1775711036.7423832,196,80.38,200.00,0.58,ACTIVE,NONE,NORMAL,LIKELY_ACTIVE,HIGH_ENGAGEMENT,MAINTAIN_FLOW
1775711036.758053,161,80.46,200.00,0.40,ACTIVE,NONE,NORMAL,LIKELY_ACTIVE,HIGH_ENGAGEMENT,MAINTAIN_FLOW
1775711036.7743587,143,80.53,200.00,0.31,ACTIVE,NONE,NORMAL,LIKELY_ACTIVE,HIGH_ENGAGEMENT,MAINTAIN_FLOW
1775711036.7903314,141,80.59,200.00,0.30,ACTIVE,NONE,NORMAL,LIKELY_ACTIVE,HIGH_ENGAGEMENT,MAINTAIN_FLOW
1775711036.8065722,123,80.63,200.00,0.21,ACTIVE,NONE,NORMAL,LIKELY_ACTIVE,HIGH_ENGAGEMENT,MAINTAIN_FLOW
1775711036.8222597,115,80.66,200.00,0.17,ACTIVE,NONE,NORMAL,LIKELY_ACTIVE,HIGH_ENGAGEMENT,MAINTAIN_FLOW
1775711036.838159,114,80.70,200.00,0.17,ACTIVE,NONE,NORMAL,LIKELY_ACTIVE,HIGH_ENGAGEMENT,MAINTAIN_FLOW
1775711036.854523,106,80.72,200.00,0.13,ACTIVE,NONE,NORMAL,LIKELY_ACTIVE,HIGH_ENGAGEMENT,MAINTAIN_FLOW
1775711036.8704145,83,80.72,200.00,0.01,ACTIVE,NONE,NORMAL,LIKELY_ACTIVE,HIGH_ENGAGEMENT,MAINTAIN_FLOW
1775711036.8862264,67,80.71,200.00,-0.07,ACTIVE,NONE,NORMAL,LIKELY_ACTIVE,HIGH_ENGAGEMENT,MAINTAIN_FLOW
1775711036.9024987,54,80.68,200.00,-0.13,ACTIVE,NONE,NORMAL,LIKELY_ACTIVE,HIGH_ENGAGEMENT,MAINTAIN_FLOW
1775711036.9178429,41,80.64,200.00,-0.20,ACTIVE,NONE,NORMAL,LIKELY_ACTIVE,HIGH_ENGAGEMENT,MAINTAIN_FLOW
1775711036.9338353,34,80.60,200.00,-0.23,ACTIVE,NONE,NORMAL,LIKELY_ACTIVE,HIGH_ENGAGEMENT,MAINTAIN_FLOW
1775711036.950397,34,80.55,200.00,-0.23,ACTIVE,NONE,NORMAL,LIKELY_ACTIVE,HIGH_ENGAGEMENT,MAINTAIN_FLOW
1775711036.965997,34,80.50,200.00,-0.23,ACTIVE,NONE,NORMAL,LIKELY_ACTIVE,HIGH_ENGAGEMENT,MAINTAIN_FLOW
1775711036.9820256,37,80.46,200.00,-0.22,ACTIVE,NONE,NORMAL,LIKELY_ACTIVE,HIGH_ENGAGEMENT,MAINTAIN_FLOW
1775711036.9978163,39,80.42,200.00,-0.21,ACTIVE,NONE,NORMAL,LIKELY_ACTIVE,HIGH_ENGAGEMENT,MAINTAIN_FLOW
1775711037.0141323,36,80.37,200.00,-0.22,ACTIVE,NONE,NORMAL,LIKELY_ACTIVE,HIGH_ENGAGEMENT,MAINTAIN_FLOW
1775711037.0304432,37,80.33,200.00,-0.22,ACTIVE,NONE,NORMAL,LIKELY_ACTIVE,HIGH_ENGAGEMENT,MAINTAIN_FLOW
1775711037.0466025,44,80.29,200.00,-0.18,ACTIVE,NONE,NORMAL,LIKELY_ACTIVE,HIGH_ENGAGEMENT,MAINTAIN_FLOW
1775711037.0628757,51,80.27,200.00,-0.15,ACTIVE,NONE,NORMAL,LIKELY_ACTIVE,HIGH_ENGAGEMENT,MAINTAIN_FLOW
1775711037.0780625,57,80.24,200.00,-0.12,ACTIVE,NONE,NORMAL,LIKELY_ACTIVE,HIGH_ENGAGEMENT,MAINTAIN_FLOW
1775711037.0947585,64,80.23,200.00,-0.08,ACTIVE,NONE,NORMAL,LIKELY_ACTIVE,HIGH_ENGAGEMENT,MAINTAIN_FLOW
1775711037.1105664,70,80.22,200.00,-0.05,ACTIVE,NONE,NORMAL,LIKELY_ACTIVE,HIGH_ENGAGEMENT,MAINTAIN_FLOW
1775711037.1269903,76,80.21,200.00,-0.02,ACTIVE,NONE,NORMAL,LIKELY_ACTIVE,HIGH_ENGAGEMENT,MAINTAIN_FLOW
1775711037.1420152,73,80.20,200.00,-0.04,ACTIVE,NONE,NORMAL,LIKELY_ACTIVE,HIGH_ENGAGEMENT,MAINTAIN_FLOW
1775711037.1580071,73,80.20,200.00,-0.04,ACTIVE,NONE,NORMAL,LIKELY_ACTIVE,HIGH_ENGAGEMENT,MAINTAIN_FLOW
1775711037.1741953,79,80.20,200.00,-0.01,ACTIVE,NONE,NORMAL,LIKELY_ACTIVE,HIGH_ENGAGEMENT,MAINTAIN_FLOW
1775711037.1902487,92,80.21,200.00,0.06,ACTIVE,NONE,NORMAL,LIKELY_ACTIVE,HIGH_ENGAGEMENT,MAINTAIN_FLOW
1775711037.2061489,94,80.22,200.00,0.07,ACTIVE,NONE,NORMAL,LIKELY_ACTIVE,HIGH_ENGAGEMENT,MAINTAIN_FLOW
1775711037.2224145,106,80.25,200.00,0.13,ACTIVE,NONE,NORMAL,LIKELY_ACTIVE,HIGH_ENGAGEMENT,MAINTAIN_FLOW
1775711037.2381346,116,80.28,200.00,0.18,ACTIVE,NONE,NORMAL,LIKELY_ACTIVE,HIGH_ENGAGEMENT,MAINTAIN_FLOW
1775711037.2543838,126,80.33,200.00,0.23,ACTIVE,NONE,NORMAL,LIKELY_ACTIVE,HIGH_ENGAGEMENT,MAINTAIN_FLOW
1775711037.2700148,124,80.37,200.00,0.22,ACTIVE,NONE,NORMAL,LIKELY_ACTIVE,HIGH_ENGAGEMENT,MAINTAIN_FLOW
1775711037.2865155,131,80.42,200.00,0.25,ACTIVE,NONE,NORMAL,LIKELY_ACTIVE,HIGH_ENGAGEMENT,MAINTAIN_FLOW
1775711037.3017547,130,80.47,200.00,0.25,ACTIVE,NONE,NORMAL,LIKELY_ACTIVE,HIGH_ENGAGEMENT,MAINTAIN_FLOW
1775711037.3183377,129,80.52,200.00,0.24,ACTIVE,NONE,NORMAL,LIKELY_ACTIVE,HIGH_ENGAGEMENT,MAINTAIN_FLOW
1775711037.3337607,125,80.57,200.00,0.22,ACTIVE,NONE,NORMAL,LIKELY_ACTIVE,HIGH_ENGAGEMENT,MAINTAIN_FLOW
1775711037.3497932,123,80.61,200.00,0.21,ACTIVE,NONE,NORMAL,LIKELY_ACTIVE,HIGH_ENGAGEMENT,MAINTAIN_FLOW
1775711037.3660226,115,80.64,200.00,0.17,ACTIVE,NONE,NORMAL,LIKELY_ACTIVE,HIGH_ENGAGEMENT,MAINTAIN_FLOW
1775711037.3821495,117,80.68,200.00,0.18,ACTIVE,NONE,NORMAL,LIKELY_ACTIVE,HIGH_ENGAGEMENT,MAINTAIN_FLOW
1775711037.3977668,113,80.71,200.00,0.16,ACTIVE,NONE,NORMAL,LIKELY_ACTIVE,HIGH_ENGAGEMENT,MAINTAIN_FLOW
1775711037.4142134,106,80.74,200.00,0.13,ACTIVE,NONE,NORMAL,LIKELY_ACTIVE,HIGH_ENGAGEMENT,MAINTAIN_FLOW
1775711037.430334,103,80.76,200.00,0.11,ACTIVE,NONE,NORMAL,LIKELY_ACTIVE,HIGH_ENGAGEMENT,MAINTAIN_FLOW
1775711037.4467869,100,80.78,200.00,0.10,ACTIVE,NONE,NORMAL,LIKELY_ACTIVE,HIGH_ENGAGEMENT,MAINTAIN_FLOW
1775711037.46299,93,80.79,200.00,0.06,ACTIVE,NONE,NORMAL,LIKELY_ACTIVE,HIGH_ENGAGEMENT,MAINTAIN_FLOW
1775711037.478862,90,80.80,200.00,0.05,ACTIVE,NONE,NORMAL,LIKELY_ACTIVE,HIGH_ENGAGEMENT,MAINTAIN_FLOW
1775711037.4946263,90,80.81,200.00,0.05,ACTIVE,NONE,NORMAL,LIKELY_ACTIVE,HIGH_ENGAGEMENT,MAINTAIN_FLOW
1775711037.5103252,89,80.82,200.00,0.04,ACTIVE,NONE,NORMAL,LIKELY_ACTIVE,HIGH_ENGAGEMENT,MAINTAIN_FLOW
1775711037.5263848,83,80.82,200.00,0.01,ACTIVE,NONE,NORMAL,LIKELY_ACTIVE,HIGH_ENGAGEMENT,MAINTAIN_FLOW
1775711037.542233,75,80.81,200.00,-0.03,ACTIVE,NONE,NORMAL,LIKELY_ACTIVE,HIGH_ENGAGEMENT,MAINTAIN_FLOW
1775711037.5584903,68,80.80,200.00,-0.06,ACTIVE,NONE,NORMAL,LIKELY_ACTIVE,HIGH_ENGAGEMENT,MAINTAIN_FLOW
1775711037.574522,65,80.78,200.00,-0.08,ACTIVE,NONE,NORMAL,LIKELY_ACTIVE,HIGH_ENGAGEMENT,MAINTAIN_FLOW
1775711037.5905342,62,80.77,200.00,-0.09,ACTIVE,NONE,NORMAL,LIKELY_ACTIVE,HIGH_ENGAGEMENT,MAINTAIN_FLOW
1775711037.6065042,66,80.75,200.00,-0.07,ACTIVE,NONE,NORMAL,LIKELY_ACTIVE,HIGH_ENGAGEMENT,MAINTAIN_FLOW
1775711037.622518,73,80.74,200.00,-0.04,ACTIVE,NONE,NORMAL,LIKELY_ACTIVE,HIGH_ENGAGEMENT,MAINTAIN_FLOW
1775711037.6379874,79,80.74,200.00,-0.01,ACTIVE,NONE,NORMAL,LIKELY_ACTIVE,HIGH_ENGAGEMENT,MAINTAIN_FLOW
1775711037.654262,82,80.74,200.00,0.01,ACTIVE,NONE,NORMAL,LIKELY_ACTIVE,HIGH_ENGAGEMENT,MAINTAIN_FLOW
1775711037.6701427,85,80.75,200.00,0.02,ACTIVE,NONE,NORMAL,LIKELY_ACTIVE,HIGH_ENGAGEMENT,MAINTAIN_FLOW
1775711037.6864367,88,80.75,200.00,0.04,ACTIVE,NONE,NORMAL,LIKELY_ACTIVE,HIGH_ENGAGEMENT,MAINTAIN_FLOW
1775711037.702175,84,80.76,200.00,0.02,ACTIVE,NONE,NORMAL,LIKELY_ACTIVE,HIGH_ENGAGEMENT,MAINTAIN_FLOW
1775711037.7181296,79,80.76,200.00,-0.01,ACTIVE,NONE,NORMAL,LIKELY_ACTIVE,HIGH_ENGAGEMENT,MAINTAIN_FLOW
1775711037.7338743,72,80.75,200.00,-0.04,ACTIVE,NONE,NORMAL,LIKELY_ACTIVE,HIGH_ENGAGEMENT,MAINTAIN_FLOW
1775711037.7500114,66,80.73,200.00,-0.07,ACTIVE,NONE,NORMAL,LIKELY_ACTIVE,HIGH_ENGAGEMENT,MAINTAIN_FLOW
1775711037.766282,59,80.71,200.00,-0.11,ACTIVE,NONE,NORMAL,LIKELY_ACTIVE,HIGH_ENGAGEMENT,MAINTAIN_FLOW
1775711037.7816436,58,80.69,200.00,-0.11,ACTIVE,NONE,NORMAL,LIKELY_ACTIVE,HIGH_ENGAGEMENT,MAINTAIN_FLOW
1775711037.7979264,55,80.66,200.00,-0.13,ACTIVE,NONE,NORMAL,LIKELY_ACTIVE,HIGH_ENGAGEMENT,MAINTAIN_FLOW
1775711037.8138158,55,80.64,200.00,-0.13,ACTIVE,NONE,NORMAL,LIKELY_ACTIVE,HIGH_ENGAGEMENT,MAINTAIN_FLOW
1775711037.8300838,51,80.61,200.00,-0.15,ACTIVE,NONE,NORMAL,LIKELY_ACTIVE,HIGH_ENGAGEMENT,MAINTAIN_FLOW
1775711037.8464558,48,80.57,200.00,-0.16,ACTIVE,NONE,NORMAL,LIKELY_ACTIVE,HIGH_ENGAGEMENT,MAINTAIN_FLOW
1775711037.862556,48,80.54,200.00,-0.16,ACTIVE,NONE,NORMAL,LIKELY_ACTIVE,HIGH_ENGAGEMENT,MAINTAIN_FLOW
1775711037.8786595,46,80.51,200.00,-0.17,ACTIVE,NONE,NORMAL,LIKELY_ACTIVE,HIGH_ENGAGEMENT,MAINTAIN_FLOW
1775711037.8946748,45,80.47,200.00,-0.18,ACTIVE,NONE,NORMAL,LIKELY_ACTIVE,HIGH_ENGAGEMENT,MAINTAIN_FLOW
1775711037.9103148,41,80.43,200.00,-0.20,ACTIVE,NONE,NORMAL,LIKELY_ACTIVE,HIGH_ENGAGEMENT,MAINTAIN_FLOW
1775711037.9266322,39,80.39,200.00,-0.21,ACTIVE,NONE,NORMAL,LIKELY_ACTIVE,HIGH_ENGAGEMENT,MAINTAIN_FLOW
1775711037.9422066,35,80.35,200.00,-0.23,ACTIVE,NONE,NORMAL,LIKELY_ACTIVE,HIGH_ENGAGEMENT,MAINTAIN_FLOW
1775711037.95813,33,80.30,200.00,-0.24,ACTIVE,NONE,NORMAL,LIKELY_ACTIVE,HIGH_ENGAGEMENT,MAINTAIN_FLOW
1775711037.974403,30,80.25,200.00,-0.25,ACTIVE,NONE,NORMAL,LIKELY_ACTIVE,HIGH_ENGAGEMENT,MAINTAIN_FLOW
1775711037.9904766,31,80.20,200.00,-0.25,ACTIVE,NONE,NORMAL,LIKELY_ACTIVE,HIGH_ENGAGEMENT,MAINTAIN_FLOW
1775711038.0062568,29,80.15,200.00,-0.26,ACTIVE,NONE,NORMAL,LIKELY_ACTIVE,HIGH_ENGAGEMENT,MAINTAIN_FLOW
1775711038.0226338,28,80.10,200.00,-0.26,ACTIVE,NONE,NORMAL,LIKELY_ACTIVE,HIGH_ENGAGEMENT,MAINTAIN_FLOW
1775711038.0385242,29,80.04,200.00,-0.26,ACTIVE,NONE,NORMAL,LIKELY_ACTIVE,HIGH_ENGAGEMENT,MAINTAIN_FLOW
1775711038.0541632,29,79.99,200.00,-0.25,ACTIVE,NONE,NORMAL,LIKELY_ACTIVE,HIGH_ENGAGEMENT,MAINTAIN_FLOW
1775711038.070175,28,79.94,200.00,-0.26,ACTIVE,NONE,NORMAL,LIKELY_ACTIVE,HIGH_ENGAGEMENT,MAINTAIN_FLOW
1775711038.0871792,27,79.89,200.00,-0.26,MIXED,CHANGE,NORMAL,LIKELY_ACTIVE,HIGH_ENGAGEMENT,MAINTAIN_FLOW
1775711038.1017246,28,79.84,200.00,-0.26,MIXED,NONE,NORMAL,LIKELY_ACTIVE,HIGH_ENGAGEMENT,MAINTAIN_FLOW
1775711038.117736,25,79.78,200.00,-0.27,MIXED,NONE,NORMAL,LIKELY_ACTIVE,HIGH_ENGAGEMENT,MAINTAIN_FLOW
1775711038.1338165,23,79.72,200.00,-0.28,MIXED,NONE,NORMAL,LIKELY_ACTIVE,HIGH_ENGAGEMENT,MAINTAIN_FLOW
1775711038.1500545,23,79.67,200.00,-0.28,MIXED,NONE,NORMAL,LIKELY_ACTIVE,HIGH_ENGAGEMENT,MAINTAIN_FLOW
1775711038.1662555,25,79.61,200.00,-0.27,MIXED,NONE,NORMAL,LIKELY_ACTIVE,HIGH_ENGAGEMENT,MAINTAIN_FLOW
1775711038.1819584,24,79.56,200.00,-0.28,MIXED,NONE,NORMAL,LIKELY_ACTIVE,HIGH_ENGAGEMENT,MAINTAIN_FLOW
1775711038.1977847,25,79.50,200.00,-0.27,MIXED,NONE,NORMAL,LIKELY_ACTIVE,HIGH_ENGAGEMENT,MAINTAIN_FLOW
1775711038.2139916,26,79.45,200.00,-0.27,MIXED,NONE,NORMAL,STABLE,HIGH_ENGAGEMENT,MAINTAIN_FLOW
1775711038.2295861,28,79.40,200.00,-0.26,MIXED,NONE,NORMAL,STABLE,HIGH_ENGAGEMENT,MAINTAIN_FLOW
1775711038.2469037,27,79.35,200.00,-0.26,INACTIVE,DEACTIVATION,NORMAL,STABLE,NORMAL,NONE
1775711038.2617316,27,79.29,200.00,-0.26,INACTIVE,NONE,NORMAL,STABLE,NORMAL,NONE
1775711038.2776906,28,79.24,200.00,-0.26,INACTIVE,NONE,NORMAL,STABLE,NORMAL,NONE
1775711038.29369,27,79.19,200.00,-0.26,INACTIVE,NONE,NORMAL,STABLE,NORMAL,NONE
1775711038.3098514,25,79.14,200.00,-0.27,INACTIVE,NONE,NORMAL,STABLE,NORMAL,NONE
1775711038.3259668,26,79.08,200.00,-0.27,INACTIVE,NONE,NORMAL,STABLE,NORMAL,NONE
1775711038.341937,27,79.03,200.00,-0.26,INACTIVE,NONE,NORMAL,STABLE,NORMAL,NONE
1775711038.3575993,25,78.98,200.00,-0.27,INACTIVE,NONE,NORMAL,STABLE,NORMAL,NONE
1775711038.3737879,27,78.92,200.00,-0.26,INACTIVE,NONE,NORMAL,STABLE,NORMAL,NONE
1775711038.3898263,29,78.87,200.00,-0.25,INACTIVE,NONE,NORMAL,STABLE,NORMAL,NONE
1775711038.4055521,28,78.82,200.00,-0.25,INACTIVE,NONE,NORMAL,STABLE,NORMAL,NONE
1775711038.4215994,28,78.77,200.00,-0.25,INACTIVE,NONE,NORMAL,LIKELY_INACTIVE,NORMAL,NONE
1775711038.4376013,30,78.72,200.00,-0.24,INACTIVE,NONE,NORMAL,LIKELY_INACTIVE,NORMAL,NONE
1775711038.453505,30,78.68,200.00,-0.24,INACTIVE,NONE,NORMAL,LIKELY_INACTIVE,NORMAL,NONE
1775711038.4696836,27,78.62,200.00,-0.26,INACTIVE,NONE,NORMAL,LIKELY_INACTIVE,NORMAL,NONE
1775711038.4854481,28,78.57,200.00,-0.25,INACTIVE,NONE,NORMAL,LIKELY_INACTIVE,NORMAL,NONE
1775711038.5018718,29,78.52,200.00,-0.25,INACTIVE,NONE,NORMAL,LIKELY_INACTIVE,NORMAL,NONE
1775711038.5176022,27,78.47,200.00,-0.26,INACTIVE,NONE,NORMAL,LIKELY_INACTIVE,NORMAL,NONE
1775711038.5338275,27,78.42,200.00,-0.26,INACTIVE,NONE,NORMAL,LIKELY_INACTIVE,NORMAL,NONE
1775711038.54949,29,78.37,200.00,-0.25,INACTIVE,NONE,NORMAL,LIKELY_INACTIVE,NORMAL,NONE
1775711038.56563,28,78.32,200.00,-0.25,INACTIVE,NONE,NORMAL,LIKELY_INACTIVE,NORMAL,NONE
1775711038.5972538,27,78.27,200.00,-0.26,INACTIVE,NONE,NORMAL,LIKELY_INACTIVE,NORMAL,NONE
1775711038.6002796,28,78.22,200.00,-0.25,INACTIVE,NONE,NORMAL,LIKELY_INACTIVE,NORMAL,NONE
1775711038.6136274,26,78.17,200.00,-0.26,INACTIVE,NONE,NORMAL,LIKELY_INACTIVE,NORMAL,NONE
1775711038.6296945,25,78.11,200.00,-0.27,INACTIVE,NONE,NORMAL,LIKELY_INACTIVE,NORMAL,NONE
1775711038.6456106,24,78.06,200.00,-0.27,INACTIVE,NONE,NORMAL,LIKELY_INACTIVE,NORMAL,NONE
1775711038.6619306,24,78.01,200.00,-0.27,INACTIVE,NONE,NORMAL,LIKELY_INACTIVE,NORMAL,NONE
1775711038.6785614,23,77.95,200.00,-0.27,INACTIVE,NONE,NORMAL,LIKELY_INACTIVE,NORMAL,NONE
1775711038.694689,24,77.90,200.00,-0.27,INACTIVE,NONE,NORMAL,LIKELY_INACTIVE,NORMAL,NONE
1775711038.7108655,24,77.84,200.00,-0.27,INACTIVE,NONE,NORMAL,LIKELY_INACTIVE,NORMAL,NONE
1775711038.7266974,25,77.79,200.00,-0.26,INACTIVE,NONE,NORMAL,LIKELY_INACTIVE,NORMAL,NONE
1775711038.7425377,25,77.74,200.00,-0.26,INACTIVE,NONE,NORMAL,LIKELY_INACTIVE,NORMAL,NONE
1775711038.7589378,26,77.69,200.00,-0.26,INACTIVE,NONE,NORMAL,LIKELY_INACTIVE,NORMAL,NONE
1775711038.775136,27,77.63,200.00,-0.25,INACTIVE,NONE,NORMAL,LIKELY_INACTIVE,NORMAL,NONE
1775711038.7907662,28,77.58,200.00,-0.25,INACTIVE,NONE,NORMAL,LIKELY_INACTIVE,NORMAL,NONE
1775711038.8068368,28,77.54,200.00,-0.25,INACTIVE,NONE,NORMAL,LIKELY_INACTIVE,NORMAL,NONE
1775711038.8223503,29,77.49,200.00,-0.24,INACTIVE,NONE,NORMAL,LIKELY_INACTIVE,NORMAL,NONE
1775711038.8385067,31,77.44,200.00,-0.23,INACTIVE,NONE,NORMAL,LIKELY_INACTIVE,NORMAL,NONE
1775711038.8542466,29,77.39,200.00,-0.24,INACTIVE,NONE,NORMAL,LIKELY_INACTIVE,NORMAL,NONE
1775711038.8707626,29,77.34,200.00,-0.24,INACTIVE,NONE,NORMAL,LIKELY_INACTIVE,NORMAL,NONE
1775711038.8867652,29,77.30,200.00,-0.24,INACTIVE,NONE,NORMAL,LIKELY_INACTIVE,NORMAL,NONE
1775711038.9024935,29,77.25,200.00,-0.24,INACTIVE,NONE,NORMAL,LIKELY_INACTIVE,NORMAL,NONE
1775711038.9184744,26,77.20,200.00,-0.26,INACTIVE,NONE,NORMAL,LIKELY_INACTIVE,NORMAL,NONE
1775711038.933702,27,77.15,200.00,-0.25,INACTIVE,NONE,NORMAL,LIKELY_INACTIVE,NORMAL,NONE
1775711038.9502997,27,77.10,200.00,-0.25,INACTIVE,NONE,NORMAL,LIKELY_INACTIVE,NORMAL,NONE
1775711038.965924,27,77.05,200.00,-0.25,INACTIVE,NONE,NORMAL,LIKELY_INACTIVE,NORMAL,NONE
1775711038.9823735,25,76.99,200.00,-0.26,INACTIVE,NONE,NORMAL,LIKELY_INACTIVE,NORMAL,NONE
1775711038.9980197,25,76.94,200.00,-0.26,INACTIVE,NONE,NORMAL,LIKELY_INACTIVE,NORMAL,NONE
1775711039.0140982,23,76.89,200.00,-0.27,INACTIVE,NONE,NORMAL,LIKELY_INACTIVE,NORMAL,NONE
1775711039.0301006,23,76.83,200.00,-0.27,INACTIVE,NONE,NORMAL,LIKELY_INACTIVE,NORMAL,NONE
1775711039.0463817,22,76.78,200.00,-0.27,INACTIVE,NONE,NORMAL,LIKELY_INACTIVE,NORMAL,NONE
1775711039.0621383,24,76.73,200.00,-0.26,INACTIVE,NONE,NORMAL,LIKELY_INACTIVE,NORMAL,NONE
1775711039.0784602,25,76.67,200.00,-0.26,INACTIVE,NONE,NORMAL,LIKELY_INACTIVE,NORMAL,NONE
1775711039.0944867,26,76.62,200.00,-0.25,INACTIVE,NONE,NORMAL,LIKELY_INACTIVE,NORMAL,NONE
1775711039.1105676,27,76.57,200.00,-0.25,INACTIVE,NONE,NORMAL,LIKELY_INACTIVE,NORMAL,NONE
1775711039.1263185,32,76.53,200.00,-0.22,INACTIVE,NONE,NORMAL,LIKELY_INACTIVE,NORMAL,NONE
1775711039.142281,32,76.48,200.00,-0.22,INACTIVE,NONE,NORMAL,LIKELY_INACTIVE,NORMAL,NONE
1775711039.157884,33,76.44,200.00,-0.22,INACTIVE,NONE,NORMAL,LIKELY_INACTIVE,NORMAL,NONE
1775711039.1739478,36,76.40,200.00,-0.20,INACTIVE,NONE,NORMAL,LIKELY_INACTIVE,NORMAL,NONE
1775711039.1901672,34,76.36,200.00,-0.21,INACTIVE,NONE,NORMAL,LIKELY_INACTIVE,NORMAL,NONE
1775711039.2068503,30,76.31,200.00,-0.23,INACTIVE,NONE,NORMAL,LIKELY_INACTIVE,NORMAL,NONE
1775711039.2218134,30,76.27,200.00,-0.23,INACTIVE,NONE,NORMAL,LIKELY_INACTIVE,NORMAL,NONE
1775711039.2385285,28,76.22,200.00,-0.24,INACTIVE,NONE,NORMAL,LIKELY_INACTIVE,NORMAL,NONE
1775711039.2538342,25,76.17,200.00,-0.26,INACTIVE,NONE,NORMAL,LIKELY_INACTIVE,NORMAL,NONE
1775711039.269746,27,76.12,200.00,-0.25,INACTIVE,NONE,NORMAL,LIKELY_INACTIVE,NORMAL,NONE
1775711039.2862995,27,76.07,200.00,-0.25,INACTIVE,NONE,NORMAL,LIKELY_INACTIVE,NORMAL,NONE
1775711039.3022902,25,76.02,200.00,-0.26,INACTIVE,NONE,NORMAL,LIKELY_INACTIVE,NORMAL,NONE
1775711039.3184476,25,75.97,200.00,-0.25,INACTIVE,NONE,NORMAL,LIKELY_INACTIVE,NORMAL,NONE
1775711039.3336473,25,75.91,200.00,-0.25,INACTIVE,NONE,NORMAL,LIKELY_INACTIVE,NORMAL,NONE
1775711039.349555,24,75.86,200.00,-0.26,INACTIVE,NONE,NORMAL,LIKELY_INACTIVE,NORMAL,NONE
1775711039.3662055,22,75.81,200.00,-0.27,INACTIVE,NONE,NORMAL,LIKELY_INACTIVE,NORMAL,NONE
1775711039.3820488,22,75.76,200.00,-0.27,INACTIVE,NONE,NORMAL,LIKELY_INACTIVE,NORMAL,NONE
1775711039.3979158,23,75.70,200.00,-0.26,INACTIVE,NONE,NORMAL,LIKELY_INACTIVE,NORMAL,NONE
1775711039.414157,23,75.65,200.00,-0.26,INACTIVE,NONE,NORMAL,LIKELY_INACTIVE,NORMAL,NONE
1775711039.4299567,23,75.60,200.00,-0.26,INACTIVE,NONE,NORMAL,LIKELY_INACTIVE,NORMAL,NONE
1775711039.4461532,25,75.55,200.00,-0.25,INACTIVE,NONE,NORMAL,LIKELY_INACTIVE,NORMAL,NONE
1775711039.462616,26,75.50,200.00,-0.25,INACTIVE,NONE,NORMAL,LIKELY_INACTIVE,NORMAL,NONE
1775711039.4782193,25,75.45,200.00,-0.25,INACTIVE,NONE,NORMAL,LIKELY_INACTIVE,NORMAL,NONE
1775711039.4943995,26,75.40,200.00,-0.25,INACTIVE,NONE,NORMAL,LIKELY_INACTIVE,NORMAL,NONE
1775711039.5105205,28,75.35,200.00,-0.24,INACTIVE,NONE,NORMAL,LIKELY_INACTIVE,NORMAL,NONE
1775711039.526427,28,75.30,200.00,-0.24,INACTIVE,NONE,NORMAL,LIKELY_INACTIVE,NORMAL,NONE
1775711039.5425074,29,75.26,200.00,-0.23,INACTIVE,NONE,NORMAL,LIKELY_INACTIVE,NORMAL,NONE
1775711039.5583017,31,75.21,200.00,-0.22,INACTIVE,NONE,NORMAL,LIKELY_INACTIVE,NORMAL,NONE
1775711039.5743058,30,75.17,200.00,-0.23,INACTIVE,NONE,NORMAL,LIKELY_INACTIVE,NORMAL,NONE
1775711039.5905538,29,75.12,200.00,-0.23,INACTIVE,NONE,NORMAL,LIKELY_INACTIVE,NORMAL,NONE
1775711039.6065445,29,75.07,200.00,-0.23,INACTIVE,NONE,NORMAL,LIKELY_INACTIVE,NORMAL,NONE
1775711039.6222122,28,75.03,200.00,-0.24,INACTIVE,NONE,NORMAL,LIKELY_INACTIVE,NORMAL,NONE
1775711039.6380033,27,74.98,200.00,-0.24,INACTIVE,NONE,NORMAL,LIKELY_INACTIVE,NORMAL,NONE
1775711039.6538641,28,74.93,200.00,-0.23,INACTIVE,NONE,NORMAL,LIKELY_INACTIVE,NORMAL,NONE
1775711039.6695218,28,74.89,200.00,-0.23,INACTIVE,NONE,NORMAL,LIKELY_INACTIVE,NORMAL,NONE
1775711039.6854482,29,74.84,200.00,-0.23,INACTIVE,NONE,NORMAL,LIKELY_INACTIVE,NORMAL,NONE
1775711039.7012815,29,74.79,200.00,-0.23,INACTIVE,NONE,NORMAL,LIKELY_INACTIVE,NORMAL,NONE
1775711039.7172813,29,74.75,200.00,-0.23,INACTIVE,NONE,NORMAL,LIKELY_INACTIVE,NORMAL,NONE
1775711039.7331853,28,74.70,200.00,-0.23,INACTIVE,NONE,NORMAL,LIKELY_INACTIVE,NORMAL,NONE
1775711039.7494192,27,74.65,200.00,-0.24,INACTIVE,NONE,NORMAL,LIKELY_INACTIVE,NORMAL,NONE
1775711039.765422,25,74.60,200.00,-0.25,INACTIVE,NONE,NORMAL,LIKELY_INACTIVE,NORMAL,NONE
1775711039.7814555,26,74.55,200.00,-0.24,INACTIVE,NONE,NORMAL,LIKELY_INACTIVE,NORMAL,NONE
1775711039.797935,27,74.51,200.00,-0.24,INACTIVE,NONE,NORMAL,LIKELY_INACTIVE,NORMAL,NONE
1775711039.8138118,31,74.46,200.00,-0.22,INACTIVE,NONE,NORMAL,LIKELY_INACTIVE,NORMAL,NONE
1775711039.830151,30,74.42,200.00,-0.22,INACTIVE,NONE,NORMAL,LIKELY_INACTIVE,NORMAL,NONE
1775711039.846361,31,74.38,200.00,-0.22,INACTIVE,NONE,NORMAL,LIKELY_INACTIVE,NORMAL,NONE
1775711039.8616464,30,74.33,200.00,-0.22,INACTIVE,NONE,NORMAL,LIKELY_INACTIVE,NORMAL,NONE
1775711039.8781898,29,74.29,200.00,-0.23,INACTIVE,NONE,NORMAL,LIKELY_INACTIVE,NORMAL,NONE
1775711039.894662,29,74.24,200.00,-0.23,INACTIVE,NONE,NORMAL,LIKELY_INACTIVE,NORMAL,NONE
1775711039.9105523,30,74.20,200.00,-0.22,INACTIVE,NONE,NORMAL,LIKELY_INACTIVE,NORMAL,NONE
1775711039.9262478,32,74.15,200.00,-0.21,INACTIVE,NONE,NORMAL,LIKELY_INACTIVE,NORMAL,NONE
1775711039.942333,34,74.11,200.00,-0.20,INACTIVE,NONE,NORMAL,LIKELY_INACTIVE,NORMAL,NONE
1775711039.958386,32,74.07,200.00,-0.21,INACTIVE,NONE,NORMAL,LIKELY_INACTIVE,NORMAL,NONE
1775711039.9742692,30,74.03,200.00,-0.22,INACTIVE,NONE,NORMAL,LIKELY_INACTIVE,NORMAL,NONE
1775711039.990434,31,73.99,200.00,-0.21,INACTIVE,NONE,NORMAL,LIKELY_INACTIVE,NORMAL,NONE
1775711040.0055218,35,73.95,200.00,-0.19,INACTIVE,NONE,NORMAL,LIKELY_INACTIVE,NORMAL,NONE
1775711040.0219495,37,73.91,200.00,-0.18,INACTIVE,NONE,NORMAL,LIKELY_INACTIVE,NORMAL,NONE
1775711040.0374942,43,73.88,200.00,-0.15,INACTIVE,NONE,NORMAL,LIKELY_INACTIVE,NORMAL,NONE
1775711040.0537076,44,73.85,200.00,-0.15,INACTIVE,NONE,NORMAL,LIKELY_INACTIVE,NORMAL,NONE
1775711040.069672,48,73.82,200.00,-0.13,INACTIVE,NONE,NORMAL,LIKELY_INACTIVE,NORMAL,NONE
1775711040.0854661,45,73.79,200.00,-0.14,INACTIVE,NONE,NORMAL,LIKELY_INACTIVE,NORMAL,NONE
1775711040.1012838,41,73.76,200.00,-0.16,INACTIVE,NONE,NORMAL,LIKELY_INACTIVE,NORMAL,NONE
1775711040.1174479,38,73.73,200.00,-0.18,INACTIVE,NONE,NORMAL,LIKELY_INACTIVE,NORMAL,NONE
1775711040.133893,40,73.69,200.00,-0.17,INACTIVE,NONE,NORMAL,LIKELY_INACTIVE,NORMAL,NONE
1775711040.1502843,35,73.65,200.00,-0.19,INACTIVE,NONE,NORMAL,LIKELY_INACTIVE,NORMAL,NONE
1775711040.1658263,33,73.61,200.00,-0.20,INACTIVE,NONE,NORMAL,LIKELY_INACTIVE,NORMAL,NONE
1775711040.1819427,32,73.57,200.00,-0.21,INACTIVE,NONE,NORMAL,LIKELY_INACTIVE,NORMAL,NONE
1775711040.1979012,30,73.53,200.00,-0.22,INACTIVE,NONE,NORMAL,LIKELY_INACTIVE,NORMAL,NONE
1775711040.2143946,29,73.48,200.00,-0.22,INACTIVE,NONE,NORMAL,LIKELY_INACTIVE,NORMAL,NONE
1775711040.230313,28,73.44,200.00,-0.23,INACTIVE,NONE,NORMAL,LIKELY_INACTIVE,NORMAL,NONE
1775711040.2457259,29,73.39,200.00,-0.22,INACTIVE,NONE,NORMAL,LIKELY_INACTIVE,NORMAL,NONE
1775711040.2623332,29,73.35,200.00,-0.22,INACTIVE,NONE,NORMAL,LIKELY_INACTIVE,NORMAL,NONE
1775711040.278021,30,73.30,200.00,-0.22,INACTIVE,NONE,NORMAL,LIKELY_INACTIVE,NORMAL,NONE
1775711040.2935998,29,73.26,200.00,-0.22,INACTIVE,NONE,NORMAL,LIKELY_INACTIVE,NORMAL,NONE
1775711040.3102226,29,73.22,200.00,-0.22,INACTIVE,NONE,NORMAL,LIKELY_INACTIVE,NORMAL,NONE
1775711040.3263237,28,73.17,200.00,-0.23,INACTIVE,NONE,NORMAL,LIKELY_INACTIVE,NORMAL,NONE
1775711040.3422637,28,73.13,200.00,-0.23,INACTIVE,NONE,NORMAL,LIKELY_INACTIVE,NORMAL,NONE
1775711040.3583214,25,73.08,200.00,-0.24,INACTIVE,NONE,NORMAL,LIKELY_INACTIVE,NORMAL,NONE
1775711040.374225,27,73.03,200.00,-0.23,INACTIVE,NONE,NORMAL,LIKELY_INACTIVE,NORMAL,NONE
1775711040.3899412,26,72.98,200.00,-0.23,INACTIVE,NONE,NORMAL,LIKELY_INACTIVE,NORMAL,NONE
1775711040.4060607,25,72.94,200.00,-0.24,INACTIVE,NONE,NORMAL,LIKELY_INACTIVE,NORMAL,NONE
1775711040.4216235,26,72.89,200.00,-0.23,INACTIVE,NONE,NORMAL,LIKELY_INACTIVE,NORMAL,NONE
1775711040.4378917,27,72.84,200.00,-0.23,INACTIVE,NONE,NORMAL,LIKELY_INACTIVE,NORMAL,NONE
1775711040.4538734,26,72.80,200.00,-0.23,INACTIVE,NONE,NORMAL,LIKELY_INACTIVE,NORMAL,NONE
1775711040.4697404,29,72.75,200.00,-0.22,INACTIVE,NONE,NORMAL,LIKELY_INACTIVE,NORMAL,NONE
1775711040.486213,29,72.71,200.00,-0.22,INACTIVE,NONE,NORMAL,LIKELY_INACTIVE,NORMAL,NONE
1775711040.5023007,27,72.66,200.00,-0.23,INACTIVE,NONE,NORMAL,LIKELY_INACTIVE,NORMAL,NONE
1775711040.5176768,26,72.62,200.00,-0.23,INACTIVE,NONE,NORMAL,LIKELY_INACTIVE,NORMAL,NONE
1775711040.5343144,26,72.57,200.00,-0.23,INACTIVE,NONE,NORMAL,LIKELY_INACTIVE,NORMAL,NONE
1775711040.5501924,24,72.52,200.00,-0.24,INACTIVE,NONE,NORMAL,LIKELY_INACTIVE,NORMAL,NONE
1775711040.566037,25,72.47,200.00,-0.24,INACTIVE,NONE,NORMAL,LIKELY_INACTIVE,NORMAL,NONE
1775711040.582041,26,72.43,200.00,-0.23,INACTIVE,NONE,NORMAL,LIKELY_INACTIVE,NORMAL,NONE
1775711040.5979805,27,72.38,200.00,-0.23,INACTIVE,NONE,NORMAL,LIKELY_INACTIVE,NORMAL,NONE
1775711040.6139266,28,72.34,200.00,-0.22,INACTIVE,NONE,NORMAL,LIKELY_INACTIVE,NORMAL,NONE
1775711040.6298778,29,72.29,200.00,-0.22,INACTIVE,NONE,NORMAL,LIKELY_INACTIVE,NORMAL,NONE
1775711040.645835,31,72.25,200.00,-0.21,INACTIVE,NONE,NORMAL,LIKELY_INACTIVE,NORMAL,NONE
1775711040.6623147,30,72.21,200.00,-0.21,INACTIVE,NONE,NORMAL,LIKELY_INACTIVE,NORMAL,NONE
1775711040.677588,29,72.17,200.00,-0.22,INACTIVE,NONE,NORMAL,LIKELY_INACTIVE,NORMAL,NONE
1775711040.6934633,28,72.12,200.00,-0.22,INACTIVE,NONE,NORMAL,LIKELY_INACTIVE,NORMAL,NONE
1775711040.7094662,30,72.08,200.00,-0.21,INACTIVE,NONE,NORMAL,LIKELY_INACTIVE,NORMAL,NONE
1775711040.7263157,29,72.04,200.00,-0.22,INACTIVE,NONE,NORMAL,LIKELY_INACTIVE,NORMAL,NONE
1775711040.7414384,30,72.00,200.00,-0.21,INACTIVE,NONE,NORMAL,LIKELY_INACTIVE,NORMAL,NONE
1775711040.7575555,31,71.96,200.00,-0.20,INACTIVE,NONE,NORMAL,LIKELY_INACTIVE,NORMAL,NONE
1775711040.773865,35,71.92,200.00,-0.18,INACTIVE,NONE,NORMAL,LIKELY_INACTIVE,NORMAL,NONE
1775711040.7894883,32,71.88,200.00,-0.20,INACTIVE,NONE,NORMAL,LIKELY_INACTIVE,NORMAL,NONE
1775711040.8056664,32,71.84,200.00,-0.20,INACTIVE,NONE,NORMAL,LIKELY_INACTIVE,NORMAL,NONE
1775711040.821774,33,71.80,200.00,-0.19,INACTIVE,NONE,NORMAL,LIKELY_INACTIVE,NORMAL,NONE
1775711040.8376055,35,71.76,200.00,-0.18,INACTIVE,NONE,NORMAL,LIKELY_INACTIVE,NORMAL,NONE
1775711040.8539693,37,71.73,200.00,-0.17,INACTIVE,NONE,NORMAL,LIKELY_INACTIVE,NORMAL,NONE
1775711040.8698237,40,71.70,200.00,-0.16,INACTIVE,NONE,NORMAL,LIKELY_INACTIVE,NORMAL,NONE
1775711040.885828,42,71.67,200.00,-0.15,INACTIVE,NONE,NORMAL,LIKELY_INACTIVE,NORMAL,NONE
1775711040.9014468,75,71.67,200.00,0.02,INACTIVE,NONE,NORMAL,LIKELY_INACTIVE,NORMAL,NONE
1775711040.917628,91,71.69,200.00,0.10,INACTIVE,NONE,NORMAL,LIKELY_INACTIVE,NORMAL,NONE
1775711040.9334936,87,71.70,200.00,0.08,INACTIVE,NONE,NORMAL,LIKELY_INACTIVE,NORMAL,NONE
1775711040.9494145,88,71.72,200.00,0.08,INACTIVE,NONE,NORMAL,LIKELY_INACTIVE,NORMAL,NONE
1775711040.9659498,85,71.73,200.00,0.07,INACTIVE,NONE,NORMAL,LIKELY_INACTIVE,NORMAL,NONE
1775711040.9816463,58,71.72,200.00,-0.07,INACTIVE,NONE,NORMAL,LIKELY_INACTIVE,NORMAL,NONE
1775711040.997203,57,71.71,200.00,-0.07,INACTIVE,NONE,NORMAL,LIKELY_INACTIVE,NORMAL,NONE
1775711041.013721,69,71.70,200.00,-0.01,INACTIVE,NONE,NORMAL,LIKELY_INACTIVE,NORMAL,NONE
1775711041.0296237,72,71.70,200.00,0.00,INACTIVE,NONE,NORMAL,LIKELY_INACTIVE,NORMAL,NONE
1775711041.0452347,80,71.71,200.00,0.04,INACTIVE,NONE,NORMAL,LIKELY_INACTIVE,NORMAL,NONE
1775711041.0616758,74,71.71,200.00,0.01,INACTIVE,NONE,NORMAL,LIKELY_INACTIVE,NORMAL,NONE
1775711041.0775824,56,71.70,200.00,-0.08,INACTIVE,NONE,NORMAL,LIKELY_INACTIVE,NORMAL,NONE
1775711041.0935946,41,71.67,200.00,-0.15,INACTIVE,NONE,NORMAL,LIKELY_INACTIVE,NORMAL,NONE
1775711041.109591,38,71.63,200.00,-0.17,INACTIVE,NONE,NORMAL,LIKELY_INACTIVE,NORMAL,NONE
1775711041.1255043,43,71.61,200.00,-0.14,INACTIVE,NONE,NORMAL,LIKELY_INACTIVE,NORMAL,NONE
1775711041.1413183,43,71.58,200.00,-0.14,INACTIVE,NONE,NORMAL,LIKELY_INACTIVE,NORMAL,NONE
1775711041.1577797,52,71.56,200.00,-0.10,INACTIVE,NONE,NORMAL,LIKELY_INACTIVE,NORMAL,NONE
1775711041.173715,67,71.55,200.00,-0.02,INACTIVE,NONE,NORMAL,LIKELY_INACTIVE,NORMAL,NONE
1775711041.1895757,119,71.60,200.00,0.24,INACTIVE,NONE,NORMAL,LIKELY_INACTIVE,NORMAL,NONE
1775711041.205286,137,71.67,200.00,0.33,INACTIVE,NONE,NORMAL,LIKELY_INACTIVE,NORMAL,NONE
1775711041.2214417,148,71.74,200.00,0.38,INACTIVE,NONE,NORMAL,LIKELY_INACTIVE,NORMAL,NONE
1775711041.2371938,154,71.82,200.00,0.41,INACTIVE,NONE,NORMAL,LIKELY_INACTIVE,NORMAL,NONE
1775711041.2531993,189,71.94,200.00,0.59,INACTIVE,NONE,NORMAL,LIKELY_INACTIVE,NORMAL,NONE
1775711041.2692676,183,72.05,200.00,0.55,INACTIVE,NONE,NORMAL,LIKELY_INACTIVE,NORMAL,NONE
1775711041.285404,175,72.16,200.00,0.51,INACTIVE,NONE,NORMAL,LIKELY_INACTIVE,NORMAL,NONE
1775711041.3015826,230,72.31,200.00,0.79,INACTIVE,NONE,NORMAL,LIKELY_INACTIVE,NORMAL,NONE
1775711041.3172817,266,72.51,200.00,0.97,INACTIVE,NONE,NORMAL,LIKELY_INACTIVE,NORMAL,NONE
1775711041.3335898,289,72.51,200.00,1.08,INACTIVE,NONE,NORMAL,LIKELY_INACTIVE,NORMAL,NONE
1775711041.3494496,327,72.51,200.00,1.27,INACTIVE,NONE,NORMAL,LIKELY_INACTIVE,NORMAL,NONE
1775711041.3653054,425,72.51,200.00,1.76,INACTIVE,NONE,NORMAL,LIKELY_INACTIVE,NORMAL,NONE
1775711041.3813756,479,72.51,200.00,2.03,INACTIVE,NONE,NORMAL,LIKELY_INACTIVE,NORMAL,NONE
1775711041.3972738,559,72.51,200.00,2.43,INACTIVE,NONE,NORMAL,LIKELY_INACTIVE,NORMAL,NONE
1775711041.4135258,603,72.51,200.00,2.65,INACTIVE,NONE,NORMAL,LIKELY_INACTIVE,NORMAL,NONE
1775711041.4298213,632,72.51,200.00,2.80,INACTIVE,NONE,NORMAL,LIKELY_INACTIVE,NORMAL,NONE
1775711041.4454389,594,72.51,200.00,2.61,INACTIVE,NONE,NORMAL,LIKELY_INACTIVE,NORMAL,NONE
1775711041.4612648,538,72.51,200.00,2.33,INACTIVE,NONE,NORMAL,LIKELY_INACTIVE,NORMAL,NONE
1775711041.4774442,486,72.51,200.00,2.07,INACTIVE,NONE,NORMAL,LIKELY_INACTIVE,NORMAL,NONE
1775711041.4932716,447,72.51,200.00,1.87,INACTIVE,NONE,NORMAL,LIKELY_INACTIVE,NORMAL,NONE
1775711041.5090861,394,72.51,200.00,1.61,INACTIVE,NONE,NORMAL,LIKELY_INACTIVE,NORMAL,NONE
1775711041.5254743,378,72.51,200.00,1.53,INACTIVE,NONE,NORMAL,LIKELY_INACTIVE,NORMAL,NONE
1775711041.5414598,344,72.51,200.00,1.36,INACTIVE,NONE,NORMAL,LIKELY_INACTIVE,NORMAL,NONE
1775711041.5572975,283,72.51,200.00,1.05,INACTIVE,NONE,NORMAL,LIKELY_INACTIVE,NORMAL,NONE
1775711041.5732014,238,72.67,200.00,0.83,INACTIVE,NONE,NORMAL,LIKELY_INACTIVE,NORMAL,NONE
1775711041.589281,178,72.78,200.00,0.53,INACTIVE,NONE,NORMAL,LIKELY_INACTIVE,NORMAL,NONE
1775711041.6052918,152,72.86,200.00,0.40,INACTIVE,NONE,NORMAL,LIKELY_INACTIVE,NORMAL,NONE
1775711041.6212878,139,72.92,200.00,0.33,INACTIVE,NONE,NORMAL,LIKELY_INACTIVE,NORMAL,NONE
1775711041.6375537,134,72.98,200.00,0.31,INACTIVE,NONE,NORMAL,LIKELY_INACTIVE,NORMAL,NONE
1775711041.6534188,154,73.07,200.00,0.40,INACTIVE,NONE,NORMAL,LIKELY_INACTIVE,NORMAL,NONE
1775711041.6692767,159,73.15,200.00,0.43,INACTIVE,NONE,NORMAL,LIKELY_INACTIVE,NORMAL,NONE
1775711041.6852746,151,73.23,200.00,0.39,INACTIVE,NONE,NORMAL,LIKELY_INACTIVE,NORMAL,NONE
1775711041.7013345,151,73.31,200.00,0.39,INACTIVE,NONE,NORMAL,LIKELY_INACTIVE,NORMAL,NONE
1775711041.7180562,152,73.39,200.00,0.39,INACTIVE,NONE,NORMAL,LIKELY_INACTIVE,NORMAL,NONE
1775711041.7340555,111,73.42,200.00,0.19,INACTIVE,NONE,NORMAL,LIKELY_INACTIVE,NORMAL,NONE
1775711041.7495134,114,73.46,200.00,0.20,INACTIVE,NONE,NORMAL,LIKELY_INACTIVE,NORMAL,NONE
1775711041.765397,94,73.48,200.00,0.10,INACTIVE,NONE,NORMAL,LIKELY_INACTIVE,NORMAL,NONE
1775711041.781577,81,73.49,200.00,0.04,INACTIVE,NONE,NORMAL,LIKELY_INACTIVE,NORMAL,NONE
1775711041.797191,80,73.50,200.00,0.03,INACTIVE,NONE,NORMAL,LIKELY_INACTIVE,NORMAL,NONE
1775711041.8131227,77,73.50,200.00,0.02,INACTIVE,NONE,NORMAL,LIKELY_INACTIVE,NORMAL,NONE
1775711041.8298206,74,73.50,200.00,0.00,INACTIVE,NONE,NORMAL,LIKELY_INACTIVE,NORMAL,NONE
1775711041.8455298,69,73.50,200.00,-0.02,INACTIVE,NONE,NORMAL,LIKELY_INACTIVE,NORMAL,NONE
1775711041.8616405,62,73.49,200.00,-0.06,INACTIVE,NONE,NORMAL,LIKELY_INACTIVE,NORMAL,NONE
1775711041.8780456,49,73.46,200.00,-0.12,INACTIVE,NONE,NORMAL,LIKELY_INACTIVE,NORMAL,NONE
1775711041.8943517,53,73.44,200.00,-0.10,INACTIVE,NONE,NORMAL,LIKELY_INACTIVE,NORMAL,NONE
1775711041.9097302,61,73.43,200.00,-0.06,INACTIVE,NONE,NORMAL,LIKELY_INACTIVE,NORMAL,NONE
1775711041.92607,77,73.43,200.00,0.02,INACTIVE,NONE,NORMAL,LIKELY_INACTIVE,NORMAL,NONE
1775711041.9415627,109,73.47,200.00,0.18,INACTIVE,NONE,NORMAL,LIKELY_INACTIVE,NORMAL,NONE
1775711041.9578621,161,73.56,200.00,0.44,INACTIVE,NONE,NORMAL,LIKELY_INACTIVE,NORMAL,NONE
1775711041.9742794,178,73.66,200.00,0.52,INACTIVE,NONE,NORMAL,LIKELY_INACTIVE,NORMAL,NONE
1775711041.990047,165,73.75,200.00,0.46,INACTIVE,NONE,NORMAL,LIKELY_INACTIVE,NORMAL,NONE
1775711042.0060759,160,73.84,200.00,0.43,INACTIVE,NONE,NORMAL,LIKELY_INACTIVE,NORMAL,NONE
1775711042.0216706,148,73.91,200.00,0.37,INACTIVE,NONE,NORMAL,LIKELY_INACTIVE,NORMAL,NONE
1775711042.037429,117,73.95,200.00,0.22,INACTIVE,NONE,NORMAL,LIKELY_INACTIVE,NORMAL,NONE
1775711042.0532281,111,73.99,200.00,0.19,INACTIVE,NONE,NORMAL,LIKELY_INACTIVE,NORMAL,NONE
1775711042.0693865,135,74.05,200.00,0.30,INACTIVE,NONE,NORMAL,LIKELY_INACTIVE,NORMAL,NONE
1775711042.0859146,135,74.11,200.00,0.30,INACTIVE,NONE,NORMAL,LIKELY_INACTIVE,NORMAL,NONE
1775711042.1021373,125,74.16,200.00,0.25,INACTIVE,NONE,NORMAL,LIKELY_INACTIVE,NORMAL,NONE
1775711042.1174393,106,74.20,200.00,0.16,INACTIVE,NONE,NORMAL,LIKELY_INACTIVE,NORMAL,NONE
1775711042.1335087,91,74.21,200.00,0.08,INACTIVE,NONE,NORMAL,LIKELY_INACTIVE,NORMAL,NONE
1775711042.1494906,71,74.21,200.00,-0.02,INACTIVE,NONE,NORMAL,LIKELY_INACTIVE,NORMAL,NONE
1775711042.1657465,69,74.20,200.00,-0.03,INACTIVE,NONE,NORMAL,LIKELY_INACTIVE,NORMAL,NONE
1775711042.181503,80,74.21,200.00,0.03,INACTIVE,NONE,NORMAL,LIKELY_INACTIVE,NORMAL,NONE
1775711042.197494,85,74.22,200.00,0.05,INACTIVE,NONE,NORMAL,LIKELY_INACTIVE,NORMAL,NONE
1775711042.2135239,81,74.23,200.00,0.03,INACTIVE,NONE,NORMAL,LIKELY_INACTIVE,NORMAL,NONE
1775711042.2297494,83,74.24,200.00,0.04,INACTIVE,NONE,NORMAL,LIKELY_INACTIVE,NORMAL,NONE
1775711042.2456996,72,74.23,200.00,-0.01,INACTIVE,NONE,NORMAL,LIKELY_INACTIVE,NORMAL,NONE
1775711042.2617445,60,74.22,200.00,-0.07,INACTIVE,NONE,NORMAL,LIKELY_INACTIVE,NORMAL,NONE
1775711042.277487,58,74.20,200.00,-0.08,INACTIVE,NONE,NORMAL,LIKELY_INACTIVE,NORMAL,NONE
1775711042.2937586,55,74.19,200.00,-0.10,INACTIVE,NONE,NORMAL,LIKELY_INACTIVE,NORMAL,NONE
1775711042.3101268,49,74.16,200.00,-0.13,INACTIVE,NONE,NORMAL,LIKELY_INACTIVE,NORMAL,NONE
1775711042.3269413,49,74.13,200.00,-0.13,INACTIVE,NONE,NORMAL,LIKELY_INACTIVE,NORMAL,NONE
1775711042.3422127,46,74.11,200.00,-0.14,INACTIVE,NONE,NORMAL,LIKELY_INACTIVE,NORMAL,NONE
1775711042.357869,47,74.08,200.00,-0.14,INACTIVE,NONE,NORMAL,LIKELY_INACTIVE,NORMAL,NONE
1775711042.3739927,45,74.05,200.00,-0.15,INACTIVE,NONE,NORMAL,LIKELY_INACTIVE,NORMAL,NONE
1775711042.3903563,42,74.02,200.00,-0.16,INACTIVE,NONE,NORMAL,LIKELY_INACTIVE,NORMAL,NONE
1775711042.4058993,33,73.98,200.00,-0.20,INACTIVE,NONE,NORMAL,LIKELY_INACTIVE,NORMAL,NONE
1775711042.4218721,26,73.93,200.00,-0.24,INACTIVE,NONE,NORMAL,LIKELY_INACTIVE,NORMAL,NONE
1775711042.438373,20,73.88,200.00,-0.27,INACTIVE,NONE,NORMAL,LIKELY_INACTIVE,NORMAL,NONE
1775711042.4538095,18,73.82,200.00,-0.28,INACTIVE,NONE,NORMAL,LIKELY_INACTIVE,NORMAL,NONE
1775711042.4703562,20,73.77,200.00,-0.27,INACTIVE,NONE,NORMAL,LIKELY_INACTIVE,NORMAL,NONE
1775711042.4860682,21,73.71,200.00,-0.26,INACTIVE,NONE,NORMAL,LIKELY_INACTIVE,NORMAL,NONE
1775711042.5017414,27,73.67,200.00,-0.23,INACTIVE,NONE,NORMAL,LIKELY_INACTIVE,NORMAL,NONE
1775711042.517791,40,73.63,200.00,-0.17,INACTIVE,NONE,NORMAL,LIKELY_INACTIVE,NORMAL,NONE
1775711042.5332654,49,73.61,200.00,-0.12,INACTIVE,NONE,NORMAL,LIKELY_INACTIVE,NORMAL,NONE
1775711042.5496159,61,73.60,200.00,-0.06,INACTIVE,NONE,NORMAL,LIKELY_INACTIVE,NORMAL,NONE
1775711042.5654466,70,73.59,200.00,-0.02,INACTIVE,NONE,NORMAL,LIKELY_INACTIVE,NORMAL,NONE
1775711042.581272,69,73.59,200.00,-0.02,INACTIVE,NONE,NORMAL,LIKELY_INACTIVE,NORMAL,NONE
1775711042.5972674,56,73.57,200.00,-0.09,INACTIVE,NONE,NORMAL,LIKELY_INACTIVE,NORMAL,NONE
1775711042.6136582,46,73.54,200.00,-0.14,INACTIVE,NONE,NORMAL,LIKELY_INACTIVE,NORMAL,NONE
1775711042.629824,39,73.51,200.00,-0.17,INACTIVE,NONE,NORMAL,LIKELY_INACTIVE,NORMAL,NONE
1775711042.6454945,41,73.48,200.00,-0.16,INACTIVE,NONE,NORMAL,LIKELY_INACTIVE,NORMAL,NONE
1775711042.6616356,59,73.46,200.00,-0.07,INACTIVE,NONE,NORMAL,LIKELY_INACTIVE,NORMAL,NONE
1775711042.6774988,75,73.46,200.00,0.01,INACTIVE,NONE,NORMAL,LIKELY_INACTIVE,NORMAL,NONE
1775711042.693591,104,73.49,200.00,0.15,INACTIVE,NONE,NORMAL,LIKELY_INACTIVE,NORMAL,NONE
1775711042.7099743,110,73.53,200.00,0.18,INACTIVE,NONE,NORMAL,LIKELY_INACTIVE,NORMAL,NONE
1775711042.728231,120,73.58,200.00,0.23,INACTIVE,NONE,NORMAL,LIKELY_INACTIVE,NORMAL,NONE
1775711042.7417727,108,73.61,200.00,0.17,INACTIVE,NONE,NORMAL,LIKELY_INACTIVE,NORMAL,NONE
1775711042.7576742,135,73.67,200.00,0.31,INACTIVE,NONE,NORMAL,LIKELY_INACTIVE,NORMAL,NONE
1775711042.7735286,122,73.72,200.00,0.24,INACTIVE,NONE,NORMAL,LIKELY_INACTIVE,NORMAL,NONE
1775711042.7893944,121,73.77,200.00,0.24,INACTIVE,NONE,NORMAL,LIKELY_INACTIVE,NORMAL,NONE
1775711042.8054857,101,73.79,200.00,0.14,INACTIVE,NONE,NORMAL,LIKELY_INACTIVE,NORMAL,NONE
1775711042.821291,90,73.81,200.00,0.08,INACTIVE,NONE,NORMAL,LIKELY_INACTIVE,NORMAL,NONE
1775711042.8374844,49,73.79,200.00,-0.12,INACTIVE,NONE,NORMAL,LIKELY_INACTIVE,NORMAL,NONE
1775711042.8532062,60,73.77,200.00,-0.07,INACTIVE,NONE,NORMAL,LIKELY_INACTIVE,NORMAL,NONE
1775711042.869274,56,73.75,200.00,-0.09,INACTIVE,NONE,NORMAL,LIKELY_INACTIVE,NORMAL,NONE
1775711042.8855689,54,73.73,200.00,-0.10,INACTIVE,NONE,NORMAL,LIKELY_INACTIVE,NORMAL,NONE
1775711042.9014332,55,73.72,200.00,-0.09,INACTIVE,NONE,NORMAL,LIKELY_INACTIVE,NORMAL,NONE
1775711042.917511,54,73.70,200.00,-0.10,INACTIVE,NONE,NORMAL,LIKELY_INACTIVE,NORMAL,NONE
1775711042.933704,31,73.65,200.00,-0.21,INACTIVE,NONE,NORMAL,LIKELY_INACTIVE,NORMAL,NONE
1775711042.949274,24,73.60,200.00,-0.25,INACTIVE,NONE,NORMAL,LIKELY_INACTIVE,NORMAL,NONE
1775711042.9655335,24,73.55,200.00,-0.25,INACTIVE,NONE,NORMAL,LIKELY_INACTIVE,NORMAL,NONE
1775711042.9813185,24,73.50,200.00,-0.25,INACTIVE,NONE,NORMAL,LIKELY_INACTIVE,NORMAL,NONE
1775711042.997588,23,73.45,200.00,-0.25,INACTIVE,NONE,NORMAL,LIKELY_INACTIVE,NORMAL,NONE
1775711043.013745,25,73.41,200.00,-0.24,INACTIVE,NONE,NORMAL,LIKELY_INACTIVE,NORMAL,NONE
1775711043.0298095,30,73.36,200.00,-0.22,INACTIVE,NONE,NORMAL,LIKELY_INACTIVE,NORMAL,NONE
1775711043.0455563,36,73.32,200.00,-0.19,INACTIVE,NONE,NORMAL,LIKELY_INACTIVE,NORMAL,NONE
1775711043.062024,40,73.29,200.00,-0.17,INACTIVE,NONE,NORMAL,LIKELY_INACTIVE,NORMAL,NONE
1775711043.07761,44,73.26,200.00,-0.15,INACTIVE,NONE,NORMAL,LIKELY_INACTIVE,NORMAL,NONE
1775711043.0934968,48,73.24,200.00,-0.13,INACTIVE,NONE,NORMAL,LIKELY_INACTIVE,NORMAL,NONE
1775711043.109787,52,73.22,200.00,-0.11,INACTIVE,NONE,NORMAL,LIKELY_INACTIVE,NORMAL,NONE
1775711043.1258469,49,73.19,200.00,-0.12,INACTIVE,NONE,NORMAL,LIKELY_INACTIVE,NORMAL,NONE
1775711043.1415887,46,73.16,200.00,-0.14,INACTIVE,NONE,NORMAL,LIKELY_INACTIVE,NORMAL,NONE
1775711043.157724,42,73.13,200.00,-0.16,INACTIVE,NONE,NORMAL,LIKELY_INACTIVE,NORMAL,NONE
1775711043.1736794,33,73.09,200.00,-0.20,INACTIVE,NONE,NORMAL,LIKELY_INACTIVE,NORMAL,NONE
1775711043.1896832,23,73.04,200.00,-0.25,INACTIVE,NONE,NORMAL,LIKELY_INACTIVE,NORMAL,NONE
1775711043.2050886,21,72.99,200.00,-0.26,INACTIVE,NONE,NORMAL,LIKELY_INACTIVE,NORMAL,NONE
1775711043.221479,20,72.94,200.00,-0.26,INACTIVE,NONE,NORMAL,LIKELY_INACTIVE,NORMAL,NONE
1775711043.2377987,22,72.89,200.00,-0.25,INACTIVE,NONE,NORMAL,LIKELY_INACTIVE,NORMAL,NONE
1775711043.253195,22,72.84,200.00,-0.25,INACTIVE,NONE,NORMAL,LIKELY_INACTIVE,NORMAL,NONE
1775711043.2695794,23,72.79,200.00,-0.25,INACTIVE,NONE,NORMAL,LIKELY_INACTIVE,NORMAL,NONE
1775711043.2855325,25,72.74,200.00,-0.24,INACTIVE,NONE,NORMAL,LIKELY_INACTIVE,NORMAL,NONE
1775711043.3012853,28,72.69,200.00,-0.22,INACTIVE,NONE,NORMAL,LIKELY_INACTIVE,NORMAL,NONE
1775711043.3177035,28,72.65,200.00,-0.22,INACTIVE,NONE,NORMAL,LIKELY_INACTIVE,NORMAL,NONE
1775711043.3333702,27,72.60,200.00,-0.23,INACTIVE,NONE,NORMAL,LIKELY_INACTIVE,NORMAL,NONE
1775711043.3497941,26,72.56,200.00,-0.23,INACTIVE,NONE,NORMAL,LIKELY_INACTIVE,NORMAL,NONE
1775711043.3652692,24,72.51,200.00,-0.24,INACTIVE,NONE,NORMAL,LIKELY_INACTIVE,NORMAL,NONE
1775711043.3814595,20,72.46,200.00,-0.26,INACTIVE,NONE,NORMAL,LIKELY_INACTIVE,NORMAL,NONE
1775711043.3978915,19,72.40,200.00,-0.27,INACTIVE,NONE,NORMAL,LIKELY_INACTIVE,NORMAL,NONE
1775711043.4136105,25,72.35,200.00,-0.24,INACTIVE,NONE,NORMAL,LIKELY_INACTIVE,NORMAL,NONE
1775711043.4296625,24,72.31,200.00,-0.24,INACTIVE,NONE,NORMAL,LIKELY_INACTIVE,NORMAL,NONE
1775711043.446014,27,72.26,200.00,-0.23,INACTIVE,NONE,NORMAL,LIKELY_INACTIVE,NORMAL,NONE
1775711043.4616435,40,72.23,200.00,-0.16,INACTIVE,NONE,NORMAL,LIKELY_INACTIVE,NORMAL,NONE
1775711043.4777582,50,72.21,200.00,-0.11,INACTIVE,NONE,NORMAL,LIKELY_INACTIVE,NORMAL,NONE
1775711043.4933069,48,72.18,200.00,-0.12,INACTIVE,NONE,NORMAL,LIKELY_INACTIVE,NORMAL,NONE
1775711043.5094953,53,72.16,200.00,-0.10,INACTIVE,NONE,NORMAL,LIKELY_INACTIVE,NORMAL,NONE
1775711043.5257635,57,72.15,200.00,-0.08,INACTIVE,NONE,NORMAL,LIKELY_INACTIVE,NORMAL,NONE
1775711043.5416496,62,72.14,200.00,-0.05,INACTIVE,NONE,NORMAL,LIKELY_INACTIVE,NORMAL,NONE
1775711043.5578492,62,72.13,200.00,-0.05,INACTIVE,NONE,NORMAL,LIKELY_INACTIVE,NORMAL,NONE
1775711043.5735984,72,72.13,200.00,-0.00,INACTIVE,NONE,NORMAL,LIKELY_INACTIVE,NORMAL,NONE
1775711043.5894563,80,72.14,200.00,0.04,INACTIVE,NONE,NORMAL,LIKELY_INACTIVE,NORMAL,NONE
1775711043.60507,77,72.14,200.00,0.02,INACTIVE,NONE,NORMAL,LIKELY_INACTIVE,NORMAL,NONE
1775711043.6216152,60,72.13,200.00,-0.06,INACTIVE,NONE,NORMAL,LIKELY_INACTIVE,NORMAL,NONE
1775711043.6374662,58,72.11,200.00,-0.07,INACTIVE,NONE,NORMAL,LIKELY_INACTIVE,NORMAL,NONE
1775711043.6537385,51,72.09,200.00,-0.11,INACTIVE,NONE,NORMAL,LIKELY_INACTIVE,NORMAL,NONE
1775711043.669459,42,72.06,200.00,-0.15,INACTIVE,NONE,NORMAL,LIKELY_INACTIVE,NORMAL,NONE
1775711043.685508,41,72.03,200.00,-0.16,INACTIVE,NONE,NORMAL,LIKELY_INACTIVE,NORMAL,NONE
1775711043.701293,39,72.00,200.00,-0.16,INACTIVE,NONE,NORMAL,LIKELY_INACTIVE,NORMAL,NONE
1775711043.7174473,31,71.96,200.00,-0.20,INACTIVE,NONE,NORMAL,LIKELY_INACTIVE,NORMAL,NONE
1775711043.733706,28,71.91,200.00,-0.22,INACTIVE,NONE,NORMAL,LIKELY_INACTIVE,NORMAL,NONE
1775711043.7495303,25,71.87,200.00,-0.23,INACTIVE,NONE,NORMAL,LIKELY_INACTIVE,NORMAL,NONE
1775711043.765126,23,71.82,200.00,-0.24,INACTIVE,NONE,NORMAL,LIKELY_INACTIVE,NORMAL,NONE
1775711043.78146,30,71.78,200.00,-0.21,INACTIVE,NONE,NORMAL,LIKELY_INACTIVE,NORMAL,NONE
1775711043.797483,41,71.75,200.00,-0.15,INACTIVE,NONE,NORMAL,LIKELY_INACTIVE,NORMAL,NONE
1775711043.8132784,42,71.72,200.00,-0.15,INACTIVE,NONE,NORMAL,LIKELY_INACTIVE,NORMAL,NONE
1775711043.8295689,45,71.69,200.00,-0.13,INACTIVE,NONE,NORMAL,LIKELY_INACTIVE,NORMAL,NONE
1775711043.8453956,47,71.66,200.00,-0.12,INACTIVE,NONE,NORMAL,LIKELY_INACTIVE,NORMAL,NONE
1775711043.8617804,45,71.64,200.00,-0.13,INACTIVE,NONE,NORMAL,LIKELY_INACTIVE,NORMAL,NONE
1775711043.8775017,43,71.61,200.00,-0.14,INACTIVE,NONE,NORMAL,LIKELY_INACTIVE,NORMAL,NONE
1775711043.893599,44,71.58,200.00,-0.14,INACTIVE,NONE,NORMAL,LIKELY_INACTIVE,NORMAL,NONE
1775711043.909807,42,71.55,200.00,-0.15,INACTIVE,NONE,NORMAL,LIKELY_INACTIVE,NORMAL,NONE
1775711043.9263637,40,71.52,200.00,-0.16,INACTIVE,NONE,NORMAL,LIKELY_INACTIVE,NORMAL,NONE
1775711043.9417577,36,71.48,200.00,-0.18,INACTIVE,NONE,NORMAL,LIKELY_INACTIVE,NORMAL,NONE
1775711043.95799,28,71.44,200.00,-0.22,INACTIVE,NONE,NORMAL,LIKELY_INACTIVE,NORMAL,NONE
1775711043.9739053,22,71.39,200.00,-0.25,INACTIVE,NONE,NORMAL,LIKELY_INACTIVE,NORMAL,NONE
1775711043.990674,20,71.34,200.00,-0.26,INACTIVE,NONE,NORMAL,LIKELY_INACTIVE,NORMAL,NONE
1775711044.0063007,22,71.29,200.00,-0.25,INACTIVE,NONE,NORMAL,LIKELY_INACTIVE,NORMAL,NONE
1775711044.0212145,22,71.24,200.00,-0.25,INACTIVE,NONE,NORMAL,LIKELY_INACTIVE,NORMAL,NONE
1775711044.0373135,26,71.20,200.00,-0.23,INACTIVE,NONE,NORMAL,LIKELY_INACTIVE,NORMAL,NONE
1775711044.0535555,29,71.15,200.00,-0.21,INACTIVE,NONE,NORMAL,LIKELY_INACTIVE,NORMAL,NONE
1775711044.0692585,28,71.11,200.00,-0.22,INACTIVE,NONE,NORMAL,LIKELY_INACTIVE,NORMAL,NONE
1775711044.0855265,26,71.07,200.00,-0.23,INACTIVE,NONE,NORMAL,LIKELY_INACTIVE,NORMAL,NONE
1775711044.1015158,28,71.02,200.00,-0.22,INACTIVE,NONE,NORMAL,LIKELY_INACTIVE,NORMAL,NONE
1775711044.1174145,24,70.98,200.00,-0.23,INACTIVE,NONE,NORMAL,LIKELY_INACTIVE,NORMAL,NONE
1775711044.1334481,21,70.93,200.00,-0.25,INACTIVE,NONE,NORMAL,LIKELY_INACTIVE,NORMAL,NONE
1775711044.1498854,20,70.88,200.00,-0.25,INACTIVE,NONE,NORMAL,LIKELY_INACTIVE,NORMAL,NONE
1775711044.1659281,21,70.83,200.00,-0.25,INACTIVE,NONE,NORMAL,LIKELY_INACTIVE,NORMAL,NONE
1775711044.1812963,18,70.77,200.00,-0.26,INACTIVE,NONE,NORMAL,LIKELY_INACTIVE,NORMAL,NONE
1775711044.1973002,17,70.72,200.00,-0.27,INACTIVE,NONE,NORMAL,LIKELY_INACTIVE,NORMAL,NONE
1775711044.2134297,16,70.66,200.00,-0.27,INACTIVE,NONE,NORMAL,LIKELY_INACTIVE,NORMAL,NONE
1775711044.229423,19,70.61,200.00,-0.26,INACTIVE,NONE,NORMAL,LIKELY_INACTIVE,NORMAL,NONE
1775711044.2455437,20,70.56,200.00,-0.25,INACTIVE,NONE,NORMAL,LIKELY_INACTIVE,NORMAL,NONE
1775711044.2613754,21,70.51,200.00,-0.25,INACTIVE,NONE,NORMAL,LIKELY_INACTIVE,NORMAL,NONE
1775711044.2775316,22,70.46,200.00,-0.24,INACTIVE,NONE,NORMAL,LIKELY_INACTIVE,NORMAL,NONE
1775711044.2934904,24,70.42,200.00,-0.23,INACTIVE,NONE,NORMAL,LIKELY_INACTIVE,NORMAL,NONE
1775711044.3095012,22,70.37,200.00,-0.24,INACTIVE,NONE,NORMAL,LIKELY_INACTIVE,NORMAL,NONE
1775711044.3256967,23,70.32,200.00,-0.24,INACTIVE,NONE,NORMAL,LIKELY_INACTIVE,NORMAL,NONE
1775711044.3413408,23,70.27,200.00,-0.24,INACTIVE,NONE,NORMAL,LIKELY_INACTIVE,NORMAL,NONE
1775711044.3581624,23,70.23,200.00,-0.24,INACTIVE,NONE,NORMAL,LIKELY_INACTIVE,NORMAL,NONE
1775711044.3735838,22,70.18,200.00,-0.24,INACTIVE,NONE,NORMAL,LIKELY_INACTIVE,NORMAL,NONE
1775711044.389234,22,70.13,200.00,-0.24,INACTIVE,NONE,NORMAL,LIKELY_INACTIVE,NORMAL,NONE
1775711044.4053037,20,70.08,200.00,-0.25,INACTIVE,NONE,NORMAL,LIKELY_INACTIVE,NORMAL,NONE
1775711044.4214373,21,70.03,200.00,-0.25,INACTIVE,NONE,NORMAL,LIKELY_INACTIVE,NORMAL,NONE
1775711044.4374013,22,69.98,200.00,-0.24,INACTIVE,NONE,NORMAL,LIKELY_INACTIVE,NORMAL,NONE
1775711044.4535325,24,69.94,200.00,-0.23,INACTIVE,NONE,NORMAL,LIKELY_INACTIVE,NORMAL,NONE
1775711044.4694989,23,69.89,200.00,-0.23,INACTIVE,NONE,NORMAL,LIKELY_INACTIVE,NORMAL,NONE
1775711044.485287,24,69.84,200.00,-0.23,INACTIVE,NONE,NORMAL,LIKELY_INACTIVE,NORMAL,NONE
1775711044.5012882,23,69.80,200.00,-0.23,INACTIVE,NONE,NORMAL,LIKELY_INACTIVE,NORMAL,NONE
1775711044.5173757,23,69.75,200.00,-0.23,INACTIVE,NONE,NORMAL,LIKELY_INACTIVE,NORMAL,NONE
1775711044.5333107,20,69.70,200.00,-0.25,INACTIVE,NONE,NORMAL,LIKELY_INACTIVE,NORMAL,NONE
1775711044.5495765,20,69.65,200.00,-0.25,INACTIVE,NONE,NORMAL,LIKELY_INACTIVE,NORMAL,NONE
1775711044.56539,19,69.60,200.00,-0.25,INACTIVE,NONE,NORMAL,LIKELY_INACTIVE,NORMAL,NONE
1775711044.5815952,18,69.55,200.00,-0.26,INACTIVE,NONE,NORMAL,LIKELY_INACTIVE,NORMAL,NONE
1775711044.597786,16,69.50,200.00,-0.27,INACTIVE,NONE,NORMAL,LIKELY_INACTIVE,NORMAL,NONE
1775711044.6137402,18,69.44,200.00,-0.26,INACTIVE,NONE,NORMAL,LIKELY_INACTIVE,NORMAL,NONE
1775711044.6299677,18,69.39,200.00,-0.26,INACTIVE,NONE,NORMAL,LIKELY_INACTIVE,NORMAL,NONE
1775711044.6456866,20,69.34,200.00,-0.25,INACTIVE,NONE,NORMAL,LIKELY_INACTIVE,NORMAL,NONE
1775711044.6617427,24,69.30,200.00,-0.23,INACTIVE,NONE,NORMAL,LIKELY_INACTIVE,NORMAL,NONE
1775711044.6778564,28,69.26,200.00,-0.21,INACTIVE,NONE,NORMAL,LIKELY_INACTIVE,NORMAL,NONE
1775711044.6938756,40,69.23,200.00,-0.15,INACTIVE,NONE,NORMAL,LIKELY_INACTIVE,NORMAL,NONE
1775711044.709382,58,69.22,200.00,-0.06,INACTIVE,NONE,NORMAL,LIKELY_INACTIVE,NORMAL,NONE
1775711044.725588,73,69.22,200.00,0.02,INACTIVE,NONE,NORMAL,LIKELY_INACTIVE,NORMAL,NONE
1775711044.7418258,81,69.23,200.00,0.06,INACTIVE,NONE,NORMAL,LIKELY_INACTIVE,NORMAL,NONE
1775711044.758062,86,69.25,200.00,0.08,INACTIVE,NONE,NORMAL,LIKELY_INACTIVE,NORMAL,NONE
1775711044.7738318,78,69.26,200.00,0.04,INACTIVE,NONE,NORMAL,LIKELY_INACTIVE,NORMAL,NONE
1775711044.790312,72,69.26,200.00,0.01,INACTIVE,NONE,NORMAL,LIKELY_INACTIVE,NORMAL,NONE
1775711044.806582,73,69.26,200.00,0.02,INACTIVE,NONE,NORMAL,LIKELY_INACTIVE,NORMAL,NONE
1775711044.8220968,73,69.27,200.00,0.02,INACTIVE,NONE,NORMAL,LIKELY_INACTIVE,NORMAL,NONE
1775711044.8380227,78,69.28,200.00,0.04,INACTIVE,NONE,NORMAL,LIKELY_INACTIVE,NORMAL,NONE
1775711044.8535259,100,69.31,200.00,0.15,INACTIVE,NONE,NORMAL,LIKELY_INACTIVE,NORMAL,NONE
1775711044.8700736,106,69.34,200.00,0.18,INACTIVE,NONE,NORMAL,LIKELY_INACTIVE,NORMAL,NONE
1775711044.8857124,100,69.37,200.00,0.15,INACTIVE,NONE,NORMAL,LIKELY_INACTIVE,NORMAL,NONE
1775711044.9017644,90,69.39,200.00,0.10,INACTIVE,NONE,NORMAL,LIKELY_INACTIVE,NORMAL,NONE
1775711044.9179537,83,69.41,200.00,0.07,INACTIVE,NONE,NORMAL,LIKELY_INACTIVE,NORMAL,NONE
1775711044.9336855,55,69.39,200.00,-0.07,INACTIVE,NONE,NORMAL,LIKELY_INACTIVE,NORMAL,NONE
1775711044.9498596,40,69.36,200.00,-0.15,INACTIVE,NONE,NORMAL,LIKELY_INACTIVE,NORMAL,NONE
1775711044.9664042,31,69.33,200.00,-0.19,INACTIVE,NONE,NORMAL,LIKELY_INACTIVE,NORMAL,NONE
1775711044.982292,34,69.29,200.00,-0.18,INACTIVE,NONE,NORMAL,LIKELY_INACTIVE,NORMAL,NONE
1775711044.997793,37,69.26,200.00,-0.16,INACTIVE,NONE,NORMAL,LIKELY_INACTIVE,NORMAL,NONE
1775711045.0138805,40,69.23,200.00,-0.15,INACTIVE,NONE,NORMAL,LIKELY_INACTIVE,NORMAL,NONE
1775711045.0297842,46,69.21,200.00,-0.12,INACTIVE,NONE,NORMAL,LIKELY_INACTIVE,NORMAL,NONE
1775711045.0460427,52,69.19,200.00,-0.09,INACTIVE,NONE,NORMAL,LIKELY_INACTIVE,NORMAL,NONE
1775711045.0618207,57,69.18,200.00,-0.06,INACTIVE,NONE,NORMAL,LIKELY_INACTIVE,NORMAL,NONE
1775711045.0779798,56,69.16,200.00,-0.07,INACTIVE,NONE,NORMAL,LIKELY_INACTIVE,NORMAL,NONE
1775711045.093999,63,69.16,200.00,-0.03,INACTIVE,NONE,NORMAL,LIKELY_INACTIVE,NORMAL,NONE
1775711045.11005,69,69.16,200.00,-0.00,INACTIVE,NONE,NORMAL,LIKELY_INACTIVE,NORMAL,NONE
1775711045.1265583,70,69.16,200.00,0.00,INACTIVE,NONE,NORMAL,LIKELY_INACTIVE,NORMAL,NONE
1775711045.1422307,67,69.16,200.00,-0.01,INACTIVE,NONE,NORMAL,LIKELY_INACTIVE,NORMAL,NONE
1775711045.157939,59,69.15,200.00,-0.05,INACTIVE,NONE,NORMAL,LIKELY_INACTIVE,NORMAL,NONE
1775711045.1738791,47,69.12,200.00,-0.11,INACTIVE,NONE,NORMAL,LIKELY_INACTIVE,NORMAL,NONE
1775711045.1903837,32,69.09,200.00,-0.19,INACTIVE,NONE,NORMAL,LIKELY_INACTIVE,NORMAL,NONE
1775711045.206467,26,69.04,200.00,-0.22,INACTIVE,NONE,NORMAL,LIKELY_INACTIVE,NORMAL,NONE
1775711045.222513,37,69.01,200.00,-0.16,INACTIVE,NONE,NORMAL,LIKELY_INACTIVE,NORMAL,NONE
1775711045.2380385,58,69.00,200.00,-0.06,INACTIVE,NONE,NORMAL,LIKELY_INACTIVE,NORMAL,NONE
1775711045.2542953,98,69.03,200.00,0.14,INACTIVE,NONE,NORMAL,LIKELY_INACTIVE,NORMAL,NONE
1775711045.2703094,113,69.07,200.00,0.22,INACTIVE,NONE,NORMAL,LIKELY_INACTIVE,NORMAL,NONE
1775711045.286342,131,69.14,200.00,0.31,INACTIVE,NONE,NORMAL,LIKELY_INACTIVE,NORMAL,NONE
1775711045.301413,129,69.20,200.00,0.30,INACTIVE,NONE,NORMAL,LIKELY_INACTIVE,NORMAL,NONE
1775711045.3174477,119,69.24,200.00,0.25,INACTIVE,NONE,NORMAL,LIKELY_INACTIVE,NORMAL,NONE
1775711045.333574,90,69.27,200.00,0.10,INACTIVE,NONE,NORMAL,LIKELY_INACTIVE,NORMAL,NONE
1775711045.3501844,95,69.29,200.00,0.13,INACTIVE,NONE,NORMAL,LIKELY_INACTIVE,NORMAL,NONE
1775711045.3655906,89,69.31,200.00,0.10,INACTIVE,NONE,NORMAL,LIKELY_INACTIVE,NORMAL,NONE
1775711045.3822644,75,69.32,200.00,0.03,INACTIVE,NONE,NORMAL,LIKELY_INACTIVE,NORMAL,NONE
1775711045.3983226,66,69.31,200.00,-0.02,INACTIVE,NONE,NORMAL,LIKELY_INACTIVE,NORMAL,NONE
1775711045.4136767,60,69.30,200.00,-0.05,INACTIVE,NONE,NORMAL,LIKELY_INACTIVE,NORMAL,NONE
1775711045.4306858,41,69.28,200.00,-0.14,INACTIVE,NONE,NORMAL,LIKELY_INACTIVE,NORMAL,NONE
1775711045.4461956,26,69.23,200.00,-0.22,INACTIVE,NONE,NORMAL,LIKELY_INACTIVE,NORMAL,NONE
1775711045.4616048,45,69.21,200.00,-0.12,INACTIVE,NONE,NORMAL,LIKELY_INACTIVE,NORMAL,NONE
1775711045.4777756,54,69.19,200.00,-0.08,INACTIVE,NONE,NORMAL,LIKELY_INACTIVE,NORMAL,NONE
1775711045.4940805,71,69.19,200.00,0.01,INACTIVE,NONE,NORMAL,LIKELY_INACTIVE,NORMAL,NONE
1775711045.509699,82,69.21,200.00,0.06,INACTIVE,NONE,NORMAL,LIKELY_INACTIVE,NORMAL,NONE
1775711045.5258405,83,69.22,200.00,0.07,INACTIVE,NONE,NORMAL,LIKELY_INACTIVE,NORMAL,NONE
1775711045.5419486,70,69.22,200.00,0.00,INACTIVE,NONE,NORMAL,LIKELY_INACTIVE,NORMAL,NONE
1775711045.558369,77,69.23,200.00,0.04,INACTIVE,NONE,NORMAL,LIKELY_INACTIVE,NORMAL,NONE
1775711045.574575,82,69.24,200.00,0.06,INACTIVE,NONE,NORMAL,LIKELY_INACTIVE,NORMAL,NONE
1775711045.5901153,94,69.27,200.00,0.12,INACTIVE,NONE,NORMAL,LIKELY_INACTIVE,NORMAL,NONE
1775711045.605694,127,69.33,200.00,0.29,INACTIVE,NONE,NORMAL,LIKELY_INACTIVE,NORMAL,NONE
1775711045.622132,134,69.39,200.00,0.32,INACTIVE,NONE,NORMAL,LIKELY_INACTIVE,NORMAL,NONE
1775711045.638687,118,69.44,200.00,0.24,INACTIVE,NONE,NORMAL,LIKELY_INACTIVE,NORMAL,NONE
1775711045.653602,96,69.47,200.00,0.13,INACTIVE,NONE,NORMAL,LIKELY_INACTIVE,NORMAL,NONE
1775711045.6695263,78,69.47,200.00,0.04,INACTIVE,NONE,NORMAL,LIKELY_INACTIVE,NORMAL,NONE
1775711045.6859493,46,69.45,200.00,-0.12,INACTIVE,NONE,NORMAL,LIKELY_INACTIVE,NORMAL,NONE
1775711045.7019467,48,69.43,200.00,-0.11,INACTIVE,NONE,NORMAL,LIKELY_INACTIVE,NORMAL,NONE
1775711045.7175186,61,69.42,200.00,-0.04,INACTIVE,NONE,NORMAL,LIKELY_INACTIVE,NORMAL,NONE
1775711045.7335622,74,69.43,200.00,0.02,INACTIVE,NONE,NORMAL,LIKELY_INACTIVE,NORMAL,NONE
1775711045.7495654,82,69.44,200.00,0.06,INACTIVE,NONE,NORMAL,LIKELY_INACTIVE,NORMAL,NONE
1775711045.7656581,109,69.48,200.00,0.20,INACTIVE,NONE,NORMAL,LIKELY_INACTIVE,NORMAL,NONE
1775711045.78182,106,69.51,200.00,0.18,INACTIVE,NONE,NORMAL,LIKELY_INACTIVE,NORMAL,NONE
1775711045.7978268,100,69.54,200.00,0.15,INACTIVE,NONE,NORMAL,LIKELY_INACTIVE,NORMAL,NONE
1775711045.813625,97,69.57,200.00,0.14,INACTIVE,NONE,NORMAL,LIKELY_INACTIVE,NORMAL,NONE
1775711045.8300626,95,69.60,200.00,0.13,INACTIVE,NONE,NORMAL,LIKELY_INACTIVE,NORMAL,NONE
1775711045.8457222,76,69.60,200.00,0.03,INACTIVE,NONE,NORMAL,LIKELY_INACTIVE,NORMAL,NONE
1775711045.8612008,75,69.61,200.00,0.03,INACTIVE,NONE,NORMAL,LIKELY_INACTIVE,NORMAL,NONE
1775711045.8780124,73,69.61,200.00,0.02,INACTIVE,NONE,NORMAL,LIKELY_INACTIVE,NORMAL,NONE
1775711045.8939154,69,69.61,200.00,-0.00,INACTIVE,NONE,NORMAL,LIKELY_INACTIVE,NORMAL,NONE
1775711045.909749,75,69.62,200.00,0.03,INACTIVE,NONE,NORMAL,LIKELY_INACTIVE,NORMAL,NONE
1775711045.9255342,86,69.63,200.00,0.08,INACTIVE,NONE,NORMAL,LIKELY_INACTIVE,NORMAL,NONE
1775711045.9418743,88,69.65,200.00,0.09,INACTIVE,NONE,NORMAL,LIKELY_INACTIVE,NORMAL,NONE
1775711045.9576757,88,69.67,200.00,0.09,INACTIVE,NONE,NORMAL,LIKELY_INACTIVE,NORMAL,NONE
1775711045.973457,87,69.69,200.00,0.09,INACTIVE,NONE,NORMAL,LIKELY_INACTIVE,NORMAL,NONE
1775711045.989475,69,69.69,200.00,-0.00,INACTIVE,NONE,NORMAL,LIKELY_INACTIVE,NORMAL,NONE
1775711046.0056179,65,69.68,200.00,-0.02,INACTIVE,NONE,NORMAL,LIKELY_INACTIVE,NORMAL,NONE
1775711046.0218143,57,69.67,200.00,-0.06,INACTIVE,NONE,NORMAL,LIKELY_INACTIVE,NORMAL,NONE
1775711046.0378332,54,69.65,200.00,-0.08,INACTIVE,NONE,NORMAL,LIKELY_INACTIVE,NORMAL,NONE
1775711046.0539343,51,69.64,200.00,-0.09,INACTIVE,NONE,NORMAL,LIKELY_INACTIVE,NORMAL,NONE
1775711046.0697513,54,69.62,200.00,-0.08,INACTIVE,NONE,NORMAL,LIKELY_INACTIVE,NORMAL,NONE
1775711046.0856876,36,69.59,200.00,-0.17,INACTIVE,NONE,NORMAL,LIKELY_INACTIVE,NORMAL,NONE
1775711046.1019208,31,69.55,200.00,-0.19,INACTIVE,NONE,NORMAL,LIKELY_INACTIVE,NORMAL,NONE
1775711046.1175575,29,69.51,200.00,-0.20,INACTIVE,NONE,NORMAL,LIKELY_INACTIVE,NORMAL,NONE
1775711046.1340158,26,69.46,200.00,-0.22,INACTIVE,NONE,NORMAL,LIKELY_INACTIVE,NORMAL,NONE
1775711046.1498656,21,69.41,200.00,-0.24,INACTIVE,NONE,NORMAL,LIKELY_INACTIVE,NORMAL,NONE
1775711046.1657507,21,69.37,200.00,-0.24,INACTIVE,NONE,NORMAL,LIKELY_INACTIVE,NORMAL,NONE
1775711046.1820543,22,69.32,200.00,-0.24,INACTIVE,NONE,NORMAL,LIKELY_INACTIVE,NORMAL,NONE
1775711046.1980805,24,69.27,200.00,-0.23,INACTIVE,NONE,NORMAL,LIKELY_INACTIVE,NORMAL,NONE
1775711046.2135522,25,69.23,200.00,-0.22,INACTIVE,NONE,NORMAL,LIKELY_INACTIVE,NORMAL,NONE
1775711046.2303338,25,69.19,200.00,-0.22,INACTIVE,NONE,NORMAL,LIKELY_INACTIVE,NORMAL,NONE
1775711046.2460666,26,69.14,200.00,-0.22,INACTIVE,NONE,NORMAL,LIKELY_INACTIVE,NORMAL,NONE
1775711046.2614799,27,69.10,200.00,-0.21,INACTIVE,NONE,NORMAL,LIKELY_INACTIVE,NORMAL,NONE
1775711046.277522,28,69.06,200.00,-0.21,INACTIVE,NONE,NORMAL,LIKELY_INACTIVE,NORMAL,NONE
1775711046.29391,29,69.02,200.00,-0.20,INACTIVE,NONE,NORMAL,LIKELY_INACTIVE,NORMAL,NONE
1775711046.3099875,28,68.98,200.00,-0.20,INACTIVE,NONE,NORMAL,LIKELY_INACTIVE,NORMAL,NONE
1775711046.3263006,26,68.93,200.00,-0.21,INACTIVE,NONE,NORMAL,LIKELY_INACTIVE,NORMAL,NONE
1775711046.3423364,25,68.89,200.00,-0.22,INACTIVE,NONE,NORMAL,LIKELY_INACTIVE,NORMAL,NONE
1775711046.3578682,21,68.84,200.00,-0.24,INACTIVE,NONE,NORMAL,LIKELY_INACTIVE,NORMAL,NONE
1775711046.3743563,18,68.79,200.00,-0.25,INACTIVE,NONE,NORMAL,LIKELY_INACTIVE,NORMAL,NONE
1775711046.3907998,17,68.74,200.00,-0.26,INACTIVE,NONE,NORMAL,LIKELY_INACTIVE,NORMAL,NONE
1775711046.4064875,17,68.69,200.00,-0.26,INACTIVE,NONE,NORMAL,LIKELY_INACTIVE,NORMAL,NONE
1775711046.4223423,19,68.64,200.00,-0.25,INACTIVE,NONE,NORMAL,LIKELY_INACTIVE,NORMAL,NONE
1775711046.438945,21,68.59,200.00,-0.24,INACTIVE,NONE,NORMAL,LIKELY_INACTIVE,NORMAL,NONE
1775711046.4538097,22,68.54,200.00,-0.23,INACTIVE,NONE,NORMAL,LIKELY_INACTIVE,NORMAL,NONE
1775711046.4698343,22,68.50,200.00,-0.23,INACTIVE,NONE,NORMAL,LIKELY_INACTIVE,NORMAL,NONE
1775711046.4860184,22,68.45,200.00,-0.23,INACTIVE,NONE,NORMAL,LIKELY_INACTIVE,NORMAL,NONE
1775711046.5020702,19,68.40,200.00,-0.25,INACTIVE,NONE,NORMAL,LIKELY_INACTIVE,NORMAL,NONE
1775711046.5179307,17,68.35,200.00,-0.26,INACTIVE,NONE,NORMAL,LIKELY_INACTIVE,NORMAL,NONE
1775711046.533601,17,68.30,200.00,-0.26,INACTIVE,NONE,NORMAL,LIKELY_INACTIVE,NORMAL,NONE
1775711046.5502236,18,68.25,200.00,-0.25,INACTIVE,NONE,NORMAL,LIKELY_INACTIVE,NORMAL,NONE
1775711046.5660505,17,68.20,200.00,-0.26,INACTIVE,NONE,NORMAL,LIKELY_INACTIVE,NORMAL,NONE
1775711046.5818079,18,68.15,200.00,-0.25,INACTIVE,NONE,NORMAL,LIKELY_INACTIVE,NORMAL,NONE
1775711046.5980594,17,68.10,200.00,-0.26,INACTIVE,NONE,NORMAL,LIKELY_INACTIVE,NORMAL,NONE
1775711046.6144369,21,68.05,200.00,-0.24,INACTIVE,NONE,NORMAL,LIKELY_INACTIVE,NORMAL,NONE
1775711046.6295826,30,68.01,200.00,-0.19,INACTIVE,NONE,NORMAL,LIKELY_INACTIVE,NORMAL,NONE
1775711046.6458325,39,67.98,200.00,-0.14,INACTIVE,NONE,NORMAL,LIKELY_INACTIVE,NORMAL,NONE
1775711046.6619635,49,67.96,200.00,-0.09,INACTIVE,NONE,NORMAL,LIKELY_INACTIVE,NORMAL,NONE
1775711046.6776557,55,67.95,200.00,-0.06,INACTIVE,NONE,NORMAL,LIKELY_INACTIVE,NORMAL,NONE
1775711046.6938496,56,67.94,200.00,-0.06,INACTIVE,NONE,NORMAL,LIKELY_INACTIVE,NORMAL,NONE
1775711046.7102702,49,67.92,200.00,-0.09,INACTIVE,NONE,NORMAL,LIKELY_INACTIVE,NORMAL,NONE
1775711046.7258503,40,67.89,200.00,-0.14,INACTIVE,NONE,NORMAL,LIKELY_INACTIVE,NORMAL,NONE
1775711046.7415557,34,67.86,200.00,-0.17,INACTIVE,NONE,NORMAL,LIKELY_INACTIVE,NORMAL,NONE
1775711046.7586496,30,67.82,200.00,-0.19,INACTIVE,NONE,NORMAL,LIKELY_INACTIVE,NORMAL,NONE
1775711046.77364,28,67.78,200.00,-0.20,INACTIVE,NONE,NORMAL,LIKELY_INACTIVE,NORMAL,NONE
1775711046.7903655,28,67.74,200.00,-0.20,INACTIVE,NONE,NORMAL,LIKELY_INACTIVE,NORMAL,NONE
1775711046.8059025,28,67.70,200.00,-0.20,INACTIVE,NONE,NORMAL,LIKELY_INACTIVE,NORMAL,NONE
1775711046.8225195,26,67.66,200.00,-0.21,INACTIVE,NONE,NORMAL,LIKELY_INACTIVE,NORMAL,NONE
1775711046.8385901,24,67.62,200.00,-0.22,INACTIVE,NONE,NORMAL,LIKELY_INACTIVE,NORMAL,NONE
1775711046.8541183,22,67.57,200.00,-0.23,INACTIVE,NONE,NORMAL,LIKELY_INACTIVE,NORMAL,NONE
1775711046.8703115,21,67.52,200.00,-0.23,INACTIVE,NONE,NORMAL,LIKELY_INACTIVE,NORMAL,NONE
1775711046.886493,21,67.48,200.00,-0.23,INACTIVE,NONE,NORMAL,LIKELY_INACTIVE,NORMAL,NONE
1775711046.9023647,20,67.43,200.00,-0.24,INACTIVE,NONE,NORMAL,LIKELY_INACTIVE,NORMAL,NONE
1775711046.9179914,23,67.38,200.00,-0.22,INACTIVE,NONE,NORMAL,LIKELY_INACTIVE,NORMAL,NONE
1775711046.933759,26,67.34,200.00,-0.21,INACTIVE,NONE,NORMAL,LIKELY_INACTIVE,NORMAL,NONE
1775711046.950208,26,67.30,200.00,-0.21,INACTIVE,NONE,NORMAL,LIKELY_INACTIVE,NORMAL,NONE
1775711046.9658906,28,67.26,200.00,-0.20,INACTIVE,NONE,NORMAL,LIKELY_INACTIVE,NORMAL,NONE
1775711046.9816053,29,67.22,200.00,-0.19,INACTIVE,NONE,NORMAL,LIKELY_INACTIVE,NORMAL,NONE
1775711046.9977612,26,67.18,200.00,-0.21,INACTIVE,NONE,NORMAL,LIKELY_INACTIVE,NORMAL,NONE
1775711047.0142555,23,67.14,200.00,-0.22,INACTIVE,NONE,NORMAL,LIKELY_INACTIVE,NORMAL,NONE
1775711047.0296273,21,67.09,200.00,-0.23,INACTIVE,NONE,NORMAL,LIKELY_INACTIVE,NORMAL,NONE
1775711047.0458226,19,67.04,200.00,-0.24,INACTIVE,NONE,NORMAL,LIKELY_INACTIVE,NORMAL,NONE
1775711047.06212,20,67.00,200.00,-0.23,INACTIVE,NONE,NORMAL,LIKELY_INACTIVE,NORMAL,NONE
1775711047.0780318,26,66.96,200.00,-0.20,INACTIVE,NONE,NORMAL,LIKELY_INACTIVE,NORMAL,NONE
1775711047.0937645,32,66.92,200.00,-0.17,INACTIVE,NONE,NORMAL,LIKELY_INACTIVE,NORMAL,NONE
1775711047.110074,33,66.89,200.00,-0.17,INACTIVE,NONE,NORMAL,LIKELY_INACTIVE,NORMAL,NONE
1775711047.1256874,38,66.86,200.00,-0.14,INACTIVE,NONE,NORMAL,LIKELY_INACTIVE,NORMAL,NONE
1775711047.141528,38,66.83,200.00,-0.14,INACTIVE,NONE,NORMAL,LIKELY_INACTIVE,NORMAL,NONE
1775711047.1582503,36,66.80,200.00,-0.15,INACTIVE,NONE,NORMAL,LIKELY_INACTIVE,NORMAL,NONE
1775711047.1742477,32,66.76,200.00,-0.17,INACTIVE,NONE,NORMAL,LIKELY_INACTIVE,NORMAL,NONE
1775711047.189772,33,66.73,200.00,-0.17,INACTIVE,NONE,NORMAL,LIKELY_INACTIVE,NORMAL,NONE
1775711047.2065816,32,66.70,200.00,-0.17,INACTIVE,NONE,NORMAL,LIKELY_INACTIVE,NORMAL,NONE
1775711047.2224848,32,66.66,200.00,-0.17,INACTIVE,NONE,NORMAL,LIKELY_INACTIVE,NORMAL,NONE
1775711047.2386773,29,66.62,200.00,-0.19,INACTIVE,NONE,NORMAL,LIKELY_INACTIVE,NORMAL,NONE
1775711047.254148,30,66.59,200.00,-0.18,INACTIVE,NONE,NORMAL,LIKELY_INACTIVE,NORMAL,NONE
1775711047.2702725,31,66.55,200.00,-0.18,INACTIVE,NONE,NORMAL,LIKELY_INACTIVE,NORMAL,NONE
1775711047.286838,43,66.53,200.00,-0.12,INACTIVE,NONE,NORMAL,LIKELY_INACTIVE,NORMAL,NONE
1775711047.302109,59,66.52,200.00,-0.04,INACTIVE,NONE,NORMAL,LIKELY_INACTIVE,NORMAL,NONE
1775711047.3183548,61,66.51,200.00,-0.03,INACTIVE,NONE,NORMAL,LIKELY_INACTIVE,NORMAL,NONE
1775711047.3345945,63,66.51,200.00,-0.02,INACTIVE,NONE,NORMAL,LIKELY_INACTIVE,NORMAL,NONE
1775711047.3504088,74,66.52,200.00,0.04,INACTIVE,NONE,NORMAL,LIKELY_INACTIVE,NORMAL,NONE
1775711047.3662057,68,66.52,200.00,0.01,INACTIVE,NONE,NORMAL,LIKELY_INACTIVE,NORMAL,NONE
1775711047.382817,63,66.52,200.00,-0.02,INACTIVE,NONE,NORMAL,LIKELY_INACTIVE,NORMAL,NONE
1775711047.3978944,72,66.52,200.00,0.03,INACTIVE,NONE,NORMAL,LIKELY_INACTIVE,NORMAL,NONE
1775711047.4137568,71,66.53,200.00,0.02,INACTIVE,NONE,NORMAL,LIKELY_INACTIVE,NORMAL,NONE
1775711047.430805,58,66.52,200.00,-0.04,INACTIVE,NONE,NORMAL,LIKELY_INACTIVE,NORMAL,NONE
1775711047.4463472,50,66.50,200.00,-0.08,INACTIVE,NONE,NORMAL,LIKELY_INACTIVE,NORMAL,NONE
1775711047.4620454,40,66.47,200.00,-0.13,INACTIVE,NONE,NORMAL,LIKELY_INACTIVE,NORMAL,NONE
1775711047.4780295,30,66.44,200.00,-0.18,INACTIVE,NONE,NORMAL,LIKELY_INACTIVE,NORMAL,NONE
1775711047.4935622,30,66.40,200.00,-0.18,INACTIVE,NONE,NORMAL,LIKELY_INACTIVE,NORMAL,NONE
1775711047.5099843,41,66.38,200.00,-0.13,INACTIVE,NONE,NORMAL,LIKELY_INACTIVE,NORMAL,NONE
1775711047.5259318,55,66.37,200.00,-0.06,INACTIVE,NONE,NORMAL,LIKELY_INACTIVE,NORMAL,NONE
1775711047.5418038,72,66.37,200.00,0.03,INACTIVE,NONE,NORMAL,LIKELY_INACTIVE,NORMAL,NONE
1775711047.557881,82,66.39,200.00,0.08,INACTIVE,NONE,NORMAL,LIKELY_INACTIVE,NORMAL,NONE
1775711047.5742116,91,66.41,200.00,0.12,INACTIVE,NONE,NORMAL,LIKELY_INACTIVE,NORMAL,NONE
1775711047.59019,91,66.44,200.00,0.12,INACTIVE,NONE,NORMAL,LIKELY_INACTIVE,NORMAL,NONE
1775711047.6068547,76,66.45,200.00,0.05,INACTIVE,NONE,NORMAL,LIKELY_INACTIVE,NORMAL,NONE
1775711047.6229498,59,66.44,200.00,-0.04,INACTIVE,NONE,NORMAL,LIKELY_INACTIVE,NORMAL,NONE
1775711047.6390305,47,66.42,200.00,-0.10,INACTIVE,NONE,NORMAL,LIKELY_INACTIVE,NORMAL,NONE
1775711047.6549962,32,66.38,200.00,-0.17,INACTIVE,NONE,NORMAL,LIKELY_INACTIVE,NORMAL,NONE
1775711047.6705508,22,66.34,200.00,-0.22,INACTIVE,NONE,NORMAL,LIKELY_INACTIVE,NORMAL,NONE
1775711047.6866665,21,66.29,200.00,-0.23,INACTIVE,NONE,NORMAL,LIKELY_INACTIVE,NORMAL,NONE
1775711047.7026646,22,66.25,200.00,-0.22,INACTIVE,NONE,NORMAL,LIKELY_INACTIVE,NORMAL,NONE
1775711047.7183201,23,66.21,200.00,-0.22,INACTIVE,NONE,NORMAL,LIKELY_INACTIVE,NORMAL,NONE
1775711047.734519,32,66.17,200.00,-0.17,INACTIVE,NONE,NORMAL,LIKELY_INACTIVE,NORMAL,NONE
1775711047.7508063,34,66.14,200.00,-0.16,INACTIVE,NONE,NORMAL,LIKELY_INACTIVE,NORMAL,NONE
1775711047.7672698,39,66.11,200.00,-0.14,INACTIVE,NONE,NORMAL,LIKELY_INACTIVE,NORMAL,NONE
1775711047.7828276,47,66.09,200.00,-0.10,INACTIVE,NONE,NORMAL,LIKELY_INACTIVE,NORMAL,NONE
1775711047.7985332,51,66.08,200.00,-0.08,INACTIVE,NONE,NORMAL,LIKELY_INACTIVE,NORMAL,NONE
1775711047.8138494,40,66.05,200.00,-0.13,INACTIVE,NONE,NORMAL,LIKELY_INACTIVE,NORMAL,NONE
1775711047.8303232,37,66.02,200.00,-0.15,INACTIVE,NONE,NORMAL,LIKELY_INACTIVE,NORMAL,NONE
1775711047.8465137,32,65.99,200.00,-0.17,INACTIVE,NONE,NORMAL,LIKELY_INACTIVE,NORMAL,NONE
1775711047.8621302,31,65.95,200.00,-0.17,INACTIVE,NONE,NORMAL,LIKELY_INACTIVE,NORMAL,NONE
1775711047.8779173,33,65.92,200.00,-0.16,INACTIVE,NONE,NORMAL,LIKELY_INACTIVE,NORMAL,NONE
1775711047.8942087,38,65.89,200.00,-0.14,INACTIVE,NONE,NORMAL,LIKELY_INACTIVE,NORMAL,NONE
1775711047.9101112,48,65.88,200.00,-0.09,INACTIVE,NONE,NORMAL,LIKELY_INACTIVE,NORMAL,NONE
1775711047.9258542,55,65.87,200.00,-0.05,INACTIVE,NONE,NORMAL,LIKELY_INACTIVE,NORMAL,NONE
1775711047.9420214,51,65.85,200.00,-0.07,INACTIVE,NONE,NORMAL,LIKELY_INACTIVE,NORMAL,NONE
1775711047.957626,51,65.84,200.00,-0.07,INACTIVE,NONE,NORMAL,LIKELY_INACTIVE,NORMAL,NONE
1775711047.97405,56,65.83,200.00,-0.05,INACTIVE,NONE,NORMAL,LIKELY_INACTIVE,NORMAL,NONE
1775711047.9899669,45,65.80,200.00,-0.10,INACTIVE,NONE,NORMAL,LIKELY_INACTIVE,NORMAL,NONE
1775711048.0064244,39,65.78,200.00,-0.13,INACTIVE,NONE,NORMAL,LIKELY_INACTIVE,NORMAL,NONE
1775711048.0220568,43,65.76,200.00,-0.11,INACTIVE,NONE,NORMAL,LIKELY_INACTIVE,NORMAL,NONE
1775711048.038323,41,65.73,200.00,-0.12,INACTIVE,NONE,NORMAL,LIKELY_INACTIVE,NORMAL,NONE
1775711048.0545373,41,65.71,200.00,-0.12,INACTIVE,NONE,NORMAL,LIKELY_INACTIVE,NORMAL,NONE
1775711048.0703785,53,65.69,200.00,-0.06,INACTIVE,NONE,NORMAL,LIKELY_INACTIVE,NORMAL,NONE
1775711048.085804,98,65.73,200.00,0.16,INACTIVE,NONE,NORMAL,LIKELY_INACTIVE,NORMAL,NONE
1775711048.1024914,117,65.78,200.00,0.26,INACTIVE,NONE,NORMAL,LIKELY_INACTIVE,NORMAL,NONE
1775711048.118047,120,65.83,200.00,0.27,INACTIVE,NONE,NORMAL,LIKELY_INACTIVE,NORMAL,NONE
1775711048.134367,138,65.90,200.00,0.36,INACTIVE,NONE,NORMAL,LIKELY_INACTIVE,NORMAL,NONE
1775711048.1502733,136,65.97,200.00,0.35,INACTIVE,NONE,NORMAL,LIKELY_INACTIVE,NORMAL,NONE
1775711048.1653793,92,66.00,200.00,0.13,INACTIVE,NONE,NORMAL,LIKELY_INACTIVE,NORMAL,NONE
1775711048.1825087,74,66.01,200.00,0.04,INACTIVE,NONE,NORMAL,LIKELY_INACTIVE,NORMAL,NONE
1775711048.1977189,73,66.01,200.00,0.03,INACTIVE,NONE,NORMAL,LIKELY_INACTIVE,NORMAL,NONE
1775711048.2137587,57,66.01,200.00,-0.05,INACTIVE,NONE,NORMAL,LIKELY_INACTIVE,NORMAL,NONE
1775711048.2293122,63,66.00,200.00,-0.02,INACTIVE,NONE,NORMAL,LIKELY_INACTIVE,NORMAL,NONE
1775711048.2457595,77,66.01,200.00,0.05,INACTIVE,NONE,NORMAL,LIKELY_INACTIVE,NORMAL,NONE
1775711048.262828,73,66.02,200.00,0.03,INACTIVE,NONE,NORMAL,LIKELY_INACTIVE,NORMAL,NONE
1775711048.2777853,70,66.02,200.00,0.02,INACTIVE,NONE,NORMAL,LIKELY_INACTIVE,NORMAL,NONE
1775711048.2939682,74,66.03,200.00,0.04,INACTIVE,NONE,NORMAL,LIKELY_INACTIVE,NORMAL,NONE
1775711048.3095922,68,66.03,200.00,0.01,INACTIVE,NONE,NORMAL,LIKELY_INACTIVE,NORMAL,NONE
1775711048.3260422,62,66.03,200.00,-0.02,INACTIVE,NONE,NORMAL,LIKELY_INACTIVE,NORMAL,NONE
1775711048.3418097,65,66.03,200.00,-0.01,INACTIVE,NONE,NORMAL,LIKELY_INACTIVE,NORMAL,NONE
1775711048.3579803,64,66.03,200.00,-0.01,INACTIVE,NONE,NORMAL,LIKELY_INACTIVE,NORMAL,NONE
1775711048.3736603,53,66.01,200.00,-0.07,INACTIVE,NONE,NORMAL,LIKELY_INACTIVE,NORMAL,NONE
1775711048.3897474,43,65.99,200.00,-0.11,INACTIVE,NONE,NORMAL,LIKELY_INACTIVE,NORMAL,NONE
1775711048.4059837,42,65.97,200.00,-0.12,INACTIVE,NONE,NORMAL,LIKELY_INACTIVE,NORMAL,NONE
1775711048.4215295,38,65.94,200.00,-0.14,INACTIVE,NONE,NORMAL,LIKELY_INACTIVE,NORMAL,NONE
1775711048.4380174,32,65.91,200.00,-0.17,INACTIVE,NONE,NORMAL,LIKELY_INACTIVE,NORMAL,NONE
1775711048.4537039,31,65.87,200.00,-0.17,INACTIVE,NONE,NORMAL,LIKELY_INACTIVE,NORMAL,NONE
1775711048.4699528,28,65.83,200.00,-0.19,INACTIVE,NONE,NORMAL,LIKELY_INACTIVE,NORMAL,NONE
1775711048.4858735,21,65.79,200.00,-0.22,INACTIVE,NONE,NORMAL,LIKELY_INACTIVE,NORMAL,NONE
1775711048.5019147,20,65.74,200.00,-0.23,INACTIVE,NONE,NORMAL,LIKELY_INACTIVE,NORMAL,NONE
1775711048.5177016,21,65.70,200.00,-0.22,INACTIVE,NONE,NORMAL,LIKELY_INACTIVE,NORMAL,NONE
1775711048.5340488,22,65.65,200.00,-0.22,INACTIVE,NONE,NORMAL,LIKELY_INACTIVE,NORMAL,NONE
1775711048.549656,24,65.61,200.00,-0.21,INACTIVE,NONE,NORMAL,LIKELY_INACTIVE,NORMAL,NONE
1775711048.5656445,26,65.57,200.00,-0.20,INACTIVE,NONE,NORMAL,LIKELY_INACTIVE,NORMAL,NONE
1775711048.5818813,31,65.54,200.00,-0.17,INACTIVE,NONE,NORMAL,LIKELY_INACTIVE,NORMAL,NONE
1775711048.5976977,34,65.51,200.00,-0.16,INACTIVE,NONE,NORMAL,LIKELY_INACTIVE,NORMAL,NONE
1775711048.6137972,33,65.47,200.00,-0.16,INACTIVE,NONE,NORMAL,LIKELY_INACTIVE,NORMAL,NONE
1775711048.6298087,34,65.44,200.00,-0.16,INACTIVE,NONE,NORMAL,LIKELY_INACTIVE,NORMAL,NONE
1775711048.6460068,32,65.41,200.00,-0.17,INACTIVE,NONE,NORMAL,LIKELY_INACTIVE,NORMAL,NONE
1775711048.6618176,26,65.37,200.00,-0.20,INACTIVE,NONE,NORMAL,LIKELY_INACTIVE,NORMAL,NONE
1775711048.6779954,22,65.33,200.00,-0.22,INACTIVE,NONE,NORMAL,LIKELY_INACTIVE,NORMAL,NONE
1775711048.6938996,23,65.28,200.00,-0.21,INACTIVE,NONE,NORMAL,LIKELY_INACTIVE,NORMAL,NONE
1775711048.709907,22,65.24,200.00,-0.22,INACTIVE,NONE,NORMAL,LIKELY_INACTIVE,NORMAL,NONE
1775711048.7256594,22,65.20,200.00,-0.22,INACTIVE,NONE,NORMAL,LIKELY_INACTIVE,NORMAL,NONE
1775711048.741722,22,65.15,200.00,-0.22,INACTIVE,NONE,NORMAL,LIKELY_INACTIVE,NORMAL,NONE
1775711048.757986,22,65.11,200.00,-0.22,INACTIVE,NONE,NORMAL,LIKELY_INACTIVE,NORMAL,NONE
1775711048.774354,20,65.07,200.00,-0.23,INACTIVE,NONE,NORMAL,LIKELY_INACTIVE,NORMAL,NONE
1775711048.7902343,24,65.02,200.00,-0.21,INACTIVE,NONE,NORMAL,LIKELY_INACTIVE,NORMAL,NONE
1775711048.805973,78,65.04,200.00,0.06,INACTIVE,NONE,NORMAL,LIKELY_INACTIVE,NORMAL,NONE
1775711048.8219836,121,65.09,200.00,0.28,INACTIVE,NONE,NORMAL,LIKELY_INACTIVE,NORMAL,NONE
1775711048.8383644,291,65.09,200.00,1.13,INACTIVE,NONE,NORMAL,LIKELY_INACTIVE,NORMAL,NONE
1775711048.853958,423,65.09,200.00,1.79,INACTIVE,NONE,NORMAL,LIKELY_INACTIVE,NORMAL,NONE
1775711048.869833,462,65.09,200.00,1.98,INACTIVE,NONE,NORMAL,LIKELY_INACTIVE,NORMAL,NONE
1775711048.8857617,479,65.09,200.00,2.07,INACTIVE,NONE,NORMAL,LIKELY_INACTIVE,NORMAL,NONE
1775711048.9021854,470,65.09,200.00,2.02,INACTIVE,NONE,NORMAL,LIKELY_INACTIVE,NORMAL,NONE
1775711048.9181852,400,65.09,200.00,1.67,INACTIVE,NONE,NORMAL,LIKELY_INACTIVE,NORMAL,NONE
1775711048.9338634,383,65.09,200.00,1.59,INACTIVE,NONE,NORMAL,LIKELY_INACTIVE,NORMAL,NONE
1775711048.9502518,394,65.09,200.00,1.64,INACTIVE,NONE,NORMAL,LIKELY_INACTIVE,NORMAL,NONE
1775711048.9663062,356,65.09,200.00,1.45,INACTIVE,NONE,NORMAL,LIKELY_INACTIVE,NORMAL,NONE
1775711048.9818525,448,65.09,200.00,1.91,INACTIVE,NONE,NORMAL,LIKELY_INACTIVE,NORMAL,NONE
1775711048.9984844,399,65.09,200.00,1.67,INACTIVE,NONE,NORMAL,LIKELY_INACTIVE,NORMAL,NONE
1775711049.0144913,420,65.09,200.00,1.77,INACTIVE,NONE,NORMAL,LIKELY_INACTIVE,NORMAL,NONE
1775711049.0303938,460,65.09,200.00,1.97,INACTIVE,NONE,NORMAL,LIKELY_INACTIVE,NORMAL,NONE
1775711049.0464413,453,65.09,200.00,1.94,INACTIVE,NONE,NORMAL,LIKELY_INACTIVE,NORMAL,NONE
1775711049.0623868,375,65.09,200.00,1.55,INACTIVE,NONE,NORMAL,LIKELY_INACTIVE,NORMAL,NONE
1775711049.077719,424,65.09,200.00,1.79,INACTIVE,NONE,NORMAL,LIKELY_INACTIVE,NORMAL,NONE
1775711049.0933733,315,65.09,200.00,1.25,INACTIVE,NONE,NORMAL,LIKELY_INACTIVE,NORMAL,NONE
1775711049.1096535,280,65.09,200.00,1.07,INACTIVE,NONE,NORMAL,LIKELY_INACTIVE,NORMAL,NONE
1775711049.1254697,346,65.09,200.00,1.40,INACTIVE,NONE,NORMAL,LIKELY_INACTIVE,NORMAL,NONE
1775711049.1415443,334,65.09,200.00,1.34,INACTIVE,NONE,NORMAL,LIKELY_INACTIVE,NORMAL,NONE
1775711049.157705,277,65.09,200.00,1.06,INACTIVE,NONE,NORMAL,LIKELY_INACTIVE,NORMAL,NONE
1775711049.1734161,303,65.09,200.00,1.19,INACTIVE,NONE,NORMAL,LIKELY_INACTIVE,NORMAL,NONE
1775711049.1893919,261,65.29,200.00,0.98,INACTIVE,NONE,NORMAL,LIKELY_INACTIVE,NORMAL,NONE
1775711049.2056663,205,65.43,200.00,0.70,INACTIVE,NONE,NORMAL,LIKELY_INACTIVE,NORMAL,NONE
1775711049.2216775,245,65.61,200.00,0.90,INACTIVE,NONE,NORMAL,LIKELY_INACTIVE,NORMAL,NONE
1775711049.2374625,232,65.77,200.00,0.83,INACTIVE,NONE,NORMAL,LIKELY_INACTIVE,NORMAL,NONE
1775711049.2541308,234,65.94,200.00,0.84,INACTIVE,NONE,NORMAL,LIKELY_INACTIVE,NORMAL,NONE
1775711049.2695265,246,66.12,200.00,0.90,INACTIVE,NONE,NORMAL,LIKELY_INACTIVE,NORMAL,NONE
1775711049.2853937,218,66.28,200.00,0.76,INACTIVE,NONE,NORMAL,LIKELY_INACTIVE,NORMAL,NONE
1775711049.3018053,176,66.38,200.00,0.55,INACTIVE,NONE,NORMAL,LIKELY_INACTIVE,NORMAL,NONE
1775711049.317585,194,66.51,200.00,0.64,INACTIVE,NONE,NORMAL,LIKELY_INACTIVE,NORMAL,NONE
1775711049.3332329,157,66.60,200.00,0.45,INACTIVE,NONE,NORMAL,LIKELY_INACTIVE,NORMAL,NONE
1775711049.3494835,159,66.70,200.00,0.46,INACTIVE,NONE,NORMAL,LIKELY_INACTIVE,NORMAL,NONE
1775711049.3743007,170,66.80,200.00,0.52,INACTIVE,NONE,NORMAL,LIKELY_INACTIVE,NORMAL,NONE
1775711049.3816528,158,66.89,200.00,0.46,INACTIVE,NONE,NORMAL,LIKELY_INACTIVE,NORMAL,NONE
1775711049.3975573,143,66.97,200.00,0.38,INACTIVE,NONE,NORMAL,LIKELY_INACTIVE,NORMAL,NONE
1775711049.4173453,130,67.03,200.00,0.31,INACTIVE,NONE,NORMAL,LIKELY_INACTIVE,NORMAL,NONE
1775711049.4296932,122,67.08,200.00,0.27,INACTIVE,NONE,NORMAL,LIKELY_INACTIVE,NORMAL,NONE
1775711049.4453068,138,67.15,200.00,0.35,INACTIVE,NONE,NORMAL,LIKELY_INACTIVE,NORMAL,NONE
1775711049.461294,149,67.24,200.00,0.41,INACTIVE,NONE,NORMAL,LIKELY_INACTIVE,NORMAL,NONE
1775711049.4772704,128,67.30,200.00,0.30,INACTIVE,NONE,NORMAL,LIKELY_INACTIVE,NORMAL,NONE
1775711049.4933023,136,67.37,200.00,0.34,INACTIVE,NONE,NORMAL,LIKELY_INACTIVE,NORMAL,NONE
1775711049.5097983,119,67.42,200.00,0.26,INACTIVE,NONE,NORMAL,LIKELY_INACTIVE,NORMAL,NONE
1775711049.525694,97,67.45,200.00,0.15,INACTIVE,NONE,NORMAL,LIKELY_INACTIVE,NORMAL,NONE
1775711049.5413222,105,67.48,200.00,0.19,INACTIVE,NONE,NORMAL,LIKELY_INACTIVE,NORMAL,NONE
1775711049.557481,119,67.54,200.00,0.26,INACTIVE,NONE,NORMAL,LIKELY_INACTIVE,NORMAL,NONE
1775711049.5737386,113,67.58,200.00,0.23,INACTIVE,NONE,NORMAL,LIKELY_INACTIVE,NORMAL,NONE
1775711049.5896473,115,67.63,200.00,0.24,INACTIVE,NONE,NORMAL,LIKELY_INACTIVE,NORMAL,NONE
1775711049.60548,111,67.67,200.00,0.22,INACTIVE,NONE,NORMAL,LIKELY_INACTIVE,NORMAL,NONE
1775711049.6211212,89,67.69,200.00,0.11,INACTIVE,NONE,NORMAL,LIKELY_INACTIVE,NORMAL,NONE
1775711049.6376123,100,67.73,200.00,0.16,INACTIVE,NONE,NORMAL,LIKELY_INACTIVE,NORMAL,NONE
1775711049.6535559,116,67.77,200.00,0.24,INACTIVE,NONE,NORMAL,LIKELY_INACTIVE,NORMAL,NONE
1775711049.6696875,126,67.83,200.00,0.29,INACTIVE,NONE,NORMAL,LIKELY_INACTIVE,NORMAL,NONE
1775711049.6857185,154,67.92,200.00,0.43,INACTIVE,NONE,NORMAL,LIKELY_INACTIVE,NORMAL,NONE
1775711049.7017019,157,68.01,200.00,0.44,INACTIVE,NONE,NORMAL,LIKELY_INACTIVE,NORMAL,NONE
1775711049.717892,144,68.08,200.00,0.38,INACTIVE,NONE,NORMAL,LIKELY_INACTIVE,NORMAL,NONE
1775711049.7332706,145,68.16,200.00,0.38,INACTIVE,NONE,NORMAL,LIKELY_INACTIVE,NORMAL,NONE
1775711049.7494721,136,68.23,200.00,0.34,INACTIVE,NONE,NORMAL,LIKELY_INACTIVE,NORMAL,NONE
1775711049.7657375,127,68.29,200.00,0.29,INACTIVE,NONE,NORMAL,LIKELY_INACTIVE,NORMAL,NONE
1775711049.7816827,122,68.34,200.00,0.27,INACTIVE,NONE,NORMAL,LIKELY_INACTIVE,NORMAL,NONE
1775711049.7980435,105,68.38,200.00,0.18,INACTIVE,NONE,NORMAL,LIKELY_INACTIVE,NORMAL,NONE
1775711049.8138633,109,68.42,200.00,0.20,INACTIVE,NONE,NORMAL,LIKELY_INACTIVE,NORMAL,NONE
1775711049.8295708,114,68.46,200.00,0.23,INACTIVE,NONE,NORMAL,LIKELY_INACTIVE,NORMAL,NONE
1775711049.8453033,88,68.48,200.00,0.10,INACTIVE,NONE,NORMAL,LIKELY_INACTIVE,NORMAL,NONE
1775711049.8617852,74,68.49,200.00,0.03,INACTIVE,NONE,NORMAL,LIKELY_INACTIVE,NORMAL,NONE
1775711049.8776588,88,68.51,200.00,0.10,INACTIVE,NONE,NORMAL,LIKELY_INACTIVE,NORMAL,NONE
1775711049.893218,96,68.54,200.00,0.14,INACTIVE,NONE,NORMAL,LIKELY_INACTIVE,NORMAL,NONE
1775711049.9094148,106,68.57,200.00,0.19,INACTIVE,NONE,NORMAL,LIKELY_INACTIVE,NORMAL,NONE
1775711049.9252732,112,68.62,200.00,0.22,INACTIVE,NONE,NORMAL,LIKELY_INACTIVE,NORMAL,NONE
1775711049.941563,110,68.66,200.00,0.21,INACTIVE,NONE,NORMAL,LIKELY_INACTIVE,NORMAL,NONE
1775711049.9577188,95,68.68,200.00,0.13,INACTIVE,NONE,NORMAL,LIKELY_INACTIVE,NORMAL,NONE
1775711049.973416,89,68.71,200.00,0.10,INACTIVE,NONE,NORMAL,LIKELY_INACTIVE,NORMAL,NONE
1775711049.9899366,103,68.74,200.00,0.17,INACTIVE,NONE,NORMAL,LIKELY_INACTIVE,NORMAL,NONE
1775711050.0052853,126,68.80,200.00,0.29,INACTIVE,NONE,NORMAL,LIKELY_INACTIVE,NORMAL,NONE
1775711050.0211112,129,68.86,200.00,0.30,INACTIVE,NONE,NORMAL,LIKELY_INACTIVE,NORMAL,NONE
1775711050.0376077,128,68.92,200.00,0.30,INACTIVE,NONE,NORMAL,LIKELY_INACTIVE,NORMAL,NONE
1775711050.0534148,103,68.95,200.00,0.17,INACTIVE,NONE,NORMAL,LIKELY_INACTIVE,NORMAL,NONE
1775711050.0692725,86,68.97,200.00,0.09,INACTIVE,NONE,NORMAL,LIKELY_INACTIVE,NORMAL,NONE
1775711050.08527,71,68.97,200.00,0.01,INACTIVE,NONE,NORMAL,LIKELY_INACTIVE,NORMAL,NONE
1775711050.1013603,66,68.97,200.00,-0.01,INACTIVE,NONE,NORMAL,LIKELY_INACTIVE,NORMAL,NONE
1775711050.1175678,73,68.97,200.00,0.02,INACTIVE,NONE,NORMAL,LIKELY_INACTIVE,NORMAL,NONE
1775711050.1332047,90,68.99,200.00,0.11,INACTIVE,NONE,NORMAL,LIKELY_INACTIVE,NORMAL,NONE
1775711050.1496434,73,69.00,200.00,0.02,INACTIVE,NONE,NORMAL,LIKELY_INACTIVE,NORMAL,NONE
1775711050.1654184,69,69.00,200.00,0.00,INACTIVE,NONE,NORMAL,LIKELY_INACTIVE,NORMAL,NONE
1775711050.181406,79,69.01,200.00,0.05,INACTIVE,NONE,NORMAL,LIKELY_INACTIVE,NORMAL,NONE
1775711050.1974242,82,69.02,200.00,0.06,INACTIVE,NONE,NORMAL,LIKELY_INACTIVE,NORMAL,NONE
1775711050.2132788,75,69.02,200.00,0.03,INACTIVE,NONE,NORMAL,LIKELY_INACTIVE,NORMAL,NONE
1775711050.2296221,79,69.03,200.00,0.05,INACTIVE,NONE,NORMAL,LIKELY_INACTIVE,NORMAL,NONE
1775711050.2453911,80,69.05,200.00,0.05,INACTIVE,NONE,NORMAL,LIKELY_INACTIVE,NORMAL,NONE
1775711050.262039,69,69.05,200.00,-0.00,INACTIVE,NONE,NORMAL,LIKELY_INACTIVE,NORMAL,NONE
1775711050.2775881,59,69.04,200.00,-0.05,INACTIVE,NONE,NORMAL,LIKELY_INACTIVE,NORMAL,NONE
1775711050.293994,55,69.02,200.00,-0.07,INACTIVE,NONE,NORMAL,LIKELY_INACTIVE,NORMAL,NONE
1775711050.3100054,45,69.00,200.00,-0.12,INACTIVE,NONE,NORMAL,LIKELY_INACTIVE,NORMAL,NONE
1775711050.3259037,44,68.97,200.00,-0.12,INACTIVE,NONE,NORMAL,LIKELY_INACTIVE,NORMAL,NONE
1775711050.3416014,75,68.98,200.00,0.03,INACTIVE,NONE,NORMAL,LIKELY_INACTIVE,NORMAL,NONE
1775711050.3573494,94,69.00,200.00,0.12,INACTIVE,NONE,NORMAL,LIKELY_INACTIVE,NORMAL,NONE
1775711050.3739092,87,69.02,200.00,0.09,INACTIVE,NONE,NORMAL,LIKELY_INACTIVE,NORMAL,NONE
1775711050.389653,95,69.05,200.00,0.13,INACTIVE,NONE,NORMAL,LIKELY_INACTIVE,NORMAL,NONE
1775711050.4054286,87,69.07,200.00,0.09,INACTIVE,NONE,NORMAL,LIKELY_INACTIVE,NORMAL,NONE
1775711050.42203,66,69.06,200.00,-0.02,INACTIVE,NONE,NORMAL,LIKELY_INACTIVE,NORMAL,NONE
1775711050.4380357,61,69.05,200.00,-0.04,INACTIVE,NONE,NORMAL,LIKELY_INACTIVE,NORMAL,NONE
1775711050.4544225,62,69.05,200.00,-0.04,INACTIVE,NONE,NORMAL,LIKELY_INACTIVE,NORMAL,NONE
1775711050.4712021,64,69.04,200.00,-0.03,INACTIVE,NONE,NORMAL,LIKELY_INACTIVE,NORMAL,NONE
1775711050.4867837,65,69.04,200.00,-0.02,INACTIVE,NONE,NORMAL,LIKELY_INACTIVE,NORMAL,NONE
1775711050.5020437,58,69.03,200.00,-0.06,INACTIVE,NONE,NORMAL,LIKELY_INACTIVE,NORMAL,NONE
1775711050.518656,38,69.00,200.00,-0.15,INACTIVE,NONE,NORMAL,LIKELY_INACTIVE,NORMAL,NONE
1775711050.534444,50,68.98,200.00,-0.09,INACTIVE,NONE,NORMAL,LIKELY_INACTIVE,NORMAL,NONE
1775711050.5503607,48,68.96,200.00,-0.10,INACTIVE,NONE,NORMAL,LIKELY_INACTIVE,NORMAL,NONE
1775711050.5661821,57,68.94,200.00,-0.06,INACTIVE,NONE,NORMAL,LIKELY_INACTIVE,NORMAL,NONE
1775711050.5818794,75,68.95,200.00,0.03,INACTIVE,NONE,NORMAL,LIKELY_INACTIVE,NORMAL,NONE
1775711050.598455,83,68.96,200.00,0.07,INACTIVE,NONE,NORMAL,LIKELY_INACTIVE,NORMAL,NONE
1775711050.6148248,66,68.96,200.00,-0.01,INACTIVE,NONE,NORMAL,LIKELY_INACTIVE,NORMAL,NONE
1775711050.6308725,62,68.95,200.00,-0.03,INACTIVE,NONE,NORMAL,LIKELY_INACTIVE,NORMAL,NONE
1775711050.646945,53,68.94,200.00,-0.08,INACTIVE,NONE,NORMAL,LIKELY_INACTIVE,NORMAL,NONE
1775711050.6624873,33,68.90,200.00,-0.18,INACTIVE,NONE,NORMAL,LIKELY_INACTIVE,NORMAL,NONE
1775711050.6784928,28,68.86,200.00,-0.20,INACTIVE,NONE,NORMAL,LIKELY_INACTIVE,NORMAL,NONE
1775711050.6939812,35,68.83,200.00,-0.17,INACTIVE,NONE,NORMAL,LIKELY_INACTIVE,NORMAL,NONE
1775711050.7103617,39,68.80,200.00,-0.15,INACTIVE,NONE,NORMAL,LIKELY_INACTIVE,NORMAL,NONE
1775711050.7278483,39,68.77,200.00,-0.15,INACTIVE,NONE,NORMAL,LIKELY_INACTIVE,NORMAL,NONE
1775711050.7414992,44,68.74,200.00,-0.12,INACTIVE,NONE,NORMAL,LIKELY_INACTIVE,NORMAL,NONE
1775711050.7579782,46,68.72,200.00,-0.11,INACTIVE,NONE,NORMAL,LIKELY_INACTIVE,NORMAL,NONE
1775711050.7739527,41,68.69,200.00,-0.14,INACTIVE,NONE,NORMAL,LIKELY_INACTIVE,NORMAL,NONE
1775711050.7898412,55,68.68,200.00,-0.07,INACTIVE,NONE,NORMAL,LIKELY_INACTIVE,NORMAL,NONE
1775711050.8056195,71,68.68,200.00,0.01,INACTIVE,NONE,NORMAL,LIKELY_INACTIVE,NORMAL,NONE
1775711050.8215425,72,68.68,200.00,0.02,INACTIVE,NONE,NORMAL,LIKELY_INACTIVE,NORMAL,NONE
1775711050.8377178,76,68.69,200.00,0.04,INACTIVE,NONE,NORMAL,LIKELY_INACTIVE,NORMAL,NONE
1775711050.8537345,76,68.70,200.00,0.04,INACTIVE,NONE,NORMAL,LIKELY_INACTIVE,NORMAL,NONE
1775711050.8697674,56,68.69,200.00,-0.06,INACTIVE,NONE,NORMAL,LIKELY_INACTIVE,NORMAL,NONE
1775711050.8864894,38,68.66,200.00,-0.15,INACTIVE,NONE,NORMAL,LIKELY_INACTIVE,NORMAL,NONE
1775711050.9023342,48,68.64,200.00,-0.10,INACTIVE,NONE,NORMAL,LIKELY_INACTIVE,NORMAL,NONE
1775711050.918087,57,68.62,200.00,-0.06,INACTIVE,NONE,NORMAL,LIKELY_INACTIVE,NORMAL,NONE
1775711050.934112,69,68.62,200.00,0.00,INACTIVE,NONE,NORMAL,LIKELY_INACTIVE,NORMAL,NONE
1775711050.949947,81,68.64,200.00,0.06,INACTIVE,NONE,NORMAL,LIKELY_INACTIVE,NORMAL,NONE
1775711050.9658432,84,68.65,200.00,0.08,INACTIVE,NONE,NORMAL,LIKELY_INACTIVE,NORMAL,NONE
1775711050.9819715,71,68.65,200.00,0.01,INACTIVE,NONE,NORMAL,LIKELY_INACTIVE,NORMAL,NONE
1775711050.9979045,66,68.65,200.00,-0.01,INACTIVE,NONE,NORMAL,LIKELY_INACTIVE,NORMAL,NONE
1775711051.0137696,63,68.65,200.00,-0.03,INACTIVE,NONE,NORMAL,LIKELY_INACTIVE,NORMAL,NONE
1775711051.0296834,62,68.64,200.00,-0.03,INACTIVE,NONE,NORMAL,LIKELY_INACTIVE,NORMAL,NONE
1775711051.0461738,60,68.63,200.00,-0.04,INACTIVE,NONE,NORMAL,LIKELY_INACTIVE,NORMAL,NONE
1775711051.062062,62,68.62,200.00,-0.03,INACTIVE,NONE,NORMAL,LIKELY_INACTIVE,NORMAL,NONE
1775711051.078005,67,68.62,200.00,-0.01,INACTIVE,NONE,NORMAL,LIKELY_INACTIVE,NORMAL,NONE
1775711051.0938578,69,68.62,200.00,0.00,INACTIVE,NONE,NORMAL,LIKELY_INACTIVE,NORMAL,NONE
1775711051.1097462,61,68.61,200.00,-0.04,INACTIVE,NONE,NORMAL,LIKELY_INACTIVE,NORMAL,NONE
1775711051.1256924,62,68.61,200.00,-0.03,INACTIVE,NONE,NORMAL,LIKELY_INACTIVE,NORMAL,NONE
1775711051.1417012,58,68.60,200.00,-0.05,INACTIVE,NONE,NORMAL,LIKELY_INACTIVE,NORMAL,NONE
1775711051.157855,49,68.58,200.00,-0.10,INACTIVE,NONE,NORMAL,LIKELY_INACTIVE,NORMAL,NONE
1775711051.1738205,37,68.55,200.00,-0.16,INACTIVE,NONE,NORMAL,LIKELY_INACTIVE,NORMAL,NONE
1775711051.1899672,35,68.51,200.00,-0.17,INACTIVE,NONE,NORMAL,LIKELY_INACTIVE,NORMAL,NONE
1775711051.2059023,33,68.48,200.00,-0.18,INACTIVE,NONE,NORMAL,LIKELY_INACTIVE,NORMAL,NONE
1775711051.2215204,38,68.45,200.00,-0.15,INACTIVE,NONE,NORMAL,LIKELY_INACTIVE,NORMAL,NONE
1775711051.237824,32,68.41,200.00,-0.18,INACTIVE,NONE,NORMAL,LIKELY_INACTIVE,NORMAL,NONE
1775711051.2538874,34,68.38,200.00,-0.17,INACTIVE,NONE,NORMAL,LIKELY_INACTIVE,NORMAL,NONE
1775711051.269852,41,68.35,200.00,-0.14,INACTIVE,NONE,NORMAL,LIKELY_INACTIVE,NORMAL,NONE
1775711051.2861185,43,68.32,200.00,-0.13,INACTIVE,NONE,NORMAL,LIKELY_INACTIVE,NORMAL,NONE
1775711051.3018458,41,68.30,200.00,-0.14,INACTIVE,NONE,NORMAL,LIKELY_INACTIVE,NORMAL,NONE
1775711051.3179522,38,68.27,200.00,-0.15,INACTIVE,NONE,NORMAL,LIKELY_INACTIVE,NORMAL,NONE
1775711051.333696,43,68.24,200.00,-0.13,INACTIVE,NONE,NORMAL,LIKELY_INACTIVE,NORMAL,NONE
1775711051.3498511,48,68.22,200.00,-0.10,INACTIVE,NONE,NORMAL,LIKELY_INACTIVE,NORMAL,NONE
1775711051.3656335,58,68.21,200.00,-0.05,INACTIVE,NONE,NORMAL,LIKELY_INACTIVE,NORMAL,NONE
1775711051.382048,58,68.20,200.00,-0.05,INACTIVE,NONE,NORMAL,LIKELY_INACTIVE,NORMAL,NONE
1775711051.3978703,58,68.19,200.00,-0.05,INACTIVE,NONE,NORMAL,LIKELY_INACTIVE,NORMAL,NONE
1775711051.4140034,49,68.17,200.00,-0.10,INACTIVE,NONE,NORMAL,LIKELY_INACTIVE,NORMAL,NONE
1775711051.430399,49,68.15,200.00,-0.10,INACTIVE,NONE,NORMAL,LIKELY_INACTIVE,NORMAL,NONE
1775711051.4465375,38,68.12,200.00,-0.15,INACTIVE,NONE,NORMAL,LIKELY_INACTIVE,NORMAL,NONE
1775711051.4624069,34,68.09,200.00,-0.17,INACTIVE,NONE,NORMAL,LIKELY_INACTIVE,NORMAL,NONE
1775711051.47889,34,68.05,200.00,-0.17,INACTIVE,NONE,NORMAL,LIKELY_INACTIVE,NORMAL,NONE
1775711051.4951735,35,68.02,200.00,-0.17,INACTIVE,NONE,NORMAL,LIKELY_INACTIVE,NORMAL,NONE
1775711051.5097883,35,67.99,200.00,-0.16,INACTIVE,NONE,NORMAL,LIKELY_INACTIVE,NORMAL,NONE
1775711051.5252874,45,67.96,200.00,-0.11,INACTIVE,NONE,NORMAL,LIKELY_INACTIVE,NORMAL,NONE
1775711051.5415883,56,67.95,200.00,-0.06,INACTIVE,NONE,NORMAL,LIKELY_INACTIVE,NORMAL,NONE
1775711051.5579376,61,67.94,200.00,-0.03,INACTIVE,NONE,NORMAL,LIKELY_INACTIVE,NORMAL,NONE
1775711051.5738196,81,67.96,200.00,0.07,INACTIVE,NONE,NORMAL,LIKELY_INACTIVE,NORMAL,NONE
1775711051.5897775,78,67.97,200.00,0.05,INACTIVE,NONE,NORMAL,LIKELY_INACTIVE,NORMAL,NONE
1775711051.6056585,77,67.98,200.00,0.05,INACTIVE,NONE,NORMAL,LIKELY_INACTIVE,NORMAL,NONE
1775711051.62166,73,67.98,200.00,0.03,INACTIVE,NONE,NORMAL,LIKELY_INACTIVE,NORMAL,NONE
1775711051.6377206,70,67.98,200.00,0.01,INACTIVE,NONE,NORMAL,LIKELY_INACTIVE,NORMAL,NONE
1775711051.653749,52,67.97,200.00,-0.08,INACTIVE,NONE,NORMAL,LIKELY_INACTIVE,NORMAL,NONE
1775711051.6696517,51,67.95,200.00,-0.08,INACTIVE,NONE,NORMAL,LIKELY_INACTIVE,NORMAL,NONE
1775711051.6853635,55,67.94,200.00,-0.06,INACTIVE,NONE,NORMAL,LIKELY_INACTIVE,NORMAL,NONE
1775711051.7016637,65,67.94,200.00,-0.01,INACTIVE,NONE,NORMAL,LIKELY_INACTIVE,NORMAL,NONE
1775711051.717589,84,67.95,200.00,0.08,INACTIVE,NONE,NORMAL,LIKELY_INACTIVE,NORMAL,NONE
1775711051.734049,94,67.98,200.00,0.13,INACTIVE,NONE,NORMAL,LIKELY_INACTIVE,NORMAL,NONE
1775711051.7492926,91,68.00,200.00,0.11,INACTIVE,NONE,NORMAL,LIKELY_INACTIVE,NORMAL,NONE
1775711051.7660072,81,68.01,200.00,0.06,INACTIVE,NONE,NORMAL,LIKELY_INACTIVE,NORMAL,NONE
1775711051.7812195,71,68.02,200.00,0.01,INACTIVE,NONE,NORMAL,LIKELY_INACTIVE,NORMAL,NONE
1775711051.797193,60,68.01,200.00,-0.04,INACTIVE,NONE,NORMAL,LIKELY_INACTIVE,NORMAL,NONE
1775711051.8137643,67,68.01,200.00,-0.01,INACTIVE,NONE,NORMAL,LIKELY_INACTIVE,NORMAL,NONE
1775711051.8304906,74,68.01,200.00,0.03,INACTIVE,NONE,NORMAL,LIKELY_INACTIVE,NORMAL,NONE
1775711051.845896,85,68.03,200.00,0.08,INACTIVE,NONE,NORMAL,LIKELY_INACTIVE,NORMAL,NONE
1775711051.8617897,82,68.04,200.00,0.07,INACTIVE,NONE,NORMAL,LIKELY_INACTIVE,NORMAL,NONE
1775711051.8776107,77,68.05,200.00,0.04,INACTIVE,NONE,NORMAL,LIKELY_INACTIVE,NORMAL,NONE
1775711051.8935337,67,68.05,200.00,-0.01,INACTIVE,NONE,NORMAL,LIKELY_INACTIVE,NORMAL,NONE
1775711051.909847,60,68.04,200.00,-0.04,INACTIVE,NONE,NORMAL,LIKELY_INACTIVE,NORMAL,NONE
1775711051.9255884,44,68.02,200.00,-0.12,INACTIVE,NONE,NORMAL,LIKELY_INACTIVE,NORMAL,NONE
1775711051.941808,40,67.99,200.00,-0.14,INACTIVE,NONE,NORMAL,LIKELY_INACTIVE,NORMAL,NONE
1775711051.957632,35,67.96,200.00,-0.16,INACTIVE,NONE,NORMAL,LIKELY_INACTIVE,NORMAL,NONE
1775711051.9737124,28,67.92,200.00,-0.20,INACTIVE,NONE,NORMAL,LIKELY_INACTIVE,NORMAL,NONE
1775711051.9898138,33,67.88,200.00,-0.17,INACTIVE,NONE,NORMAL,LIKELY_INACTIVE,NORMAL,NONE
1775711052.0053124,40,67.86,200.00,-0.14,INACTIVE,NONE,NORMAL,LIKELY_INACTIVE,NORMAL,NONE
1775711052.021598,50,67.84,200.00,-0.09,INACTIVE,NONE,NORMAL,LIKELY_INACTIVE,NORMAL,NONE
1775711052.0385692,57,67.83,200.00,-0.05,INACTIVE,NONE,NORMAL,LIKELY_INACTIVE,NORMAL,NONE
1775711052.0545914,56,67.82,200.00,-0.06,INACTIVE,NONE,NORMAL,LIKELY_INACTIVE,NORMAL,NONE
1775711052.0713105,47,67.79,200.00,-0.10,INACTIVE,NONE,NORMAL,LIKELY_INACTIVE,NORMAL,NONE
1775711052.0866401,41,67.77,200.00,-0.13,INACTIVE,NONE,NORMAL,LIKELY_INACTIVE,NORMAL,NONE
1775711052.1024122,39,67.74,200.00,-0.14,INACTIVE,NONE,NORMAL,LIKELY_INACTIVE,NORMAL,NONE
1775711052.1181264,34,67.71,200.00,-0.17,INACTIVE,NONE,NORMAL,LIKELY_INACTIVE,NORMAL,NONE
1775711052.1338205,33,67.67,200.00,-0.17,INACTIVE,NONE,NORMAL,LIKELY_INACTIVE,NORMAL,NONE
1775711052.1496527,32,67.64,200.00,-0.18,INACTIVE,NONE,NORMAL,LIKELY_INACTIVE,NORMAL,NONE
1775711052.1653855,35,67.60,200.00,-0.16,INACTIVE,NONE,NORMAL,LIKELY_INACTIVE,NORMAL,NONE
1775711052.1817782,32,67.57,200.00,-0.18,INACTIVE,NONE,NORMAL,LIKELY_INACTIVE,NORMAL,NONE
1775711052.1976967,29,67.53,200.00,-0.19,INACTIVE,NONE,NORMAL,LIKELY_INACTIVE,NORMAL,NONE
1775711052.2137215,27,67.49,200.00,-0.20,INACTIVE,NONE,NORMAL,LIKELY_INACTIVE,NORMAL,NONE
1775711052.2305756,28,67.45,200.00,-0.20,INACTIVE,NONE,NORMAL,LIKELY_INACTIVE,NORMAL,NONE
1775711052.2466826,23,67.40,200.00,-0.22,INACTIVE,NONE,NORMAL,LIKELY_INACTIVE,NORMAL,NONE
1775711052.261678,29,67.37,200.00,-0.19,INACTIVE,NONE,NORMAL,LIKELY_INACTIVE,NORMAL,NONE
1775711052.277847,30,67.33,200.00,-0.19,INACTIVE,NONE,NORMAL,LIKELY_INACTIVE,NORMAL,NONE
1775711052.2939322,40,67.30,200.00,-0.14,INACTIVE,NONE,NORMAL,LIKELY_INACTIVE,NORMAL,NONE
1775711052.3095498,41,67.27,200.00,-0.13,INACTIVE,NONE,NORMAL,LIKELY_INACTIVE,NORMAL,NONE
1775711052.330317,44,67.25,200.00,-0.12,INACTIVE,NONE,NORMAL,LIKELY_INACTIVE,NORMAL,NONE
1775711052.34646,38,67.22,200.00,-0.15,INACTIVE,NONE,NORMAL,LIKELY_INACTIVE,NORMAL,NONE
1775711052.3578293,36,67.19,200.00,-0.16,INACTIVE,NONE,NORMAL,LIKELY_INACTIVE,NORMAL,NONE
1775711052.373745,29,67.15,200.00,-0.19,INACTIVE,NONE,NORMAL,LIKELY_INACTIVE,NORMAL,NONE
1775711052.3899755,28,67.11,200.00,-0.20,INACTIVE,NONE,NORMAL,LIKELY_INACTIVE,NORMAL,NONE
1775711052.4062903,30,67.08,200.00,-0.19,INACTIVE,NONE,NORMAL,LIKELY_INACTIVE,NORMAL,NONE
1775711052.4220874,29,67.04,200.00,-0.19,INACTIVE,NONE,NORMAL,LIKELY_INACTIVE,NORMAL,NONE
1775711052.43783,30,67.00,200.00,-0.19,INACTIVE,NONE,NORMAL,LIKELY_INACTIVE,NORMAL,NONE
1775711052.4541996,30,66.96,200.00,-0.18,INACTIVE,NONE,NORMAL,LIKELY_INACTIVE,NORMAL,NONE
1775711052.4696336,31,66.93,200.00,-0.18,INACTIVE,NONE,NORMAL,LIKELY_INACTIVE,NORMAL,NONE
1775711052.4857373,30,66.89,200.00,-0.18,INACTIVE,NONE,NORMAL,LIKELY_INACTIVE,NORMAL,NONE
1775711052.501629,26,66.85,200.00,-0.20,INACTIVE,NONE,NORMAL,LIKELY_INACTIVE,NORMAL,NONE
1775711052.5179765,25,66.81,200.00,-0.21,INACTIVE,NONE,NORMAL,LIKELY_INACTIVE,NORMAL,NONE
1775711052.5343852,28,66.77,200.00,-0.19,INACTIVE,NONE,NORMAL,LIKELY_INACTIVE,NORMAL,NONE
1775711052.549977,35,66.74,200.00,-0.16,INACTIVE,NONE,NORMAL,LIKELY_INACTIVE,NORMAL,NONE
1775711052.565652,36,66.71,200.00,-0.15,INACTIVE,NONE,NORMAL,LIKELY_INACTIVE,NORMAL,NONE
1775711052.5824614,44,66.68,200.00,-0.11,INACTIVE,NONE,NORMAL,LIKELY_INACTIVE,NORMAL,NONE
1775711052.597281,45,66.66,200.00,-0.11,INACTIVE,NONE,NORMAL,LIKELY_INACTIVE,NORMAL,NONE
1775711052.613531,41,66.64,200.00,-0.13,INACTIVE,NONE,NORMAL,LIKELY_INACTIVE,NORMAL,NONE
1775711052.629943,34,66.60,200.00,-0.16,INACTIVE,NONE,NORMAL,LIKELY_INACTIVE,NORMAL,NONE
1775711052.6454055,35,66.57,200.00,-0.16,INACTIVE,NONE,NORMAL,LIKELY_INACTIVE,NORMAL,NONE
1775711052.661563,33,66.54,200.00,-0.17,INACTIVE,NONE,NORMAL,LIKELY_INACTIVE,NORMAL,NONE
1775711052.6774702,36,66.51,200.00,-0.15,INACTIVE,NONE,NORMAL,LIKELY_INACTIVE,NORMAL,NONE
1775711052.6934762,38,66.48,200.00,-0.14,INACTIVE,NONE,NORMAL,LIKELY_INACTIVE,NORMAL,NONE
1775711052.709482,36,66.45,200.00,-0.15,INACTIVE,NONE,NORMAL,LIKELY_INACTIVE,NORMAL,NONE
1775711052.725624,32,66.42,200.00,-0.17,INACTIVE,NONE,NORMAL,LIKELY_INACTIVE,NORMAL,NONE
1775711052.741562,30,66.38,200.00,-0.18,INACTIVE,NONE,NORMAL,LIKELY_INACTIVE,NORMAL,NONE
1775711052.757677,34,66.35,200.00,-0.16,INACTIVE,NONE,NORMAL,LIKELY_INACTIVE,NORMAL,NONE
1775711052.7732847,38,66.32,200.00,-0.14,INACTIVE,NONE,NORMAL,LIKELY_INACTIVE,NORMAL,NONE
1775711052.7894492,40,66.29,200.00,-0.13,INACTIVE,NONE,NORMAL,LIKELY_INACTIVE,NORMAL,NONE
1775711052.80554,38,66.26,200.00,-0.14,INACTIVE,NONE,NORMAL,LIKELY_INACTIVE,NORMAL,NONE
1775711052.821531,40,66.24,200.00,-0.13,INACTIVE,NONE,NORMAL,LIKELY_INACTIVE,NORMAL,NONE
1775711052.8377159,39,66.21,200.00,-0.14,INACTIVE,NONE,NORMAL,LIKELY_INACTIVE,NORMAL,NONE
1775711052.8542817,31,66.18,200.00,-0.18,INACTIVE,NONE,NORMAL,LIKELY_INACTIVE,NORMAL,NONE
1775711052.8698335,29,66.14,200.00,-0.19,INACTIVE,NONE,NORMAL,LIKELY_INACTIVE,NORMAL,NONE
1775711052.8866847,29,66.10,200.00,-0.19,INACTIVE,NONE,NORMAL,LIKELY_INACTIVE,NORMAL,NONE
1775711052.902426,32,66.07,200.00,-0.17,INACTIVE,NONE,NORMAL,LIKELY_INACTIVE,NORMAL,NONE
1775711052.918435,26,66.03,200.00,-0.20,INACTIVE,NONE,NORMAL,LIKELY_INACTIVE,NORMAL,NONE
1775711052.934077,28,65.99,200.00,-0.19,INACTIVE,NONE,NORMAL,LIKELY_INACTIVE,NORMAL,NONE
1775711052.950397,28,65.95,200.00,-0.19,INACTIVE,NONE,NORMAL,LIKELY_INACTIVE,NORMAL,NONE
1775711052.9661198,27,65.91,200.00,-0.19,INACTIVE,NONE,NORMAL,LIKELY_INACTIVE,NORMAL,NONE
1775711052.9817705,20,65.87,200.00,-0.23,INACTIVE,NONE,NORMAL,LIKELY_INACTIVE,NORMAL,NONE
1775711052.9986925,19,65.82,200.00,-0.23,INACTIVE,NONE,NORMAL,LIKELY_INACTIVE,NORMAL,NONE
1775711053.014151,17,65.77,200.00,-0.24,INACTIVE,NONE,NORMAL,LIKELY_INACTIVE,NORMAL,NONE
1775711053.0303264,18,65.72,200.00,-0.24,INACTIVE,NONE,NORMAL,LIKELY_INACTIVE,NORMAL,NONE
1775711053.046193,18,65.67,200.00,-0.24,INACTIVE,NONE,NORMAL,LIKELY_INACTIVE,NORMAL,NONE
1775711053.0623612,18,65.63,200.00,-0.24,INACTIVE,NONE,NORMAL,LIKELY_INACTIVE,NORMAL,NONE
1775711053.0777674,18,65.58,200.00,-0.24,INACTIVE,NONE,NORMAL,LIKELY_INACTIVE,NORMAL,NONE
1775711053.0947313,17,65.53,200.00,-0.24,INACTIVE,NONE,NORMAL,LIKELY_INACTIVE,NORMAL,NONE
1775711053.1102715,18,65.48,200.00,-0.24,INACTIVE,NONE,NORMAL,LIKELY_INACTIVE,NORMAL,NONE
1775711053.125674,18,65.44,200.00,-0.24,INACTIVE,NONE,NORMAL,LIKELY_INACTIVE,NORMAL,NONE
1775711053.1420574,19,65.39,200.00,-0.23,INACTIVE,NONE,NORMAL,LIKELY_INACTIVE,NORMAL,NONE
1775711053.1578927,34,65.36,200.00,-0.16,INACTIVE,NONE,NORMAL,LIKELY_INACTIVE,NORMAL,NONE
1775711053.1737862,60,65.35,200.00,-0.03,INACTIVE,NONE,NORMAL,LIKELY_INACTIVE,NORMAL,NONE
1775711053.1896183,68,65.36,200.00,0.01,INACTIVE,NONE,NORMAL,LIKELY_INACTIVE,NORMAL,NONE
1775711053.2056828,75,65.36,200.00,0.05,INACTIVE,NONE,NORMAL,LIKELY_INACTIVE,NORMAL,NONE
1775711053.2220285,83,65.38,200.00,0.09,INACTIVE,NONE,NORMAL,LIKELY_INACTIVE,NORMAL,NONE
1775711053.2374828,74,65.39,200.00,0.04,INACTIVE,NONE,NORMAL,LIKELY_INACTIVE,NORMAL,NONE
1775711053.2542498,51,65.38,200.00,-0.07,INACTIVE,NONE,NORMAL,LIKELY_INACTIVE,NORMAL,NONE
1775711053.2699394,47,65.36,200.00,-0.09,INACTIVE,NONE,NORMAL,LIKELY_INACTIVE,NORMAL,NONE
1775711053.2856688,46,65.34,200.00,-0.10,INACTIVE,NONE,NORMAL,LIKELY_INACTIVE,NORMAL,NONE
1775711053.301566,40,65.31,200.00,-0.13,INACTIVE,NONE,NORMAL,LIKELY_INACTIVE,NORMAL,NONE
1775711053.3177748,45,65.29,200.00,-0.10,INACTIVE,NONE,NORMAL,LIKELY_INACTIVE,NORMAL,NONE
1775711053.3335288,49,65.28,200.00,-0.08,INACTIVE,NONE,NORMAL,LIKELY_INACTIVE,NORMAL,NONE
1775711053.3493714,57,65.27,200.00,-0.04,INACTIVE,NONE,NORMAL,LIKELY_INACTIVE,NORMAL,NONE
1775711053.3653066,80,65.28,200.00,0.07,INACTIVE,NONE,NORMAL,LIKELY_INACTIVE,NORMAL,NONE
1775711053.3817728,84,65.30,200.00,0.09,INACTIVE,NONE,NORMAL,LIKELY_INACTIVE,NORMAL,NONE
1775711053.3978713,77,65.31,200.00,0.06,INACTIVE,NONE,NORMAL,LIKELY_INACTIVE,NORMAL,NONE
1775711053.4141152,73,65.32,200.00,0.04,INACTIVE,NONE,NORMAL,LIKELY_INACTIVE,NORMAL,NONE
1775711053.4298651,71,65.33,200.00,0.03,INACTIVE,NONE,NORMAL,LIKELY_INACTIVE,NORMAL,NONE
1775711053.4457588,50,65.31,200.00,-0.08,INACTIVE,NONE,NORMAL,LIKELY_INACTIVE,NORMAL,NONE
1775711053.461371,48,65.29,200.00,-0.09,INACTIVE,NONE,NORMAL,LIKELY_INACTIVE,NORMAL,NONE
1775711053.4777641,49,65.28,200.00,-0.08,INACTIVE,NONE,NORMAL,LIKELY_INACTIVE,NORMAL,NONE
1775711053.4941008,50,65.26,200.00,-0.08,INACTIVE,NONE,NORMAL,LIKELY_INACTIVE,NORMAL,NONE
1775711053.5097902,47,65.24,200.00,-0.09,INACTIVE,NONE,NORMAL,LIKELY_INACTIVE,NORMAL,NONE
1775711053.5258849,37,65.22,200.00,-0.14,INACTIVE,NONE,NORMAL,LIKELY_INACTIVE,NORMAL,NONE
1775711053.5420377,40,65.19,200.00,-0.13,INACTIVE,NONE,NORMAL,LIKELY_INACTIVE,NORMAL,NONE
1775711053.5576108,39,65.17,200.00,-0.13,INACTIVE,NONE,NORMAL,LIKELY_INACTIVE,NORMAL,NONE
1775711053.5738142,38,65.14,200.00,-0.14,INACTIVE,NONE,NORMAL,LIKELY_INACTIVE,NORMAL,NONE
1775711053.589899,36,65.11,200.00,-0.15,INACTIVE,NONE,NORMAL,LIKELY_INACTIVE,NORMAL,NONE
1775711053.6058593,45,65.09,200.00,-0.10,INACTIVE,NONE,NORMAL,LIKELY_INACTIVE,NORMAL,NONE
1775711053.6217916,41,65.06,200.00,-0.12,INACTIVE,NONE,NORMAL,LIKELY_INACTIVE,NORMAL,NONE
1775711053.6377587,35,65.03,200.00,-0.15,INACTIVE,NONE,NORMAL,LIKELY_INACTIVE,NORMAL,NONE
1775711053.653757,44,65.01,200.00,-0.11,INACTIVE,NONE,NORMAL,LIKELY_INACTIVE,NORMAL,NONE
1775711053.6700544,53,65.00,200.00,-0.06,INACTIVE,NONE,NORMAL,LIKELY_INACTIVE,NORMAL,NONE
1775711053.6858652,45,64.98,200.00,-0.10,INACTIVE,NONE,NORMAL,LIKELY_INACTIVE,NORMAL,NONE
1775711053.7027333,53,64.97,200.00,-0.06,INACTIVE,NONE,NORMAL,LIKELY_INACTIVE,NORMAL,NONE
1775711053.7185202,59,64.96,200.00,-0.03,INACTIVE,NONE,NORMAL,LIKELY_INACTIVE,NORMAL,NONE
1775711053.733596,72,64.97,200.00,0.04,INACTIVE,NONE,NORMAL,LIKELY_INACTIVE,NORMAL,NONE
1775711053.7495751,103,65.01,200.00,0.19,INACTIVE,NONE,NORMAL,LIKELY_INACTIVE,NORMAL,NONE
1775711053.7652764,120,65.06,200.00,0.27,INACTIVE,NONE,NORMAL,LIKELY_INACTIVE,NORMAL,NONE
1775711053.7825897,125,65.12,200.00,0.30,INACTIVE,NONE,NORMAL,LIKELY_INACTIVE,NORMAL,NONE
1775711053.7976832,138,65.20,200.00,0.36,INACTIVE,NONE,NORMAL,LIKELY_INACTIVE,NORMAL,NONE
1775711053.8140733,124,65.26,200.00,0.29,INACTIVE,NONE,NORMAL,LIKELY_INACTIVE,NORMAL,NONE
1775711053.8301215,87,65.28,200.00,0.11,INACTIVE,NONE,NORMAL,LIKELY_INACTIVE,NORMAL,NONE
1775711053.845685,83,65.29,200.00,0.09,INACTIVE,NONE,NORMAL,LIKELY_INACTIVE,NORMAL,NONE
1775711053.8619466,73,65.30,200.00,0.04,INACTIVE,NONE,NORMAL,LIKELY_INACTIVE,NORMAL,NONE
1775711053.877797,58,65.30,200.00,-0.04,INACTIVE,NONE,NORMAL,LIKELY_INACTIVE,NORMAL,NONE
1775711053.893822,50,65.28,200.00,-0.08,INACTIVE,NONE,NORMAL,LIKELY_INACTIVE,NORMAL,NONE
1775711053.9101486,52,65.27,200.00,-0.07,INACTIVE,NONE,NORMAL,LIKELY_INACTIVE,NORMAL,NONE
1775711053.9255338,47,65.25,200.00,-0.09,INACTIVE,NONE,NORMAL,LIKELY_INACTIVE,NORMAL,NONE
1775711053.941685,46,65.23,200.00,-0.10,INACTIVE,NONE,NORMAL,LIKELY_INACTIVE,NORMAL,NONE
1775711053.9580085,51,65.21,200.00,-0.07,INACTIVE,NONE,NORMAL,LIKELY_INACTIVE,NORMAL,NONE
1775711053.9734445,52,65.20,200.00,-0.07,INACTIVE,NONE,NORMAL,LIKELY_INACTIVE,NORMAL,NONE
1775711053.9898763,57,65.19,200.00,-0.04,INACTIVE,NONE,NORMAL,LIKELY_INACTIVE,NORMAL,NONE
1775711054.0058067,50,65.18,200.00,-0.08,INACTIVE,NONE,NORMAL,LIKELY_INACTIVE,NORMAL,NONE
1775711054.0219412,48,65.16,200.00,-0.09,INACTIVE,NONE,NORMAL,LIKELY_INACTIVE,NORMAL,NONE
1775711054.038458,41,65.14,200.00,-0.12,INACTIVE,NONE,NORMAL,LIKELY_INACTIVE,NORMAL,NONE
1775711054.05406,41,65.11,200.00,-0.12,INACTIVE,NONE,NORMAL,LIKELY_INACTIVE,NORMAL,NONE
1775711054.0703561,31,65.08,200.00,-0.17,INACTIVE,NONE,NORMAL,LIKELY_INACTIVE,NORMAL,NONE
1775711054.0864584,30,65.04,200.00,-0.18,INACTIVE,NONE,NORMAL,LIKELY_INACTIVE,NORMAL,NONE
1775711054.102426,28,65.01,200.00,-0.19,INACTIVE,NONE,NORMAL,LIKELY_INACTIVE,NORMAL,NONE
