timestamp,amplitude
1774604997.27409,70
1774604997.2897916,67
1774604997.3058043,67
1774604997.32184,72
1774604997.338017,79
1774604997.3538744,80
1774604997.3698716,81
1774604997.38583,79
1774604997.4018276,77
1774604997.4177933,74
1774604997.4338174,77
1774604997.4499786,82
1774604997.4659812,86
1774604997.4819725,84
1774604997.498209,79
1774604997.5142176,78
1774604997.530307,73
1774604997.5459034,74
1774604997.5618136,75
1774604997.5778737,78
1774604997.5939622,76
1774604997.6099586,75
1774604997.625845,73
1774604997.6442142,68
1774604997.6579452,65
1774604997.673943,66
1774604997.6901476,69
1774604997.7062428,70
1774604997.7219307,72
1774604997.7379496,73
1774604997.7540538,72
1774604997.76985,73
1774604997.786133,74
1774604997.8018644,73
1774604997.8178606,75
1774604997.8338525,75
1774604997.84988,73
1774604997.8659222,72
1774604997.881909,74
1774604997.8982036,75
1774604997.9140708,76
1774604997.9303885,78
1774604997.945913,79
1774604997.961931,80
1774604997.9779909,78
1774604997.9938686,80
1774604998.0100856,76
1774604998.025974,76
1774604998.0419867,72
1774604998.0580308,73
1774604998.073892,73
1774604998.0899265,74
1774604998.1058936,74
1774604998.1218848,73
1774604998.1379368,72
1774604998.1538944,70
1774604998.1699145,66
1774604998.185941,66
1774604998.201893,66
1774604998.2179756,65
1774604998.2340195,65
1774604998.2500603,69
1774604998.2659073,67
1774604998.2819276,71
1774604998.2980266,71
1774604998.3138995,69
1774604998.330791,65
1774604998.346169,65
1774604998.3619468,64
1774604998.3780572,64
1774604998.3943112,67
1774604998.4100869,70
1774604998.4260185,71
1774604998.4421432,73
1774604998.4583387,71
1774604998.4741967,68
1774604998.4905276,64
1774604998.5059566,64
1774604998.5219438,60
1774604998.5379417,59
1774604998.5540707,58
1774604998.5699065,57
1774604998.5863903,56
1774604998.602091,55
1774604998.6179252,56
1774604998.6340172,56
1774604998.6499882,57
1774604998.6662369,55
1774604998.6819963,57
1774604998.6979666,57
1774604998.7139723,60
1774604998.7299242,61
1774604998.7459538,68
1774604998.7620595,67
1774604998.7786446,69
1774604998.7939417,71
1774604998.8102138,70
1774604998.8261468,67
1774604998.8419235,67
1774604998.8581557,65
1774604998.873971,63
1774604998.889994,64
1774604998.9061577,61
1774604998.921966,63
1774604998.9379532,62
1774604998.9540355,62
1774604998.970119,62
1774604998.9859893,63
1774604999.0019472,60
1774604999.0179472,59
1774604999.0341103,61
1774604999.0500615,61
1774604999.0661342,59
1774604999.082252,59
1774604999.09801,61
1774604999.1139688,59
1774604999.1304452,57
1774604999.1465447,59
1774604999.1619964,58
1774604999.177961,57
1774604999.193995,56
1774604999.209979,56
1774604999.2259645,57
1774604999.2425342,59
1774604999.2580967,58
1774604999.2741117,59
1774604999.2901254,61
1774604999.3060334,60
1774604999.322041,59
1774604999.3380346,59
1774604999.3540926,60
1774604999.3699903,63
1774604999.386003,63
1774604999.402199,65
1774604999.4179902,67
1774604999.4340014,65
1774604999.4501586,63
1774604999.4661329,63
1774604999.4819965,61
1774604999.4979916,60
1774604999.5139964,60
1774604999.5300045,60
1774604999.5464003,65
1774604999.5626013,71
1774604999.578073,78
1774604999.5941653,77
1774604999.6100876,78
1774604999.6261117,77
1774604999.642104,75
1774604999.6581852,71
1774604999.6744683,73
1774604999.6901333,70
1774604999.7060065,68
1774604999.7220113,66
1774604999.738007,62
1774604999.7540822,58
1774604999.7700367,58
1774604999.7859945,57
1774604999.802106,57
1774604999.818084,58
1774604999.8340175,61
1774604999.8500514,64
1774604999.8660328,63
1774604999.8820846,61
1774604999.8981555,61
1774604999.9154456,61
1774604999.9306092,57
1774604999.9462032,58
1774604999.9624827,61
1774604999.9783208,57
1774604999.994071,55
1774605000.0100362,53
1774605000.026465,52
1774605000.0421755,49
1774605000.058203,51
1774605000.0742126,51
1774605000.0900831,53
1774605000.1060445,56
1774605000.1232936,56
1774605000.1393635,56
1774605000.1540387,55
1774605000.1701791,55
1774605000.1860974,55
1774605000.2020977,62
1774605000.2181125,91
1774605000.2341316,143
1774605000.2501457,183
1774605000.2660983,219
1774605000.282142,266
1774605000.2980888,323
1774605000.314088,332
1774605000.330183,313
1774605000.346188,304
1774605000.362116,286
1774605000.3793983,268
1774605000.394233,272
1774605000.4104533,311
1774605000.4261618,330
1774605000.442172,335
1774605000.4581301,312
1774605000.474166,299
1774605000.4904282,303
1774605000.5064378,360
1774605000.522306,466
1774605000.538102,571
1774605000.5540886,681
1774605000.570192,775
1774605000.5861065,818
1774605000.602313,817
1774605000.6181564,805
1774605000.6341372,787
1774605000.6501682,797
1774605000.6662385,796
1774605000.6823192,736
1774605000.6981618,669
1774605000.7141354,605
1774605000.7301323,528
1774605000.7461343,530
1774605000.7625418,520
1774605000.7783363,514
1774605000.7941604,515
1774605000.8104842,504
1774605000.826234,443
1774605000.8428214,466
1774605000.8582127,516
1774605000.8744464,566
1774605000.8903549,637
1774605000.9064574,714
1774605000.922615,772
1774605000.9382124,811
1774605000.954376,873
1774605000.9702253,950
1774605000.986207,986
1774605001.0021858,1017
1774605001.0182457,1039
1774605001.0342884,923
1774605001.0502484,753
1774605001.0662842,596
1774605001.0822368,470
1774605001.098249,358
1774605001.1142082,357
1774605001.1302388,399
1774605001.1462135,441
1774605001.1622643,451
1774605001.1794634,453
1774605001.194483,443
1774605001.2102392,410
1774605001.2261906,404
1774605001.2423983,419
1774605001.2583647,451
1774605001.2742095,509
1774605001.2901623,569
1774605001.3061898,631
1774605001.3222172,663
1774605001.338205,661
1774605001.3542013,644
1774605001.3702528,642
1774605001.38772,641
1774605001.4022653,584
1774605001.4182038,521
1774605001.4342544,441
1774605001.4504552,364
1774605001.4662044,280
1774605001.4822605,283
1774605001.4983919,330
1774605001.5142307,408
1774605001.5302713,470
1774605001.5466394,516
1774605001.5622756,532
1774605001.5785055,547
1774605001.5941951,552
1774605001.6102421,520
1774605001.6262014,478
1774605001.6422975,459
1774605001.6582873,440
1774605001.6742067,422
1774605001.6902127,451
1774605001.7064714,534
1774605001.7222052,624
1774605001.7382421,724
1774605001.754214,795
1774605001.770268,774
1774605001.786218,669
1774605001.8022091,537
1774605001.818391,384
1774605001.8343709,257
1774605001.850227,198
1774605001.8663142,196
1774605001.8822684,214
1774605001.8982131,222
1774605001.9143002,222
1774605001.9302664,235
1774605001.9462888,222
1774605001.9623082,201
1774605001.9788785,192
1774605001.9948575,189
1774605002.0104644,181
1774605002.0263886,180
1774605002.0422385,190
1774605002.0582883,208
1774605002.074647,219
1774605002.090231,233
1774605002.1064842,262
1774605002.122443,287
1774605002.1384192,301
1774605002.1542423,302
1774605002.1702592,283
1774605002.1862545,250
1774605002.2022638,202
1774605002.2183123,158
1774605002.234256,141
1774605002.2502422,136
1774605002.266403,139
1774605002.2823024,148
1774605002.2983356,147
1774605002.314367,135
1774605002.330269,127
1774605002.3464382,120
1774605002.362274,120
1774605002.3782957,130
1774605002.394674,131
1774605002.410424,132
1774605002.4262278,134
1774605002.4423554,124
1774605002.4583826,110
1774605002.4742692,101
1774605002.4903593,87
1774605002.506414,77
1774605002.5222833,71
1774605002.5382588,65
1774605002.5542593,64
1774605002.5702531,65
1774605002.5863214,58
1774605002.6022973,59
1774605002.6182706,60
1774605002.634247,59
1774605002.650282,59
1774605002.666246,62
1774605002.682311,65
1774605002.698293,66
1774605002.7143755,68
1774605002.7303119,71
1774605002.7463346,73
1774605002.7628074,74
1774605002.7785206,74
1774605002.7950635,72
1774605002.8108025,66
1774605002.8263535,65
1774605002.842369,61
1774605002.85831,60
1774605002.874268,59
1774605002.8903704,61
1774605002.9063084,61
1774605002.922286,62
1774605002.9382787,65
1774605002.954282,70
1774605002.9703586,73
1774605002.9862902,82
1774605003.002311,84
1774605003.018388,80
1774605003.0343275,80
1774605003.050291,77
1774605003.066329,74
1774605003.082306,70
1774605003.0983,73
1774605003.1143522,73
1774605003.13047,70
1774605003.1462977,68
1774605003.1628904,69
1774605003.1786344,65
1774605003.1951916,62
1774605003.2128606,63
1774605003.2295895,59
1774605003.2425768,56
1774605003.2586305,57
1774605003.2746553,57
1774605003.290491,58
1774605003.3068187,61
1774605003.322323,65
1774605003.338304,65
1774605003.3543193,67
1774605003.3707225,65
1774605003.3863628,62
1774605003.4024074,61
1774605003.4183993,65
1774605003.4343097,68
1774605003.4503317,68
1774605003.4664013,71
1774605003.4825485,72
1774605003.4983406,74
1774605003.5144293,75
1774605003.5303404,78
1774605003.5465682,76
1774605003.5627444,78
1774605003.5785706,73
1774605003.5948186,81
1774605003.6111622,93
1774605003.6269212,121
1774605003.6424375,120
1774605003.658385,127
1774605003.6744106,118
1774605003.69045,106
1774605003.7063396,78
1774605003.72327,79
1774605003.7384405,98
1774605003.754752,97
1774605003.7703633,96
1774605003.7863688,100
1774605003.8023477,98
1774605003.818415,71
1774605003.8343732,68
1774605003.850357,69
1774605003.8663692,65
1774605003.8823895,64
1774605003.8983722,62
1774605003.9144397,69
1774605003.9303753,68
1774605003.9464262,71
1774605003.9623551,77
1774605003.9783983,80
1774605003.9944634,73
1774605004.0103977,70
1774605004.0264325,68
1774605004.0425887,69
1774605004.0584276,71
1774605004.074559,75
1774605004.0903683,77
1774605004.1065023,76
1774605004.1225352,70
1774605004.1388462,69
1774605004.1544824,66
1774605004.1704798,63
1774605004.186383,62
1774605004.2024338,60
1774605004.2184298,58
1774605004.234512,57
1774605004.250412,60
1774605004.2664223,60
1774605004.2826295,63
1774605004.2983954,68
1774605004.314556,69
1774605004.3305738,70
1774605004.3465693,73
1774605004.3624825,72
1774605004.3784513,70
1774605004.3944092,69
1774605004.410458,64
1774605004.42651,73
1774605004.442436,74
1774605004.458439,70
1774605004.47469,72
1774605004.4904454,75
1774605004.5064356,66
1774605004.5225334,69
1774605004.5384164,74
1774605004.5545146,75
1774605004.5710456,71
1774605004.5865214,67
1774605004.6024349,59
1774605004.6184464,58
1774605004.634502,54
1774605004.650531,56
1774605004.6664338,59
1774605004.6824994,63
1774605004.6986098,63
1774605004.7144568,65
1774605004.7304401,62
1774605004.7465913,59
1774605004.7624357,56
1774605004.7784827,53
1774605004.7944663,50
1774605004.8104405,50
1774605004.8264658,53
1774605004.8424532,55
1774605004.8585253,55
1774605004.87445,57
1774605004.890467,60
1774605004.9064713,60
1774605004.9225347,62
1774605004.9384928,66
1774605004.9546142,66
1774605004.970597,63
1774605004.9864588,63
1774605005.0025482,62
1774605005.018566,57
1774605005.0346358,58
1774605005.0504878,60
1774605005.066552,58
1774605005.0824845,57
1774605005.0984964,57
1774605005.1146264,55
1774605005.1306415,56
1774605005.14648,57
1774605005.1625834,60
1774605005.1785011,64
1774605005.1944916,67
1774605005.2106426,67
1774605005.2264879,70
1774605005.242677,71
1774605005.2586138,69
1774605005.2745848,68
1774605005.2904756,68
1774605005.3064694,65
1774605005.32248,65
1774605005.3386393,67
1774605005.3545136,68
1774605005.3704872,70
1774605005.3864903,73
1774605005.4024918,76
1774605005.4185143,74
1774605005.4345005,76
1774605005.4508011,79
1774605005.466588,83
1774605005.4825523,83
1774605005.498519,86
1774605005.5145793,83
1774605005.530517,84
1774605005.5465488,82
1774605005.562502,81
1774605005.5785818,78
1774605005.5945067,81
1774605005.6104753,79
1774605005.626513,77
1774605005.642525,74
1774605005.6585386,73
1774605005.6745198,71
1774605005.690512,66
1774605005.7065651,62
1774605005.7225158,62
1774605005.739136,62
1774605005.7545128,60
1774605005.770627,62
1774605005.786523,63
1774605005.8025723,64
1774605005.8185208,64
1774605005.8346536,65
1774605005.8505256,67
1774605005.866575,68
1774605005.8825588,68
1774605005.8985188,69
1774605005.9145443,72
1774605005.9305434,73
1774605005.946601,75
1774605005.9634993,73
1774605005.9785445,71
1774605005.9946547,69
1774605006.01061,71
1774605006.027309,72
1774605006.0427544,79
1774605006.0587313,81
1774605006.0745437,84
1774605006.0905395,79
1774605006.1065495,76
1774605006.122543,68
1774605006.138657,66
1774605006.154603,61
1774605006.1706517,61
1774605006.1865447,61
1774605006.2028763,65
1774605006.2185512,65
1774605006.2345915,70
1774605006.250556,72
1774605006.266568,72
1774605006.2827313,73
1774605006.2986286,73
1774605006.3145819,73
1774605006.3306472,76
1774605006.3465745,75
1774605006.3625817,74
1774605006.3786907,76
1774605006.3949537,75
1774605006.4105923,74
1774605006.4267087,77
1774605006.442826,81
1774605006.458668,79
1774605006.4749463,78
1774605006.490605,78
1774605006.506755,72
1774605006.5226345,70
1774605006.5387511,70
1774605006.5547204,75
1774605006.5707717,79
1774605006.586615,86
1774605006.60263,86
1774605006.618649,85
1774605006.6347356,80
1774605006.6506135,73
1774605006.6666272,68
1774605006.6826742,70
1774605006.698678,70
1774605006.7146707,71
1774605006.7306857,72
1774605006.7466328,72
1774605006.762748,69
1774605006.7786818,66
1774605006.7946632,65
1774605006.8106408,64
1774605006.8266525,64
1774605006.8428116,64
1774605006.858786,65
1774605006.8751283,65
1774605006.890641,69
1774605006.9066324,71
1774605006.9226768,74
1774605006.938669,75
1774605006.9546728,79
1774605006.970641,79
1774605006.9867198,81
1774605007.0027544,80
1774605007.0187225,84
1774605007.0346465,83
1774605007.0506666,82
1774605007.0666318,83
1774605007.0826542,86
1774605007.0986578,88
1774605007.1146338,90
1774605007.1306949,97
1774605007.1466742,101
1774605007.1626735,105
1774605007.1787066,106
1774605007.1946797,109
1774605007.210755,107
1774605007.2266593,104
1774605007.2426674,103
1774605007.2588398,104
1774605007.275264,103
1774605007.2908177,97
1774605007.306791,91
1774605007.3227022,84
1774605007.339269,74
1774605007.3546894,70
1774605007.3706877,70
1774605007.3867242,70
1774605007.4030259,70
1774605007.4186833,73
1774605007.4346993,72
1774605007.451162,72
1774605007.4667459,76
1774605007.4826748,78
1774605007.4986773,74
1774605007.5147595,74
1774605007.530803,74
1774605007.546734,71
1774605007.562834,68
1774605007.5786889,70
1774605007.5947075,72
1774605007.6107652,70
1774605007.6267602,72
1774605007.6427445,73
1774605007.6587293,77
1774605007.6753385,76
1774605007.6907065,84
1774605007.7067688,85
1774605007.7228222,89
1774605007.7387118,92
1774605007.7546859,99
1774605007.7709029,95
1774605007.7867656,99
1774605007.802849,95
1774605007.8186932,93
1774605007.83479,86
1774605007.8508482,85
1774605007.866892,81
1774605007.8827062,85
1774605007.8989995,86
1774605007.9147027,90
1774605007.9307225,89
1774605007.9467342,90
1774605007.9627213,93
1774605007.9786978,90
1774605007.9946997,89
1774605008.0107722,91
1774605008.0268445,86
1774605008.043218,81
1774605008.059085,83
1774605008.0749614,85
1774605008.0908835,87
1774605008.106719,88
1774605008.122772,87
1774605008.138879,82
1774605008.1551363,77
1774605008.1707618,75
1774605008.1867254,72
1774605008.2028131,73
1774605008.218834,73
1774605008.2347724,71
1774605008.250749,72
1774605008.2669888,73
1774605008.2828567,70
1774605008.2988877,68
1774605008.3148153,69
1774605008.3307815,65
1774605008.3468192,64
1774605008.3629482,63
1774605008.378914,65
1774605008.3949025,64
1774605008.4112554,64
1774605008.4271245,64
1774605008.442895,63
1774605008.4588754,63
1774605008.4747553,61
1774605008.4907436,67
1774605008.5069814,70
1774605008.5228896,77
1774605008.5389142,81
1774605008.5548148,83
1774605008.5707612,85
1774605008.5868237,86
1774605008.6027684,88
1774605008.6187627,88
1774605008.6347485,97
1774605008.6507432,98
1774605008.666749,102
1774605008.682806,102
1774605008.7835288,109
1774605008.7839158,107
1774605008.784479,103
1774605008.7848222,97
1774605008.7852535,95
1774605008.7856889,90
1774605008.7948205,89
1774605008.811303,89
1774605008.8268805,90
1774605008.842867,86
1774605008.8588462,85
1774605008.8747885,82
1774605008.890822,83
1774605008.9068186,83
1774605008.9228067,86
1774605008.938951,83
1774605008.9547908,80
1774605008.9711297,74
1774605008.986788,71
1774605009.0028234,68
1774605009.0187979,68
1774605009.0348582,71
1774605009.0508242,72
1774605009.0669458,74
1774605009.0829048,76
1774605009.0988915,76
1774605009.114802,74
1774605009.1309052,76
1774605009.1469345,73
1774605009.162834,68
1774605009.178992,66
1774605009.1948776,65
1774605009.2108238,61
1774605009.2275014,61
1774605009.2430458,66
1774605009.2588983,69
1774605009.2748694,69
1774605009.2911935,71
1774605009.307418,72
1774605009.3230882,72
1774605009.3388238,71
1774605009.3548467,70
1774605009.3709493,71
1774605009.3869474,72
1774605009.4028459,69
1774605009.418855,68
1774605009.434834,68
1774605009.4508228,67
1774605009.4669254,68
1774605009.4829142,69
1774605009.498967,68
1774605009.5152652,68
1774605009.5310123,68
1774605009.5470974,67
1774605009.5629022,65
1774605009.5789545,65
1774605009.5948503,64
1774605009.610942,64
1774605009.6269581,64
1774605009.6432724,65
1774605009.658867,65
1774605009.6749265,68
1774605009.6911662,64
1774605009.707797,62
1774605009.7231035,62
1774605009.7389092,63
1774605009.7549787,60
1774605009.7708848,63
1774605009.7869103,62
1774605009.8028636,63
1774605009.8188906,62
1774605009.8348575,62
1774605009.8509939,60
1774605009.8668644,63
1774605009.882907,63
1774605009.898977,64
1774605009.9149811,66
1774605009.9308703,68
1774605009.9468966,64
1774605009.9629066,64
1774605009.9789627,64
1774605009.9949057,65
1774605010.0109692,68
1774605010.027287,71
1774605010.0429962,73
1774605010.0589437,73
1774605010.0749977,70
1774605010.090901,65
1774605010.1074784,62
1774605010.1238136,57
1774605010.1393406,59
1774605010.1549044,59
1774605010.1709483,60
1774605010.1870027,64
1774605010.2033958,67
1774605010.2189376,65
1774605010.2350035,66
1774605010.2510645,69
1774605010.2669172,67
1774605010.2829213,68
1774605010.298908,68
1774605010.3150704,65
1774605010.3310692,64
1774605010.3470542,61
1774605010.362924,58
1774605010.3789392,58
1774605010.395022,60
1774605010.410953,61
1774605010.4269922,68
1774605010.4429336,69
1774605010.4589732,72
1774605010.4761708,75
1774605010.4910607,74
1774605010.5070262,71
1774605010.5232522,74
1774605010.5393193,73
1774605010.5549598,68
1774605010.5713036,69
1774605010.5871735,70
1774605010.6029387,66
1774605010.6192453,61
1774605010.6349568,61
1774605010.6509705,60
1774605010.6672826,59
1774605010.6830027,60
1774605010.699039,61
1774605010.7150693,65
1774605010.731044,67
1774605010.7470222,68
1774605010.7630265,70
1774605010.7791553,73
1774605010.795155,72
1774605010.81113,74
1774605010.8270407,76
1774605010.8430235,79
1774605010.8591144,82
1774605010.8751087,88
1774605010.8911588,84
1774605010.9071586,82
1774605010.9230213,80
1774605010.9390223,78
1774605010.9552238,76
1774605010.9712193,77
1774605010.9870367,82
1774605011.0030355,82
1774605011.0190766,79
1774605011.035133,81
1774605011.0515084,100
1774605011.0670633,113
1774605011.0830605,112
1774605011.099168,143
1774605011.115147,163
1774605011.131218,146
1774605011.1471505,144
1774605011.1632626,162
1774605011.179232,137
1774605011.1952226,132
1774605011.2111528,149
1774605011.2271352,136
1774605011.243144,129
1774605011.2596824,132
1774605011.2758968,110
1774605011.2915905,99
1774605011.3071053,114
1774605011.3247287,103
1774605011.3396485,98
1774605011.356306,111
1774605011.3710945,114
1774605011.3871858,95
1774605011.4032025,103
1774605011.4191573,111
1774605011.4355357,235
1774605011.451244,937
1774605011.4671323,1361
1774605011.4831161,1921
1774605011.4991176,2180
1774605011.5151432,2373
1774605011.5311315,2601
1774605011.54726,3028
1774605011.5631154,2780
1774605011.5791287,2723
1774605011.595198,2741
1774605011.6112494,2021
1774605011.6271589,1638
1774605011.6433141,1827
1774605011.659253,1760
1774605011.675516,1650
1774605011.6912525,1625
1774605011.7073674,1303
1774605011.7231486,1089
1774605011.7394097,1110
1774605011.7562587,968
1774605011.7712548,1001
1774605011.7871592,1029
1774605011.8031213,794
1774605011.8193262,750
1774605011.8351412,739
1774605011.851122,647
1774605011.8671582,672
1774605011.8831182,685
1774605011.8991246,599
1774605011.915126,556
1774605011.9311821,464
1774605011.9472537,416
1774605011.9631338,484
1774605011.979131,482
1774605011.995246,446
1774605012.0112576,413
1774605012.0271926,359
1774605012.0444493,358
1774605012.059255,395
1774605012.0751758,418
1774605012.0913007,412
1774605012.1075404,369
1774605012.123337,341
1774605012.1397448,374
1774605012.1559289,396
1774605012.1711898,403
1774605012.1877558,366
1774605012.2032053,329
1774605012.21957,318
1774605012.2352679,333
1774605012.2513225,349
1774605012.2671692,338
1774605012.283267,297
1774605012.299312,266
1774605012.3151832,275
1774605012.3315516,289
1774605012.347414,290
1774605012.363387,263
1774605012.3792646,234
1774605012.3959577,221
1774605012.4114914,239
1774605012.4272122,255
1774605012.443237,253
1774605012.4592276,226
1774605012.475333,201
1774605012.491517,189
1774605012.5072598,200
1774605012.523339,204
1774605012.5397167,200
1774605012.556129,179
1774605012.5717018,162
1774605012.587331,160
1774605012.603342,166
1774605012.6191924,168
1774605012.6351857,158
1774605012.6511767,145
1774605012.6672113,135
1774605012.6831803,130
1774605012.6991858,129
1774605012.7152095,121
1774605012.7314017,111
1774605012.7474778,103
1774605012.7638924,108
1774605012.7793002,108
1774605012.7951932,108
1774605012.8112,106
1774605012.8271916,100
1774605012.843185,98
1774605012.8591988,102
1774605012.8752327,103
1774605012.8911858,99
1774605012.9077034,99
1774605012.923178,98
1774605012.939865,98
1774605012.9559677,99
1774605012.9716523,104
1774605012.9872396,102
1774605013.0031877,95
1774605013.0191777,97
1774605013.0353193,99
1774605013.0512755,94
1774605013.0671902,88
1774605013.0832179,82
1774605013.0992115,77
1774605013.1151946,74
1774605013.1313043,77
1774605013.1473038,79
1774605013.1632218,79
1774605013.179297,78
1774605013.1952937,78
1774605013.2112694,78
1774605013.2273128,78
1774605013.2432125,79
1774605013.2593477,78
1774605013.2752082,79
1774605013.2912576,80
1774605013.307316,84
1774605013.323228,84
1774605013.3393817,82
1774605013.3553064,82
1774605013.3726633,78
1774605013.3874798,72
1774605013.403281,69
1774605013.4192932,70
1774605013.4352598,65
1774605013.4512997,69
1774605013.4673889,70
1774605013.4832923,76
1774605013.4993556,79
1774605013.5153837,83
1774605013.531306,78
1774605013.5473583,79
1774605013.5633292,74
1774605013.5793426,73
1774605013.595277,71
1774605013.6113348,74
1774605013.627268,72
1774605013.6433911,71
1774605013.6593862,68
1774605013.6752713,66
1774605013.6913183,65
1774605013.7072382,65
1774605013.7233377,64
1774605013.7392564,69
1774605013.7554553,72
1774605013.7721405,71
1774605013.7874544,73
1774605013.8033776,70
1774605013.819327,67
1774605013.835318,65
1774605013.8512495,64
1774605013.8674185,62
1774605013.8834286,65
1774605013.8993673,62
1774605013.9153051,62
1774605013.931251,59
1774605013.9487069,58
1774605013.9632752,55
1774605013.979394,54
1774605013.9954567,55
1774605014.0114872,56
1774605014.0274303,57
1774605014.043273,59
1774605014.0592828,61
1774605014.0754304,61
1774605014.0912945,63
1774605014.10751,65
1774605014.1237106,64
1774605014.1392772,61
1774605014.1557026,62
1774605014.1714656,61
1774605014.188176,60
1774605014.2032878,63
1774605014.2192981,64
1774605014.2353096,63
1774605014.2514124,61
1774605014.26737,61
1774605014.2834215,58
1774605014.2993999,57
1774605014.3153143,56
1774605014.3314018,56
1774605014.3473933,53
1774605014.3633056,53
1774605014.379344,56
1774605014.3952978,60
1774605014.4113014,61
1774605014.4273143,67
1774605014.4433131,72
1774605014.4593768,75
1774605014.4753838,75
1774605014.4912891,77
1774605014.5074341,73
1774605014.5233545,69
1774605014.5394194,66
1774605014.5554104,65
1774605014.5714107,63
1774605014.5878687,64
1774605014.604514,66
1774605014.619335,65
1774605014.635435,65
1774605014.6513402,67
1774605014.6673148,66
1774605014.683328,63
1774605014.7013044,63
1774605014.715381,64
1774605014.731385,61
1774605014.7473266,63
1774605014.7634506,64
1774605014.779324,65
1774605014.795431,68
1774605014.8114102,71
1774605014.8274107,70
1774605014.8433838,69
1774605014.8593216,66
1774605014.8753328,61
1774605014.8913372,55
1774605014.9074118,56
1774605014.923416,56
1774605014.939355,58
1774605014.9553766,58
1774605014.9714456,62
1774605014.9883451,65
1774605015.0038223,65
1774605015.0194278,64
1774605015.0353882,64
1774605015.05142,61
1774605015.0673885,60
1774605015.0835254,65
1774605015.0993478,69
1774605015.1155207,74
1774605015.1316109,77
1774605015.1474686,78
1774605015.1633644,74
1774605015.1795185,74
1774605015.1953707,75
1774605015.2115407,81
1774605015.2274952,82
1774605015.2433696,82
1774605015.259414,81
1774605015.2757475,81
1774605015.2914212,74
1774605015.3074968,71
1774605015.3238664,69
1774605015.339779,67
1774605015.3554537,63
1774605015.3715017,64
1774605015.3874376,64
1774605015.4038875,64
1774605015.4195352,63
1774605015.4353788,65
1774605015.4513724,65
1774605015.4674287,64
1774605015.4834092,65
1774605015.4993944,64
1774605015.5154307,63
1774605015.531381,63
1774605015.5474484,64
1774605015.5634925,61
1774605015.5793853,60
1774605015.5955095,59
1774605015.611459,59
1774605015.6273894,62
1774605015.6434972,66
1774605015.6594157,72
1774605015.6754797,78
1774605015.6916318,82
1774605015.707462,85
1774605015.7234428,87
1774605015.7397802,89
1774605015.7554827,91
1774605015.7716126,95
1774605015.7874272,95
1774605015.803482,95
1774605015.8194895,93
1774605015.8354971,91
1774605015.8514931,89
1774605015.8674443,86
1774605015.8834705,90
1774605015.8994508,88
1774605015.915461,87
1774605015.9314432,79
1774605015.947419,85
1774605015.9635403,86
1774605015.979455,91
1774605015.9954445,92
1774605016.0114713,93
1774605016.027426,94
1774605016.043496,102
1774605016.0595129,110
1774605016.0755544,133
1774605016.0915961,140
1774605016.1075866,132
1774605016.123565,131
1774605016.1395845,120
1774605016.1555972,148
1774605016.1715126,293
1774605016.1875448,372
1774605016.204107,468
1774605016.2206914,631
1774605016.2354734,641
1774605016.2514203,503
1774605016.267511,448
1774605016.2834456,478
1774605016.2995613,362
1774605016.31543,304
1774605016.3314664,333
1774605016.347502,330
1774605016.3635254,245
1774605016.3794925,276
1774605016.3954298,296
1774605016.4114332,320
1774605016.4274294,454
1774605016.443549,461
1774605016.4594638,423
1774605016.4754252,435
1774605016.4914906,411
1774605016.5074883,333
1774605016.5234919,318
1774605016.5394287,342
1774605016.555503,389
1774605016.5714521,362
1774605016.5876553,333
1774605016.6038425,316
1774605016.6202211,280
1774605016.6357882,218
1774605016.6514564,233
1774605016.6675045,271
1774605016.6834698,332
1774605016.6994274,415
1774605016.7155275,412
1774605016.7315578,399
1774605016.7475388,343
1774605016.7634714,271
1774605016.779585,172
1774605016.795675,173
1774605016.811695,168
1774605016.82751,158
1774605016.8435192,165
1774605016.8595955,153
1774605016.8760574,134
1774605016.8914685,123
1774605016.9076326,130
1774605016.9235663,138
1774605016.939603,139
1774605016.9554462,146
1774605016.971427,246
1774605016.9875667,237
1774605017.0035717,206
1774605017.0200772,250
1774605017.0355906,324
1774605017.0516527,249
1774605017.06771,274
1774605017.0839405,319
1774605017.099683,333
1774605017.115639,256
1774605017.1317039,238
1774605017.1475444,224
1774605017.1634839,222
1774605017.1797051,240
1774605017.1956599,282
1774605017.2117796,324
1774605017.2275953,351
1774605017.24366,338
1774605017.2598572,268
1774605017.2755876,227
1774605017.291693,181
1774605017.30768,149
1774605017.3237183,118
1774605017.3396444,109
1774605017.3556695,123
1774605017.3716204,128
1774605017.387709,145
1774605017.4036505,144
1774605017.4195309,161
1774605017.43577,146
1774605017.4516315,175
1774605017.4677038,192
1774605017.4837232,237
1774605017.4996057,247
1774605017.5155835,269
1774605017.5316753,251
1774605017.5475576,221
1774605017.5637028,188
1774605017.5796225,182
1774605017.5955646,185
1774605017.6117337,166
1774605017.6277235,149
1774605017.6438563,136
1774605017.6598434,146
1774605017.675761,121
1774605017.6917071,154
1774605017.7077494,158
1774605017.7236705,198
1774605017.7398958,191
1774605017.75574,205
1774605017.7718105,197
1774605017.7875786,191
1774605017.8043914,181
1774605017.8197165,189
1774605017.8356106,228
1774605017.8516097,241
1774605017.8677394,255
1774605017.883857,223
1774605017.8999155,204
1774605017.9157379,162
1774605017.9317605,132
1774605017.9478693,111
1774605017.9636915,121
1774605017.979763,111
1774605017.995628,96
1774605018.0118108,118
1774605018.0277193,130
1774605018.0438397,166
1774605018.0597343,232
1774605018.075811,242
1774605018.0916398,233
1774605018.1078048,255
1774605018.1237762,224
1774605018.139703,178
1774605018.155759,161
1774605018.1718254,141
1774605018.1877534,112
1774605018.2038238,127
1774605018.2199585,120
1774605018.2357166,125
1774605018.251655,130
1774605018.2676702,124
1774605018.2838671,93
1774605018.2996645,79
1774605018.3158321,85
1774605018.3318698,78
1774605018.3476675,86
1774605018.3638108,89
1774605018.3798282,86
1774605018.3957105,80
1774605018.4117184,89
1774605018.4277484,88
1774605018.4439702,126
1774605018.4599164,137
1774605018.475928,135
1774605018.4918156,142
1774605018.507615,154
1774605018.523856,122
1774605018.5396242,120
1774605018.5558186,120
1774605018.571646,100
1774605018.587634,83
1774605018.6037369,77
1774605018.6199658,118
1774605018.6357315,169
1774605018.6516755,170
1774605018.667707,167
1774605018.6838934,166
1774605018.6999228,121
1774605018.7156713,78
1774605018.73184,83
1774605018.7478058,81
1774605018.763773,79
1774605018.7796905,82
1774605018.7957904,81
1774605018.811849,76
1774605018.8280182,79
1774605018.8439057,80
1774605018.8598464,77
1774605018.8759375,75
1774605018.8923175,81
1774605018.9076571,79
1774605018.9236677,78
1774605018.9398477,72
1774605018.9556894,68
1774605018.9718456,64
1774605018.98762,67
1774605019.0037515,72
1774605019.0490165,80
1774605019.0493226,89
1774605019.0516114,97
1774605019.0677311,98
1774605019.083614,95
1774605019.0996158,93
1774605019.115644,85
1774605019.131672,83
1774605019.1483428,81
1774605019.1636672,88
1774605019.1799855,94
1774605019.1958659,91
1774605019.2118108,87
1774605019.2281713,84
1774605019.2437727,74
1774605019.2597346,68
1774605019.2757142,70
1774605019.2917867,70
1774605019.3076813,72
1774605019.3237374,73
1774605019.3396993,69
1774605019.3556888,68
1774605019.371754,69
1774605019.387798,74
1774605019.4037395,82
1774605019.4198442,90
1774605019.4357898,92
1774605019.4517379,94
1774605019.4681673,96
1774605019.4841316,91
1774605019.4998305,89
1774605019.5156837,95
1774605019.53187,93
1774605019.5477262,90
1774605019.5636923,89
1774605019.5797408,86
1774605019.5959275,81
1774605019.6119041,82
1774605019.6279309,78
1774605019.6439407,72
1774605019.659751,67
1774605019.6757686,65
1774605019.6917562,61
1774605019.7077324,62
1774605019.7237942,64
1774605019.7397437,64
1774605019.755834,65
1774605019.7717485,64
1774605019.7877939,63
1774605019.8037302,65
1774605019.819843,67
1774605019.835749,66
1774605019.8517685,64
1774605019.8678775,69
1774605019.8839247,64
1774605019.8998144,63
1774605019.916427,64
1774605019.9317389,66
1774605019.9477446,63
1774605019.9637501,66
1774605019.979809,68
1774605019.9957561,67
1774605020.011834,69
1774605020.0279276,67
1774605020.0437953,69
1774605020.0599442,68
1774605020.076215,73
1774605020.0917912,73
1774605020.1077795,80
1774605020.1237574,80
1774605020.1398985,80
1774605020.155845,74
1774605020.1717708,72
1774605020.187763,70
1774605020.203898,67
1774605020.219788,67
1774605020.235878,70
1774605020.2518008,71
1774605020.2680538,71
1774605020.285157,75
1774605020.299781,83
1774605020.3158376,103
1774605020.3318355,118
1774605020.347801,122
1774605020.3637865,127
1774605020.3810408,126
1774605020.3957925,118
1774605020.4118314,106
1774605020.4278004,122
1774605020.4438262,124
1774605020.4598382,122
1774605020.4759042,120
1774605020.4918249,123
1774605020.507863,104
1774605020.5238883,99
1774605020.5398424,101
1774605020.5559008,92
1774605020.5719302,85
1774605020.5879247,86
1774605020.6038964,86
1774605020.6201108,82
1774605020.6358292,91
1774605020.6518633,100
1774605020.6679537,104
1774605020.6851702,106
1774605020.7003036,123
1774605020.7159107,129
1774605020.731914,154
1774605020.7479644,165
1774605020.7639518,241
1774605020.779881,321
1774605020.7958589,350
1774605020.811958,453
1774605020.8279204,555
1774605020.8438928,543
1774605020.8600714,565
1774605020.8759515,727
1774605020.8919113,823
1774605020.9081118,832
1774605020.9239216,804
1774605020.9399512,703
1774605020.9559276,501
1774605020.9719002,271
1774605020.98803,190
1774605021.0040493,176
1774605021.019976,182
1774605021.0359032,193
1774605021.05196,193
1774605021.0679798,142
1774605021.0840535,120
1774605021.0999334,107
1774605021.115909,124
1774605021.1319175,135
1774605021.14796,153
1774605021.1639326,170
1774605021.179939,189
1774605021.1960118,191
1774605021.211942,216
1774605021.2282443,229
1774605021.2443962,231
1774605021.2600243,217
1774605021.2765214,196
1774605021.2919333,173
1774605021.308022,158
1774605021.3239362,143
1774605021.340101,139
1774605021.356142,136
1774605021.3720376,123
1774605021.387952,116
1774605021.4039478,111
1774605021.4200149,94
1774605021.4360158,85
1774605021.4520266,83
1774605021.4680092,83
1774605021.4840143,91
1774605021.4999785,101
1774605021.5159667,108
1774605021.5319622,109
1774605021.548114,108
1774605021.5639534,99
1774605021.5799446,88
1774605021.5959458,84
1774605021.6122222,79
1774605021.6280305,73
1774605021.6440215,71
1774605021.6599832,79
1774605021.676049,73
1774605021.6920009,76
1774605021.708174,76
1774605021.7241237,78
1774605021.7401073,71
1774605021.7560277,76
1774605021.7721007,77
1774605021.788127,76
1774605021.8039877,74
1774605021.8199675,75
1774605021.8361363,75
1774605021.8519573,73
1774605021.8683498,72
1774605021.8846445,71
1774605021.9000514,74
1774605021.9160829,77
1774605021.932355,80
1774605021.9481657,82
1774605021.9640067,81
1774605021.9799774,78
1774605021.9961386,71
1774605022.0121784,66
1774605022.0281339,61
1774605022.044156,59
1774605022.059991,58
1774605022.0761492,62
1774605022.0921776,71
1774605022.1082747,75
1774605022.1239653,77
1774605022.1399806,76
1774605022.155989,72
1774605022.1721523,67
1774605022.188073,68
1774605022.2040672,71
1774605022.2200053,75
1774605022.2360713,78
1774605022.252086,77
1774605022.2680192,75
1774605022.2839978,73
1774605022.3000078,71
1774605022.3162503,69
1774605022.3322997,71
1774605022.3486004,71
1774605022.3640223,74
1774605022.3800998,76
1774605022.3960984,73
1774605022.412032,68
1774605022.428042,66
1774605022.4440866,59
1774605022.4600863,59
1774605022.4761255,65
1774605022.4920738,72
1774605022.508037,74
1774605022.524095,75
1774605022.54005,75
1774605022.5560482,74
1774605022.572072,73
1774605022.5882185,71
1774605022.6040614,73
1774605022.6201172,72
1774605022.6384087,75
1774605022.6520245,74
1774605022.668036,76
1774605022.6842835,79
1774605022.7003126,81
1774605022.7161636,77
1774605022.7323477,73
1774605022.7482626,72
1774605022.7640438,70
1774605022.78007,70
1774605022.7961185,73
1774605022.8120744,88
1774605022.828106,109
1774605022.844197,124
1774605022.8600996,137
1774605022.8762372,149
1774605022.892298,144
1774605022.9082792,135
1774605022.9241939,134
1774605022.9401019,123
1774605022.9561312,115
1774605022.9722655,113
1774605022.988246,104
1774605023.0042007,92
1774605023.020067,91
1774605023.0360863,81
1774605023.0521598,75
1774605023.06806,78
1774605023.0844097,96
1774605023.1002123,108
1774605023.1161127,120
1774605023.1320899,133
1774605023.1482348,139
1774605023.1641057,132
1774605023.180206,132
1774605023.1961184,130
1774605023.212182,132
1774605023.2281315,135
1774605023.2443235,139
1774605023.2602298,139
1774605023.2762656,141
1774605023.2921298,141
1774605023.3081985,142
1774605023.32427,147
1774605023.3402398,163
1774605023.3562067,166
1774605023.3722177,174
1774605023.3882165,179
1774605023.4042213,176
1774605023.4201977,162
1774605023.436309,169
1774605023.4522285,167
1774605023.4681485,164
1774605023.4844472,159
1774605023.5002437,162
1774605023.5162947,153
1774605023.5322435,139
1774605023.5481443,134
1774605023.5641894,136
1774605023.580156,135
1774605023.5961473,142
1774605023.6121244,153
1774605023.6282258,158
1774605023.6442077,160
1774605023.660184,163
1774605023.6763077,162
1774605023.6923091,158
1774605023.7081747,145
1774605023.7242544,134
1774605023.740305,123
1774605023.756177,114
1774605023.7722683,112
1774605023.788172,123
1774605023.8041437,124
1774605023.8203082,123
1774605023.8399713,122
1774605023.85226,118
1774605023.8682272,115
1774605023.8841774,118
1774605023.9002411,123
1774605023.9168394,129
1774605023.9323313,132
1774605023.9487412,127
1774605023.9642572,129
1774605023.9801204,125
1774605023.996156,122
1774605024.0122,116
1774605024.02819,118
1774605024.0441794,110
1774605024.060135,108
1774605024.0761378,104
1774605024.0921602,109
1774605024.1081629,100
1774605024.124199,99
1774605024.1401806,96
1774605024.1561868,104
1774605024.1722176,119
1774605024.1881807,142
1774605024.2041764,151
1774605024.22019,160
1774605024.2361605,151
1774605024.2521718,143
1774605024.2681067,128
1774605024.2841449,126
1774605024.3002915,127
1774605024.3164823,128
1774605024.3322039,122
1774605024.348188,121
1774605024.364236,118
1774605024.380214,121
1774605024.3962972,121
1774605024.4124143,119
1774605024.4282727,119
1774605024.44418,121
1774605024.4602692,114
1774605024.4762542,111
1774605024.4922943,116
1774605024.5085607,119
1774605024.5242376,126
1774605024.5403457,133
1774605024.5563405,134
1774605024.5723822,133
1774605024.5883217,126
1774605024.6042256,118
1774605024.6202137,108
1774605024.6363943,101
1774605024.6523578,94
1774605024.6682065,92
1774605024.68427,85
1774605024.7002568,86
1774605024.716229,93
1774605024.7322438,103
1774605024.7482474,114
1774605024.7643657,124
1774605024.7802293,130
1774605024.796464,134
1774605024.812332,137
1774605024.8282485,143
1774605024.8442523,146
1774605024.860408,158
1774605024.8763323,170
1774605024.892293,183
1774605024.9083922,174
1774605024.924306,171
1774605024.9402797,167
1774605024.9563124,152
1774605024.9722977,133
1774605024.988335,131
1774605025.0044224,123
1774605025.0204542,105
1774605025.0364616,100
1774605025.052286,93
1774605025.06838,85
1774605025.0843067,80
1774605025.1002657,83
1774605025.1163182,84
1774605025.1322584,83
1774605025.148576,79
1774605025.1642857,78
1774605025.1803424,71
1774605025.1962416,63
1774605025.212364,60
1774605025.2285244,61
1774605025.2443874,60
1774605025.260284,64
1774605025.276271,68
1774605025.2929678,71
1774605025.308318,74
1774605025.3243318,81
1774605025.3402903,94
1774605025.3562882,101
1774605025.3723004,103
1774605025.3883135,122
1774605025.404304,127
1774605025.4204068,132
1774605025.4368095,131
1774605025.4523144,143
1774605025.46832,126
1774605025.4843001,133
1774605025.5004175,127
1774605025.51632,125
1774605025.5324154,205
1774605025.5486765,279
1774605025.564527,348
1774605025.5803013,405
1774605025.5964148,454
1774605025.612335,444
1774605025.6284275,385
1774605025.6444867,314
1774605025.6608052,256
1774605025.6763425,209
1774605025.6923401,131
1774605025.7085695,122
1774605025.724427,113
1774605025.7403932,115
1774605025.7564032,115
1774605025.7723346,116
1774605025.7884438,117
1774605025.8043418,119
1774605025.82043,121
1774605025.836369,125
1774605025.852486,130
1774605025.8683512,133
1774605025.8844695,140
1774605025.9004126,136
1774605025.9164126,138
1774605025.9324598,139
1774605025.9483867,133
1774605025.9647474,128
1774605025.9805288,129
1774605025.9965374,123
1774605026.0123677,127
1774605026.0283759,131
1774605026.0445127,127
1774605026.0603962,119
1774605026.076476,116
1774605026.0924072,104
1774605026.1083753,99
1774605026.1243713,93
1774605026.1403491,93
1774605026.1564417,84
1774605026.1723394,82
1774605026.1884515,77
1774605026.2043412,80
1774605026.2203832,77
1774605026.236464,80
1774605026.2524345,77
1774605026.2683432,76
1774605026.2843602,81
1774605026.3004642,82
1774605026.3163462,90
1774605026.3334684,99
1774605026.3484092,99
1774605026.3643665,94
1774605026.3803406,97
1774605026.396338,92
1774605026.4123578,85
1774605026.4293177,93
1774605026.4443426,99
1774605026.4604845,93
1774605026.4763544,92
1774605026.4926627,96
1774605026.5086083,88
1774605026.5244544,76
1774605026.540369,75
1774605026.5563722,70
1774605026.5725536,63
1774605026.588354,61
1774605026.604401,63
1774605026.620377,66
1774605026.6363885,67
1774605026.6524398,72
1774605026.6683865,75
1774605026.684442,80
1774605026.7005312,82
1774605026.7169738,83
1774605026.73241,81
1774605026.7483928,82
1774605026.764493,90
1774605026.7804925,90
1774605026.7965605,91
1774605026.8125389,97
1774605026.8284943,95
1774605026.844799,88
1774605026.8604043,90
1774605026.876538,91
1774605026.8924148,89
1774605026.909212,89
1774605026.924451,90
1774605026.940423,85
1774605026.9564297,85
1774605026.9724274,81
1774605026.9884255,80
1774605027.004572,77
1774605027.0206134,82
1774605027.03656,83
1774605027.052431,84
1774605027.0684698,87
1774605027.0844276,92
1774605027.1005998,87
1774605027.1164253,84
1774605027.1325352,83
1774605027.1484528,82
1774605027.165441,83
1774605027.1804497,83
1774605027.1964552,80
1774605027.2125838,79
1774605027.2284353,78
1774605027.2444658,68
1774605027.260441,66
1774605027.2765296,70
1774605027.2924404,67
1774605027.308557,68
1774605027.3244944,74
1774605027.340546,74
1774605027.3564537,74
1774605027.3725498,78
1774605027.388454,80
1774605027.4045289,82
1774605027.420572,107
1774605027.436673,192
1774605027.4526482,350
1774605027.4684951,439
1774605027.484577,626
1774605027.50062,804
1774605027.5166287,770
1774605027.532687,787
1774605027.5505488,876
1774605027.5645478,734
1774605027.580757,636
1774605027.5969853,634
1774605027.6125278,478
1774605027.6285446,424
1774605027.6445804,458
1774605027.6608205,372
1774605027.6772425,366
1774605027.692558,404
1774605027.708787,315
1774605027.7245564,277
1774605027.7405636,297
1774605027.7566817,260
1774605027.772926,243
1774605027.7885175,220
1774605027.804526,180
1774605027.82066,169
1774605027.8366907,164
1774605027.8525047,141
1774605027.8685415,149
1774605027.8846881,144
1774605027.9005172,121
1774605027.9165292,127
1774605027.932618,119
1774605027.9493608,119
1774605027.9645905,124
1774605027.9811077,120
1774605027.9970512,118
1774605028.012984,113
1774605028.0285919,102
1774605028.044697,109
1774605028.0605886,118
1774605028.0766556,115
1774605028.0926282,117
1774605028.1085784,108
1774605028.1245365,104
1774605028.1406543,101
1774605028.156518,99
1774605028.1725686,96
1774605028.188504,94
1774605028.2046876,89
1774605028.2205234,85
1774605028.2365298,94
1774605028.252679,99
1774605028.2686265,102
1774605028.2849145,102
1774605028.3005662,99
1774605028.316576,92
1774605028.3326411,87
1774605028.3485801,81
1774605028.3645453,74
1774605028.3806694,71
1774605028.397406,66
1774605028.4127972,69
1774605028.4285917,70
1774605028.4445388,74
1774605028.4606018,73
1774605028.476528,73
1774605028.492553,73
1774605028.509103,72
1774605028.52492,73
1774605028.5405457,77
1774605028.5565507,77
1774605028.5727181,74
1774605028.5886042,75
1774605028.6045837,69
1774605028.6207023,67
1774605028.6369817,66
1774605028.652573,67
1774605028.6686237,65
1774605028.6846468,67
1774605028.700797,69
1774605028.7168293,71
1774605028.7327063,71
1774605028.7485447,76
1774605028.76456,81
1774605028.780593,80
1774605028.797002,85
1774605028.8131502,89
1774605028.8287756,88
1774605028.8445592,84
1774605028.8605578,86
1774605028.8765829,81
1774605028.8925755,78
1774605028.9085777,75
1774605028.9249823,74
1774605028.9405875,68
1774605028.9566116,67
1774605028.9725697,63
1774605028.9886534,64
1774605029.004569,65
1774605029.0206554,70
1774605029.0365863,71
1774605029.05291,73
1774605029.0686822,74
1774605029.084575,81
1774605029.1006076,82
1774605029.1170278,84
1774605029.1326654,83
1774605029.148593,81
1774605029.1647027,75
1774605029.1807444,71
1774605029.196696,68
1774605029.2125928,69
1774605029.2287445,70
1774605029.244673,69
1774605029.2606199,71
1774605029.276599,69
1774605029.292591,71
1774605029.3086154,67
1774605029.3246014,64
1774605029.3410304,64
1774605029.3566403,64
1774605029.3726103,64
1774605029.3886566,70
1774605029.4046772,73
1774605029.4206302,73
1774605029.4367511,73
1774605029.452984,70
1774605029.4686835,68
1774605029.4847465,68
1774605029.5006173,65
1774605029.5166128,64
1774605029.5326264,67
1774605029.5486298,66
1774605029.5646229,64
1774605029.5806227,64
1774605029.5966117,63
1774605029.6127784,62
1774605029.6291513,64
1774605029.6448236,63
1774605029.6607246,65
1774605029.6769316,64
1774605029.6928957,65
1774605029.7088842,65
1774605029.7247965,67
1774605029.740782,66
1774605029.7567155,69
1774605029.7726362,69
1774605029.7886438,71
1774605029.8046675,70
1774605029.8206484,72
1774605029.8366477,73
1774605029.852661,75
1774605029.8686411,72
1774605029.8846602,73
1774605029.9006538,72
1774605029.9166858,73
1774605029.9326527,73
1774605029.9486766,78
1774605029.9646637,83
1774605029.9807663,83
1774605029.9967668,84
1774605030.0130363,84
1774605030.028675,82
1774605030.0459104,78
1774605030.0609064,77
1774605030.0767097,75
1774605030.0926795,72
1774605030.1086679,69
1774605030.1253757,69
1774605030.140762,69
1774605030.156667,68
1774605030.1726632,71
1774605030.1886897,70
1774605030.2047665,69
1774605030.2206519,70
1774605030.2366786,70
1774605030.252813,70
1774605030.268716,72
1774605030.2846541,71
1774605030.300693,69
1774605030.316723,68
1774605030.3326735,63
1774605030.3486784,64
1774605030.364688,66
1774605030.380687,67
1774605030.3968046,76
1774605030.4126835,76
1774605030.4286938,76
1774605030.444765,75
1774605030.4609122,76
1774605030.4768717,67
1774605030.4928071,65
1774605030.508773,64
1774605030.5247273,63
1774605030.5408523,63
1774605030.5568197,61
1774605030.5727565,62
1774605030.5887134,61
1774605030.6048045,60
1774605030.620691,56
1774605030.636693,59
1774605030.6527128,60
1774605030.6687849,62
1774605030.6846802,67
1774605030.7007005,68
1774605030.716807,68
1774605030.7327733,66
1774605030.7488441,66
1774605030.764802,66
1774605030.7807589,71
1774605030.796751,72
1774605030.8127506,77
1774605030.8290384,76
1774605030.8455849,71
1774605030.860751,71
1774605030.8768187,72
1774605030.8927612,68
1774605030.9088814,69
1774605030.9247203,73
1774605030.9412415,75
1774605030.9568305,77
1774605030.9733138,79
1774605030.9888554,81
1774605031.0047581,85
1774605031.02074,87
1774605031.0367255,88
1774605031.0527368,84
1774605031.068753,78
1774605031.0847313,76
1774605031.1009085,66
1774605031.1167972,59
1774605031.1330025,60
1774605031.1489024,67
1774605031.1647701,66
1774605031.181655,73
1774605031.1967463,79
1774605031.2127583,82
1774605031.229031,84
1774605031.2459185,83
1774605031.260874,82
1774605031.276906,79
1774605031.292763,79
1774605031.308913,74
1774605031.3248572,71
1774605031.3408794,69
1774605031.3569636,77
1774605031.372892,82
1774605031.3889773,86
1774605031.4048657,88
1774605031.4209268,88
1774605031.4369617,87
1774605031.4527764,81
1774605031.4687848,82
1774605031.4848738,86
1774605031.5009,92
1774605031.5170424,88
1774605031.5328846,90
1774605031.5487936,86
1774605031.5648005,84
1774605031.5808318,78
1774605031.5968337,78
1774605031.6128333,77
1774605031.6287968,76
1774605031.6447854,76
1774605031.6609485,80
1774605031.677078,79
1774605031.6927927,76
1774605031.7087982,79
1774605031.724841,83
1774605031.7408895,83
1774605031.7569368,93
1774605031.7727995,98
1774605031.7888184,103
1774605031.805026,106
1774605031.8208675,109
1774605031.8368418,111
1774605031.8528404,107
1774605031.8688476,105
1774605031.884825,100
1774605031.900853,107
1774605031.9168787,115
1774605031.9328902,127
1774605031.9488394,133
1774605031.9648497,145
1774605031.9808657,157
1774605031.9968717,158
1774605032.013064,152
1774605032.028954,144
1774605032.044872,131
1774605032.0608737,109
1774605032.0769398,95
1774605032.0929396,93
1774605032.109042,93
1774605032.1249473,101
1774605032.1408556,107
1774605032.1569066,106
1774605032.1731484,103
1774605032.1888633,103
1774605032.204948,90
1774605032.2210488,78
1774605032.2368321,75
1774605032.2528565,75
1774605032.2688372,74
1774605032.2848313,83
1774605032.300835,85
1774605032.3168435,88
1774605032.332837,85
1774605032.3488421,82
1774605032.3650093,76
1774605032.3814688,80
1774605032.3973258,79
1774605032.412933,81
1774605032.4289122,85
1774605032.4449005,89
1774605032.4608662,86
1774605032.4771955,89
1774605032.4929228,94
1774605032.5088546,92
1774605032.5249004,93
1774605032.5408816,93
1774605032.556931,92
1774605032.572948,91
1774605032.5888658,92
1774605032.6049285,93
1774605032.620952,91
1774605032.6369183,91
1774605032.6528645,91
1774605032.6688802,90
1774605032.6848764,80
1774605032.7014418,79
1774605032.7168822,75
1774605032.7329867,70
1774605032.7488728,73
1774605032.764875,73
1774605032.7809992,74
1774605032.7968755,75
1774605032.8128757,77
1774605032.8288715,82
1774605032.8448799,94
1774605032.8610952,96
1774605032.876964,95
1774605032.892881,95
1774605032.9089556,89
1774605032.924898,77
1774605032.940993,84
1774605032.9572039,90
1774605032.9730606,96
1774605032.9890184,94
1774605033.0049565,96
1774605033.0210896,89
1774605033.0369663,86
1774605033.0529034,77
1774605033.068882,78
1774605033.0849354,84
1774605033.100916,91
1774605033.1169279,86
1774605033.1329486,86
1774605033.1490781,93
1774605033.1649816,93
1774605033.180949,83
1774605033.196947,82
1774605033.2130141,82
1774605033.228949,72
1774605033.2449777,66
1774605033.2609386,76
1774605033.2769203,82
1774605033.2930691,86
1774605033.3089616,88
1774605033.324911,92
1774605033.341003,93
1774605033.3569603,93
1774605033.3729513,91
1774605033.389109,89
1774605033.4049373,94
1774605033.4209535,83
1774605033.436943,78
1774605033.453097,77
1774605033.4690487,82
1774605033.4849684,75
1774605033.501121,77
1774605033.5171301,78
1774605033.533147,77
1774605033.5491016,74
1774605033.5652096,75
1774605033.5809598,73
1774605033.5969925,68
1774605033.6130037,65
1774605033.6290379,62
1774605033.645056,59
1774605033.6609638,59
1774605033.6774552,63
1774605033.6929755,62
1774605033.7094152,67
1774605033.7250538,70
1774605033.7410386,73
1774605033.7570586,69
1774605033.77306,70
1774605033.7890823,62
1774605033.8049996,59
1774605033.8209987,58
1774605033.837086,67
1774605033.8530076,68
1774605033.8690538,71
1774605033.885043,76
1774605033.901143,77
1774605033.9171767,71
1774605033.932996,75
1774605033.9490066,78
1774605033.9649873,79
1774605033.980997,79
1774605033.9969923,79
1774605034.0132043,76
1774605034.0291243,75
1774605034.0450234,72
1774605034.0610385,70
1774605034.077294,69
1774605034.0930147,69
1774605034.1091478,69
1774605034.1251917,67
1774605034.1411014,65
1774605034.157095,64
1774605034.1730218,68
1774605034.1890597,75
1774605034.205281,89
1774605034.2211406,98
1774605034.2372086,108
1774605034.2530358,118
1774605034.2690692,113
1774605034.2850432,104
1774605034.3010647,101
1774605034.317014,99
1774605034.3330243,88
1774605034.3491127,87
1774605034.3652034,87
1774605034.3811707,87
1774605034.3972247,86
1774605034.4130232,85
1774605034.4291248,83
1774605034.445117,89
1774605034.4612107,92
1774605034.4771671,92
1774605034.4930437,91
1774605034.5090294,92
1774605034.525131,88
1774605034.5410335,86
1774605034.5572157,87
1774605034.5731533,92
1774605034.5892446,94
1774605034.6050427,93
1774605034.6212409,96
1774605034.637111,91
1774605034.6530428,88
1774605034.6690547,83
1774605034.6850634,80
1774605034.7011368,78
1774605034.717221,78
1774605034.7331355,73
1774605034.749074,75
1774605034.7650456,76
1774605034.7810707,75
1774605034.797139,76
1774605034.8130589,79
1774605034.8290622,76
1774605034.8451502,71
1774605034.8612328,68
1774605034.8771503,65
1774605034.8931262,64
1774605034.9090672,63
1774605034.925384,66
1774605034.9410732,62
1774605034.9571679,62
1774605034.9731858,63
1774605034.9890792,63
1774605035.0050793,67
1774605035.0211093,69
1774605035.037114,74
1774605035.0531857,72
1774605035.069151,73
1774605035.0850842,68
1774605035.1011817,68
1774605035.1171143,69
1774605035.1331697,73
1774605035.1495209,75
1774605035.1652036,79
1774605035.1811223,80
1774605035.1971154,80
1774605035.2131596,79
1774605035.2291694,78
1774605035.2451522,78
1774605035.2611256,76
1774605035.2771106,73
1774605035.2935534,70
1774605035.3092637,70
1774605035.325271,70
1774605035.3411562,75
1774605035.3571575,78
1774605035.3733578,81
1774605035.38922,85
1774605035.4051025,81
1774605035.421635,78
1774605035.4370916,78
1774605035.453127,78
1774605035.4690752,78
1774605035.485182,81
1774605035.5012844,84
1774605035.5172284,85
1774605035.5331633,84
1774605035.5493007,81
1774605035.565318,81
1774605035.5811207,80
1774605035.5972676,81
1774605035.6132567,83
1774605035.6292193,85
1774605035.6451206,87
1774605035.6611905,85
1774605035.6772072,80
1774605035.6932492,75
1774605035.7094157,71
1774605035.725162,67
1774605035.7412393,65
1774605035.7571537,66
1774605035.773191,69
1774605035.7892883,71
1774605035.8053007,71
1774605035.8212411,73
1774605035.837281,73
1774605035.8531864,74
1774605035.8691516,72
1774605035.8851852,71
1774605035.9012246,69
1774605035.9171677,71
1774605035.9333007,71
1774605035.949177,75
1774605035.965236,78
1774605035.9811869,82
1774605035.99731,82
1774605036.0133271,80
1774605036.02917,79
1774605036.0453255,78
1774605036.0613494,76
1774605036.077353,76
1774605036.0940127,77
1774605036.1092453,77
1774605036.125201,79
1774605036.1412673,79
1774605036.157416,79
1774605036.1732807,81
1774605036.189314,81
1774605036.205286,78
1774605036.2212498,75
1774605036.2372658,76
1774605036.2532332,79
1774605036.269192,81
1774605036.2853317,86
1774605036.3014147,88
1774605036.31725,89
1774605036.3332038,91
1774605036.3493717,92
1774605036.3653755,93
1774605036.3812199,97
1774605036.3972998,97
1774605036.4135292,91
1774605036.4294531,87
1774605036.445941,83
1774605036.4614418,81
1774605036.4772172,79
1774605036.4936087,80
1774605036.5105634,82
1774605036.5254397,86
1774605036.5421252,87
1774605036.5572755,91
1774605036.5732305,90
1774605036.589279,90
1774605036.6054347,89
1774605036.622604,86
1774605036.6372223,87
1774605036.6533833,86
1774605036.669398,85
1774605036.6852498,85
1774605036.7014341,84
1774605036.7172222,82
1774605036.733344,78
1774605036.7493532,73
1774605036.7654834,68
1774605036.78138,69
1774605036.7973301,67
1774605036.8133295,69
1774605036.829641,72
1774605036.8453162,75
1774605036.8612647,77
1774605036.8772864,77
1774605036.8933713,74
1774605036.9092534,72
1774605036.9255078,70
1774605036.942047,71
1774605036.9572742,67
1774605036.9733293,70
1774605036.9894087,73
1774605037.0053039,77
1774605037.0224724,77
1774605037.0372963,80
1774605037.053303,82
1774605037.0692966,81
1774605037.0855284,78
1774605037.1013324,75
1774605037.117343,74
1774605037.1339438,73
1774605037.149397,73
1774605037.1653156,72
1774605037.1820745,72
1774605037.197429,75
1774605037.213292,76
1774605037.229249,75
1774605037.2452803,74
1774605037.2615125,72
1774605037.2772605,68
1774605037.2942004,70
1774605037.3095691,73
1774605037.3255284,74
1774605037.3415172,77
1774605037.3575017,82
1774605037.3732715,80
1774605037.389266,80
1774605037.405319,77
1774605037.4214664,77
1774605037.4373558,71
1774605037.453307,70
1774605037.4695115,70
1774605037.4855146,73
1774605037.5013726,71
1774605037.5174184,77
1774605037.5336454,78
1774605037.5493164,79
1774605037.5652854,83
1774605037.5812838,92
1774605037.597329,92
1774605037.6133888,98
1774605037.629509,104
1774605037.645518,108
1774605037.661397,103
1774605037.6773498,105
1774605037.693391,107
1774605037.7093725,114
1774605037.7253802,113
1774605037.7414553,114
1774605037.7578404,115
1774605037.773347,113
1774605037.7895384,108
1774605037.8054776,110
1774605037.8216064,117
1774605037.837451,120
1774605037.8534522,123
1774605037.8695157,123
1774605037.8854806,121
1774605037.9016814,115
1774605037.9176395,112
1774605037.9334807,108
1774605037.949733,105
1774605037.9655073,103
1774605037.9818015,104
1774605037.9974833,103
1774605038.013657,101
1774605038.0293436,96
1774605038.0453794,93
1774605038.0615585,90
1774605038.0773604,84
1774605038.0936186,81
1774605038.1093566,88
1774605038.1254163,98
1774605038.141681,102
1774605038.1573946,109
1774605038.17394,112
1774605038.1894598,114
1774605038.2054298,105
1774605038.2216105,103
1774605038.237462,100
1774605038.2535453,102
1774605038.2694545,98
1774605038.2854614,96
1774605038.301381,95
1774605038.317351,96
1774605038.3338993,100
1774605038.3493953,102
1774605038.365464,109
1774605038.3814332,112
1774605038.3977132,115
1774605038.4137266,112
1774605038.429554,113
1774605038.4455206,115
1774605038.4618776,117
1774605038.4775596,114
1774605038.4938648,111
1774605038.5095224,106
1774605038.5254354,99
1774605038.5414922,91
1774605038.5574582,86
1774605038.5735002,82
1774605038.5902267,81
1774605038.6054237,83
1774605038.6215267,89
1774605038.6374488,91
1774605038.653551,98
1774605038.6695888,100
1774605038.6854465,103
1774605038.7014575,102
1774605038.717516,103
1774605038.733387,97
1774605038.7494094,94
1774605038.7653844,87
1774605038.7815883,80
1774605038.7973871,80
1774605038.8135607,83
1774605038.829489,88
1774605038.8454828,96
1774605038.8614428,101
1774605038.877566,100
1774605038.8934815,98
1774605038.9094572,94
1774605038.9255095,89
1774605038.941466,89
1774605038.9574175,89
1774605038.9735315,92
1774605038.9898672,99
1774605039.0054827,100
1774605039.021506,102
1774605039.0374613,103
1774605039.0537996,102
1774605039.0696087,103
1774605039.0911818,111
1774605039.1015475,109
1774605039.1174908,108
1774605039.1334627,102
1774605039.149559,93
1774605039.1658196,86
1774605039.1815064,85
1774605039.1975873,86
1774605039.2134566,87
1774605039.2294326,86
1774605039.2455537,83
1774605039.261431,79
1774605039.2777772,75
1774605039.2935073,72
1774605039.3094501,70
1774605039.3254504,67
1774605039.3415563,67
1774605039.3575575,64
1774605039.3738575,66
1774605039.3897505,69
1774605039.4054596,70
1774605039.4214895,67
1774605039.437734,70
1774605039.4534903,70
1774605039.4694474,72
1774605039.486326,73
1774605039.5015693,76
1774605039.5175104,79
1774605039.53355,80
1774605039.5497165,82
1774605039.5656266,82
1774605039.5816727,80
1774605039.5974927,75
1774605039.6134555,73
1774605039.6295483,67
1774605039.6454759,62
1774605039.6616664,61
1774605039.6779392,61
1774605039.693497,63
1774605039.7094622,64
1774605039.7258906,64
1774605039.7414906,65
1774605039.757601,66
1774605039.776281,64
1774605039.790585,65
1774605039.8071218,65
1774605039.8215356,64
1774605039.8374898,62
1774605039.8535638,63
1774605039.8695552,62
1774605039.8856914,63
1774605039.9015152,66
1774605039.9181387,68
1774605039.933862,69
1774605039.9496865,70
1774605039.9655688,68
1774605039.9815931,66
1774605039.997658,65
1774605040.0158696,62
1774605040.0296302,62
1774605040.0457299,63
1774605040.061534,66
1774605040.077539,67
1774605040.0935473,72
1774605040.1095428,74
1774605040.1254952,75
1774605040.1415346,76
1774605040.157725,75
1774605040.1736915,70
1774605040.1895254,69
1774605040.208132,69
1774605040.221664,66
1774605040.2376122,66
1774605040.25352,65
1774605040.2695203,63
1774605040.285582,62
1774605040.301599,63
1774605040.3175685,64
1774605040.3353333,65
1774605040.3495324,62
1774605040.365752,62
1774605040.3815835,62
1774605040.397557,59
1774605040.4135475,60
1774605040.4297,62
1774605040.44587,61
1774605040.461566,62
1774605040.4775727,63
1774605040.493543,65
1774605040.5095701,65
1774605040.5255516,68
1774605040.5417979,67
1774605040.5575519,66
1774605040.5735917,63
1774605040.5895736,63
1774605040.6056442,64
1774605040.621563,63
1774605040.6376445,66
1774605040.6536179,66
1774605040.6695814,67
1774605040.6856177,68
1774605040.7015548,72
1774605040.7177324,68
1774605040.7336874,68
1774605040.7496157,69
1774605040.7655861,66
1774605040.781808,68
1774605040.7976205,76
1774605040.8135738,83
1774605040.8295853,88
1774605040.84575,93
1774605040.8616905,95
1774605040.877586,93
1774605040.893702,91
1774605040.9097037,84
1774605040.925592,82
1774605040.9416265,77
1774605040.9576056,76
1774605040.9737768,72
1774605040.9896016,78
1774605041.006408,82
1774605041.0215895,89
1774605041.0377455,93
1774605041.05392,99
1774605041.069715,98
1774605041.0856204,98
1774605041.1019957,94
1774605041.117766,96
1774605041.1338077,94
1774605041.1506145,93
1774605041.165632,89
1774605041.1818514,89
1774605041.1976492,86
1774605041.2136467,85
1774605041.2304435,84
1774605041.2456162,89
1774605041.261753,89
1774605041.2777956,86
1774605041.2937465,85
1774605041.3096292,84
1774605041.3256307,78
1774605041.3416393,78
1774605041.3576345,78
1774605041.3736258,79
1774605041.3896909,77
1774605041.4056633,79
1774605041.4225283,79
1774605041.4376218,78
1774605041.4541373,78
1774605041.4701443,80
1774605041.4867728,79
1774605041.5016387,79
1774605041.5177739,83
1774605041.5336127,82
1774605041.5496666,81
1774605041.5657523,84
1774605041.581648,85
1774605041.5976381,82
1774605041.6136718,84
1774605041.6296463,87
1774605041.6458135,89
1774605041.6616812,91
1774605041.6778004,97
1774605041.6936572,99
1774605041.7101173,97
1774605041.7261305,92
1774605041.7416413,85
1774605041.7579613,82
1774605041.7750978,79
1774605041.78988,73
1774605041.8059194,72
1774605041.8223758,72
1774605041.837667,70
1774605041.8536465,73
1774605041.8697681,82
1774605041.88596,92
1774605041.9018662,102
1774605041.917664,108
1774605041.933742,110
1774605041.9497445,113
1774605041.967979,110
1774605041.9817598,106
1774605041.9977684,101
1774605042.013664,96
1774605042.0297506,92
1774605042.0458493,92
1774605042.0617087,93
1774605042.0778346,94
1774605042.0936637,96
1774605042.1120334,93
1774605042.1257396,91
1774605042.1419232,90
1774605042.158207,90
1774605042.1741433,92
1774605042.1900656,90
1774605042.206962,91
1774605042.222081,88
1774605042.2391925,86
1774605042.253689,84
1774605042.269681,87
1774605042.2864177,84
1774605042.301779,84
1774605042.318011,81
1774605042.334344,76
1774605042.349686,71
1774605042.3659363,70
1774605042.381711,69
1774605042.397737,78
1774605042.41376,85
1774605042.429951,89
1774605042.4457266,90
1774605042.4620566,90
1774605042.4776917,81
1774605042.4939158,77
1774605042.5096955,74
1774605042.525803,70
1774605042.5417461,67
1774605042.5577123,69
1774605042.573807,71
1774605042.589702,73
1774605042.6059015,84
1774605042.6218653,117
1774605042.637872,139
1774605042.6545172,156
1774605042.6698077,166
1774605042.6858287,169
1774605042.7017887,147
1774605042.7182975,133
1774605042.7340403,116
1774605042.749778,109
1774605042.7657542,98
1774605042.7819939,96
1774605042.7977417,92
1774605042.8139524,88
1774605042.8297913,87
1774605042.8459146,84
1774605042.8617125,81
1774605042.8778174,76
1774605042.8939235,79
1774605042.9097369,74
1774605042.9258893,78
1774605042.9417312,79
1774605042.9577184,83
1774605042.9737725,85
1774605042.9897313,88
1774605043.0057483,88
1774605043.0217628,86
1774605043.0382085,85
1774605043.053844,84
1774605043.0699148,83
1774605043.0858765,82
1774605043.1017826,85
1774605043.1177335,89
1774605043.1337805,90
1774605043.1497657,93
1774605043.165923,98
1774605043.181749,97
1774605043.1977496,95
1774605043.214155,93
1774605043.229759,96
1774605043.2457705,100
1774605043.2618773,104
1774605043.278627,105
1774605043.2937825,108
1774605043.3098454,109
1774605043.3259075,103
1774605043.3418684,100
1774605043.3577666,99
1774605043.37378,96
1774605043.3898392,91
1774605043.4058368,89
1774605043.4217792,87
1774605043.4378278,82
1774605043.4542954,80
1774605043.4700072,80
1774605043.4858046,84
1774605043.5018349,86
1774605043.5178368,88
1774605043.533782,87
1774605043.5498037,85
1774605043.5659328,78
1774605043.581855,73
1774605043.5979068,73
1774605043.6140187,77
1774605043.629905,80
1774605043.6458168,82
1774605043.6622756,86
1774605043.6778328,88
1774605043.6938477,86
1774605043.7101412,85
1774605043.7258265,83
1774605043.741929,82
1774605043.7578826,81
1774605043.7740502,84
1774605043.7898319,88
1774605043.8058832,91
1774605043.821838,92
1774605043.8379571,91
1774605043.8539898,95
1774605043.869945,92
1774605043.886086,90
1774605043.9022102,86
1774605043.9179559,86
1774605043.9338558,79
1774605043.9501233,78
1774605043.9661655,75
1774605043.9821758,75
1774605043.9982994,75
1774605044.013952,83
1774605044.0300417,89
1774605044.0461829,94
1774605044.062067,97
1774605044.0781162,99
1774605044.0938702,91
1774605044.1098316,90
1774605044.126232,84
1774605044.1418984,80
1774605044.1580176,76
1774605044.1741674,77
1774605044.1900086,75
1774605044.2059658,76
1774605044.2219975,75
1774605044.2378762,77
1774605044.2538466,75
1774605044.2699902,72
1774605044.2859561,73
1774605044.3019414,73
1774605044.3178892,73
1774605044.3338223,77
1774605044.3498638,84
1774605044.3659902,88
1774605044.3819253,97
1774605044.3978379,101
1774605044.4138973,108
1774605044.4298525,108
1774605044.4458857,104
1774605044.4622278,102
1774605044.4780085,96
1774605044.4939792,87
1774605044.509882,83
1774605044.5259361,83
1774605044.5418541,80
1774605044.5578532,84
1774605044.573873,85
1774605044.58985,88
1774605044.606136,88
1774605044.6218696,92
1774605044.63797,89
1774605044.6541696,90
1774605044.6699643,88
1774605044.6858788,86
1774605044.701923,81
1774605044.7178786,77
1774605044.7338905,74
1774605044.7499263,71
1774605044.765901,70
1774605044.782029,69
1774605044.7981348,74
1774605044.813939,76
1774605044.8298938,80
1774605044.845882,82
1774605044.8623543,82
1774605044.8779407,79
1774605044.8939195,79
1774605044.9099917,77
1774605044.92623,77
1774605044.9418805,81
1774605044.9578876,87
1774605044.973936,89
1774605044.989939,91
1774605045.0060148,87
1774605045.0218682,82
1774605045.0379376,78
1774605045.054038,76
1774605045.0699818,82
1774605045.086517,86
1774605045.1020792,90
1774605045.1181262,93
1774605045.1340706,94
1774605045.1499777,90
1774605045.1658993,93
1774605045.1819713,94
1774605045.1979845,98
1774605045.213954,99
1774605045.2299254,99
1774605045.2460377,98
1774605045.2622628,94
1774605045.2779534,86
1774605045.2940834,83
1774605045.3099396,83
1774605045.3261585,82
1774605045.3420503,82
1774605045.3582456,83
1774605045.3741994,85
1774605045.3899095,81
1774605045.4059408,85
1774605045.4219072,88
1774605045.4380908,89
1774605045.453938,90
1774605045.4699335,90
1774605045.4863715,83
1774605045.5020788,81
1774605045.5179195,79
1774605045.5342457,76
1774605045.5499146,76
1774605045.5659316,76
1774605045.582051,75
1774605045.5979636,73
1774605045.6139793,69
1774605045.6302054,69
1774605045.6461554,67
1774605045.662165,62
1774605045.6781409,58
1774605045.6939952,59
1774605045.7100973,56
1774605045.7260394,55
1774605045.7419896,57
1774605045.7580814,62
1774605045.7741263,61
1774605045.7901788,62
1774605045.8059914,65
1774605045.822134,66
1774605045.8380861,63
1774605045.8540523,63
1774605045.8703542,61
1774605045.8862424,65
1774605045.9021108,67
1774605045.9179506,74
1774605045.934138,79
1774605045.9501317,84
1774605045.9661386,85
1774605045.9821477,84
1774605045.9980028,77
1774605046.0141757,76
1774605046.0299711,72
1774605046.046049,65
1774605046.062127,61
1774605046.0781846,61
1774605046.0943146,58
1774605046.1101108,58
1774605046.1260166,63
1774605046.1421268,70
1774605046.1579907,79
1774605046.1741102,92
1774605046.1901755,100
1774605046.2060132,103
1774605046.2221713,103
1774605046.2381387,105
1774605046.2541301,97
1774605046.270033,95
1774605046.286141,93
1774605046.3020425,91
1774605046.3182945,89
1774605046.3346288,85
1774605046.3500745,81
1774605046.3660667,81
1774605046.382011,82
1774605046.3979933,80
1774605046.4140625,80
1774605046.4300048,82
1774605046.4461393,78
1774605046.4621334,78
1774605046.478017,76
1774605046.4940684,76
1774605046.5101514,74
1774605046.5261898,76
1774605046.542016,71
1774605046.558037,70
1774605046.5740466,70
1774605046.5900006,69
1774605046.6060033,68
1774605046.6221793,71
1774605046.6380463,72
1774605046.6540296,68
1774605046.6700664,70
1774605046.6861467,69
1774605046.7024176,74
1774605046.7182503,75
1774605046.7340603,75
1774605046.7500398,74
1774605046.76601,73
1774605046.7821715,68
1774605046.7981682,67
1774605046.814038,66
1774605046.830417,68
1774605046.846118,65
1774605046.862164,61
1774605046.8781037,60
1774605046.8941298,64
1774605046.9100711,62
1774605046.926055,63
1774605046.942118,66
1774605046.958068,69
1774605046.974464,76
1774605046.990203,81
1774605047.0062294,89
1774605047.022042,89
1774605047.0382786,88
1774605047.0541327,81
1774605047.0700653,78
1774605047.086111,75
1774605047.1025019,77
1774605047.118237,73
1774605047.1343808,73
1774605047.150072,74
1774605047.1663597,75
1774605047.182248,75
1774605047.1980562,80
1774605047.2144897,84
1774605047.2301888,82
1774605047.2462883,81
1774605047.262121,83
1774605047.2786324,80
1774605047.2943418,75
1774605047.3103075,77
1774605047.3263683,81
1774605047.342167,83
1774605047.3581243,92
1774605047.3741965,100
1774605047.3901484,106
1774605047.4062753,111
1774605047.4221091,107
1774605047.4380891,97
1774605047.4541774,92
1774605047.4701626,87
1774605047.4862068,79
1774605047.5024211,83
1774605047.5185945,87
1774605047.5341108,87
1774605047.550256,87
1774605047.5662675,90
1774605047.5823352,85
1774605047.5982897,81
1774605047.6142147,79
1774605047.630112,79
1774605047.6462133,76
1774605047.6622357,76
1774605047.6781075,77
1774605047.694173,74
1774605047.7102168,72
1774605047.7261214,70
1774605047.7421427,68
1774605047.7583199,71
1774605047.7741601,75
1774605047.7901416,80
1774605047.8069503,82
1774605047.8223183,86
1774605047.8386476,83
1774605047.8542423,77
1774605047.870538,75
1774605047.8863566,75
1774605047.9025946,70
1774605047.9186618,70
1774605047.9343562,72
1774605047.9502172,71
1774605047.966575,68
1774605047.982199,70
1774605047.9983175,69
1774605048.0144033,73
1774605048.0304449,74
1774605048.046207,75
1774605048.0621848,76
1774605048.078647,79
1774605048.094379,78
1774605048.1102097,77
1774605048.127118,79
1774605048.1429572,75
1774605048.1585708,72
1774605048.175353,69
1774605048.1905727,67
1774605048.206395,65
1774605048.2222004,67
1774605048.2381873,70
1774605048.2542195,71
1774605048.270629,70
1774605048.2870188,74
1774605048.3023705,77
1774605048.3184822,80
1774605048.3344984,87
1774605048.350433,94
1774605048.36627,100
1774605048.3824978,105
1774605048.398481,104
1774605048.4143772,100
1774605048.430258,97
1774605048.4464402,91
1774605048.4622853,86
1774605048.4784374,85
1774605048.4945006,84
1774605048.5102756,83
1774605048.5263772,80
1774605048.543465,79
1774605048.558377,86
1774605048.5742161,87
1774605048.5903556,90
1774605048.6062822,99
1774605048.6222606,105
1774605048.6381996,98
1774605048.6544461,104
1774605048.6704063,103
1774605048.686453,98
1774605048.7034678,91
1774605048.718514,88
1774605048.7344725,83
1774605048.7502642,79
1774605048.7662382,75
1774605048.78223,79
1774605048.7982147,80
1774605048.8144138,76
1774605048.8302405,79
1774605048.8462243,78
1774605048.8623743,78
1774605048.878553,80
1774605048.8942668,82
1774605048.9104757,82
1774605048.926488,85
1774605048.942456,84
1774605048.958304,81
1774605048.974489,81
1774605048.990254,80
1774605049.006574,79
1774605049.0222588,75
1774605049.0383353,76
1774605049.0542536,75
1774605049.0705252,74
1774605049.0862603,73
1774605049.1025386,74
1774605049.1183288,72
1774605049.1343644,72
1774605049.1503158,74
1774605049.1664395,71
1774605049.1822968,74
1774605049.1981957,77
1774605049.2144253,79
1774605049.2303293,77
1774605049.2464674,77
1774605049.262233,74
1774605049.2786996,72
1774605049.294411,73
1774605049.3105218,70
1774605049.3262823,73
1774605049.3423793,76
1774605049.3582509,79
1774605049.3746312,80
1774605049.3903263,85
1774605049.406241,86
1774605049.422208,85
1774605049.4382207,80
1774605049.4542315,80
1774605049.470363,84
1774605049.4862356,90
1774605049.5024624,95
1774605049.5182884,98
1774605049.5346024,101
1774605049.5504513,101
1774605049.5663633,96
1774605049.5826406,91
1774605049.598582,92
1774605049.6145234,88
1774605049.630386,87
1774605049.64632,85
1774605049.6623437,87
1774605049.6784158,86
1774605049.694433,86
1774605049.710429,82
1774605049.7264583,80
1774605049.7423656,77
1774605049.7584457,73
1774605049.7744265,67
1774605049.790361,65
1774605049.8063302,67
1774605049.8223627,63
1774605049.8393037,66
1774605049.8544703,68
1774605049.8703165,67
1774605049.886483,70
1774605049.9026,71
1774605049.918522,68
1774605049.9346015,69
1774605049.9511817,70
1774605049.9663973,68
1774605049.982657,70
1774605049.9984965,71
1774605050.0145712,70
1774605050.0304954,71
1774605050.0463421,69
1774605050.062523,68
1774605050.0789776,67
1774605050.094514,67
1774605050.1103542,68
1774605050.1264846,71
1774605050.1424778,74
1774605050.1584415,82
1774605050.1743762,88
1774605050.1904075,92
1774605050.2063851,93
1774605050.222351,94
1774605050.23844,89
1774605050.2544544,85
1774605050.2703388,80
1774605050.2864363,78
1774605050.3023713,75
1774605050.3187528,75
1774605050.3344288,72
1774605050.3503656,70
1774605050.3665354,69
1774605050.382546,71
1774605050.3986132,74
1774605050.414432,76
1774605050.4305797,87
1774605050.4464657,94
1774605050.4624746,99
1774605050.4783876,106
1774605050.4944663,111
1774605050.5104399,109
1774605050.526463,106
1774605050.5423622,102
1774605050.5584383,98
1774605050.5747328,98
1774605050.5905857,97
1774605050.6064432,98
1774605050.622491,103
1774605050.638616,103
1774605050.6544406,99
1774605050.670463,100
1774605050.6865761,97
1774605050.7023785,96
1774605050.718496,93
1774605050.7343683,91
1774605050.7506702,88
1774605050.7666707,89
1774605050.7827034,85
1774605050.7985468,86
1774605050.8145666,87
1774605050.8304126,83
1774605050.84645,79
1774605050.8624115,78
1774605050.87871,74
1774605050.894361,69
1774605050.9104404,67
1774605050.9264388,67
1774605050.9424353,65
1774605050.9584234,64
1774605050.9743779,68
1774605050.990486,70
1774605051.0067356,70
1774605051.0224109,74
1774605051.0386546,78
1774605051.0548418,79
1774605051.0706108,80
1774605051.0864842,84
1774605051.1024134,84
1774605051.1184146,83
1774605051.134474,81
1774605051.151396,82
1774605051.1682022,78
1774605051.1824603,73
1774605051.198508,69
1774605051.2144108,71
1774605051.2304156,71
1774605051.2464676,74
1774605051.262591,79
1774605051.2786403,85
1774605051.2944598,85
1774605051.3106387,85
1774605051.326433,81
1774605051.342537,74
1774605051.3584435,71
1774605051.374557,69
1774605051.3904328,67
1774605051.4064515,68
1774605051.4227707,75
1774605051.4384985,75
1774605051.4549766,78
1774605051.4709976,81
1774605051.4864519,84
1774605051.502579,83
1774605051.5185823,87
1774605051.5344787,86
1774605051.550525,87
1774605051.566455,91
1774605051.5830467,92
1774605051.598516,98
1774605051.614559,108
1774605051.631478,108
1774605051.6464567,106
1774605051.662458,109
1774605051.678646,102
1774605051.6947064,96
1774605051.7107525,93
1774605051.7271001,90
1774605051.7429519,84
1774605051.7585797,81
1774605051.7747452,81
1774605051.7907474,86
1774605051.8065426,91
1774605051.822614,98
1774605051.8385365,100
1774605051.8545282,98
1774605051.8705812,96
1774605051.8871636,89
1774605051.9025357,86
1774605051.9185734,88
1774605051.9346387,93
1774605051.9504879,99
1774605051.9673533,106
1774605051.9829943,108
1774605051.99848,107
1774605052.014585,101
1774605052.030687,96
1774605052.0464504,93
1774605052.0625684,97
1774605052.0785036,98
1774605052.0947053,98
1774605052.1107705,100
1774605052.1267788,99
1774605052.1426122,91
1774605052.1587565,91
1774605052.17453,93
1774605052.190603,89
1774605052.206853,92
1774605052.2225869,100
1774605052.2385802,97
1774605052.2546968,96
1774605052.2705786,97
1774605052.2867908,91
1774605052.302594,85
1774605052.3189096,85
1774605052.3347187,83
1774605052.3507318,83
1774605052.366708,86
1774605052.3826993,85
1774605052.3987355,85
1774605052.414722,89
1774605052.4306939,89
1774605052.4467022,90
1774605052.462851,91
1774605052.4786537,87
1774605052.4947574,84
1774605052.5108736,85
1774605052.5267055,81
1774605052.5427694,82
1774605052.5586278,90
1774605052.5748076,88
1774605052.5907366,92
1774605052.606834,98
1774605052.6226387,100
1774605052.6389039,97
1774605052.6547036,100
1774605052.6707866,96
1774605052.6867516,94
1774605052.7026403,92
1774605052.71889,92
1774605052.7346327,90
1774605052.750647,88
1774605052.7667081,87
1774605052.7827606,86
1774605052.7987645,84
1774605052.8147361,80
1774605052.830976,79
1774605052.8467395,77
1774605052.8629248,76
1774605052.8787396,76
1774605052.8948982,77
1774605052.9107897,75
1774605052.9268749,74
1774605052.9427848,72
1774605052.958819,70
1774605052.9749691,72
1774605052.9908643,75
1774605053.006881,74
1774605053.0226376,74
1774605053.0387032,73
1774605053.0548806,71
1774605053.0707967,69
1774605053.0867982,69
1774605053.1029253,73
1774605053.118914,79
1774605053.1348126,81
1774605053.1507568,85
1774605053.1667387,88
1774605053.1826253,89
1774605053.198703,89
1774605053.214978,90
1774605053.2307167,87
1774605053.2467878,85
1774605053.262672,81
1774605053.2786632,78
1774605053.294735,73
1774605053.3108213,73
1774605053.3266382,72
1774605053.3428178,72
1774605053.358691,70
1774605053.374663,72
1774605053.3907351,70
1774605053.406945,71
1774605053.422644,70
1774605053.4386675,73
1774605053.4547625,72
1774605053.4709733,73
1774605053.4867892,73
1774605053.5026498,73
1774605053.5189602,71
1774605053.5346632,72
1774605053.5506692,70
1774605053.5666199,69
1774605053.5826612,67
1774605053.5986605,70
1774605053.6146693,70
1774605053.6306937,69
1774605053.6467583,73
1774605053.6628993,76
1774605053.6788461,73
1774605053.694984,76
1774605053.7108524,80
1774605053.726934,77
1774605053.742683,77
1774605053.7586956,79
1774605053.7746568,77
1774605053.7907379,80
1774605053.8069463,86
1774605053.8229783,91
1774605053.8389714,94
1774605053.8548913,96
1774605053.8707132,93
1774605053.8867464,91
1774605053.9029047,88
1774605053.9188273,86
1774605053.9348958,86
1774605053.95079,88
1774605053.9667165,89
1774605053.982938,94
1774605053.9987645,91
1774605054.0146737,92
1774605054.0309217,90
1774605054.0468764,84
1774605054.0626814,79
1774605054.0787997,79
1774605054.0949247,77
1774605054.1107514,77
1774605054.1268837,77
1774605054.1431508,75
1774605054.1589646,73
1774605054.1749387,73
1774605054.1910174,71
1774605054.2069948,73
1774605054.2229197,75
1774605054.2389934,77
1774605054.2548847,78
1774605054.270849,78
1774605054.286974,79
1774605054.3028898,75
1774605054.3189728,75
1774605054.3350255,78
1774605054.3509548,81
1774605054.3669348,83
1774605054.3829446,88
1774605054.398843,91
1774605054.4149883,93
1774605054.4309642,93
1774605054.4469135,93
1774605054.4628482,92
1774605054.4788275,90
1774605054.494762,86
1774605054.5107927,88
1774605054.5267754,89
1774605054.5427604,93
1774605054.5589309,96
1774605054.5747254,94
1774605054.590827,92
1774605054.606751,89
1774605054.622787,84
1774605054.6391046,82
1774605054.6547532,81
1774605054.6707675,80
1774605054.6867554,79
1774605054.7028277,78
1774605054.7187502,77
1774605054.73474,84
1774605054.7508323,92
1774605054.766867,101
1774605054.7829692,111
1774605054.7987313,113
1774605054.814793,115
1774605054.8308754,113
1774605054.8467355,109
1774605054.8627732,104
1774605054.8787837,103
1774605054.8947363,100
1774605054.910763,97
1774605054.926927,98
1774605054.9427528,94
1774605054.9587986,95
1774605054.9747715,94
1774605054.9908497,92
1774605055.0067804,88
1774605055.022791,92
1774605055.0388517,93
1774605055.0547771,92
1774605055.0709252,95
1774605055.086822,98
1774605055.102837,95
1774605055.1188674,93
1774605055.134777,89
1774605055.1508317,84
1774605055.1667879,79
1774605055.1828468,78
1774605055.1988661,77
1774605055.214801,83
1774605055.2308166,84
1774605055.2467692,88
1774605055.2629328,92
1774605055.2789264,93
1774605055.2948847,90
1774605055.3108404,88
1774605055.3268251,85
1774605055.3428397,82
1774605055.3589156,80
1774605055.374946,80
1774605055.3907928,78
1774605055.4068766,78
1774605055.4228432,76
1774605055.4388182,79
1774605055.4548144,80
1774605055.4708235,82
1774605055.4868658,83
1774605055.5028348,86
1774605055.5188143,88
1774605055.5348084,87
1774605055.550899,90
1774605055.5668328,95
1774605055.5828922,95
1774605055.5989032,95
1774605055.6148546,95
1774605055.6308231,96
1774605055.6470573,94
1774605055.6629095,93
1774605055.6788034,89
1774605055.6948504,89
1774605055.7108166,83
1774605055.7269585,81
1774605055.742826,86
1774605055.7588534,90
1774605055.7749565,93
1774605055.7909582,97
1774605055.8069437,99
1774605055.8229058,95
1774605055.8388329,93
1774605055.8548682,98
1774605055.8708308,99
1774605055.8868322,100
1774605055.9028928,105
1774605055.9188488,111
1774605055.9348302,102
1774605055.9509294,100
1774605055.9668458,97
1774605055.9828613,91
1774605055.9988434,86
1774605056.0148735,89
1774605056.0309782,92
1774605056.0471382,94
1774605056.0630903,96
1774605056.0789173,94
1774605056.0950744,100
1774605056.1110096,97
1774605056.127015,96
1774605056.143053,93
1774605056.1590002,95
1774605056.1749868,84
1774605056.1908917,81
1774605056.2068987,79
1774605056.2228508,79
1774605056.23894,77
1774605056.2549727,81
1774605056.2709467,83
1774605056.2868912,81
1774605056.3029146,81
1774605056.3189044,84
1774605056.3349495,79
1774605056.3509274,79
1774605056.366996,80
1774605056.3831184,80
1774605056.3992355,77
1774605056.4150774,74
1774605056.430903,71
1774605056.4472637,67
1774605056.463239,68
1774605056.4791808,69
1774605056.4950938,75
1774605056.5111542,80
1774605056.527075,84
1774605056.5430033,85
1774605056.5590332,83
1774605056.5751,81
1774605056.5912294,79
1774605056.607007,77
1774605056.6230857,72
1774605056.6390836,69
1774605056.655067,65
1774605056.6711876,62
1774605056.6869242,63
1774605056.7029593,64
1774605056.719075,71
1774605056.7351568,74
1774605056.7512527,76
1774605056.7671258,76
1774605056.782965,74
1774605056.7990315,69
1774605056.8150718,67
1774605056.831007,63
1774605056.8470428,63
1774605056.86316,63
1774605056.87906,63
1774605056.8951337,64
1774605056.9110396,65
1774605056.9271445,68
1774605056.943129,71
1774605056.9591074,73
1774605056.974944,79
1774605056.99104,83
1774605057.0071003,82
1774605057.0230272,81
1774605057.039136,80
1774605057.0551069,74
1774605057.0711048,72
1774605057.087066,69
1774605057.1031616,67
1774605057.1191676,68
1774605057.1352654,70
1774605057.151209,70
1774605057.1671505,77
1774605057.1831937,76
1774605057.198991,74
1774605057.2151067,75
1774605057.2311397,77
1774605057.247301,74
1774605057.2631285,76
1774605057.2790163,80
1774605057.2952993,77
1774605057.3111422,74
1774605057.3272383,74
1774605057.3431034,74
1774605057.3591998,72
1774605057.37503,70
1774605057.391208,70
1774605057.407037,69
1774605057.4231749,67
1774605057.4392605,67
1774605057.4551392,70
1774605057.4709435,74
1774605057.4871008,75
1774605057.50303,76
1774605057.5191278,76
1774605057.5351017,78
1774605057.55126,77
1774605057.5671146,76
1774605057.583081,78
1774605057.5992494,79
1774605057.6151457,80
1774605057.6311896,77
1774605057.6470656,80
1774605057.6630092,84
1774605057.6791124,84
1774605057.695102,83
1774605057.7111876,85
1774605057.727078,83
1774605057.7433302,76
1774605057.7591486,72
1774605057.775052,69
1774605057.7911117,68
1774605057.8071187,70
1774605057.823117,73
1774605057.8390558,78
1774605057.8551252,79
1774605057.8712645,80
1774605057.8870738,79
1774605057.9031198,78
1774605057.9191115,78
1774605057.9350817,79
1774605057.9510622,84
1774605057.9673088,85
1774605057.983332,90
1774605057.9992893,95
1774605058.0153997,97
1774605058.0312269,96
1774605058.0472791,97
1774605058.0631678,97
1774605058.0791342,95
1774605058.0950904,91
1774605058.1110044,92
1774605058.1270425,89
1774605058.1430228,86
1774605058.159025,85
1774605058.1750052,86
1774605058.1910138,83
1774605058.2070622,83
1774605058.223089,81
1774605058.2389872,79
1774605058.2550085,79
1774605058.2710042,82
1774605058.2870042,83
1774605058.3030975,89
1774605058.319266,94
1774605058.3350585,96
1774605058.3510628,94
1774605058.3670733,97
1774605058.383351,92
1774605058.3992035,86
1774605058.41512,80
1774605058.43135,78
1774605058.4473257,78
1774605058.4630709,84
1774605058.4790945,89
1774605058.4952772,95
1774605058.5111566,98
1774605058.5272796,96
1774605058.5433483,91
1774605058.559214,87
1774605058.5754347,83
1774605058.5912874,82
1774605058.6072588,84
1774605058.6233826,84
1774605058.6392705,85
1774605058.6554039,85
1774605058.671317,85
1774605058.687313,83
1774605058.7033165,84
1774605058.7193303,84
1774605058.7352762,85
1774605058.7512162,84
1774605058.7672577,82
1774605058.7833567,80
1774605058.7992744,79
1774605058.8154652,79
1774605058.8313637,80
1774605058.8472936,79
1774605058.8632238,79
1774605058.8792796,76
1774605058.895339,75
1774605058.9112108,73
1774605058.9272804,73
1774605058.9432888,73
1774605058.9592998,73
1774605058.975186,71
1774605058.9912663,70
1774605059.0073035,72
1774605059.0232408,77
1774605059.0392816,83
1774605059.055348,89
1774605059.0714698,93
1774605059.0873728,96
1774605059.10337,94
1774605059.1193426,92
1774605059.135461,91
1774605059.151388,89
1774605059.1673512,86
1774605059.1832287,89
1774605059.199443,87
1774605059.2153509,85
1774605059.231231,86
1774605059.2473834,90
1774605059.263235,88
1774605059.2792547,89
1774605059.2951758,93
1774605059.3113265,94
1774605059.32729,94
1774605059.343328,94
1774605059.3594227,96
1774605059.375359,92
1774605059.3914518,91
1774605059.407413,84
1774605059.423278,79
1774605059.4392118,83
1774605059.455303,85
1774605059.471209,91
1774605059.4875436,96
1774605059.5034485,98
1774605059.5194414,92
1774605059.5351694,88
1774605059.5512333,80
1774605059.5673208,77
1774605059.5834432,81
1774605059.599197,82
1774605059.6155248,82
1774605059.6314433,83
1774605059.6473427,79
1774605059.6633015,73
1774605059.679186,75
1774605059.6951742,76
1774605059.7111757,79
1774605059.7272043,83
1774605059.743293,84
1774605059.75931,83
1774605059.7752779,83
1774605059.7912946,81
1774605059.807364,78
1774605059.8231976,78
1774605059.839305,78
1774605059.8553674,78
1774605059.8712642,84
1774605059.8874285,99
1774605059.9032304,106
1774605059.9191852,112
1774605059.9352105,161
1774605059.951239,199
1774605059.9673057,194
1774605059.9832506,200
1774605059.9995544,199
1774605060.0155938,147
1774605060.031413,108
1774605060.0472457,107
1774605060.0632074,99
1774605060.0793173,97
1774605060.0952828,122
1774605060.1112902,187
1774605060.1272929,205
1774605060.1432278,247
1774605060.159291,256
1774605060.1752124,253
1774605060.19118,226
1774605060.2072306,245
1774605060.223342,205
1774605060.2392588,197
1774605060.2552269,218
1774605060.2713287,202
1774605060.2873394,229
1774605060.303255,292
1774605060.319504,341
1774605060.335334,310
1774605060.3513834,312
1774605060.3672087,250
1774605060.3831935,223
1774605060.3992076,272
1774605060.4152734,342
1774605060.4312394,347
1774605060.4473088,380
1774605060.4634326,430
1774605060.4796975,404
1774605060.4952831,414
1774605060.5112805,433
1774605060.5272782,431
1774605060.543271,384
1774605060.5592747,321
1774605060.5752568,257
1774605060.5912712,221
1774605060.607392,200
1774605060.623453,272
1774605060.6395566,410
1774605060.6554875,555
1774605060.6713662,636
1774605060.6873565,686
1774605060.7035637,604
1774605060.7194934,480
1774605060.735399,407
1774605060.751588,382
1774605060.7674842,391
1774605060.7837603,385
1774605060.7996328,408
1774605060.8153658,374
1774605060.831418,342
1774605060.8473268,409
1774605060.8633232,453
1774605060.8796108,514
1774605060.8955588,521
1774605060.9113805,531
1774605060.9274898,444
1774605060.943555,387
1774605060.9593406,358
1774605060.9755042,340
1774605060.9915254,329
1774605061.0075445,299
1774605061.0236802,301
1774605061.039767,228
1774605061.0554292,233
1774605061.0716748,209
1774605061.0875924,203
1774605061.1033988,224
1774605061.1197152,255
1774605061.1353323,207
1774605061.151357,199
1774605061.1673546,183
1774605061.1833715,150
1774605061.1993997,122
1774605061.2153332,139
1774605061.2313273,130
1774605061.2473266,150
1774605061.2634404,165
1774605061.2793884,188
1774605061.295338,246
1774605061.3113737,276
1774605061.3273442,274
1774605061.3433661,283
1774605061.3593674,246
1774605061.3753228,182
1774605061.391387,229
1774605061.4074314,226
1774605061.4234438,228
1774605061.439325,328
1774605061.4552894,373
1774605061.4713576,346
1774605061.487364,347
1774605061.5033572,387
1774605061.5193644,317
1774605061.5353696,340
1774605061.5513306,369
1774605061.5673914,451
1774605061.5834272,502
1774605061.5993583,496
1774605061.6153243,448
1774605061.6313896,387
1774605061.647369,343
1774605061.6633568,302
1774605061.6793468,338
1774605061.6953762,417
1774605061.7113724,587
1774605061.7274284,741
1774605061.74343,755
1774605061.7595105,791
1774605061.7755618,826
1774605061.7914176,739
1774605061.8074563,555
1774605061.8234088,469
1774605061.839413,371
1774605061.8553991,221
1774605061.8713346,130
1774605061.8874133,117
1774605061.903386,129
1774605061.9193873,136
1774605061.935387,141
1774605061.9513166,145
1774605061.9673784,220
1774605061.9834192,243
1774605061.9993613,236
1774605062.0153966,246
1774605062.031423,255
1774605062.0475247,177
1774605062.0633872,161
1774605062.0793839,164
1774605062.0954127,155
1774605062.1114137,176
1774605062.1278114,181
1774605062.143537,220
1774605062.1595287,239
1774605062.175359,243
1774605062.1913915,209
1774605062.207432,217
1774605062.2233343,161
1774605062.2394316,145
1774605062.2554338,140
1774605062.2714176,159
1774605062.2877614,162
1774605062.303722,162
1774605062.3196545,167
1774605062.335601,179
1774605062.3515387,179
1774605062.3674524,156
1774605062.383348,151
1774605062.399385,252
1774605062.4156172,309
1774605062.4317138,322
1774605062.4474425,425
1774605062.4636352,503
1774605062.4794328,454
1774605062.4958065,396
1774605062.5115848,407
1774605062.5274823,334
1774605062.5434468,268
1774605062.559455,208
1774605062.5755227,194
1774605062.5914843,148
1774605062.6074717,117
1774605062.6235633,99
1774605062.6395156,108
1774605062.6556246,127
1774605062.6714082,138
1774605062.6874156,180
1774605062.703394,198
1774605062.7195294,186
1774605062.7354412,198
1774605062.7514186,211
1774605062.7674298,236
1774605062.783431,242
1774605062.7994306,242
1774605062.8155346,213
1774605062.8314075,199
1774605062.84745,133
1774605062.8635032,117
1774605062.879615,125
1774605062.8957098,120
1774605062.9114838,106
1774605062.9275157,103
1774605062.9435077,106
1774605062.9595797,116
1774605062.9755387,122
1774605062.9915187,126
1774605063.0074916,127
1774605063.0234396,123
1774605063.0394595,117
1774605063.05541,117
1774605063.07151,128
1774605063.0874639,133
1774605063.1034946,126
1774605063.119679,114
1774605063.1357043,112
1774605063.1515765,99
1774605063.1677427,90
1774605063.1835105,90
1774605063.199549,100
1774605063.2155657,97
1774605063.2316384,99
1774605063.2476337,106
1774605063.2634819,107
1774605063.2795227,99
1774605063.295548,100
1774605063.3115082,103
1774605063.3275945,103
1774605063.3434794,110
1774605063.359532,110
1774605063.3755178,107
1774605063.3914826,109
1774605063.407683,104
1774605063.423569,104
1774605063.4395778,105
1774605063.4555295,109
1774605063.4714904,103
1774605063.48759,106
1774605063.5037959,101
1774605063.519617,101
1774605063.535616,97
1774605063.5515397,106
1774605063.5676556,113
1774605063.5836,111
1774605063.599619,117
1774605063.6156766,127
1774605063.6316042,141
1774605063.6475055,147
1774605063.6636848,147
1774605063.6794844,140
1774605063.6956656,131
1774605063.7117407,111
1774605063.7277498,100
1774605063.7437327,108
1774605063.7597249,114
1774605063.7757475,118
1774605063.79159,115
1774605063.807567,110
1774605063.823664,100
1774605063.83962,95
1774605063.8555086,94
1774605063.8715699,94
1774605063.8874872,99
1774605063.9038239,102
1774605063.9199812,103
1774605063.9355958,103
1774605063.951551,100
1774605063.9679396,94
1774605063.9837277,91
1774605063.9995527,88
1774605064.015743,85
1774605064.0318074,85
1774605064.0477161,86
1774605064.0636404,89
1774605064.0797155,88
1774605064.0954864,90
1774605064.1114898,94
1774605064.1275258,122
1774605064.143892,156
1774605064.1596255,159
1774605064.1758273,164
1774605064.1916802,190
1774605064.207542,175
1774605064.223773,141
1774605064.2397444,158
1774605064.255777,162
1774605064.271733,157
1774605064.2875774,176
1774605064.3035967,212
1774605064.319628,199
1774605064.3355713,217
1774605064.3516078,297
1774605064.3675423,357
1774605064.3835816,391
1774605064.3995357,418
1774605064.4155962,412
1774605064.4320183,330
1774605064.4475772,282
1774605064.463595,248
1774605064.4795628,244
1774605064.4956422,264
1774605064.5116649,280
1774605064.5278862,271
1774605064.5435543,238
1774605064.559636,213
1774605064.5755594,166
1774605064.5917058,180
1774605064.6078346,170
1774605064.6239326,187
1774605064.6398504,204
1774605064.6560357,225
1774605064.6719878,188
1774605064.687839,181
1774605064.7038243,224
1774605064.719849,224
1774605064.7359087,253
1774605064.7517412,258
1774605064.7676435,303
1774605064.7837663,261
1774605064.799736,256
1774605064.8157437,226
1774605064.831978,219
1774605064.8479757,191
1774605064.8639328,220
1774605064.8799152,242
1774605064.8958697,282
1774605064.9118822,294
1774605064.9277241,269
1774605064.9437726,218
1774605064.9596395,186
1774605064.9756792,143
1774605064.991716,128
1774605065.0077531,128
1774605065.0240593,149
1774605065.0397058,188
1774605065.0560946,206
1774605065.072014,217
1774605065.0880306,215
1774605065.1038632,208
1774605065.1202178,195
1774605065.1360035,180
1774605065.151979,163
1774605065.1679926,164
1774605065.1841645,156
1774605065.1999924,129
1774605065.2161803,133
1774605065.2318554,151
1774605065.247778,142
1774605065.2640402,143
1774605065.2799563,182
1774605065.296154,213
1774605065.311989,241
1774605065.327986,257
1774605065.3441722,273
1774605065.3601284,255
1774605065.3762329,233
1774605065.3920827,219
1774605065.4082658,281
1774605065.42411,283
1774605065.43988,291
1774605065.4558048,289
1774605065.4718168,278
1774605065.487955,219
1774605065.5038624,215
1774605065.5197182,198
1774605065.5358088,194
1774605065.5517266,187
1774605065.567829,180
1774605065.583732,224
1774605065.599712,233
1774605065.6157203,228
1774605065.6320481,218
1774605065.6478617,231
1774605065.664013,174
1774605065.6798418,147
1774605065.6959417,134
1774605065.7120934,135
1774605065.7280002,117
1774605065.7437377,136
1774605065.7598925,140
1774605065.7761507,142
1774605065.7919953,138
1774605065.8078218,146
1774605065.8238935,129
1774605065.8397694,136
1774605065.855847,137
1774605065.8717146,141
1774605065.8878534,138
1774605065.9040349,135
1774605065.9199061,125
1774605065.9358807,120
1774605065.9519897,119
1774605065.967955,109
1774605065.983753,109
1774605065.9998024,111
1774605066.0157235,112
1774605066.031996,111
1774605066.047994,106
1774605066.0640461,104
1774605066.0800407,96
1774605066.096051,90
1774605066.1120512,92
1774605066.1278098,91
1774605066.1439059,90
1774605066.1599975,91
1774605066.1758947,88
1774605066.191782,81
1774605066.208279,84
1774605066.2240434,87
1774605066.2399108,90
1774605066.255767,127
1774605066.2717283,135
1774605066.2877207,135
1774605066.3037207,137
1774605066.3197746,151
1774605066.335716,136
1774605066.3517942,141
1774605066.3677647,201
1774605066.3837295,211
1774605066.3997848,207
1774605066.4157443,204
1774605066.431867,208
1774605066.447797,172
1774605066.4638445,165
1774605066.4798548,158
1774605066.4957404,153
1774605066.5118742,148
1774605066.527799,137
1774605066.5438447,132
1774605066.5598187,133
1774605066.5758214,134
1774605066.5918045,130
1774605066.6077812,128
1774605066.623855,138
1774605066.6398015,154
1774605066.6557333,158
1774605066.6720748,160
1774605066.6880102,161
1774605066.7040362,156
1774605066.7199354,138
1774605066.7360914,134
1774605066.7518048,133
1774605066.7677941,131
1774605066.78403,133
1774605066.8000376,159
1774605066.816059,160
1774605066.8320932,168
1774605066.8479726,170
1774605066.8637922,171
1774605066.8799465,152
1774605066.896,149
1774605066.9120507,144
1774605066.927987,138
1774605066.9439993,134
1774605066.9600437,128
1774605066.9757915,119
1774605066.9918242,112
1774605067.0081065,106
1774605067.0244095,106
1774605067.0399628,104
1774605067.0560756,106
1774605067.0720797,113
1774605067.0880175,125
1774605067.103803,128
1774605067.1199198,148
1774605067.1362422,155
1774605067.1520388,151
1774605067.167999,146
1774605067.1842287,142
1774605067.200206,122
1774605067.2161238,114
1774605067.2320807,124
1774605067.248025,139
1774605067.2641733,149
1774605067.2800817,157
1774605067.2961342,156
1774605067.312131,140
1774605067.3282073,125
1774605067.3439178,115
1774605067.3601453,108
1774605067.3760233,107
1774605067.3920925,113
1774605067.4080873,108
1774605067.4238822,113
1774605067.4401844,116
1774605067.4558334,116
1774605067.4718592,115
1774605067.4882417,112
1774605067.504138,103
1774605067.51999,101
1774605067.5358675,106
1774605067.5518615,109
1774605067.5679758,124
1774605067.5839126,132
1774605067.5998366,136
1774605067.6160793,139
1774605067.6320803,141
1774605067.648004,136
1774605067.6639645,134
1774605067.6798878,129
1774605067.69587,125
1774605067.7118921,121
1774605067.728111,115
1774605067.7441716,110
1774605067.7598953,109
1774605067.7758706,114
1774605067.791902,121
1774605067.8078818,137
1774605067.823929,144
1774605067.839915,147
1774605067.8559103,137
1774605067.8719015,129
1774605067.887848,111
1774605067.9038885,105
1774605067.9199476,103
1774605067.935987,105
1774605067.9518867,105
1774605067.9679186,104
1774605067.9839556,106
1774605067.9998643,103
1774605068.0158477,102
1774605068.0321696,101
1774605068.0478966,102
1774605068.0638936,96
1774605068.079857,94
1774605068.0958738,92
1774605068.1118622,92
1774605068.1279132,91
1774605068.1439393,91
1774605068.1599832,93
1774605068.1758816,94
1774605068.1920493,90
1774605068.207953,89
1774605068.2239249,89
1774605068.2399547,85
1774605068.255997,84
1774605068.271906,87
1774605068.2881718,88
1774605068.3039515,87
1774605068.320022,90
1774605068.3359823,86
1774605068.3519192,83
1774605068.3680732,79
1774605068.3840783,79
1774605068.3999133,77
1774605068.4159923,76
1774605068.432144,74
1774605068.4479256,77
1774605068.463964,77
1774605068.4800296,84
1774605068.4959035,92
1774605068.5119712,97
1774605068.5282006,102
1774605068.5439231,105
1774605068.5599341,100
1774605068.5761516,98
1774605068.5920198,98
1774605068.6079438,94
1774605068.6239862,97
1774605068.6399684,104
1774605068.6560173,103
1774605068.6721807,103
1774605068.6880386,144
1774605068.7039,165
1774605068.7200823,169
1774605068.735993,175
1774605068.7519405,175
1774605068.7679603,137
1774605068.7839744,112
1774605068.7999465,100
1774605068.8159595,93
1774605068.832214,96
1774605068.8482704,92
1774605068.8641098,91
1774605068.8801267,91
1774605068.8959987,96
1774605068.9120631,90
1774605068.9280725,89
1774605068.9441288,87
1774605068.960104,87
1774605068.976106,82
1774605068.9920733,81
1774605069.0081732,82
1774605069.0241566,82
1774605069.0402117,85
1774605069.0561976,88
1774605069.0723348,86
1774605069.0880046,87
1774605069.1039672,85
1774605069.120114,82
1774605069.1360133,79
1774605069.1519568,81
1774605069.168221,77
1774605069.1839907,77
1774605069.1999652,77
1774605069.2160556,76
1774605069.231989,73
1774605069.2479851,73
1774605069.263978,74
1774605069.2799654,74
1774605069.2959626,75
1774605069.3119771,75
1774605069.3281996,75
1774605069.3440006,74
1774605069.360075,73
1774605069.3760052,71
1774605069.3920534,76
1774605069.4081976,77
1774605069.4240365,76
1774605069.4401038,75
1774605069.456056,75
1774605069.4720457,73
1774605069.4881692,73
1774605069.5040226,77
1774605069.5200598,79
1774605069.5362713,81
1774605069.5521076,82
1774605069.568191,80
1774605069.5840166,79
1774605069.6000485,78
1774605069.6161652,78
1774605069.6319938,76
1774605069.648038,76
1774605069.6640987,77
1774605069.6800532,77
1774605069.6960282,75
1774605069.71216,79
1774605069.7280953,85
1774605069.744105,90
1774605069.7601504,99
1774605069.7760584,110
1774605069.7922494,116
1774605069.8080907,118
1774605069.824117,115
1774605069.840165,110
1774605069.8561838,106
1774605069.87207,101
1774605069.8881507,99
1774605069.904261,98
1774605069.9200566,98
1774605069.9360754,99
1774605069.9522774,98
1774605069.9682183,99
1774605069.9842405,101
1774605070.0000854,100
1774605070.016312,98
1774605070.0321577,99
1774605070.0480435,100
1774605070.0640612,100
1774605070.0800803,99
1774605070.0960753,100
1774605070.1123595,99
1774605070.1284475,100
1774605070.1440504,101
1774605070.1601198,103
1774605070.1760519,103
1774605070.1921172,108
1774605070.208091,101
1774605070.2240944,98
1774605070.2401006,96
1774605070.256122,93
1774605070.272208,86
1774605070.2880874,92
1774605070.3043187,94
1774605070.320045,96
1774605070.3361309,103
1774605070.3522367,106
1774605070.3681507,99
1774605070.384082,94
1774605070.4001029,93
1774605070.4163113,89
1774605070.4320762,88
1774605070.448111,89
1774605070.464159,89
1774605070.480322,86
1774605070.4961467,84
1774605070.5121226,84
1774605070.5281332,86
1774605070.5440836,88
1774605070.5601163,89
1774605070.5761464,93
1774605070.5922182,93
1774605070.6080725,95
1774605070.6241574,93
1774605070.6401446,94
1774605070.6561828,88
1774605070.6726284,87
1774605070.6881409,86
1774605070.7042556,87
1774605070.7202473,86
1774605070.7361996,92
1774605070.7522092,94
1774605070.7683172,97
1774605070.7842176,98
1774605070.800231,103
1774605070.8161728,107
1774605070.8323348,112
1774605070.8481677,116
1774605070.8642573,120
1774605070.8802273,136
1774605070.8962219,135
1774605070.912159,143
1774605070.9281745,145
1774605070.9441605,145
1774605070.96044,129
1774605070.9765334,130
1774605070.9922206,120
1774605071.008237,113
1774605071.0242038,111
1774605071.040201,110
1774605071.05643,105
1774605071.0721986,109
1774605071.0882056,109
1774605071.1041985,109
1774605071.1201966,110
1774605071.1363907,113
1774605071.152249,105
1774605071.1682572,112
1774605071.1845567,120
1774605071.2004328,115
1774605071.2162743,115
1774605071.2321472,118
1774605071.2482958,113
1774605071.2642136,100
1774605071.280223,98
1774605071.2961483,93
1774605071.3121893,91
1774605071.3282049,89
1774605071.3441792,94
1774605071.360464,102
1774605071.3764856,109
1774605071.3921514,113
1774605071.4085097,116
1774605071.4245088,114
1774605071.4402468,109
1774605071.4562125,105
1774605071.472373,104
1774605071.4884317,104
1774605071.5043914,106
1774605071.5203204,106
1774605071.5363255,106
1774605071.5522842,108
1774605071.5682318,108
1774605071.584316,107
1774605071.6003063,109
1774605071.6165028,111
1774605071.632402,108
1774605071.6484811,110
1774605071.6645088,115
1774605071.680351,113
1774605071.6964517,112
1774605071.7123897,113
1774605071.7283742,110
1774605071.7443073,107
1774605071.7603803,118
1774605071.7764409,121
1774605071.792329,119
1774605071.808345,112
1774605071.8245692,110
1774605071.8402636,103
1774605071.8562803,101
1774605071.8722253,107
1774605071.8885705,114
1774605071.9042509,121
1774605071.9206076,124
1774605071.9362273,123
1774605071.952306,119
1774605071.9684806,120
1774605071.9845455,116
1774605072.0003762,111
1774605072.016315,111
1774605072.0322623,110
1774605072.0487642,104
1774605072.0644364,105
1774605072.0803702,108
1774605072.0965757,103
1774605072.1123362,105
1774605072.128493,108
1774605072.144425,107
1774605072.1603243,102
1774605072.1764424,103
1774605072.1924443,97
1774605072.2082043,94
1774605072.2242641,90
1774605072.2403634,89
1774605072.2562277,85
1774605072.272456,86
1774605072.2884524,84
1774605072.3046134,83
1774605072.3202415,83
1774605072.3365295,84
1774605072.3525598,82
1774605072.3683014,83
1774605072.3842857,85
1774605072.4002547,86
1774605072.4163778,85
1774605072.432447,83
1774605072.4483707,84
1774605072.464353,80
1774605072.4802845,77
1774605072.4963875,80
1774605072.5123198,83
1774605072.5286467,83
1774605072.5443063,84
1774605072.5603995,84
1774605072.5764189,82
1774605072.5923123,81
1774605072.6083086,80
1774605072.6243572,80
1774605072.6403062,79
1774605072.656358,77
1774605072.6723177,80
1774605072.6884475,82
1774605072.7044957,81
1774605072.7204268,84
1774605072.7366242,88
1774605072.752429,92
1774605072.7683232,92
1774605072.7842917,98
1774605072.8003833,97
1774605072.816255,96
1774605072.8323123,95
1774605072.8483412,93
1774605072.8642664,89
1774605072.8803456,91
1774605072.8964562,92
1774605072.9123154,89
1774605072.9284499,88
1774605072.9444585,87
1774605072.9603937,90
1774605072.9766564,94
1774605072.9924872,95
1774605073.0085318,100
1774605073.024338,101
1774605073.0403073,99
1774605073.0565476,94
1774605073.0724068,92
1774605073.0884995,87
1774605073.1043794,89
1774605073.1205196,85
1774605073.136575,85
1774605073.1525729,85
1774605073.168514,84
1774605073.1845465,85
1774605073.2005658,84
1774605073.2166617,83
1774605073.2324643,85
1774605073.2484717,87
1774605073.2644875,84
1774605073.2803607,87
1774605073.2963471,88
1774605073.312541,84
1774605073.3283677,83
1774605073.3443272,81
1774605073.3603537,79
1774605073.376392,79
1774605073.3925946,82
1774605073.4086268,82
1774605073.4243267,84
1774605073.440298,85
1774605073.4563978,85
1774605073.4723399,82
1774605073.4884334,85
1774605073.5045257,84
1774605073.520581,84
1774605073.5364337,83
1774605073.5526044,82
1774605073.5684724,79
1774605073.5844142,78
1774605073.6005838,77
1774605073.6166692,76
1774605073.6323795,76
1774605073.6484137,76
1774605073.664421,75
1774605073.6803997,75
1774605073.6965754,72
1774605073.7124538,73
1774605073.7286267,73
1774605073.7444468,72
1774605073.7604184,73
1774605073.7765532,76
1774605073.7925878,77
1774605073.8083892,82
1774605073.8244064,83
1774605073.840493,82
1774605073.8566158,82
1774605073.872385,82
1774605073.8884382,77
1774605073.904456,75
1774605073.920546,75
1774605073.9363894,71
1774605073.9524906,67
1774605073.9686677,69
1774605073.9846735,72
1774605074.0003605,77
1774605074.0165083,87
1774605074.0326,99
1774605074.0484757,106
1774605074.0644333,110
1774605074.0806246,111
1774605074.0966334,108
1774605074.112585,102
1774605074.1285725,97
1774605074.144543,95
1774605074.1605077,92
1774605074.1764588,90
1774605074.1927035,90
1774605074.2084198,93
1774605074.2244043,89
1774605074.2403853,90
1774605074.2564912,90
1774605074.272477,88
1774605074.2886877,85
1774605074.3045876,83
1774605074.3204343,83
1774605074.3364856,81
1774605074.3526096,79
1774605074.3685086,80
1774605074.3845508,80
1774605074.4005756,81
1774605074.416432,86
1774605074.4325492,88
1774605074.448463,85
1774605074.4645872,86
1774605074.4804642,83
1774605074.4967175,77
1774605074.5124755,77
1774605074.5285165,75
1774605074.5445147,73
1774605074.5605283,75
1774605074.5766869,79
1774605074.5924819,82
1774605074.6085868,87
1774605074.6244376,92
1774605074.640507,96
1774605074.6566327,97
1774605074.6725278,94
1774605074.6885872,93
1774605074.7045443,89
1774605074.7205062,84
1774605074.7365668,83
1774605074.7525403,81
1774605074.7684834,80
1774605074.784749,80
1774605074.8005478,80
1774605074.8166018,85
1774605074.832718,96
1774605074.8486533,105
1774605074.8646028,112
1774605074.8805091,116
1774605074.896531,114
1774605074.9125195,107
1774605074.9286854,105
1774605074.9447134,101
1774605074.9604602,96
1774605074.9765751,94
1774605074.9925826,97
1774605075.0087066,92
1774605075.0244987,101
1774605075.0404644,146
1774605075.056619,155
1774605075.0725312,186
1774605075.0886836,212
1774605075.1046658,236
1774605075.1206067,225
1774605075.136694,248
1774605075.152721,212
1774605075.1686156,204
1774605075.1846375,190
1774605075.2005653,170
1774605075.2166853,140
1774605075.2329183,166
1774605075.248655,157
1774605075.2647064,166
1774605075.280488,176
1774605075.2966845,208
1774605075.312687,186
1774605075.3287134,206
1774605075.3446414,179
1774605075.3607063,171
1774605075.376527,187
1774605075.392725,192
1774605075.4088483,166
1774605075.424711,184
1774605075.440746,200
1774605075.4565248,148
1774605075.4728315,139
1774605075.4887178,137
1774605075.5049503,121
1774605075.5207336,97
1774605075.5366943,96
1774605075.5527356,120
1774605075.5688279,156
1774605075.5847902,174
1774605075.600651,234
1774605075.6167593,317
1774605075.6328616,323
1774605075.648761,299
1774605075.6649022,329
1774605075.6808639,315
1774605075.696736,262
1774605075.713088,245
1774605075.728662,255
1774605075.744893,249
1774605075.76089,245
1774605075.7767498,259
1774605075.7926855,333
1774605075.808931,406
1774605075.824936,384
1774605075.8408306,393
1774605075.856807,379
1774605075.8725855,298
1774605075.8886104,214
1774605075.9047222,197
1774605075.9207792,155
1774605075.936799,141
1774605075.9527507,146
1774605075.968777,139
1774605075.9848087,155
1774605076.000584,173
1774605076.016618,211
1774605076.0328364,232
1774605076.0487802,244
1774605076.0647523,231
1774605076.0805788,213
1774605076.0966148,216
1774605076.1126683,204
1774605076.1286597,205
1774605076.1448417,214
1774605076.1607838,254
1774605076.1766489,214
1774605076.1927633,216
1774605076.208607,220
1774605076.2247064,217
1774605076.2406187,188
1774605076.2566519,205
1774605076.2726302,234
1774605076.2887442,225
1774605076.3047557,452
1774605076.3207145,512
1774605076.336821,541
1774605076.3526332,535
1774605076.368821,588
1774605076.3846617,415
1774605076.4006634,335
1774605076.4166796,296
1774605076.43293,272
1774605076.448802,246
1774605076.4646678,196
1774605076.4807255,285
1774605076.496843,303
1774605076.5129929,321
1774605076.5287583,366
1774605076.5447779,389
1774605076.5610256,384
1774605076.5767503,442
1774605076.5926394,427
1774605076.6086855,389
1774605076.6247098,366
1774605076.6407404,386
1774605076.6566825,366
1774605076.6726975,355
1774605076.688666,409
1774605076.7046895,565
1774605076.7207162,538
1774605076.736671,502
1774605076.7527118,510
1774605076.768814,479
1774605076.7846713,400
1774605076.800775,348
1774605076.8167512,356
1774605076.832698,380
1774605076.8488533,367
1774605076.8648002,401
1774605076.8807073,410
1774605076.896696,376
1774605076.9127119,354
1774605076.9288416,310
1774605076.9447715,242
1774605076.9607532,286
1774605076.976647,308
1774605076.9927874,330
1774605077.0089455,339
1774605077.0249395,317
1774605077.0406551,330
1774605077.056683,321
1774605077.072719,305
1774605077.088939,301
1774605077.1047053,276
1774605077.1207178,187
1774605077.136676,206
1774605077.1528726,240
1774605077.1686985,296
1774605077.1847327,334
1774605077.2006853,472
1774605077.2168798,457
1774605077.2327313,520
1774605077.2486951,549
1774605077.264693,508
1774605077.2807887,391
1774605077.2969797,387
1774605077.3127365,285
1774605077.3289628,226
1774605077.3446894,244
1774605077.3609393,213
1774605077.3769248,225
1774605077.392682,245
1774605077.408843,206
1774605077.424755,198
1774605077.4407349,199
1774605077.4568653,190
1774605077.4727154,205
1774605077.4887168,260
1774605077.50476,283
1774605077.5206895,296
1774605077.5367496,314
1774605077.5527341,276
1774605077.5687542,219
1774605077.5848193,183
1774605077.6008184,181
1774605077.6167762,149
1774605077.6327875,146
1774605077.648934,145
1774605077.664754,141
1774605077.6807675,129
1774605077.6967618,107
1774605077.7127666,92
1774605077.728742,149
1774605077.7449067,200
1774605077.760751,206
1774605077.7771866,222
1774605077.7927668,229
1774605077.808782,188
1774605077.824829,143
1774605077.8408434,150
1774605077.856799,149
1774605077.8729875,143
1774605077.8888237,133
1774605077.9049058,126
1774605077.920908,120
1774605077.936792,124
1774605077.9527624,126
1774605077.969029,127
1774605077.985047,129
1774605078.0008717,141
1774605078.0168607,145
1774605078.033076,155
1774605078.0490692,157
1774605078.064828,154
1774605078.0809035,143
1774605078.0969646,129
1774605078.1130788,138
1774605078.1292648,139
1774605078.1451123,134
1774605078.1610036,122
1774605078.1768062,135
1774605078.192978,131
1774605078.2088,138
1774605078.224949,172
1774605078.2410007,205
1774605078.256803,201
1774605078.2728605,181
1774605078.2889285,170
1774605078.3049865,139
1774605078.3208728,122
1774605078.3370574,113
1774605078.353171,117
1774605078.3687856,135
1774605078.3850358,159
1774605078.4010859,152
1774605078.4169414,161
1774605078.4330473,178
1774605078.449078,165
1774605078.4648178,151
1774605078.4809306,166
1774605078.4971845,165
1774605078.5128481,150
1774605078.5287895,148
1774605078.5450964,145
1774605078.5610712,137
1774605078.5768619,168
1774605078.5931358,180
1774605078.6089978,181
1774605078.6248126,175
1774605078.6410277,163
1774605078.656996,137
1774605078.673,123
1774605078.6889956,123
1774605078.7049878,141
1774605078.7208765,142
1774605078.7369049,147
1774605078.7528303,151
1774605078.7687976,149
1774605078.7848177,139
1774605078.8008835,149
1774605078.816809,144
1774605078.8328516,144
1774605078.849042,149
1774605078.864955,149
1774605078.8811104,148
1774605078.8968291,141
1774605078.913037,142
1774605078.928959,141
1774605078.945036,140
1774605078.9611075,136
1774605078.9771001,137
1774605078.9928286,141
1774605079.0090094,136
1774605079.0250113,131
1774605079.0410097,129
1774605079.057019,124
1774605079.07298,113
1774605079.088961,112
1774605079.1049516,115
1774605079.1210444,115
1774605079.137003,115
1774605079.1528556,118
1774605079.169041,118
1774605079.1850572,117
1774605079.2008677,113
1774605079.2168548,111
1774605079.2329829,104
1774605079.2489152,101
1774605079.265035,99
1774605079.2810209,105
1774605079.2969053,104
1774605079.312855,100
1774605079.3288734,97
1774605079.3448946,94
1774605079.3608408,86
1774605079.3768718,86
1774605079.3928766,87
1774605079.408899,87
1774605079.424872,84
1774605079.440885,84
1774605079.4568887,84
1774605079.4728355,90
1774605079.4890244,87
1774605079.5049143,86
1774605079.5210366,83
1774605079.5370786,84
1774605079.5531158,83
1774605079.5691328,89
1774605079.5848444,96
1774605079.600945,95
1774605079.616908,89
1774605079.6328535,86
1774605079.6488724,80
1774605079.664938,78
1774605079.6810253,82
1774605079.6971822,86
1774605079.7129185,85
1774605079.728858,85
1774605079.744859,82
1774605079.760892,79
1774605079.7769442,74
1774605079.7928545,80
1774605079.8088703,85
1774605079.824974,88
1774605079.8408854,88
1774605079.8568714,87
1774605079.8728955,81
1774605079.8888774,83
1774605079.9048893,84
1774605079.920892,96
1774605079.936933,111
1774605079.9528937,118
1774605079.9688666,122
1774605079.9849186,123
1774605080.000912,114
1774605080.0169647,101
1774605080.032935,95
1774605080.048988,86
1774605080.0649033,83
1774605080.080956,81
1774605080.0969203,81
1774605080.1128829,83
1774605080.1289113,82
1774605080.1449327,82
1774605080.1610081,87
1774605080.1770012,90
1774605080.192914,96
1774605080.2089586,99
1774605080.2249448,101
1774605080.2409403,104
1774605080.257102,102
1774605080.2730227,96
1774605080.289395,94
1774605080.3050692,91
1774605080.3211963,85
1774605080.3370433,89
1774605080.3530867,92
1774605080.3690872,91
1774605080.385134,91
1774605080.4013236,87
1774605080.4170237,84
1774605080.4331415,83
1774605080.4493518,84
1774605080.4652123,91
1774605080.4810848,100
1774605080.4971223,105
1774605080.5130632,110
1774605080.5292675,113
1774605080.544982,113
1774605080.5609388,110
1774605080.5771532,106
1774605080.5929718,104
1774605080.6089509,99
1774605080.6252084,92
1774605080.6411648,89
1774605080.6570187,87
1774605080.6731627,82
1774605080.689327,81
1774605080.7050908,89
1774605080.7211123,94
1774605080.737186,96
1774605080.7531433,102
1774605080.7692258,106
1774605080.785134,107
1774605080.8011823,107
1774605080.8171813,103
1774605080.8332798,103
1774605080.84902,102
1774605080.8650267,96
1774605080.8813004,90
1774605080.8972197,89
1774605080.9132566,82
1774605080.9291635,81
1774605080.9453018,81
1774605080.961162,85
1774605080.9769878,94
1774605080.9930506,105
1774605081.0089943,112
1774605081.0251994,119
1774605081.0411723,122
1774605081.0570068,123
1774605081.0731573,118
1774605081.0891297,118
1774605081.105147,116
1774605081.121102,116
1774605081.1373298,113
1774605081.1533368,117
1774605081.1692405,116
1774605081.1852539,116
1774605081.2013202,116
1774605081.2172763,119
1774605081.2330704,115
1774605081.248981,116
1774605081.2650177,112
1774605081.281166,109
1774605081.29704,104
1774605081.3130655,102
1774605081.3290124,97
1774605081.3449988,92
1774605081.3610132,85
1774605081.3770077,80
1774605081.3931065,76
1774605081.409604,74
1774605081.4252372,76
1774605081.441277,76
1774605081.457334,75
1774605081.4732146,76
1774605081.489326,75
1774605081.5052712,76
1774605081.521324,79
1774605081.5372474,82
1774605081.5531938,86
1774605081.5690367,91
1774605081.585153,94
1774605081.6011672,97
1774605081.6173215,98
1774605081.6332257,99
1774605081.6492226,95
1774605081.66509,92
1774605081.6810613,87
1774605081.6972036,88
1774605081.713395,84
1774605081.7292917,83
1774605081.7451491,82
1774605081.7612252,84
1774605081.7772894,85
1774605081.793337,89
1774605081.8091323,94
1774605081.8251586,103
1774605081.8413968,107
1774605081.8572643,106
1774605081.8731842,104
1774605081.889376,104
1774605081.9053102,94
1774605081.9213548,88
1774605081.937377,84
1774605081.9532857,83
1774605081.969612,80
1774605081.9853172,83
1774605082.0011458,83
1774605082.017266,86
1774605082.0330534,88
1774605082.0492916,96
1774605082.0651143,102
1774605082.0811377,113
1774605082.097224,122
1774605082.1131794,129
1774605082.129111,125
1774605082.1450937,122
1774605082.16127,118
1774605082.1770895,110
1774605082.1930873,104
1774605082.209307,105
1774605082.225433,108
1774605082.2411113,110
1774605082.2573478,115
1774605082.273294,119
1774605082.2891388,120
1774605082.305162,114
1774605082.3211699,112
1774605082.3371742,109
1774605082.3533921,104
1774605082.369345,103
1774605082.385466,102
1774605082.4014475,100
1774605082.417319,99
1774605082.4333816,96
1774605082.4493582,97
1774605082.4654486,96
1774605082.4811242,97
1774605082.4972527,99
1774605082.5133755,102
1774605082.5293844,103
1774605082.5452778,103
1774605082.5613954,102
1774605082.5773814,101
1774605082.5934503,102
1774605082.609307,103
1774605082.6251738,103
1774605082.6412084,104
1774605082.6573706,104
1774605082.673199,103
1774605082.6892004,102
1774605082.7054381,107
1774605082.721375,109
1774605082.7374904,105
1774605082.7533367,106
1774605082.7695582,107
1774605082.7854433,107
1774605082.8014069,108
1774605082.8172977,114
1774605082.8333833,115
1774605082.8492956,112
1774605082.8652925,111
1774605082.8811994,109
1774605082.8973184,104
1774605082.9133766,102
1774605082.9293902,106
1774605082.945284,103
1774605082.9611602,101
1774605082.9772084,105
1774605082.993217,104
1774605083.0092356,98
1774605083.025303,95
1774605083.0412629,92
1774605083.057343,84
1774605083.0733497,83
1774605083.0892036,85
1774605083.105318,90
1774605083.1212416,95
1774605083.1375465,108
1774605083.1532614,117
1774605083.169376,123
1774605083.1853175,128
1774605083.2014132,131
1774605083.2172556,127
1774605083.2331939,120
1774605083.249233,118
1774605083.2652388,118
1774605083.2811801,116
1774605083.2972426,115
1774605083.3132107,119
1774605083.3291855,118
1774605083.3451886,114
1774605083.3611972,113
1774605083.3772268,112
1774605083.3931594,110
1774605083.409194,109
1774605083.4252107,106
1774605083.4411914,106
1774605083.4571958,106
1774605083.4732137,104
1774605083.4893756,104
1774605083.5054758,102
1774605083.5214262,98
1774605083.5375075,93
1774605083.5534723,94
1774605083.5692272,94
1774605083.585348,97
1774605083.6012928,100
1774605083.617513,101
1774605083.6332667,97
1774605083.6492088,95
1774605083.6653347,97
1774605083.681252,97
1774605083.697254,96
1774605083.713372,100
1774605083.729217,100
1774605083.7452288,98
1774605083.7611985,96
1774605083.7772212,97
1774605083.7932074,98
1774605083.8096826,94
1774605083.8254972,89
1774605083.8415296,87
1774605083.8573685,84
1774605083.873393,78
1774605083.889468,79
1774605083.905578,80
1774605083.9214344,79
1774605083.9375026,79
1774605083.953478,82
1774605083.969312,81
1774605083.9854834,81
1774605084.001504,83
1774605084.0174303,81
1774605084.0333626,78
1774605084.0492544,77
1774605084.0652516,79
1774605084.081273,82
1774605084.097429,85
1774605084.1134412,90
1774605084.129453,91
1774605084.1453211,88
1774605084.1614177,85
1774605084.177401,93
1774605084.193466,99
1774605084.2095995,110
1774605084.2255554,119
1774605084.241742,127
1774605084.2575116,124
1774605084.2734413,125
1774605084.2893858,120
1774605084.3052688,112
1774605084.3214767,106
1774605084.3374186,103
1774605084.3534062,96
1774605084.3695128,93
1774605084.385246,92
1774605084.401382,86
1774605084.4172618,86
1774605084.4332988,92
1774605084.4492679,98
1774605084.465297,110
1774605084.4813075,119
1774605084.4976118,120
1774605084.5135481,119
1774605084.5296984,119
1774605084.5456343,110
1774605084.561524,107
1774605084.5773273,105
1774605084.593295,99
1774605084.609355,95
1774605084.6254249,93
1774605084.641456,92
1774605084.6575239,92
1774605084.67343,93
1774605084.6894772,91
1774605084.7053044,92
1774605084.7213192,93
1774605084.7373679,95
1774605084.7533991,101
1774605084.769379,105
1774605084.7853281,111
1774605084.8013415,115
1774605084.8175678,118
1774605084.8333583,120
1774605084.8495712,117
1774605084.8655834,111
1774605084.8817077,109
1774605084.8975396,107
1774605084.9136357,102
1774605084.929613,102
1774605084.9456174,100
1774605084.9616761,96
1774605084.9775722,96
1774605084.9936297,99
1774605085.0096617,105
1774605085.0256298,108
1774605085.0414782,113
1774605085.0574358,117
1774605085.0736322,117
1774605085.089533,110
1774605085.1054869,106
1774605085.1216338,98
1774605085.1375864,94
1774605085.1534529,85
1774605085.1693802,81
1774605085.1853786,84
1774605085.2014866,83
1774605085.217482,80
1774605085.234397,83
1774605085.2495637,89
1774605085.2655838,96
1774605085.2815921,107
1774605085.2975204,119
1774605085.3135045,129
1774605085.3295429,135
1774605085.3454242,129
1774605085.361416,126
1774605085.3773727,119
1774605085.3934734,113
1774605085.4094312,108
1774605085.4254172,110
1774605085.4414353,111
1774605085.4573836,116
1774605085.4734356,116
1774605085.4895115,116
1774605085.5054667,118
1774605085.5214193,117
1774605085.5373783,109
1774605085.5536764,109
1774605085.5695047,108
1774605085.5855079,104
1774605085.6014204,100
1774605085.61772,98
1774605085.633533,94
1774605085.6495721,95
1774605085.665541,90
1774605085.681553,88
1774605085.697425,88
1774605085.713639,89
1774605085.7295494,86
1774605085.7456367,90
1774605085.7615147,95
1774605085.7775815,94
1774605085.7936914,95
1774605085.809572,96
1774605085.825566,93
1774605085.841662,91
1774605085.8576484,92
1774605085.8736606,93
1774605085.8897245,93
1774605085.9055786,99
1774605085.9217453,98
1774605085.9376185,103
1774605085.9536593,99
1774605085.9696884,100
1774605085.9858441,91
1774605086.001811,88
1774605086.0177307,80
1774605086.033678,81
1774605086.0497403,79
1774605086.0658386,81
1774605086.081697,90
1774605086.0976868,96
1774605086.1137798,99
1774605086.1297355,101
1774605086.145798,101
1774605086.1616187,95
1774605086.1777651,88
1774605086.193761,83
1774605086.2095134,81
1774605086.225488,81
1774605086.2414904,82
1774605086.2574983,86
1774605086.2735279,85
1774605086.289531,83
1774605086.30554,82
1774605086.321714,86
1774605086.3377178,90
1774605086.353717,95
1774605086.3695009,98
1774605086.385573,105
1774605086.4016287,113
1774605086.4176552,114
1774605086.4336703,114
1774605086.4497623,117
1774605086.4656892,121
1774605086.481721,113
1774605086.497812,113
1774605086.5135226,111
1774605086.5298567,111
1774605086.5458667,108
1774605086.5618665,112
1774605086.577706,114
1774605086.5936782,113
1774605086.609695,110
1774605086.625622,103
1774605086.6418238,95
1774605086.6577463,87
1774605086.6738958,89
1774605086.6897209,87
1774605086.7055514,88
1774605086.721523,86
1774605086.7375293,87
1774605086.7535205,85
1774605086.769639,85
1774605086.7855585,83
1774605086.8017182,87
1774605086.8178608,89
1774605086.8336704,88
1774605086.8498611,89
1774605086.865664,91
1774605086.8817182,91
1774605086.8977726,94
1774605086.913941,98
1774605086.929785,107
1774605086.9457867,111
1774605086.9618554,116
1774605086.9777944,116
1774605086.9938574,116
1774605087.0097005,116
1774605087.026177,117
1774605087.0418713,116
1774605087.0577247,116
1774605087.073824,119
1774605087.0897775,116
1774605087.1055706,114
1774605087.121568,112
1774605087.1375442,113
1774605087.1535888,109
1774605087.1696203,108
1774605087.1856434,105
1774605087.201712,104
1774605087.217703,102
1774605087.2339275,103
1774605087.2497542,102
1774605087.265612,104
1774605087.281705,103
1774605087.2975552,98
1774605087.313751,98
1774605087.3297503,93
1774605087.3455884,89
1774605087.3618023,89
1774605087.3777149,89
1774605087.3936942,93
1774605087.409691,100
1774605087.426998,109
1774605087.4419413,115
1774605087.4577887,123
1774605087.473831,122
1774605087.4898136,123
1774605087.5057535,122
1774605087.521888,121
1774605087.5379074,119
1774605087.5538554,118
1774605087.569883,116
1774605087.5860143,114
1774605087.6019037,111
1774605087.6178386,111
1774605087.6338975,110
1774605087.6501427,111
1774605087.6658733,109
1774605087.6817694,110
1774605087.697866,112
1774605087.713899,114
1774605087.7297554,115
1774605087.7459302,116
1774605087.7616427,114
1774605087.7775855,109
1774605087.7936423,107
1774605087.810085,100
1774605087.8256536,99
1774605087.8418863,99
1774605087.8578446,102
1774605087.8738015,98
1774605087.8899777,102
1774605087.905776,101
1774605087.921818,101
1774605087.937839,101
1774605087.95377,105
1774605087.9697556,101
1774605087.9858255,102
1774605088.0016863,102
1774605088.0177028,103
1774605088.0336432,104
1774605088.0497687,107
1774605088.0657392,109
1774605088.0817876,113
1774605088.0976627,114
1774605088.1136293,114
1774605088.1297176,117
1774605088.1456563,114
1774605088.161668,107
1774605088.1776152,102
1774605088.1938493,99
1774605088.2098048,94
1774605088.2257423,91
1774605088.2417498,95
1774605088.2579398,98
1774605088.273626,99
1774605088.289857,99
1774605088.3057418,98
1774605088.3219426,95
1774605088.3378441,93
1774605088.3537729,91
1774605088.3699486,92
1774605088.3858037,94
1774605088.401685,94
1774605088.417813,91
1774605088.4339359,94
1774605088.4500449,95
1774605088.4660017,96
1774605088.4820836,102
1774605088.4979925,109
1774605088.5140321,109
1774605088.5300128,107
1774605088.5459924,106
1774605088.5620332,102
1774605088.5779428,99
1774605088.5939999,93
1774605088.6100814,92
1774605088.626024,91
1774605088.6418695,91
1774605088.657772,88
1774605088.6737833,89
1774605088.6898477,88
1774605088.7057345,86
1774605088.7216806,87
1774605088.7377,88
1774605088.7537396,91
1774605088.769867,91
1774605088.785717,95
1774605088.8016992,95
1774605088.8177018,97
1774605088.8337529,93
1774605088.8499324,94
1774605088.8657174,91
1774605088.8817093,89
1774605088.8976781,90
1774605088.913711,96
1774605088.9299526,101
1774605088.9458408,100
1774605088.9619787,99
1774605088.9779336,94
1774605088.9937751,88
1774605089.0098674,82
1774605089.0258708,85
1774605089.0418496,85
1774605089.0578475,94
1774605089.073831,102
1774605089.0898573,102
1774605089.1058295,100
1774605089.1217232,100
1774605089.1377041,97
1774605089.1537685,93
1774605089.1697447,94
1774605089.1859152,93
1774605089.2017004,90
1774605089.2178466,85
1774605089.2338738,81
1774605089.249958,85
1774605089.265797,91
1774605089.2817435,95
1774605089.2977278,102
1774605089.3138425,110
1774605089.3298707,111
1774605089.3457518,112
1774605089.3620477,120
1774605089.37777,122
1774605089.3937342,122
1774605089.4097714,123
1774605089.425729,119
1774605089.441821,117
1774605089.457801,125
1774605089.4737802,132
1774605089.4897945,137
1774605089.505826,147
1774605089.5218565,159
1774605089.5379992,161
1774605089.5540824,186
1774605089.5699399,194
1774605089.5859725,243
1774605089.6018424,284
1774605089.6179655,293
1774605089.6338108,269
1774605089.64984,283
1774605089.6658099,236
1774605089.6817875,196
1774605089.697804,188
1774605089.713753,181
1774605089.7297854,196
1774605089.7459242,268
1774605089.761872,314
1774605089.7778277,390
1774605089.7937775,415
1774605089.8099103,379
1774605089.8259363,389
1774605089.8418067,409
1774605089.8581538,365
1774605089.8740976,367
1774605089.8900023,368
1774605089.9059594,280
1774605089.922053,265
1774605089.937942,289
1774605089.9538085,294
1774605089.9701476,328
1774605089.986229,410
1774605090.0019803,427
1774605090.0178125,436
1774605090.0338216,403
1774605090.0498397,370
1774605090.0659707,338
1774605090.08198,347
1774605090.0978513,309
1774605090.113845,357
1774605090.1300006,442
1774605090.146102,549
1774605090.1620684,517
1774605090.1780927,544
1774605090.1940637,636
1774605090.2102902,693
1774605090.2259307,655
1774605090.2418566,718
1774605090.2579618,699
1774605090.2740426,627
1774605090.2902176,485
1774605090.3061593,392
1774605090.3219504,279
1774605090.3378808,250
1774605090.3539088,209
1774605090.3698902,229
1774605090.385899,254
1774605090.4019728,354
1774605090.4180715,376
1774605090.4339619,465
1774605090.4502335,522
1774605090.4660027,594
1774605090.4819233,600
1774605090.4979935,626
1774605090.5138955,590
1774605090.5300853,650
1774605090.546176,609
1774605090.5619178,608
1774605090.577909,656
1774605090.5938451,617
1774605090.6099887,473
1774605090.6260679,409
1774605090.6421008,347
1774605090.658153,300
1774605090.6740024,350
1774605090.6901283,489
1774605090.706086,475
1774605090.721892,511
1774605090.7380414,518
1774605090.754169,524
1774605090.7701633,489
1774605090.7860868,521
1774605090.8021455,429
1774605090.8180647,361
1774605090.8339448,318
1774605090.8499556,258
1774605090.8660328,231
1774605090.8820207,244
1774605090.898172,245
1774605090.914217,210
1774605090.9302835,225
1774605090.946149,242
1774605090.9621239,284
1774605090.9781196,381
1774605090.9940257,409
1774605091.0102491,348
1774605091.025998,321
1774605091.0421507,280
1774605091.0583699,228
1774605091.0740771,213
1774605091.090299,249
1774605091.106174,295
1774605091.1220615,394
1774605091.1380005,468
1774605091.1539147,439
1774605091.170032,410
1774605091.1859848,360
1774605091.2020667,257
1774605091.2181728,200
1774605091.2342467,395
1774605091.2502065,508
1774605091.265974,538
1774605091.2823293,573
1774605091.2980416,670
1774605091.3139555,617
1774605091.3301342,591
1774605091.3463783,785
1774605091.3621,856
1774605091.3780198,850
1774605091.394069,786
1774605091.4101012,800
1774605091.4261858,644
1774605091.442131,574
1774605091.458161,608
1774605091.474055,642
1774605091.4900355,572
1774605091.5060203,707
1774605091.522032,710
1774605091.5380383,588
1774605091.5541546,544
1774605091.570214,527
1774605091.5862534,359
1774605091.6021621,445
1774605091.6181905,512
1774605091.63417,598
1774605091.6501358,634
1774605091.6662402,645
1774605091.6821153,581
1774605091.6982043,474
1774605091.7141328,332
1774605091.7302747,316
1774605091.746336,299
1774605091.762393,233
1774605091.778204,203
1774605091.794037,182
1774605091.8101938,192
1774605091.8260605,218
1774605091.8421738,258
1774605091.8580337,320
1774605091.8745193,407
1774605091.8901587,426
1774605091.9060774,389
1774605091.9221253,374
1774605091.9382415,312
1774605091.954027,222
1774605091.9701586,210
1774605091.9863374,251
1774605092.0022318,309
1774605092.0181315,327
1774605092.0341074,339
1774605092.050076,293
1774605092.065994,277
1774605092.0819788,297
1774605092.0980406,299
1774605092.1141558,298
1774605092.1302366,397
1774605092.1460207,454
1774605092.1621208,378
1774605092.1781576,434
1774605092.1939497,573
1774605092.2101734,682
1774605092.2260573,652
1774605092.2421079,626
1774605092.258115,749
1774605092.2740903,793
1774605092.2903168,631
1774605092.3062317,634
1774605092.3223867,715
1774605092.3381948,635
1774605092.354365,462
1774605092.3704383,504
1774605092.3862815,577
1774605092.4021213,520
1774605092.418043,428
1774605092.4342449,434
1774605092.4503274,372
1774605092.4662178,364
1774605092.4823086,375
1774605092.4981608,422
1774605092.5142443,449
1774605092.5303974,450
1774605092.5462902,401
1774605092.5624464,487
1774605092.5783813,500
1774605092.5944242,467
1774605092.610282,450
1774605092.6263146,394
1774605092.6421754,302
1774605092.6581447,268
1774605092.6740923,336
1774605092.6903226,342
1774605092.7062423,321
1774605092.722205,471
1774605092.7382782,567
1774605092.7542183,531
1774605092.7702744,669
1774605092.7862477,828
1774605092.8021991,757
1774605092.8181827,686
1774605092.83409,736
1774605092.8502307,597
1774605092.8662372,495
1774605092.882137,453
1774605092.8983254,403
1774605092.9141712,379
1774605092.9302034,386
1774605092.9461606,355
1774605092.9621737,296
1774605092.9781623,297
1774605092.9942324,307
1774605093.0103223,339
1774605093.0263186,370
1774605093.0424635,356
1774605093.0582104,331
1774605093.0741396,269
1774605093.0903883,282
1774605093.1063669,305
1774605093.122213,423
1774605093.138386,546
1774605093.154241,570
1774605093.1702561,522
1774605093.1862137,449
1774605093.2021947,363
1774605093.2182398,303
1774605093.2342033,293
1774605093.2502842,297
1774605093.2662814,357
1774605093.282197,439
1774605093.2982044,408
1774605093.3143773,372
1774605093.3302078,334
1774605093.3467429,278
1774605093.3622148,192
1774605093.3782864,174
1774605093.3944738,239
1774605093.4111683,332
1774605093.4262812,346
1774605093.4421904,321
1774605093.4581714,321
1774605093.4742002,263
1774605093.4902081,188
1774605093.5062175,160
1774605093.5222418,159
1774605093.5382693,151
1774605093.5541627,143
1774605093.5702603,140
1774605093.5862226,130
1774605093.6022477,127
1774605093.6183565,115
1774605093.6342056,132
1774605093.6503935,170
1774605093.6662433,206
1774605093.682359,334
1774605093.6982255,354
1774605093.7142198,329
1774605093.730305,318
1774605093.7462132,370
1774605093.7622302,268
1774605093.778236,262
1774605093.794238,297
1774605093.8102474,276
1774605093.8262515,192
1774605093.842331,183
1774605093.8582969,187
1774605093.8742177,167
1774605093.8903768,162
1774605093.9062755,178
1774605093.9222624,163
1774605093.9382212,144
1774605093.9543009,144
1774605093.9702406,133
1774605093.986246,122
1774605094.0022368,138
1774605094.0182445,137
1774605094.0343242,133
1774605094.0504048,142
1774605094.06654,164
1774605094.0823624,205
1774605094.098475,250
1774605094.1145594,275
1774605094.1304348,261
1774605094.1463761,227
1774605094.1626036,168
1774605094.178529,123
1774605094.1943235,97
1774605094.210487,106
1774605094.2265525,130
1774605094.242414,152
1774605094.2582366,164
1774605094.2742596,229
1774605094.2903519,238
1774605094.3067226,241
1774605094.3226187,232
1774605094.3385837,219
1774605094.354468,144
1774605094.3703191,116
1774605094.3862884,98
1774605094.4024346,87
1774605094.41899,91
1774605094.4343643,94
1774605094.4504542,102
1774605094.4664013,99
1774605094.482332,97
1774605094.498293,91
1774605094.5142992,89
1774605094.530349,82
1774605094.5464442,79
1774605094.56261,80
1774605094.5786114,77
1774605094.594377,81
1774605094.6105897,90
1774605094.626546,93
1774605094.6424277,91
1774605094.6585941,87
1774605094.6745622,82
1774605094.6907449,71
1774605094.70649,64
1774605094.722539,62
1774605094.7387831,66
1774605094.7544897,66
1774605094.7705996,69
1774605094.7867253,71
1774605094.8025966,72
1774605094.8187413,72
1774605094.8343787,73
1774605094.8503659,70
1774605094.8664522,65
1774605094.8825767,65
1774605094.8987198,64
1774605094.9144828,64
1774605094.9305735,63
1774605094.9466863,68
1774605094.9624138,66
1774605094.9783185,65
1774605094.9945924,63
1774605095.0108025,64
1774605095.0265183,58
1774605095.0425751,59
1774605095.0586572,56
1774605095.0745766,57
1774605095.0906312,57
1774605095.1067293,62
1774605095.122632,63
1774605095.1386278,66
1774605095.1547456,66
1774605095.17063,68
1774605095.1866357,68
1774605095.2027247,68
1774605095.2187686,70
1774605095.2344868,70
1774605095.2504294,71
1774605095.266741,71
1774605095.2826242,72
1774605095.2988436,69
1774605095.3145287,70
1774605095.3308363,69
1774605095.34661,69
1774605095.362896,68
1774605095.3786325,71
1774605095.394641,69
1774605095.4106407,68
1774605095.4266713,69
1774605095.4426277,71
1774605095.4586487,70
1774605095.4745097,71
1774605095.4904385,73
1774605095.506475,73
1774605095.522687,72
1774605095.5385926,75
1774605095.5545924,80
1774605095.570503,80
1774605095.5866146,82
1774605095.6025846,86
1774605095.6184895,83
1774605095.6345298,82
1774605095.6507301,84
1774605095.6666284,84
1774605095.6824093,82
1774605095.698738,85
1774605095.7146518,86
1774605095.7305615,84
1774605095.746473,82
1774605095.7626414,79
1774605095.7784355,77
1774605095.7946324,75
1774605095.8105307,77
1774605095.8266218,77
1774605095.8427873,76
1774605095.858595,79
1774605095.874468,77
1774605095.8905525,75
1774605095.906446,75
1774605095.9224093,78
1774605095.9384258,77
1774605095.9544654,79
1774605095.9703715,79
1774605095.9863825,82
1774605096.0023801,85
1774605096.018461,86
1774605096.0347545,85
1774605096.0506048,91
1774605096.06651,94
1774605096.0825982,93
1774605096.0988731,92
1774605096.1146367,92
1774605096.130676,87
1774605096.1465843,85
1774605096.1627657,81
1774605096.1786582,78
1774605096.1947045,77
1774605096.2107508,79
1774605096.226706,76
1774605096.2428713,79
1774605096.2586472,80
1774605096.2745688,79
1774605096.290948,80
1774605096.306865,80
1774605096.3228934,79
1774605096.3389099,78
1774605096.3549984,76
1774605096.3709962,71
1774605096.3865747,72
1774605096.4027884,73
1774605096.418905,76
1774605096.43491,76
1774605096.451019,80
1774605096.4668639,76
1774605096.482788,77
1774605096.4986317,76
1774605096.5147254,75
1774605096.5308065,74
1774605096.5467522,76
1774605096.562751,76
1774605096.5786614,76
1774605096.5948648,79
1774605096.6109989,81
1774605096.6270661,84
1774605096.642737,86
1774605096.6586103,86
1774605096.6744678,88
1774605096.6904466,92
1774605096.7064118,90
1774605096.7223792,90
1774605096.7383957,90
1774605096.7543995,92
1774605096.770511,91
1774605096.7864,94
1774605096.8028238,92
1774605096.8187382,90
1774605096.8346972,85
1774605096.8508418,78
1774605096.866703,72
1774605096.882769,71
1774605096.898577,69
1774605096.9146326,67
1774605096.9307625,71
1774605096.9466782,73
1774605096.96271,74
1774605096.978713,78
1774605096.9946525,80
1774605097.010648,81
1774605097.0267365,82
1774605097.042634,80
1774605097.0585916,77
1774605097.07457,75
1774605097.0906396,74
1774605097.106599,76
1774605097.122602,81
1774605097.1386225,82
1774605097.1546593,83
1774605097.1706905,83
1774605097.186554,77
1774605097.2025816,69
1774605097.2186422,72
1774605097.234478,70
1774605097.2506704,71
1774605097.2665186,76
1774605097.282529,82
1774605097.2985349,80
1774605097.314687,82
1774605097.33071,84
1774605097.346553,85
1774605097.3627741,86
1774605097.3786664,89
1774605097.3948514,88
1774605097.4109638,87
1774605097.4268599,84
1774605097.4429612,81
1774605097.458993,77
1774605097.474706,79
1774605097.4908233,77
1774605097.506763,77
1774605097.5228522,77
1774605097.5386884,77
1774605097.5546572,75
1774605097.5707562,81
1774605097.5868552,84
1774605097.60281,92
1774605097.6188421,96
1774605097.6349916,98
1774605097.6508532,96
1774605097.6669352,92
1774605097.6827152,85
1774605097.698877,83
1774605097.7147536,82
1774605097.731091,85
1774605097.7469883,84
1774605097.7629347,83
1774605097.7788513,83
1774605097.7948277,81
1774605097.8112338,77
1774605097.826941,75
1774605097.8427267,75
1774605097.8587012,75
1774605097.8749282,78
1774605097.890891,80
1774605097.9069307,83
1774605097.9228628,84
1774605097.9387405,86
1774605097.9548187,85
1774605097.9709387,87
1774605097.986692,89
1774605098.0028722,87
1774605098.0187547,86
1774605098.0349545,85
1774605098.0507824,83
1774605098.0667858,86
1774605098.0825214,89
1774605098.0988019,90
1774605098.114768,91
1774605098.1308198,89
1774605098.146646,81
1774605098.1629398,77
1774605098.1785772,73
1774605098.194671,70
1774605098.21088,68
1774605098.226629,69
1774605098.2428186,71
1774605098.258708,69
1774605098.274848,72
1774605098.290762,72
1774605098.3067088,72
1774605098.3228226,73
1774605098.3387072,77
1774605098.3546002,76
1774605098.370613,77
1774605098.3866065,79
1774605098.4029646,76
1774605098.418571,75
1774605098.4345908,75
1774605098.4507031,74
1774605098.4668133,71
1774605098.482769,71
1774605098.4988008,74
1774605098.5146644,77
1774605098.5309825,77
1774605098.54681,76
1774605098.5628083,76
1774605098.5787868,77
1774605098.5948834,74
1774605098.6107533,74
1774605098.62668,74
1774605098.642771,73
1774605098.658785,69
1774605098.6749058,70
1774605098.6909316,73
1774605098.7067676,76
1774605098.7227728,79
1774605098.7390606,82
1774605098.7551296,83
1774605098.7708647,81
1774605098.7867472,82
1774605098.8029063,80
1774605098.8189723,78
1774605098.8348823,78
1774605098.8509023,79
1774605098.866679,72
1774605098.8828688,71
1774605098.899098,71
1774605098.9148757,68
1774605098.9309132,68
1774605098.9466898,72
1774605098.9626544,72
1774605098.9787545,73
1774605098.9946349,76
1774605099.010768,71
1774605099.0266702,70
1774605099.0427685,70
1774605099.058853,69
1774605099.0747766,69
1774605099.0907574,74
1774605099.1069312,76
1774605099.122723,78
1774605099.1387305,75
1774605099.1547177,72
1774605099.170895,66
1774605099.1870377,64
1774605099.2030818,59
1774605099.218968,61
1774605099.2350879,61
1774605099.2511733,65
1774605099.266992,67
1774605099.2830381,68
1774605099.298818,67
1774605099.3148506,67
1774605099.3311627,66
1774605099.3467357,63
1774605099.3635137,63
1774605099.3790157,65
1774605099.3947208,64
1774605099.4106975,65
1774605099.4266734,67
1774605099.4426334,68
1774605099.4587827,67
1774605099.4749134,72
1774605099.49096,74
1774605099.5067904,75
1774605099.522771,75
1774605099.538874,73
1774605099.5548985,66
1774605099.5708246,63
1774605099.5866115,67
1774605099.6025996,71
1774605099.6188722,74
1774605099.6347466,78
1774605099.6506767,82
1774605099.6667535,80
1774605099.6828294,76
1774605099.6989174,74
1774605099.714712,76
1774605099.7308745,74
1774605099.7467413,79
1774605099.7627578,84
1774605099.7786558,88
1774605099.7947166,90
1774605099.810741,96
1774605099.8266642,94
1774605099.8426716,93
1774605099.858727,94
1774605099.87517,96
1774605099.8908248,94
1774605099.9066358,94
1774605099.9227426,91
1774605099.9386988,91
1774605099.9548633,91
1774605099.970774,93
1774605099.9866338,92
1774605100.002742,97
1774605100.018851,97
1774605100.0348434,93
1774605100.0507634,91
1774605100.0669181,96
1774605100.0829725,98
1774605100.098776,102
1774605100.1148288,105
1774605100.1309886,106
1774605100.1468658,98
1774605100.1628232,91
1774605100.178873,83
1774605100.1947663,84
1774605100.210946,83
1774605100.2266839,89
1774605100.2427905,97
1774605100.2587814,106
1774605100.2749493,109
1774605100.291165,113
1774605100.3069415,114
1774605100.3227162,110
1774605100.3388622,110
1774605100.3547323,111
1774605100.3707426,109
1774605100.3867857,110
1774605100.4027274,115
1774605100.418876,113
1774605100.4347372,108
1774605100.4509642,105
1774605100.4667473,102
1774605100.4828608,100
1774605100.4988484,98
1774605100.5147188,100
1774605100.5307992,103
1774605100.5468094,103
1774605100.5628211,100
1774605100.5788326,96
1774605100.5947878,92
1774605100.6108265,83
1774605100.626886,79
1774605100.6429372,73
1774605100.6588073,73
1774605100.6747773,74
1774605100.6909142,73
1774605100.7067652,72
1774605100.7227468,76
1774605100.738748,73
1774605100.754716,72
1774605100.7708993,72
1774605100.7867935,73
1774605100.8028092,77
1774605100.818766,81
1774605100.8347187,86
1774605100.8508847,94
1774605100.8670661,100
1774605100.8827763,100
1774605100.8987455,101
1774605100.9148226,96
1774605100.9308805,91
1774605100.9467213,88
1774605100.9628296,87
1774605100.9788742,85
1774605100.9949417,88
1774605101.010893,88
1774605101.0268064,87
1774605101.0428293,86
1774605101.058844,83
1774605101.0748527,80
1774605101.0908248,82
1774605101.1067922,77
1774605101.1227655,76
1774605101.138865,79
1774605101.1549213,82
1774605101.171101,79
1774605101.1869965,82
1774605101.2029214,83
1774605101.2189882,83
1774605101.2351587,81
1774605101.2512212,83
1774605101.2672868,81
1774605101.2831244,78
1774605101.2989466,75
1774605101.3150492,74
1774605101.3311405,77
1774605101.3470309,83
1774605101.3629444,91
1774605101.3789468,95
1774605101.3949842,98
1774605101.4108398,96
1774605101.4268296,94
1774605101.4429607,87
1774605101.4588332,84
1774605101.4748902,85
1774605101.4910998,85
1774605101.5069885,89
1774605101.522953,90
1774605101.539047,95
1774605101.5549946,92
1774605101.5708978,87
1774605101.5869944,82
1774605101.6029732,80
1774605101.618937,78
1774605101.6347911,82
1774605101.6508641,92
1774605101.6669548,96
1774605101.6829379,96
1774605101.6989417,98
1774605101.7148986,96
1774605101.7308235,91
1774605101.7468128,89
1774605101.7629306,91
1774605101.779163,92
1774605101.79486,94
1774605101.8109086,98
1774605101.8274152,97
1774605101.8428478,96
1774605101.8588173,96
1774605101.8756554,94
1774605101.8908103,90
1774605101.9068055,89
1774605101.9228723,89
1774605101.938817,86
1774605101.954909,85
1774605101.970945,91
1774605101.9868488,94
1774605102.002955,100
1774605102.018839,105
1774605102.0348988,109
1774605102.0509021,108
1774605102.066956,107
1774605102.082842,108
1774605102.098849,107
1774605102.114848,105
1774605102.130992,101
1774605102.146821,99
1774605102.1628165,94
1774605102.1788454,93
1774605102.1948667,95
1774605102.210901,100
1774605102.2268674,100
1774605102.2428584,97
1774605102.2588398,91
1774605102.2748387,89
1774605102.2908878,82
1774605102.3068106,81
1774605102.3228536,82
1774605102.33884,83
1774605102.3550546,80
1774605102.3710938,79
1774605102.3869624,82
1774605102.4029188,81
1774605102.419039,84
1774605102.4350126,84
1774605102.451211,85
1774605102.4671605,81
1774605102.4832501,80
1774605102.498956,76
1774605102.5149875,78
1774605102.5310805,80
1774605102.5470948,86
1774605102.5629516,91
1774605102.578869,95
1774605102.5950766,93
1774605102.6110065,90
1774605102.6270103,87
1774605102.642921,82
1774605102.6589057,82
1774605102.674856,83
1774605102.6910238,89
1774605102.706856,92
1774605102.7229655,96
1774605102.7390738,100
1774605102.7549703,101
1774605102.771002,100
1774605102.7869802,95
1774605102.803054,90
1774605102.8188825,86
1774605102.835047,85
1774605102.8510528,84
1774605102.8668916,88
1774605102.883102,93
1774605102.898903,96
1774605102.9150388,98
1774605102.9310029,98
1774605102.9469633,98
1774605102.962954,101
1774605102.9789093,100
1774605102.9951496,101
1774605103.0112228,101
1774605103.026892,98
1774605103.0429354,96
1774605103.0589879,94
1774605103.0749679,90
1774605103.0910807,91
1774605103.1069238,91
1774605103.1228728,90
1774605103.138914,95
1774605103.1549022,96
1774605103.1710362,95
1774605103.187129,99
1774605103.2029347,100
1774605103.2189262,95
1774605103.2350843,95
1774605103.2511947,91
1774605103.2670603,84
1774605103.2831237,80
1774605103.2990587,74
1774605103.3151255,71
1774605103.3311749,66
1774605103.3469882,66
1774605103.363103,65
1774605103.3791888,68
1774605103.3950775,70
1774605103.411143,75
1774605103.4271953,77
1774605103.4431498,77
1774605103.4591591,77
1774605103.475346,76
1774605103.491214,73
1774605103.5072765,71
1774605103.5231342,71
1774605103.539281,67
1774605103.5552385,67
1774605103.571322,68
1774605103.5872803,71
1774605103.6031551,71
1774605103.6192071,75
1774605103.6351388,73
1774605103.651129,71
1774605103.6670702,66
1774605103.6831832,64
1774605103.6990428,59
1774605103.7151144,61
1774605103.7311854,63
1774605103.7470624,66
1774605103.7630143,67
1774605103.7791557,69
1774605103.7950945,67
1774605103.8112762,67
1774605103.8271894,69
1774605103.8431103,70
1774605103.8590302,73
1774605103.875215,74
1774605103.8914924,74
1774605103.907104,71
1774605103.9230518,66
1774605103.93905,65
1774605103.9550629,63
1774605103.9711978,59
1774605103.9871273,63
1774605104.0033147,68
1774605104.0190825,70
1774605104.0351744,72
1774605104.0511565,77
1774605104.0672688,77
1774605104.0830123,77
1774605104.0992267,81
1774605104.115167,86
1774605104.1311412,88
1774605104.1472924,88
1774605104.1632853,87
1774605104.1790743,86
1774605104.195146,83
1774605104.2110257,81
1774605104.2274091,83
1774605104.2434142,87
1774605104.2593157,86
1774605104.2752497,90
1774605104.2912765,92
1774605104.307279,92
1774605104.3231752,87
1774605104.3392744,85
1774605104.3551686,81
1774605104.371315,79
1774605104.3871536,74
1774605104.403107,76
1774605104.419153,73
1774605104.4358466,75
1774605104.4514604,80
1774605104.4677453,82
1774605104.4833093,81
1774605104.4993598,80
1774605104.5152159,77
1774605104.5310736,75
1774605104.5470574,76
1774605104.56305,82
1774605104.5790017,88
1774605104.5950537,92
1774605104.6112494,91
1774605104.6273584,99
1774605104.6433654,100
1774605104.659137,113
1774605104.6751142,132
1774605104.6912186,132
1774605104.707139,122
1774605104.7230573,116
1774605104.739111,100
1774605104.7550852,87
1774605104.771102,86
1774605104.7870777,89
1774605104.803281,91
1774605104.819106,88
1774605104.8353252,82
1774605104.8519697,80
1774605104.867431,82
1774605104.8830433,77
1774605104.8990571,79
1774605104.9151297,80
1774605104.931328,83
1774605104.947255,84
1774605104.9634724,93
1774605104.979642,97
1774605104.995871,99
1774605105.011605,100
1774605105.0279045,99
1774605105.0435622,95
1774605105.059986,95
1774605105.0758874,91
1774605105.0916739,87
1774605105.1075556,85
1774605105.1239295,91
1774605105.1400054,90
1774605105.1560159,91
1774605105.172006,93
1774605105.1875398,97
1774605105.2035544,92
1774605105.2196937,94
1774605105.2360313,108
1774605105.2516155,118
1774605105.2679691,118
1774605105.2837942,114
1774605105.2999313,112
1774605105.3159332,103
1774605105.3315926,113
1774605105.347582,132
1774605105.3639412,129
1774605105.3796406,123
1774605105.3959072,124
1774605105.411459,110
1774605105.4279432,101
1774605105.4439557,103
1774605105.4594939,108
1774605105.4756143,103
1774605105.4920578,101
1774605105.5080116,84
1774605105.5236506,86
1774605105.5399468,110
1774605105.555971,142
1774605105.5716186,139
1774605105.5875945,150
1774605105.6034744,147
1774605105.6194947,126
1774605105.6354685,113
1774605105.6514828,136
1774605105.6679704,142
1774605105.683662,147
1774605105.700035,147
1774605105.716032,127
1774605105.7321584,102
1774605105.747551,94
1774605105.7634876,127
1774605105.779493,149
1774605105.7953048,152
1774605105.8112855,151
1774605105.8273335,167
1774605105.843222,135
1774605105.8593812,115
1774605105.8754604,116
1774605105.891349,122
1774605105.9073572,130
1774605105.9234548,148
1774605105.9393935,150
1774605105.9554605,152
1774605105.9715703,183
1774605105.987521,208
1774605106.003412,210
1774605106.019278,219
1774605106.035525,254
1774605106.0515554,247
1774605106.0674493,201
1774605106.083363,207
1774605106.0992916,203
1774605106.1154299,167
1774605106.1314933,149
1774605106.147274,155
1774605106.163574,139
1774605106.1794083,132
1774605106.1955545,141
1774605106.2114072,134
1774605106.227617,125
1774605106.2435396,130
1774605106.259421,125
1774605106.2754936,123
1774605106.2913587,140
1774605106.3073268,143
1774605106.3239715,189
1774605106.3393157,285
1774605106.3558314,364
1774605106.3721175,381
1774605106.3879242,383
1774605106.4036052,353
1774605106.4196186,334
1774605106.4357285,249
1774605106.4515789,217
1774605106.4680402,214
1774605106.484138,217
1774605106.5000234,185
1774605106.515591,193
1774605106.532115,188
1774605106.5480351,196
1774605106.5640237,248
1774605106.580028,302
1774605106.5956485,365
1774605106.6117032,382
1774605106.6274498,396
1774605106.6434536,327
1774605106.6595547,233
1774605106.6754365,164
1774605106.6914647,157
1774605106.7075875,137
1774605106.7234473,125
1774605106.7400315,125
1774605106.7560465,120
1774605106.7716653,115
1774605106.7881374,126
1774605106.803682,115
1774605106.8196263,115
1774605106.8355129,111
1774605106.851334,120
1774605106.868022,112
1774605106.8840702,125
1774605106.900042,130
1774605106.9160712,153
1774605106.932361,152
1774605106.947671,150
1774605106.964063,159
1774605106.9800487,158
1774605106.996073,141
1774605107.0115755,141
1774605107.0280802,167
1774605107.044073,173
1774605107.0600412,170
1774605107.0760643,204
1774605107.0921576,213
1774605107.108156,226
1774605107.124078,228
1774605107.1401546,227
1774605107.1560736,225
1774605107.1716704,217
1774605107.1880658,196
1774605107.2042058,182
1774605107.2196534,203
1774605107.2356548,189
1774605107.2519941,194
1774605107.2677639,176
1774605107.284158,190
1774605107.2997246,181
1774605107.3157785,189
1774605107.3315058,191
1774605107.347569,199
1774605107.3636851,180
1774605107.3798935,173
1774605107.3960361,165
1774605107.4118888,163
1774605107.4278698,177
1774605107.4440975,194
1774605107.4596713,229
1774605107.475803,241
1774605107.4917302,235
1774605107.5081093,222
1774605107.52411,212
1774605107.5400898,190
1774605107.5561433,165
1774605107.5718174,165
1774605107.5882547,162
1774605107.6041126,159
1774605107.619758,163
1774605107.6357088,163
1774605107.6516764,153
1774605107.6681921,146
1774605107.6841214,147
1774605107.7001147,133
1774605107.7162316,126
1774605107.7315967,127
1774605107.7481296,125
1774605107.7641933,113
1774605107.7801251,112
1774605107.7961211,118
1774605107.812225,126
1774605107.8278587,124
1774605107.8441367,120
1774605107.8598292,112
1774605107.876154,108
1774605107.8919694,96
1774605107.9080591,90
1774605107.9237955,90
1774605107.939722,95
1774605107.956139,113
1774605107.9718444,116
1774605107.9878979,145
1774605108.0037293,163
1774605108.0196595,203
1774605108.0358157,203
1774605108.0517106,204
1774605108.0681303,191
1774605108.0842223,199
1774605108.1003249,161
1774605108.1161547,164
1774605108.1323435,165
1774605108.1481452,163
1774605108.1641026,143
1774605108.1802323,137
1774605108.1961823,116
1774605108.2118611,107
1774605108.2278645,97
1774605108.2442172,94
1774605108.2601838,121
1774605108.276171,144
1774605108.2918372,168
1774605108.3081896,193
1774605108.32415,200
1774605108.3398752,200
1774605108.355686,178
1774605108.3716636,157
1774605108.387725,129
1774605108.4034534,116
1774605108.4196603,89
1774605108.435665,84
1774605108.4516604,80
1774605108.4676206,85
1774605108.4836085,111
1774605108.4997718,130
1774605108.515714,150
1774605108.53168,167
1774605108.547694,184
1774605108.5638447,161
1774605108.5798883,148
1774605108.5955963,124
1774605108.6114924,114
1774605108.6277153,107
1774605108.6437986,127
1774605108.659624,143
1774605108.6755335,205
1774605108.6914341,280
1774605108.7076113,298
1774605108.7235525,397
1774605108.739653,473
1774605108.7555935,556
1774605108.7715092,514
1774605108.787564,510
1774605108.8034427,415
1774605108.8195515,328
1774605108.8357291,192
1774605108.8515694,168
1774605108.8675194,148
1774605108.8836045,123
1774605108.899719,109
1774605108.9156358,106
1774605108.9318182,106
1774605108.9481788,109
1774605108.9638102,135
1774605108.980137,178
1774605108.9958868,200
1774605109.0118446,187
1774605109.0281959,203
1774605109.0440266,198
1774605109.0602486,215
1774605109.076249,225
1774605109.0924258,226
1774605109.1082458,202
1774605109.1239257,194
1774605109.1401155,135
1774605109.1562035,97
1774605109.1719146,107
1774605109.1882088,155
1774605109.204315,148
1774605109.2197948,153
1774605109.2360327,180
1774605109.2519188,191
1774605109.2678459,164
1774605109.2842999,184
1774605109.300231,186
1774605109.3162239,189
1774605109.3321023,182
1774605109.3477046,168
1774605109.3635526,146
1774605109.3796275,158
1774605109.395657,141
1774605109.4116066,135
1774605109.427578,140
1774605109.4443777,159
1774605109.4600217,145
1774605109.4762487,132
1774605109.4923751,124
1774605109.5082524,109
1774605109.5239754,88
1774605109.540231,84
1774605109.556231,88
1774605109.5717957,89
1774605109.5882258,99
1774605109.6043115,103
1774605109.6202667,104
1774605109.6362584,105
1774605109.651896,108
1774605109.6678846,101
1774605109.6839557,100
1774605109.7002869,98
1774605109.7162333,96
1774605109.7323728,90
1774605109.7483304,85
1774605109.764318,78
1774605109.7802331,77
1774605109.7962534,77
1774605109.8123507,78
1774605109.828245,76
1774605109.844222,76
1774605109.859997,73
1774605109.8758123,73
1774605109.8920238,71
1774605109.9082615,74
1774605109.9243033,75
1774605109.940278,74
1774605109.95612,72
1774605109.9718463,70
1774605109.9882455,70
1774605110.0035625,70
1774605110.019527,72
1774605110.0355353,71
1774605110.0516465,70
1774605110.06757,70
1774605110.0837862,70
1774605110.1001685,72
1774605110.1161838,75
1774605110.1318452,76
1774605110.1482663,78
1774605110.1642432,84
1774605110.1802797,87
1774605110.1962466,90
1774605110.2119617,98
1774605110.2279398,99
1774605110.2443402,97
1774605110.260172,97
1774605110.2763088,94
1774605110.2918284,93
1774605110.3083494,94
1774605110.323879,92
1774605110.3399806,88
1774605110.3557765,85
1774605110.3719838,84
1774605110.387958,80
1774605110.4038548,77
1774605110.420001,80
1774605110.4358153,90
1774605110.4519987,97
1774605110.4678495,108
1774605110.483987,118
1774605110.500097,124
1774605110.5159862,124
1774605110.5320244,123
1774605110.5481932,118
1774605110.5643988,114
1774605110.5803254,114
1774605110.596405,111
1774605110.6120632,110
1774605110.6282992,109
1774605110.6444209,111
1774605110.6603482,110
1774605110.6759834,110
1774605110.6916509,109
1774605110.707677,110
1774605110.7238321,107
1774605110.7401452,105
1774605110.7563684,102
1774605110.771736,98
1774605110.7879906,96
1774605110.8042488,99
1774605110.8203764,101
1774605110.83601,101
1774605110.8518312,98
1774605110.8676956,94
1774605110.8838425,91
1774605110.8997104,83
1774605110.9157372,80
1774605110.9318464,82
1774605110.9477983,82
1774605110.963824,80
1774605110.979826,85
1774605110.9957535,84
1774605111.011699,83
1774605111.0278013,80
1774605111.0438497,78
1774605111.0598493,76
1774605111.0758612,78
1774605111.09192,78
1774605111.107808,78
1774605111.1238718,82
1774605111.139894,81
1774605111.156032,83
1774605111.1718285,80
1774605111.1878092,83
1774605111.2039363,80
1774605111.2198179,83
1774605111.2358851,87
1774605111.2518911,93
1774605111.267961,99
1774605111.28398,103
1774605111.3000963,102
1774605111.3158138,99
1774605111.3316708,95
1774605111.3477747,91
1774605111.3639355,87
1774605111.3799522,85
1774605111.395846,81
1774605111.4120243,80
1774605111.4277809,81
1774605111.443907,83
1774605111.4601915,85
1774605111.4757988,89
1774605111.4918294,90
1774605111.5081925,94
1774605111.524269,99
1774605111.5399308,104
1774605111.5559697,105
1774605111.5724993,107
1774605111.5884283,111
1774605111.6044178,108
1774605111.620362,110
1774605111.6365237,111
1774605111.6524332,113
1774605111.668444,109
1774605111.6840909,118
1774605111.6999424,115
1774605111.716012,123
1774605111.732516,137
1774605111.748421,146
1774605111.7644284,135
1774605111.780417,132
1774605111.7963674,121
1774605111.8116803,109
1774605111.8276505,102
1774605111.8436744,108
1774605111.8597033,108
1774605111.8756773,107
1774605111.891671,106
1774605111.9076507,107
1774605111.9236836,107
1774605111.9398057,108
1774605111.9556901,115
1774605111.9717603,114
1774605111.9879599,113
1774605112.003903,108
1774605112.0199482,102
1774605112.0359075,94
1774605112.0526075,90
1774605112.0684116,93
1774605112.084096,101
1774605112.1000702,112
1774605112.1160536,121
1774605112.132045,127
1774605112.1484592,121
1774605112.1644614,113
1774605112.180451,107
1774605112.196458,100
1774605112.2119336,96
1774605112.2284265,93
1774605112.244448,95
1774605112.2604373,93
1774605112.276514,93
1774605112.291997,92
1774605112.3080056,92
1774605112.324446,93
1774605112.3404362,98
1774605112.3564682,100
1774605112.3725755,105
1774605112.3884764,109
1774605112.404625,103
1774605112.420477,100
1774605112.436533,96
1774605112.4522212,91
1774605112.4684641,85
1774605112.484444,90
1774605112.5001078,88
1774605112.516112,91
1774605112.5318885,93
1774605112.5479515,99
1774605112.564013,102
1774605112.5801969,110
1774605112.59601,117
1774605112.6120715,122
1774605112.6281545,122
1774605112.6444266,123
1774605112.660257,119
1774605112.6761174,111
1774605112.6922698,108
1774605112.7079673,105
1774605112.7244887,100
1774605112.740213,98
1774605112.7560496,96
1774605112.7718666,95
1774605112.7882578,94
1774605112.8043666,94
1774605112.820365,92
1774605112.8360577,93
1774605112.8520424,90
1774605112.868492,90
1774605112.8839905,93
1774605112.9001722,96
1774605112.9161537,97
1774605112.9321373,100
1774605112.9480457,99
1774605112.9639487,97
1774605112.9800234,97
1774605112.9959698,99
1774605113.0120535,102
1774605113.028121,104
1774605113.0438068,102
1774605113.0600266,97
1774605113.0757878,91
1774605113.0919256,83
1774605113.1082006,79
1774605113.1247146,82
1774605113.1403918,87
1774605113.156126,93
1774605113.1720777,98
1774605113.1885214,103
1774605113.204522,106
1774605113.2206135,107
1774605113.2365482,105
1774605113.2520974,105
1774605113.2682364,99
1774605113.284502,94
1774605113.30012,92
1774605113.3161628,88
1774605113.3320663,84
1774605113.3484719,86
1774605113.3645139,85
1774605113.380598,90
1774605113.3963978,94
1774605113.4126406,95
1774605113.4285262,97
1774605113.4446454,99
1774605113.4602518,97
1774605113.4761431,93
1774605113.4920173,92
1774605113.5081875,90
1774605113.5240755,94
1774605113.5401292,94
1774605113.5558808,101
1774605113.5719543,103
1774605113.588165,103
1774605113.604106,95
1774605113.6200562,93
1774605113.6361268,94
1774605113.6520383,99
1774605113.66804,105
1774605113.6841898,112
1774605113.699982,115
1774605113.7159984,111
1774605113.7319515,104
1774605113.7481108,101
1774605113.7641857,100
1774605113.7800581,99
1774605113.7961018,98
1774605113.8121352,99
1774605113.8280458,96
1774605113.844001,93
1774605113.8600955,90
1774605113.8761578,90
1774605113.8920412,92
1774605113.9080665,96
1774605113.9239638,96
1774605113.9399667,96
1774605113.9559867,95
1774605113.9721184,95
1774605113.988282,96
1774605114.004426,95
1774605114.0205855,95
1774605114.036369,98
1774605114.0522861,92
1774605114.0681877,88
1774605114.0845802,87
1774605114.100439,86
1774605114.1162221,84
1774605114.1322563,85
1774605114.1482098,83
1774605114.1646929,80
1774605114.1805837,82
1774605114.1965988,82
1774605114.2121253,81
1774605114.2286828,83
1774605114.2445188,82
1774605114.2605922,78
1774605114.2765903,77
1774605114.2921724,78
1774605114.3087091,77
1774605114.3247452,79
1774605114.340602,82
1774605114.3566053,81
1774605114.3722303,78
1774605114.3885827,78
1774605114.40473,77
1774605114.4207022,72
1774605114.4367661,69
1774605114.4523954,74
1774605114.4682744,76
1774605114.4842925,80
1774605114.5002222,92
1774605114.51617,100
1774605114.5322826,103
1774605114.5481813,104
1774605114.5640972,103
1774605114.5799806,98
1774605114.5960128,94
1774605114.612018,89
1774605114.6280754,84
1774605114.6440287,80
1774605114.6601877,75
1774605114.6760821,69
1774605114.6920292,67
1774605114.708568,71
1774605114.7243683,79
1774605114.7404032,90
1774605114.7566857,102
1774605114.772754,109
1774605114.7886546,113
1774605114.8047404,115
1774605114.8206503,108
1774605114.836218,105
1774605114.8522842,105
1774605114.868654,100
1774605114.8846352,99
1774605114.900681,101
1774605114.9166327,100
1774605114.9323556,96
1774605114.9483407,97
1774605114.9642324,95
1774605114.9809415,95
1774605114.9968326,93
1774605115.0121734,93
1774605115.0286305,93
1774605115.044721,92
1774605115.0606415,90
1774605115.0766568,91
1774605115.0923507,90
1774605115.1080832,86
1774605115.124323,83
1774605115.1403375,79
1774605115.1563349,76
1774605115.1722193,75
1774605115.1882417,74
1774605115.2042723,75
1774605115.220261,76
1774605115.2366843,76
1774605115.2521994,78
1774605115.2687068,81
1774605115.2848115,85
1774605115.300866,85
1774605115.3167078,88
1774605115.3322206,87
1774605115.3482678,88
1774605115.3643665,86
1774605115.3801992,85
1774605115.396218,86
1774605115.412109,87
1774605115.428312,81
1774605115.444061,79
1774605115.460106,79
1774605115.4761426,77
1774605115.4922955,78
1774605115.508607,82
1774605115.5245972,87
1774605115.540462,88
1774605115.5566223,91
1774605115.57279,89
1774605115.588679,90
1774605115.6042871,87
1774605115.6203215,88
1774605115.6362553,89
1774605115.6521223,92
1774605115.6685941,91
1774605115.6846838,93
1774605115.7006626,92
1774605115.7167642,90
1774605115.7327783,92
1774605115.7484124,94
1774605115.7643845,94
1774605115.7804573,96
1774605115.7967498,98
1774605115.8122513,95
1774605115.828699,94
1774605115.844786,95
1774605115.8607173,95
1774605115.8766994,95
1774605115.8923805,94
1774605115.9087389,94
1774605115.9246986,93
1774605115.9404204,95
1774605115.9564044,93
1774605115.9721928,96
1774605115.988394,94
1774605116.0043252,96
1774605116.0200891,91
1774605116.036409,90
1774605116.0522804,85
1774605116.0683055,87
1774605116.0843046,85
1774605116.1004055,94
1774605116.1164508,103
1774605116.1322725,109
1774605116.1480997,109
1774605116.1643639,112
1774605116.1801016,109
1774605116.196187,105
1774605116.2121198,101
1774605116.2281983,98
1774605116.2441673,95
1774605116.2603657,89
1774605116.2762403,85
1774605116.2921505,83
1774605116.3082469,83
1774605116.3244154,80
1774605116.3403316,81
1774605116.356405,87
1774605116.372224,93
1774605116.3884072,100
1774605116.4042754,105
1774605116.4203246,109
1774605116.4363883,107
1774605116.4522152,103
1774605116.4682648,99
1774605116.4842372,95
1774605116.5002651,92
1774605116.5162315,85
1774605116.532285,81
1774605116.5484195,75
1774605116.5643227,75
1774605116.5804367,70
1774605116.5963902,72
1774605116.6121032,75
1774605116.6286662,81
1774605116.6446867,81
1774605116.660421,89
1774605116.6767447,91
1774605116.6927109,90
1774605116.7089374,89
1774605116.7243822,89
1774605116.7407236,84
1774605116.7569761,82
1774605116.772373,82
1774605116.7889862,82
1774605116.8048115,83
1774605116.8209512,84
1774605116.8365004,80
1774605116.8528786,81
1774605116.8687758,85
1774605116.8847375,92
1774605116.900788,103
1774605116.9168537,115
1774605116.9326725,119
1774605116.9488106,121
1774605116.9645402,119
1774605116.9805284,110
1774605116.9966013,101
1774605117.0124362,100
1774605117.0288544,97
1774605117.0447917,91
1774605117.0607932,90
1774605117.0768003,92
1774605117.0930388,92
1774605117.1088665,88
1774605117.1247935,94
1774605117.1408262,100
1774605117.1568065,99
1774605117.172449,100
1774605117.1888816,102
1774605117.2047753,99
1774605117.2208037,97
1774605117.236491,95
1774605117.2523806,95
1774605117.2684474,92
1774605117.2843275,94
1774605117.3002505,90
1774605117.3163126,93
1774605117.332781,87
1774605117.348819,86
1774605117.364483,83
1774605117.3804524,86
1774605117.3965063,88
1774605117.4124618,91
1774605117.4289477,96
1774605117.4447682,97
1774605117.4637797,96
1774605117.4762907,94
1774605117.4922137,93
1774605117.5083373,89
1774605117.5244749,89
1774605117.540764,86
1774605117.556842,86
1774605117.572466,85
1774605117.5887756,86
1774605117.6048715,90
1774605117.6209514,90
1774605117.6368296,88
1774605117.6524863,89
1774605117.6689258,91
1774605117.6850727,85
1774605117.7002878,82
1774605117.7167797,86
1774605117.732812,86
1774605117.7488256,81
1774605117.7647848,82
1774605117.7805855,85
1774605117.7965748,83
1774605117.8127837,84
1774605117.8288739,88
1774605117.8448906,85
1774605117.8608747,87
1774605117.8768535,86
1774605117.8924828,85
1774605117.9088633,84
1774605117.9251142,85
1774605117.9409308,87
1774605117.956671,91
1774605117.9726012,95
1774605117.9886255,97
1774605118.0048409,104
1774605118.0209084,105
1774605118.0370362,106
1774605118.0526438,105
1774605118.0685754,111
1774605118.0849748,109
1774605118.1005642,106
1774605118.1166716,107
1774605118.1324618,105
1774605118.1485426,103
1774605118.1643121,103
1774605118.1803272,104
1774605118.1964693,101
1774605118.2122686,99
1774605118.2283387,97
1774605118.244249,92
1774605118.2603896,89
1774605118.276362,88
1774605118.2923565,88
1774605118.3084805,84
1774605118.3243084,84
1774605118.3404353,85
1774605118.3563714,84
1774605118.3723962,82
1774605118.3885348,81
1774605118.4048746,80
1774605118.4208875,77
1774605118.4368849,75
1774605118.45269,77
1774605118.4689636,74
1774605118.485148,74
1774605118.5009263,74
1774605118.5168471,76
1774605118.5325656,76
1774605118.5490735,80
1774605118.564925,81
1774605118.5809255,79
1774605118.596592,76
1774605118.612503,77
1774605118.6286788,74
1774605118.6446075,71
1774605118.660652,72
1774605118.6765451,71
1774605118.6924765,68
1774605118.7085798,72
1774605118.7245154,79
1774605118.7404714,82
1774605118.7565885,89
1774605118.772413,93
1774605118.788601,92
1774605118.8047981,92
1774605118.820571,90
1774605118.8365364,86
1774605118.8524992,83
1774605118.8684266,83
1774605118.88441,80
1774605118.9005728,78
1774605118.916562,79
1774605118.9324405,78
1774605118.9485753,78
1774605118.9644773,79
1774605118.9803896,77
1774605118.9964595,79
1774605119.0123386,84
1774605119.028419,94
1774605119.044518,103
1774605119.060378,114
1774605119.0765169,121
1774605119.0924277,124
1774605119.1084173,120
1774605119.1243706,120
1774605119.1404612,119
1774605119.1564372,114
1774605119.172561,115
1774605119.1883461,116
1774605119.204415,112
1774605119.2205865,114
1774605119.2369707,113
1774605119.2524452,108
1774605119.2687001,105
1774605119.2846332,102
1774605119.3006713,97
1774605119.316609,99
1774605119.3326418,95
1774605119.3486397,92
1774605119.3647869,92
1774605119.3806336,89
1774605119.3966334,84
1774605119.4123735,85
1774605119.4286115,82
1774605119.4447117,79
1774605119.4605885,78
1774605119.4766636,77
1774605119.4927099,76
1774605119.5089421,76
1774605119.5252342,73
1774605119.540707,71
1774605119.557029,68
1774605119.57308,69
1774605119.5889864,74
1774605119.6047475,79
1774605119.6210105,81
1774605119.636996,83
1774605119.6526504,88
1774605119.668997,86
1774605119.6849997,84
1774605119.7006838,85
1774605119.7169666,98
1774605119.732582,99
1774605119.749022,104
1774605119.7650697,103
1774605119.7808383,105
1774605119.7969792,92
1774605119.812496,87
1774605119.8287652,89
1774605119.8448575,102
1774605119.8610492,100
1774605119.8770223,111
1774605119.8928654,126
1774605119.909052,150
1774605119.9249153,169
1774605119.94108,171
1774605119.9568686,165
1774605119.9732406,149
1774605119.9891968,116
1774605120.0051224,89
1774605120.0209403,89
1774605120.036563,99
1774605120.0526056,118
1774605120.068897,132
1774605120.0848498,133
1774605120.1011732,136
1774605120.1169808,158
1774605120.1327517,188
1774605120.1490574,222
1774605120.1650848,231
1774605120.1810603,238
1774605120.197063,215
1774605120.2126892,165
1774605120.228823,140
1774605120.244823,148
1774605120.2612038,148
1774605120.2768042,136
1774605120.2924361,147
1774605120.3088992,128
1774605120.324887,108
1774605120.3409903,115
1774605120.3571787,120
1774605120.3726778,115
1774605120.3891208,131
1774605120.4051533,138
1774605120.421345,146
1774605120.437071,156
1774605120.4527855,204
1774605120.4690707,281
1774605120.4850788,333
1774605120.5010862,416
1774605120.5170817,494
1774605120.5329134,445
1774605120.5490978,417
1774605120.5647774,384
1774605120.5810263,311
1774605120.5969822,234
1774605120.6128542,276
1774605120.6290596,278
1774605120.6449053,268
1774605120.6609821,280
1774605120.6769636,284
1774605120.692775,283
1774605120.7091825,260
1774605120.725104,321
1774605120.7410963,370
1774605120.7568305,378
1774605120.772726,374
1774605120.7891035,360
1774605120.8048685,293
1774605120.8211832,266
1774605120.8370864,282
1774605120.8527799,350
1774605120.869105,333
1774605120.8854027,336
1774605120.9011118,281
1774605120.9172223,260
1774605120.9328773,224
1774605120.9491236,326
1774605120.9651568,327
1774605120.9811208,345
1774605120.9971094,337
1774605121.013215,329
1774605121.0288827,267
1774605121.0450234,383
1774605121.0609665,428
1774605121.0772133,430
1774605121.0928295,472
1774605121.1091368,471
1774605121.1253796,427
1774605121.1411517,410
1774605121.1571484,487
1774605121.1728868,419
1774605121.1891665,410
1774605121.2049582,329
1774605121.2209134,334
1774605121.2368503,320
1774605121.2528603,303
1774605121.2687473,372
1774605121.2848272,439
1774605121.3007076,388
1774605121.317042,342
1774605121.3327255,441
1774605121.348811,399
1774605121.3648736,437
1774605121.3808823,489
1774605121.3968081,468
1774605121.4128118,399
1774605121.4288852,337
1774605121.4448228,226
1774605121.4608402,225
1774605121.4767783,341
1774605121.4927447,365
1774605121.5087132,381
1774605121.5249853,383
1774605121.540791,320
1774605121.556733,190
1774605121.5727546,124
1774605121.5886858,108
1774605121.6048717,126
1774605121.6206923,127
1774605121.6369913,135
1774605121.6528745,127
1774605121.6688845,128
1774605121.6847842,107
1774605121.7007554,146
1774605121.7169516,160
1774605121.7327955,185
1774605121.7488115,333
1774605121.7647,416
1774605121.7806902,425
1774605121.7968998,498
1774605121.8128998,491
1774605121.8291104,355
1774605121.8452969,310
1774605121.8609807,272
1774605121.8770437,247
1774605121.8927495,252
1774605121.908853,249
1774605121.9249039,226
1774605121.940959,220
1774605121.956909,211
1774605121.972692,240
1774605121.9886103,236
1774605122.0045714,227
1774605122.0206804,219
1774605122.0366557,167
1774605122.0526774,185
1774605122.0688157,191
1774605122.0852592,225
1774605122.1006644,231
1774605122.1168146,308
1774605122.1326978,258
1774605122.148807,251
1774605122.164865,247
1774605122.1808548,254
1774605122.19687,168
1774605122.2129345,151
1774605122.229064,165
1774605122.244725,145
1774605122.2609696,136
1774605122.2768505,161
1774605122.293014,159
1774605122.3090432,154
1774605122.3249319,206
1774605122.3406503,204
1774605122.356632,182
1774605122.3726301,217
1774605122.3886616,226
1774605122.4046474,204
1774605122.4205904,257
1774605122.4366066,288
1774605122.4526045,287
1774605122.468601,363
1774605122.4845922,351
1774605122.5006027,304
1774605122.5166776,282
1774605122.5326302,255
1774605122.5486808,155
1774605122.5646033,127
1774605122.5806434,119
1774605122.5966604,114
1774605122.6125965,110
1774605122.6288846,107
1774605122.6450467,110
1774605122.6610937,129
1774605122.6770763,127
1774605122.6935027,129
1774605122.7092419,137
1774605122.725284,130
1774605122.741249,131
1774605122.7572603,150
1774605122.7730005,147
1774605122.7893703,133
1774605122.805165,135
1774605122.8209455,130
1774605122.8370054,119
1774605122.8529623,119
1774605122.8689053,130
1774605122.8851576,131
1774605122.9010925,113
1774605122.9173548,110
1774605122.9331112,120
1774605122.9493015,123
1774605122.965261,125
1774605122.9809928,130
1774605122.9973452,125
1774605123.0129688,115
1774605123.0292695,103
1774605123.0456731,100
1774605123.0610797,104
1774605123.077209,109
1774605123.0933368,110
1774605123.1092987,111
1774605123.1252923,112
1774605123.1413069,103
1774605123.1572537,94
1774605123.1734848,89
1774605123.1892624,86
1774605123.2052555,79
1774605123.221234,80
1774605123.2372563,80
1774605123.2529879,80
1774605123.2691653,79
1774605123.2851014,85
1774605123.3012602,96
1774605123.3173132,106
1774605123.3330002,116
1774605123.3489978,125
1774605123.3651247,127
1774605123.3810625,123
1774605123.3967843,118
1774605123.4129465,110
1774605123.4293013,107
1774605123.4453945,108
1774605123.4612134,106
1774605123.4772635,103
1774605123.4930632,109
1774605123.5091317,110
1774605123.5250025,109
1774605123.5411177,109
1774605123.5568762,113
1774605123.5727873,106
1774605123.5889475,106
1774605123.6048694,102
1774605123.6208172,99
1774605123.6368353,101
1774605123.6527953,103
1774605123.6688366,102
1774605123.6847477,104
1774605123.7008386,103
1774605123.7170317,98
1774605123.7330039,96
1774605123.748995,93
1774605123.7648735,92
1774605123.7810273,91
1774605123.7968605,92
1774605123.812796,93
1774605123.8288765,92
1774605123.8448133,93
1774605123.860837,94
1774605123.8767383,93
1774605123.8927696,91
1774605123.9088933,93
1774605123.925121,94
1774605123.9408486,92
1774605123.9567862,91
1774605123.9728074,89
1774605123.9890718,86
1774605124.0047824,82
1774605124.0207615,83
1774605124.0368361,82
1774605124.0528035,81
1774605124.0688128,80
1774605124.084775,80
1774605124.1007388,78
1774605124.1169753,78
1774605124.1327882,82
1774605124.149063,83
1774605124.1649964,83
1774605124.180773,82
1774605124.1969373,85
1774605124.2130325,85
1774605124.2291665,86
1774605124.2449408,85
1774605124.2608485,89
1774605124.2768805,84
1774605124.29285,83
1774605124.3090045,82
1774605124.3249974,86
1774605124.3409162,87
1774605124.3569024,93
1774605124.372828,95
1774605124.388872,96
1774605124.4050355,96
1774605124.4208298,97
1774605124.436967,96
1774605124.452871,97
1774605124.4688528,97
1774605124.48538,98
1774605124.5008776,93
1774605124.5169911,91
1774605124.5327883,91
1774605124.5490005,92
1774605124.564972,88
1774605124.580963,93
1774605124.5972419,91
1774605124.6133912,86
1774605124.6290731,88
1774605124.6448436,91
1774605124.660851,91
1774605124.67698,92
1774605124.6929321,92
1774605124.7090921,87
1774605124.7250135,86
1774605124.7411616,86
1774605124.7569962,86
1774605124.7730136,90
1774605124.7892241,92
1774605124.8051963,92
1774605124.8211956,91
1774605124.8368835,90
1774605124.852951,90
1774605124.869198,87
1774605124.8850422,88
1774605124.901089,86
1774605124.9170642,85
1774605124.9328713,82
1774605124.949017,81
1774605124.9650552,79
1774605124.9815323,76
1774605124.997197,74
1774605125.0131404,74
1774605125.029186,72
1774605125.0451581,73
1774605125.0611775,73
1774605125.077762,74
1774605125.0930672,77
1774605125.1092844,79
1774605125.125225,77
1774605125.1414027,78
1774605125.1572676,76
1774605125.1731439,73
1774605125.1893096,77
1774605125.2053173,84
1774605125.2213218,87
1774605125.2373168,87
1774605125.2531254,86
1774605125.2693686,84
1774605125.2852807,82
1774605125.301365,81
1774605125.317341,82
1774605125.3331158,86
1774605125.349355,90
1774605125.365441,87
1774605125.3813415,85
1774605125.3975031,84
1774605125.4131274,83
1774605125.429418,77
1774605125.4451308,76
1774605125.4612508,77
1774605125.4773078,77
1774605125.493254,75
1774605125.509267,76
1774605125.525237,76
1774605125.5414202,74
1774605125.5570638,71
1774605125.5731401,72
1774605125.5892818,72
1774605125.60536,71
1774605125.6213906,72
1774605125.63736,75
1774605125.6532962,73
1774605125.669457,71
1774605125.6853242,70
1774605125.7014961,70
1774605125.7174857,69
1774605125.7331913,71
1774605125.749099,72
1774605125.7651687,73
1774605125.7811437,73
1774605125.7970543,73
1774605125.8129702,73
1774605125.8295648,74
1774605125.845279,75
1774605125.8612254,74
1774605125.8770077,76
1774605125.8932774,76
1774605125.9091594,76
1774605125.9250638,79
1774605125.941366,79
1774605125.9573278,79
1774605125.9735327,78
1774605125.9893615,81
1774605126.0051978,78
1774605126.0213568,80
1774605126.0374198,75
1774605126.0533102,79
1774605126.0693038,77
1774605126.0854084,78
1774605126.1012201,76
1774605126.1174254,78
1774605126.1332183,76
1774605126.1492834,74
1774605126.1654313,74
1774605126.1814249,73
1774605126.1972487,75
1774605126.2132115,74
1774605126.2291768,74
1774605126.2454283,75
1774605126.2616029,81
1774605126.2774734,79
1774605126.2932212,81
1774605126.3093867,82
1774605126.325332,81
1774605126.341251,75
1774605126.3574634,74
1774605126.3732126,74
1774605126.3894906,75
1774605126.4053853,72
1774605126.421444,75
1774605126.4373024,73
1774605126.4531302,72
1774605126.469105,74
1774605126.4850276,78
1774605126.5011666,82
1774605126.517268,85
1774605126.5329874,93
1774605126.5493784,96
1774605126.565174,98
1774605126.5812528,101
1774605126.597346,104
1774605126.6131446,100
1774605126.6292555,104
1774605126.6452782,106
1774605126.6613126,104
1774605126.6772788,104
1774605126.693099,109
1774605126.7092533,110
1774605126.7251904,112
1774605126.7413423,116
1774605126.7573848,114
1774605126.7731142,108
1774605126.7894483,101
1774605126.8053155,96
1774605126.8212838,91
1774605126.8371267,91
1774605126.8531332,98
1774605126.8693166,103
1774605126.8851976,104
1774605126.9013321,108
1774605126.9173346,109
1774605126.9332342,106
1774605126.949568,107
1774605126.9655015,107
1774605126.9816492,103
1774605126.9971879,104
1774605127.013345,110
1774605127.0294082,112
1774605127.0455744,118
1774605127.0615401,121
1774605127.0775282,121
1774605127.0933843,119
1774605127.109526,115
1774605127.1254404,111
1774605127.1415298,109
1774605127.1574259,107
1774605127.1733713,105
1774605127.1895373,110
1774605127.2055144,113
1774605127.2215977,111
1774605127.238188,112
1774605127.2535553,107
1774605127.2697458,100
1774605127.2855089,93
1774605127.3013268,92
1774605127.3173952,91
1774605127.3332856,94
1774605127.349578,95
1774605127.3654203,98
1774605127.3815506,102
1774605127.397554,103
1774605127.413293,103
1774605127.4295485,102
1774605127.4455273,98
1774605127.4615004,96
1774605127.4775574,95
1774605127.4932778,92
1774605127.5092347,94
1774605127.5253544,97
1774605127.541116,96
1774605127.5573819,95
1774605127.573017,99
1774605127.5892339,101
1774605127.6054807,106
1774605127.6215644,115
1774605127.637561,121
1774605127.6532915,124
1774605127.6695666,126
1774605127.6856356,124
1774605127.701569,119
1774605127.7175674,122
1774605127.7333345,123
1774605127.7494748,121
1774605127.7654538,125
1774605127.7814734,122
1774605127.7974272,119
1774605127.8133955,116
1774605127.8291752,117
1774605127.8452847,111
1774605127.8612146,119
1774605127.8771596,119
1774605127.8931887,124
1774605127.9093337,123
1774605127.9251835,125
1774605127.9412253,118
1774605127.9573746,117
1774605127.973407,116
1774605127.9894085,115
1774605128.00539,117
1774605128.021389,122
1774605128.0375233,121
1774605128.0533764,111
1774605128.069293,109
1774605128.0851555,104
1774605128.1012056,98
1774605128.1171565,94
1774605128.1331327,94
1774605128.1490922,88
1774605128.1653302,83
1774605128.1812859,77
1774605128.1971025,80
1774605128.2131052,81
1774605128.2293346,83
1774605128.245375,82
1774605128.2611868,81
1774605128.277298,75
1774605128.2932572,75
1774605128.3092153,76
1774605128.325297,76
1774605128.3412678,79
1774605128.357281,83
1774605128.3731823,80
1774605128.389243,79
1774605128.405237,77
1774605128.4212375,77
1774605128.4374175,82
1774605128.4533324,88
1774605128.4695363,94
1774605128.4856029,102
1774605128.5014338,114
1774605128.5175662,115
1774605128.5333798,116
1774605128.5497582,116
1774605128.5654633,119
1774605128.5816152,117
1774605128.5977244,114
1774605128.6135194,111
1774605128.6296911,111
1774605128.6454926,112
1774605128.662033,106
1774605128.6774015,114
1774605128.6934721,114
1774605128.7094038,113
1774605128.7256756,110
1774605128.7420034,106
1774605128.7575557,97
1774605128.773507,105
1774605128.7897298,99
1774605128.8056376,98
1774605128.821682,96
1774605128.83755,94
1774605128.8533509,86
1774605128.8695016,89
1774605128.8856895,88
1774605128.9016771,87
1774605128.9176857,90
1774605128.9336615,89
1774605128.9495513,88
1774605128.965349,91
1774605128.9813695,94
1774605128.997373,96
1774605129.0133107,95
1774605129.0295596,98
1774605129.0453708,95
1774605129.0614097,95
1774605129.0774517,91
1774605129.0932667,93
1774605129.1092896,91
1774605129.125546,91
1774605129.1413274,89
1774605129.157444,95
1774605129.1733136,95
1774605129.1893916,101
1774605129.2053068,103
1774605129.2216277,102
1774605129.2374008,97
1774605129.2533503,92
1774605129.2693412,85
1774605129.2853765,81
1774605129.3014078,82
1774605129.3173752,80
1774605129.3332708,79
1774605129.3493133,81
1774605129.3652894,83
1774605129.3813293,82
1774605129.3973513,84
1774605129.4134617,84
1774605129.4294012,85
1774605129.445248,86
1774605129.4612997,85
1774605129.4772758,85
1774605129.493277,88
1774605129.5095978,89
1774605129.5261421,87
1774605129.5420306,89
1774605129.5576594,87
1774605129.5732079,88
1774605129.589304,85
1774605129.6052973,83
1774605129.6215782,80
1774605129.6377194,81
1774605129.6539276,77
1774605129.669461,77
1774605129.6857054,77
1774605129.7017562,80
1774605129.7179403,85
1774605129.7337847,94
1774605129.7501225,102
1774605129.7657216,114
1774605129.7816129,121
1774605129.7976606,124
1774605129.8134785,121
1774605129.8296554,116
1774605129.845585,110
1774605129.8618283,103
1774605129.8776493,99
1774605129.8937638,98
1774605129.9098108,98
1774605129.925794,95
1774605129.941802,94
1774605129.957629,93
1774605129.9734538,92
1774605129.9893277,94
1774605130.00569,95
1774605130.0215156,96
1774605130.0374687,102
1774605130.053335,104
1774605130.0695057,106
1774605130.0855544,107
1774605130.1016462,105
1774605130.1174378,98
1774605130.1338391,93
1774605130.1497123,87
1774605130.1657758,85
1774605130.181827,87
1774605130.1975615,88
1774605130.2137663,87
1774605130.229486,86
1774605130.2454572,88
1774605130.261371,86
1774605130.2775218,89
1774605130.2934153,96
1774605130.3096101,99
1774605130.3253894,98
1774605130.3412986,101
1774605130.3573523,99
1774605130.3734405,93
1774605130.3893604,91
1774605130.4054058,89
1774605130.4216177,85
1774605130.4376118,82
1774605130.4534044,86
1774605130.4696438,90
1774605130.4857235,92
1774605130.5016136,90
1774605130.5176022,92
1774605130.533345,90
1774605130.549591,87
1774605130.565584,85
1774605130.5817413,85
1774605130.5975778,86
1774605130.6139321,83
1774605130.629823,82
1774605130.6455975,80
1774605130.6618338,79
1774605130.678159,79
1774605130.6939871,81
1774605130.709651,84
1774605130.725821,91
1774605130.7418256,99
1774605130.7576847,104
1774605130.7735584,109
1774605130.78958,114
1774605130.8056633,115
1774605130.822033,113
1774605130.8376684,112
1774605130.8535995,109
1774605130.8695657,109
1774605130.8857832,106
1774605130.9021914,106
1774605130.9177718,105
1774605130.9336543,108
1774605130.9497023,106
1774605130.9659963,106
1774605130.9817874,110
1774605130.9977005,113
1774605131.0135186,109
1774605131.0300324,109
1774605131.0457594,107
1774605131.0613954,103
1774605131.077488,96
1774605131.0937176,95
1774605131.1096518,93
1774605131.1262097,94
1774605131.1415067,96
1774605131.157414,103
1774605131.1735125,101
1774605131.1897767,100
1774605131.2054176,97
1774605131.221449,90
1774605131.2382495,84
1774605131.2536182,87
1774605131.2697241,86
1774605131.2854629,90
1774605131.3017159,96
1774605131.3180933,101
1774605131.333735,103
1774605131.34972,103
1774605131.365958,102
1774605131.3821375,103
1774605131.397427,102
1774605131.4135134,105
1774605131.4295242,108
1774605131.4461193,105
1774605131.4615302,101
1774605131.4780972,98
1774605131.4935765,96
1774605131.509623,95
1774605131.5255926,97
1774605131.5414844,98
1774605131.5573766,101
1774605131.5735993,102
1774605131.5894704,102
1774605131.6054976,99
1774605131.6215389,99
1774605131.637607,95
1774605131.653423,93
1774605131.669917,94
1774605131.6854856,97
1774605131.7016034,95
1774605131.7175705,91
1774605131.733446,87
1774605131.7496536,80
1774605131.765581,75
1774605131.7816112,74
1774605131.7976837,79
1774605131.8134935,85
1774605131.8295195,95
1774605131.8455472,103
1774605131.8616033,116
1774605131.8775125,122
1774605131.8937213,127
1774605131.9097333,128
1774605131.9257064,128
1774605131.9417205,122
1774605131.9577887,120
1774605131.9736063,115
1774605131.9894989,111
1774605132.0056756,108
1774605132.0214815,103
1774605132.038002,97
1774605132.0534418,98
1774605132.0696156,99
1774605132.0854523,102
1774605132.1014636,106
1774605132.117645,115
1774605132.1334639,118
1774605132.149521,118
1774605132.1664898,118
1774605132.1817956,119
1774605132.1976075,112
1774605132.2136521,109
1774605132.229573,108
1774605132.2456121,107
1774605132.2615411,107
1774605132.2776642,110
1774605132.2935488,109
1774605132.3095932,108
1774605132.3257005,105
1774605132.341721,106
1774605132.3576567,98
1774605132.3735523,97
1774605132.3897166,90
1774605132.4056885,89
1774605132.4215033,85
1774605132.437721,92
1774605132.4535515,89
1774605132.4695182,91
1774605132.4858024,89
1774605132.502096,90
1774605132.5177882,83
1774605132.534006,82
1774605132.5498202,80
1774605132.5662131,80
1774605132.581566,77
1774605132.5976472,76
1774605132.6139462,78
1774605132.6297178,80
1774605132.6458886,79
1774605132.6616657,83
1774605132.6777709,84
1774605132.693586,82
1774605132.7095087,80
1774605132.7260945,83
1774605132.741756,78
1774605132.7576137,80
1774605132.773543,81
1774605132.789718,82
1774605132.8055608,78
1774605132.821605,78
1774605132.837899,78
1774605132.8544443,77
1774605132.86976,78
1774605132.8858883,78
1774605132.9018662,80
1774605132.9178147,81
1774605132.933737,83
1774605132.9497688,82
1774605132.9663959,86
1774605132.9822664,88
1774605132.9979787,90
1774605133.013759,90
1774605133.0298681,89
1774605133.0458984,86
1774605133.0618088,82
1774605133.0776033,77
1774605133.0935314,73
1774605133.1096778,74
1774605133.1257288,72
1774605133.141751,71
1774605133.1578481,70
1774605133.1736164,70
1774605133.1899195,67
1774605133.2058115,69
1774605133.2216032,72
1774605133.237849,75
1774605133.2536476,80
1774605133.2698867,83
1774605133.2858338,86
1774605133.3018208,81
1774605133.31784,80
1774605133.333844,75
1774605133.3497818,72
1774605133.3656926,69
1774605133.381878,72
1774605133.3976781,71
1774605133.4138176,73
1774605133.429953,74
1774605133.4458437,73
1774605133.462426,71
1774605133.4779456,70
1774605133.4937441,70
1774605133.5100272,69
1774605133.5263035,69
1774605133.5423632,70
1774605133.5579624,73
1774605133.573786,72
1774605133.5900016,75
1774605133.6059234,78
1774605133.6217434,75
1774605133.637666,73
1774605133.6538148,76
1774605133.6698127,75
1774605133.6858618,72
1774605133.7023985,75
1774605133.7180119,76
1774605133.7340338,75
1774605133.7498603,74
1774605133.7658627,79
1774605133.7820811,78
1774605133.7981052,76
1774605133.813741,74
1774605133.8301165,73
1774605133.8459015,71
1774605133.8623219,68
1774605133.8780622,68
1774605133.8942041,72
1774605133.910254,73
1774605133.9258914,71
1774605133.941837,73
1774605133.9577796,73
1774605133.9738107,70
1774605133.9900415,70
1774605134.0059133,77
1774605134.0217466,86
1774605134.0378177,99
1774605134.0538287,111
1774605134.0700336,124
1774605134.0859392,123
1774605134.102044,122
1774605134.118032,116
1774605134.133826,106
1774605134.14986,93
1774605134.1657214,89
1774605134.181777,84
1774605134.197674,82
1774605134.2137203,84
1774605134.229702,88
1774605134.2457426,90
1774605134.2617934,91
1774605134.2777367,91
1774605134.293658,92
1774605134.3096962,92
1774605134.3256912,90
1774605134.3416831,89
1774605134.3577132,86
1774605134.3737547,81
1774605134.3898184,80
1774605134.4057336,82
1774605134.4217448,79
1774605134.4378383,77
1774605134.453786,77
1774605134.4698434,76
1774605134.4858243,73
1774605134.5018396,77
1774605134.5176966,76
1774605134.533821,78
1774605134.5496156,80
1774605134.5658796,79
1774605134.581878,79
1774605134.5977192,82
1774605134.613669,82
1774605134.6297002,82
1774605134.6458647,84
1774605134.6618102,81
1774605134.6778803,82
1774605134.6937492,80
1774605134.7099352,78
1774605134.726266,77
1774605134.7419121,79
1774605134.7577767,77
1774605134.7736974,77
1774605134.7897851,76
1774605134.8059297,76
1774605134.822261,76
1774605134.837958,77
1774605134.853883,77
1774605134.8700814,76
1774605134.8864415,76
1774605134.9020898,73
1774605134.918182,71
1774605134.9342403,72
1774605134.9501004,74
1774605134.9661725,76
1774605134.982142,76
1774605134.9981334,76
1774605135.014339,75
1774605135.030541,74
1774605135.046054,72
1774605135.0621295,73
1774605135.0782676,78
1774605135.0939589,86
1774605135.1101663,95
1774605135.126255,99
1774605135.1421814,104
1774605135.1585636,104
1774605135.173964,102
1774605135.1900177,101
1774605135.2061863,102
1774605135.2222226,106
1774605135.2380524,108
1774605135.2537723,106
1774605135.2700412,104
1774605135.2858226,102
1774605135.302708,97
1774605135.3180206,96
1774605135.3338401,96
1774605135.3499155,97
1774605135.3664472,98
1774605135.3824332,98
1774605135.3978572,96
1774605135.4138136,95
1774605135.4301038,94
1774605135.4457498,93
1774605135.4617105,93
1774605135.477739,98
1774605135.4937727,99
1774605135.5099716,98
1774605135.5265372,97
1774605135.542021,93
1774605135.5581586,87
1774605135.5739229,84
1774605135.5901597,84
1774605135.6061022,82
1774605135.621859,85
1774605135.638092,91
1774605135.6539123,94
1774605135.669961,97
1774605135.6859803,107
1774605135.7021291,111
1774605135.718231,111
1774605135.7338836,109
1774605135.7500634,109
1774605135.7662349,107
1774605135.7819817,107
1774605135.7978222,109
1774605135.8138587,115
1774605135.8301423,114
1774605135.84592,109
1774605135.8617444,106
1774605135.8777993,101
1774605135.893788,93
1774605135.9098713,91
1774605135.925785,92
1774605135.941887,94
1774605135.9578679,98
1774605135.9741464,104
1774605135.9899614,101
1774605136.0059085,98
1774605136.0224893,95
1774605136.038108,94
1774605136.0538616,88
1774605136.0698867,89
1774605136.0859199,91
1774605136.1023378,87
1774605136.118378,85
1774605136.1340306,87
1774605136.1503274,95
1774605136.1667337,103
1774605136.182272,114
1774605136.1982734,118
1774605136.214434,123
1774605136.230286,124
1774605136.2461805,121
1774605136.2622828,125
1774605136.2782807,131
1774605136.2940602,125
1774605136.3102846,119
1774605136.3261561,118
1774605136.3421211,107
1774605136.3582342,107
1774605136.373973,119
1774605136.390154,130
1774605136.4060845,134
1774605136.4219658,134
1774605136.4380274,129
1774605136.4539516,124
1774605136.4706094,117
1774605136.4862707,112
1774605136.5022447,113
1774605136.5184212,112
1774605136.5342093,106
1774605136.5503268,98
1774605136.5662627,97
1774605136.582227,95
1774605136.598178,96
1774605136.614203,94
1774605136.6301363,92
1774605136.6461434,95
1774605136.6621115,92
1774605136.678152,88
1774605136.6938102,91
1774605136.709928,92
1774605136.7259657,92
1774605136.7421176,96
1774605136.7580216,103
1774605136.7740018,101
1774605136.7898524,103
1774605136.80606,96
1774605136.821899,91
1774605136.837852,84
1774605136.8538883,90
1774605136.8699863,90
1774605136.8858528,90
1774605136.9018548,90
1774605136.9178183,87
1774605136.9339757,78
1774605136.9500391,77
1774605136.9659662,84
1774605136.981813,84
1774605136.9981089,85
1774605137.0139284,91
1774605137.0299006,90
1774605137.0459404,89
1774605137.0619812,95
1774605137.0780528,99
1774605137.094221,101
1774605137.1099412,102
1774605137.1259415,101
1774605137.1419177,100
1774605137.1579828,100
1774605137.1738229,96
1774605137.1898959,98
1774605137.2059233,95
1774605137.2220838,91
1774605137.2380981,88
1774605137.2540567,88
1774605137.270039,89
1774605137.2862568,92
1774605137.3019476,95
1774605137.3183823,97
1774605137.3341086,95
1774605137.3500571,95
1774605137.365976,92
1774605137.3820813,90
1774605137.3981214,89
1774605137.4140306,90
1774605137.42997,85
1774605137.4460022,86
1774605137.462116,83
1774605137.4780354,81
1774605137.4939249,78
1774605137.5101578,78
1774605137.5260725,77
1774605137.5420892,76
1774605137.5579877,76
1774605137.5739613,77
1774605137.589932,78
1774605137.606121,80
1774605137.62198,81
1774605137.63804,82
1774605137.6539655,81
1774605137.6699476,81
1774605137.686229,77
1774605137.701951,75
1774605137.718104,71
1774605137.7340844,68
1774605137.750099,68
1774605137.76621,74
1774605137.7821963,74
1774605137.7981422,78
1774605137.8139963,83
1774605137.830071,82
1774605137.8459868,77
1774605137.8623013,76
1774605137.8782501,75
1774605137.8940938,70
1774605137.910245,71
1774605137.926162,73
1774605137.9419887,75
1774605137.9579508,72
1774605137.9740636,74
1774605137.990012,74
1774605138.005998,74
1774605138.021961,74
1774605138.0379515,78
1774605138.0539422,78
1774605138.0699658,78
1774605138.0863562,79
1774605138.10232,78
1774605138.1180315,75
1774605138.1339657,75
1774605138.1499505,73
1774605138.1660383,70
1774605138.1822484,71
1774605138.1980062,75
1774605138.2140083,73
1774605138.230058,70
1774605138.2460017,67
1774605138.262139,64
1774605138.278475,59
1774605138.2941446,67
1774605138.3101306,81
1774605138.3260548,94
1774605138.3421464,109
1774605138.358113,120
1774605138.3742194,123
1774605138.3901234,121
1774605138.4061542,115
1774605138.4221358,107
1774605138.4383054,99
1774605138.4541645,93
1774605138.4700513,89
1774605138.4861116,89
1774605138.5020015,93
1774605138.5180335,97
1774605138.534077,98
1774605138.550113,96
1774605138.5661154,95
1774605138.5820425,89
1774605138.5980773,89
1774605138.6140118,92
1774605138.630073,96
1774605138.646114,96
1774605138.6621041,96
1774605138.6781602,98
1774605138.6941352,98
1774605138.710232,97
1774605138.726301,98
1774605138.7427359,99
1774605138.7581272,93
1774605138.7748108,94
1774605138.7900667,91
1774605138.806504,90
1774605138.8224165,89
1774605138.8382592,93
1774605138.8540905,92
1774605138.8701289,97
1774605138.886201,99
1774605138.9024239,99
1774605138.918049,97
1774605138.9340565,98
1774605138.9501798,97
1774605138.9661565,95
1774605138.982389,93
1774605138.9982636,92
1774605139.0140433,87
1774605139.0302117,84
1774605139.0462022,83
1774605139.0621357,85
1774605139.0781446,85
1774605139.0941677,88
1774605139.1101146,90
1774605139.1261983,91
1774605139.1421194,92
1774605139.1580613,95
1774605139.1740944,97
1774605139.1901765,96
1774605139.2060757,95
1774605139.2222738,92
1774605139.2381015,87
1774605139.254085,87
1774605139.2700288,90
1774605139.2862039,94
1774605139.3022525,95
1774605139.3181558,95
1774605139.3341246,95
1774605139.3501816,91
1774605139.3661418,92
1774605139.382395,91
1774605139.3984225,95
1774605139.414331,95
1774605139.4301279,96
1774605139.446442,96
1774605139.4624126,98
1774605139.4783094,98
1774605139.4945037,97
1774605139.510368,99
1774605139.5262277,101
1774605139.542374,103
1774605139.5585053,102
1774605139.5742576,105
1774605139.590307,103
1774605139.6063218,98
1774605139.622342,94
1774605139.6382043,94
1774605139.654205,89
1774605139.670273,92
1774605139.6864197,95
1774605139.7021654,95
1774605139.7181504,94
1774605139.7342749,95
1774605139.7503572,94
1774605139.7664094,93
1774605139.782193,95
1774605139.798183,95
1774605139.8142376,99
1774605139.8303638,98
1774605139.8461847,94
1774605139.8623302,95
1774605139.8783317,94
1774605139.8941529,91
1774605139.910282,91
1774605139.9262912,93
1774605139.942324,93
1774605139.9583201,99
1774605139.9744277,103
1774605139.9902196,111
1774605140.0063157,116
1774605140.0222847,118
1774605140.0386238,118
1774605140.0542204,120
1774605140.070322,112
1774605140.086199,114
1774605140.1022418,110
1774605140.1181815,106
1774605140.1343052,101
1774605140.1503704,106
1774605140.1665707,106
1774605140.1825304,108
1774605140.1983633,109
1774605140.2141812,109
1774605140.2303278,109
1774605140.246258,105
1774605140.262571,106
1774605140.278426,109
1774605140.294285,109
1774605140.3106391,107
1774605140.3267107,107
1774605140.3425055,104
1774605140.3582425,96
1774605140.37422,94
1774605140.3903463,92
1774605140.406566,89
1774605140.4223573,90
1774605140.4383528,96
1774605140.4543831,101
1774605140.47022,103
1774605140.4864073,110
1774605140.5022552,115
1774605140.5182014,118
1774605140.534172,116
1774605140.5501888,119
1774605140.566197,119
1774605140.5822504,119
1774605140.598308,112
1774605140.6142278,111
1774605140.6302736,102
1774605140.6462667,97
1774605140.6624463,93
1774605140.678416,91
1774605140.694296,93
1774605140.7103844,92
1774605140.7264574,92
1774605140.742611,91
1774605140.7585363,92
1774605140.774578,89
1774605140.7905116,88
1774605140.8066313,84
1774605140.8226147,82
1774605140.838445,83
1774605140.8544796,83
1774605140.8705683,85
1774605140.886385,86
1774605140.9024606,84
1774605140.9184618,84
1774605140.9343808,82
1774605140.9503226,82
1774605140.966581,82
1774605140.9825234,82
1774605140.9985595,82
1774605141.01435,82
1774605141.0309978,80
1774605141.0464427,83
1774605141.0629652,87
1774605141.078713,84
1774605141.0946794,83
1774605141.1110601,79
1774605141.1265907,78
1774605141.1425567,79
1774605141.1585393,78
1774605141.1744452,80
1774605141.1905532,84
1774605141.20702,81
1774605141.2225866,76
1774605141.2384043,79
1774605141.2544413,80
1774605141.2705405,82
1774605141.286563,83
1774605141.3025088,87
1774605141.3183708,86
1774605141.3344276,87
1774605141.350346,86
1774605141.3665054,88
1774605141.382357,90
1774605141.3986385,91
1774605141.4144273,93
1774605141.4304683,94
1774605141.4465666,96
1774605141.4626641,92
1774605141.4785697,90
1774605141.4944742,87
1774605141.5104961,87
1774605141.5264587,87
1774605141.5424907,91
1774605141.5586212,92
1774605141.5745292,97
1774605141.590425,95
1774605141.606419,93
1774605141.622389,90
1774605141.638389,89
1774605141.6544218,86
1774605141.6708455,84
1774605141.6867263,82
1774605141.703186,82
1774605141.7192054,82
1774605141.7345264,79
1774605141.7506347,81
1774605141.7665887,83
1774605141.782397,82
1774605141.7984774,86
1774605141.8145456,88
1774605141.8303788,90
1774605141.8464684,91
1774605141.8622704,93
1774605141.878327,90
1774605141.8943224,87
1774605141.9103496,85
1774605141.9263191,84
1774605141.942389,85
1774605141.9586332,88
1774605141.974368,91
1774605141.9906125,92
1774605142.0065315,95
1774605142.0225844,96
1774605142.0383208,97
1774605142.054385,96
1774605142.0704277,96
1774605142.0864818,91
1774605142.1024659,89
1774605142.118528,85
1774605142.1343536,87
1774605142.150809,87
1774605142.1663005,88
1774605142.1824386,88
1774605142.1984615,90
1774605142.2145617,89
1774605142.2303536,88
1774605142.246704,86
1774605142.2627518,84
1774605142.278792,88
1774605142.2946405,88
1774605142.310745,86
1774605142.3267636,86
1774605142.342844,86
1774605142.358889,83
1774605142.3746095,83
1774605142.3906498,86
1774605142.4067705,88
1774605142.4227877,88
1774605142.4386234,85
1774605142.4546428,84
1774605142.470736,83
1774605142.4867148,82
1774605142.5026011,82
1774605142.51878,83
1774605142.5346487,82
1774605142.550561,82
1774605142.56657,84
1774605142.5825717,91
1774605142.5990257,99
1774605142.6147244,107
1774605142.6305494,115
1774605142.6464975,119
1774605142.6624794,118
1774605142.678765,113
1774605142.6946664,109
1774605142.7105706,103
1774605142.7265558,97
1774605142.742606,95
1774605142.758643,92
1774605142.7745702,90
1774605142.7906365,93
1774605142.8065665,96
1774605142.823045,94
1774605142.8386774,93
1774605142.8547356,93
1774605142.8706546,92
1774605142.8864868,90
1774605142.9027064,91
1774605142.918757,95
1774605142.934858,93
1774605142.9508064,95
1774605142.9667146,97
1774605142.9827247,99
1774605142.9986262,97
1774605143.0149047,98
1774605143.0312188,97
1774605143.046997,97
1774605143.062509,92
1774605143.0791614,92
1774605143.0947988,91
1774605143.1111994,87
1774605143.1266491,85
1774605143.1432402,87
1774605143.1592307,87
1774605143.1746562,89
1774605143.1912513,89
1774605143.2072384,89
1774605143.222653,89
1774605143.2395864,87
1774605143.2546358,87
1774605143.270849,88
1774605143.2886736,90
1774605143.3032393,91
1774605143.3188267,90
1774605143.3347318,88
1774605143.350827,86
1774605143.367245,80
1774605143.3827145,78
1774605143.3986247,79
1774605143.4146264,81
1774605143.431358,81
1774605143.4466166,85
1774605143.463068,83
1774605143.478704,81
1774605143.4946098,78
1774605143.5112743,74
1774605143.527201,74
1774605143.5426474,78
1774605143.5588233,77
1774605143.575041,77
1774605143.5907269,82
1774605143.6071577,82
1774605143.622705,84
1774605143.63888,86
1774605143.6545439,89
1774605143.6706545,92
1774605143.6866658,89
1774605143.7028618,86
1774605143.7188053,86
1774605143.7347856,84
1774605143.751292,78
1774605143.7668226,77
1774605143.7827895,79
1774605143.7987802,79
1774605143.8148618,79
1774605143.8312454,80
1774605143.846653,80
1774605143.862667,79
1774605143.8785203,79
1774605143.894733,80
1774605143.9108996,80
1774605143.926936,79
1774605143.9432209,83
1774605143.9590747,90
1774605143.9747734,94
1774605143.9913127,97
1774605144.0073507,104
1774605144.0233526,101
1774605144.039323,99
1774605144.0550127,98
1774605144.0713503,100
1774605144.0867448,97
1774605144.1032848,93
1774605144.119288,91
1774605144.1347528,84
1774605144.1507256,78
1774605144.1672876,81
1774605144.1828785,90
1774605144.1986785,97
1774605144.2148938,109
1774605144.2307963,120
1774605144.246781,124
1774605144.2628362,128
1774605144.2787805,127
1774605144.2948756,124
1774605144.3106928,116
1774605144.3267326,109
1774605144.342838,97
1774605144.358891,89
1774605144.3748744,86
1774605144.3908346,84
1774605144.40676,86
1774605144.4227986,86
1774605144.4387596,86
1774605144.454686,85
1774605144.4707742,89
1774605144.4867513,92
1774605144.5027287,101
1774605144.518858,110
1774605144.5347378,108
1774605144.5508559,105
1774605144.5667999,105
1774605144.583027,99
1774605144.5988615,93
1774605144.6146326,97
1774605144.6305983,99
1774605144.646835,100
1774605144.662725,98
1774605144.6787314,99
1774605144.6947072,93
1774605144.7107625,91
1774605144.7268538,88
1774605144.7427518,91
1774605144.7586086,95
1774605144.7745993,101
1774605144.7907393,110
1774605144.8067758,113
1774605144.8226652,113
1774605144.8386202,113
1774605144.8546374,108
1774605144.870936,106
1774605144.8868473,103
1774605144.902873,102
1774605144.918917,97
1774605144.9357173,98
1774605144.950683,92
1774605144.9667594,91
1774605144.9831946,89
1774605144.9986413,91
1774605145.0146532,93
1774605145.0307896,101
1774605145.0473733,109
1774605145.0635896,115
1774605145.0790067,121
1774605145.0947561,124
1774605145.1113741,117
1774605145.1272345,112
1774605145.1427143,103
1774605145.1588912,92
1774605145.17478,85
1774605145.1912608,85
1774605145.20748,84
1774605145.2234867,85
1774605145.2388759,87
1774605145.254713,91
1774605145.2715533,98
1774605145.2869012,110
1774605145.3027904,124
1774605145.3193185,136
1774605145.3348703,142
1774605145.3509817,145
1774605145.3668687,139
1774605145.3827624,134
1774605145.398971,126
1774605145.4147737,127
1774605145.4308708,126
1774605145.4468646,130
1774605145.4627025,131
1774605145.4789546,136
1774605145.4949446,137
1774605145.510908,133
1774605145.527542,129
1774605145.5437026,130
1774605145.5589893,121
1774605145.574947,118
1774605145.5910985,122
1774605145.6076114,122
1774605145.6230035,117
1774605145.6387694,122
1774605145.6549435,115
1774605145.6714284,105
1774605145.6872094,97
1774605145.7030413,91
1774605145.7194743,84
1774605145.735029,87
1774605145.751252,89
1774605145.7669559,89
1774605145.7831695,92
1774605145.7994258,97
1774605145.8149872,95
1774605145.8309894,95
1774605145.8469443,98
1774605145.8630397,102
1774605145.8794148,98
1774605145.895043,95
1774605145.9110384,94
1774605145.9273968,91
1774605145.9435577,84
1774605145.9594197,91
1774605145.9749174,94
1774605145.9914289,94
1774605146.0071397,100
1774605146.0231113,104
1774605146.0389879,99
1774605146.0550132,99
1774605146.07146,98
1774605146.0868785,97
1774605146.1029613,99
1774605146.1194682,103
1774605146.1349638,104
1774605146.1508753,106
1774605146.1667895,102
1774605146.1829531,98
1774605146.1988952,90
1774605146.214756,87
1774605146.2308364,85
1774605146.2469077,87
1774605146.2634497,87
1774605146.2792234,85
1774605146.2949195,84
1774605146.3109283,84
1774605146.3275394,88
1774605146.3430107,97
1774605146.3593817,109
1774605146.3749435,121
1774605146.3910587,128
1774605146.40751,130
1774605146.423222,131
1774605146.4390113,128
1774605146.4549778,118
1774605146.4718237,115
1774605146.4871008,110
1774605146.5031488,103
1774605146.5196526,104
1774605146.534956,110
1774605146.551637,114
1774605146.56766,124
1774605146.583663,132
1774605146.5995696,140
1774605146.6149652,145
1774605146.631095,139
1774605146.6470635,130
1774605146.663049,121
1774605146.6789997,110
1774605146.694698,98
1774605146.711018,91
1774605146.7278266,91
1774605146.7436311,94
1774605146.759504,91
1774605146.7749393,91
1774605146.7915418,95
1774605146.807621,94
1774605146.8235931,93
1774605146.8388371,89
1774605146.854965,87
1774605146.871103,88
1774605146.8869245,88
1774605146.9029453,89
1774605146.9188561,96
1774605146.9348748,99
1774605146.9508402,100
1774605146.9669914,100
1774605146.982811,105
1774605146.998893,108
1774605147.014819,117
1774605147.03079,123
1774605147.0467684,131
1774605147.0627768,136
1774605147.078843,138
1774605147.0947852,135
1774605147.1109157,137
1774605147.126965,138
1774605147.1431227,130
1774605147.158868,125
1774605147.1749701,126
1774605147.1908426,123
1774605147.207057,120
1774605147.222956,120
1774605147.2389693,121
1774605147.2549813,120
1774605147.2710078,119
1774605147.2870133,115
1774605147.3029,114
1774605147.3190987,109
1774605147.3347929,100
1774605147.350941,91
1774605147.367525,86
1774605147.3837035,84
1774605147.399069,90
1774605147.415019,98
1774605147.431136,114
1774605147.4472034,124
1774605147.463121,131
1774605147.4793954,134
1774605147.4949937,141
1774605147.5109482,134
1774605147.5270252,133
1774605147.5429776,132
1774605147.5588493,133
1774605147.575036,125
1774605147.5915422,124
1774605147.6072307,123
1774605147.6231842,124
1774605147.6390262,125
1774605147.6551,124
1774605147.6710005,128
1774605147.6870852,137
1774605147.702977,137
1774605147.7193327,137
1774605147.734851,143
1774605147.751067,142
1774605147.7669475,132
1774605147.7832425,131
1774605147.7991238,126
1774605147.8149152,115
1774605147.8310876,107
1774605147.8471189,100
1774605147.863044,98
1774605147.8792062,96
1774605147.895354,96
1774605147.9112477,97
1774605147.9269805,96
1774605147.9436886,98
1774605147.9589126,99
1774605147.9748783,99
1774605147.9910176,97
1774605148.006965,99
1774605148.022998,98
1774605148.0395455,97
1774605148.054881,98
1774605148.0711856,97
1774605148.087542,96
1774605148.1031158,96
1774605148.1192403,97
1774605148.135038,95
1774605148.1513886,97
1774605148.1677382,95
1774605148.1837962,92
1774605148.19921,89
1774605148.2150953,88
1774605148.2309468,83
1774605148.2469344,84
1774605148.2630005,87
1774605148.2791371,88
1774605148.2950532,92
1774605148.3113728,94
1774605148.3271842,94
1774605148.3429625,91
1774605148.3591511,90
1774605148.3751113,88
1774605148.3911204,90
1774605148.406959,90
1774605148.4229631,90
1774605148.4390419,87
1774605148.454872,83
1774605148.471069,86
1774605148.4869213,90
1774605148.503064,99
1774605148.519188,111
1774605148.5348818,122
1774605148.5511227,120
1774605148.56716,116
1774605148.5831547,106
1774605148.599008,99
1774605148.6149538,94
1774605148.6317325,93
1774605148.6476948,94
1774605148.6632462,101
1774605148.679226,97
1774605148.695121,95
1774605148.711789,95
1774605148.7277346,94
1774605148.7431016,92
1774605148.7597342,95
1774605148.775101,96
1774605148.7916849,101
1774605148.807774,103
1774605148.8238633,103
1774605148.8392518,102
1774605148.8551536,101
1774605148.8712,98
1774605148.8873813,93
1774605148.9032373,89
1774605148.9192116,90
1774605148.9351761,88
1774605148.9509811,83
1774605148.9670968,83
1774605148.983058,78
1774605148.9989955,77
1774605149.0150225,76
1774605149.0309098,82
1774605149.0470164,89
1774605149.0631256,99
1774605149.0789528,110
1774605149.0949895,116
1774605149.1110632,117
1774605149.126966,115
1774605149.1429756,111
1774605149.159021,101
1774605149.175506,99
1774605149.191637,96
1774605149.207259,91
1774605149.2234595,92
1774605149.239201,93
1774605149.2550242,88
1774605149.2709298,92
1774605149.286906,100
1774605149.302934,99
1774605149.319071,100
1774605149.3350196,105
1774605149.351382,105
1774605149.3672204,99
1774605149.383306,99
1774605149.3992205,98
1774605149.4151,90
1774605149.4312882,84
1774605149.4471195,81
1774605149.4632683,75
1774605149.479181,73
1774605149.4950933,74
1774605149.5112412,72
1774605149.5271997,76
1774605149.5432305,84
1774605149.559129,95
1774605149.574997,102
1774605149.5911813,118
1774605149.6071556,128
1774605149.6233664,130
1774605149.6389732,127
1774605149.6550527,126
1774605149.6712823,119
1774605149.6871486,116
1774605149.7031693,113
1774605149.7190747,112
1774605149.7352448,121
1774605149.751348,120
1774605149.7670362,119
1774605149.7830215,124
1774605149.7990766,126
1774605149.8150892,126
1774605149.8310761,127
1774605149.847308,124
1774605149.8635082,120
1774605149.8790386,116
1774605149.8952582,104
1774605149.9112766,101
1774605149.9272282,95
1774605149.9432821,90
1774605149.959235,86
1774605149.9753377,85
1774605149.9918482,84
1774605150.00745,84
1774605150.0235472,80
1774605150.0395544,81
1774605150.0553153,78
1774605150.0718613,77
1774605150.0874722,80
1774605150.1031141,83
1774605150.1190348,87
1774605150.1350977,92
1774605150.1513965,96
1774605150.1673667,100
1774605150.1838396,101
1774605150.1998088,98
1774605150.2153256,94
1774605150.2312858,88
1774605150.247369,81
1774605150.2633307,81
1774605150.279372,81
1774605150.2952983,79
1774605150.3111727,79
1774605150.3271594,84
1774605150.3431308,82
1774605150.3590999,80
1774605150.3751621,87
1774605150.3911822,94
1774605150.407102,96
1774605150.4232218,99
1774605150.4392543,102
1774605150.455167,94
1774605150.4710882,89
1774605150.4870281,93
1774605150.5031798,106
1774605150.519097,108
1774605150.5351765,109
1774605150.5513117,106
1774605150.5673497,101
1774605150.5832243,85
1774605150.5993195,79
1774605150.6153605,85
1774605150.6312025,92
1774605150.647159,95
1774605150.663248,103
1774605150.679136,116
1774605150.695096,118
1774605150.711193,116
1774605150.727181,112
1774605150.7432587,108
1774605150.759219,99
1774605150.775302,98
1774605150.7914221,101
1774605150.8074992,104
1774605150.823419,106
1774605150.8391192,111
1774605150.8550835,118
1774605150.8712296,165
1774605150.8873096,359
1774605150.9031887,568
1774605150.919161,669
1774605150.9351234,728
1774605150.9511065,724
1774605150.9671407,575
1774605150.9836113,399
1774605150.9992058,318
1774605151.0151558,272
1774605151.0311742,243
1774605151.0471373,206
1774605151.063313,172
1774605151.0792766,150
1774605151.095414,129
1774605151.1111083,113
1774605151.1271975,98
1774605151.1433225,93
1774605151.1593902,89
1774605151.1753933,87
1774605151.1913292,86
1774605151.2071788,91
1774605151.2231905,92
1774605151.239277,97
1774605151.255173,103
1774605151.2713444,106
1774605151.2872756,109
1774605151.3037806,114
1774605151.3198707,116
1774605151.3352442,117
1774605151.3512018,125
1774605151.367399,127
1774605151.383341,130
1774605151.3994472,125
1774605151.4153357,128
1774605151.431584,120
1774605151.4472075,124
1774605151.463309,119
1774605151.4793315,125
1774605151.4953818,149
1774605151.5114505,152
1774605151.5273721,144
1774605151.5435808,142
1774605151.559767,137
1774605151.5762274,110
1774605151.59179,118
1774605151.607847,121
1774605151.6237304,153
1774605151.6397147,168
1774605151.655454,269
1774605151.6721334,405
1774605151.688122,489
1774605151.7039988,511
1774605151.7202463,582
1774605151.7356148,588
1774605151.7520175,565
1774605151.7679005,548
1774605151.7841554,559
1774605151.8001118,542
1774605151.8154697,541
1774605151.832119,473
1774605151.8474174,505
1774605151.8633966,469
1774605151.8793857,413
1774605151.8953614,359
1774605151.9112978,315
1774605151.9273262,264
1774605151.943387,257
1774605151.9596143,270
1774605151.9753542,282
1774605151.9915211,297
1774605152.0074263,314
1774605152.0234692,327
1774605152.0395157,333
1774605152.0554078,279
1774605152.0714676,270
1774605152.0874891,219
1774605152.1034746,183
1774605152.1194165,165
1774605152.1353037,153
1774605152.1512458,154
1774605152.167389,136
1774605152.18342,140
1774605152.199435,217
1774605152.2154138,282
1774605152.2314782,287
1774605152.2474077,304
1774605152.2634125,444
1774605152.2793682,418
1774605152.295475,363
1774605152.3114703,350
1774605152.3274622,351
1774605152.3433833,213
1774605152.3596015,162
1774605152.375516,188
1774605152.3912823,201
1774605152.4073536,180
1774605152.4235263,187
1774605152.4399524,224
1774605152.455588,260
1774605152.4721038,243
1774605152.4880269,265
1774605152.5042148,277
1774605152.520125,315
1774605152.5354123,262
1774605152.5520468,259
1774605152.5677652,255
1774605152.5840628,267
1774605152.6001215,188
1774605152.615499,172
1774605152.632121,176
1774605152.6481466,172
1774605152.6641223,182
1774605152.6801915,219
1774605152.69555,230
1774605152.7121408,238
1774605152.7276835,233
1774605152.7436266,230
1774605152.7596085,199
1774605152.7756956,187
1774605152.7921333,182
1774605152.8081295,182
1774605152.824217,161
1774605152.839469,172
1774605152.85527,182
1774605152.871335,204
1774605152.8873172,205
1774605152.90332,193
1774605152.9194155,198
1774605152.9353244,188
1774605152.9515965,147
1774605152.968124,135
1774605152.983933,122
1774605152.9996676,93
1774605153.015682,104
1774605153.0321593,118
1774605153.0481548,141
1774605153.0636804,154
1774605153.0797272,149
1774605153.0954905,137
1774605153.1117568,128
1774605153.127663,116
1774605153.1438243,119
1774605153.1595962,135
1774605153.175685,137
1774605153.1916804,160
1774605153.2075698,188
1774605153.2236793,177
1774605153.2396586,173
1774605153.2556295,206
1774605153.2715418,241
1774605153.2876017,287
1774605153.30354,310
1774605153.3194804,367
1774605153.3354697,395
1774605153.35158,364
1774605153.3677065,296
1774605153.3836205,286
1774605153.399446,241
1774605153.415492,194
1774605153.4315217,213
1774605153.448042,204
1774605153.4643743,215
1774605153.4802403,240
1774605153.4956632,227
1774605153.5121841,179
1774605153.527838,184
1774605153.5436375,160
1774605153.559603,110
1774605153.5757046,148
1774605153.5915241,185
1774605153.6076832,188
1774605153.6237602,197
1774605153.6400878,196
1774605153.655624,149
1774605153.672224,111
1774605153.6881907,90
1774605153.7043343,79
1774605153.7202358,83
1774605153.7356877,85
1774605153.75219,81
1774605153.768194,80
1774605153.7843118,77
1774605153.8003492,66
1774605153.8156614,62
1774605153.8324103,75
1774605153.8475926,93
1774605153.8636074,111
1774605153.8795865,131
1774605153.8955448,139
1774605153.9116063,156
1774605153.9277434,162
1774605153.9437356,152
1774605153.959427,141
1774605153.975451,141
1774605153.991732,124
1774605154.0076942,110
1774605154.0237582,110
1774605154.0397263,121
1774605154.0556564,116
1774605154.0723479,117
1774605154.0878594,124
1774605154.1043558,122
1774605154.119738,108
1774605154.135747,106
1774605154.1518083,98
1774605154.1682415,90
1774605154.1844466,87
1774605154.200243,86
1774605154.2156324,88
1774605154.2322648,98
1774605154.2482722,101
1774605154.2638955,109
1774605154.2803364,105
1774605154.2957306,105
1774605154.3122466,95
1774605154.3282447,93
1774605154.3436222,86
1774605154.359631,95
1774605154.3754826,96
1774605154.391617,94
1774605154.4076257,88
1774605154.4237342,89
1774605154.4396617,84
1774605154.4555461,81
1774605154.471622,81
1774605154.4875922,80
1774605154.5036626,73
1774605154.519662,67
1774605154.5355728,76
1774605154.5515428,78
1774605154.5676773,80
1774605154.583658,84
1774605154.5996459,94
1774605154.6156561,80
1774605154.6316211,77
1774605154.6476572,75
1774605154.6635792,77
1774605154.6795492,76
1774605154.695595,84
1774605154.7116013,88
1774605154.727718,92
1774605154.7437925,89
1774605154.759576,81
1774605154.7757719,71
1774605154.7915769,65
1774605154.807736,58
1774605154.8235226,55
1774605154.839585,55
1774605154.8554578,55
1774605154.8714507,55
1774605154.8881521,61
1774605154.9041681,67
1774605154.9195526,76
1774605154.935539,84
1774605154.9515157,92
1774605154.9681203,97
1774605154.9836648,116
1774605154.9996872,114
1774605155.015556,119
1774605155.0316446,123
1774605155.0482268,117
1774605155.0635824,95
1774605155.0794947,93
1774605155.095514,86
1774605155.1118047,79
1774605155.1281712,82
1774605155.1437535,90
1774605155.1595788,94
1774605155.175607,94
1774605155.1917012,93
1774605155.207687,95
1774605155.2234895,89
1774605155.2397149,85
1774605155.2556758,84
1774605155.2721477,81
1774605155.287506,74
1774605155.303772,70
1774605155.3201551,69
1774605155.33564,70
1774605155.351653,69
1774605155.3682828,68
1774605155.38384,67
1774605155.3996122,65
1774605155.4155562,61
1774605155.4315734,65
1774605155.4476674,68
1774605155.4635396,75
1774605155.4794996,82
1774605155.4955347,89
1774605155.5117233,99
1774605155.5275788,111
1774605155.543626,114
1774605155.5597596,112
1774605155.575662,118
1774605155.59175,114
1774605155.6078963,115
1774605155.6235814,118
1774605155.6398673,124
1774605155.6562483,125
1774605155.671956,132
1774605155.6876547,130
1774605155.7043521,128
1774605155.7203095,129
1774605155.7356212,121
1774605155.7515314,113
1774605155.7677794,106
1774605155.7837765,105
1774605155.7995963,102
1774605155.8157554,101
1774605155.8317504,101
1774605155.8477192,94
1774605155.864278,92
1774605155.8797088,86
1774605155.8955634,80
1774605155.9115558,75
1774605155.928242,75
1774605155.9436214,68
1774605155.959688,69
1774605155.9756958,79
1774605155.991717,90
1774605156.007574,106
1774605156.0238767,120
1774605156.039701,127
1774605156.0562193,127
1774605156.0723178,127
1774605156.0876307,118
1774605156.1043556,112
1774605156.1196873,109
1774605156.1356425,106
1774605156.1523142,104
1774605156.1681836,105
1774605156.1837275,104
1774605156.20034,103
1774605156.215823,103
1774605156.2317123,101
1774605156.2475517,106
1774605156.263785,106
1774605156.2798476,103
1774605156.2956781,102
1774605156.3122997,98
1774605156.32762,90
1774605156.344261,87
1774605156.359729,90
1774605156.3756979,88
1774605156.3917742,85
1774605156.4077165,85
1774605156.4241173,84
1774605156.4411263,81
1774605156.4557934,82
1774605156.4717047,84
1774605156.4882708,81
1774605156.5042913,81
1774605156.5197496,82
1774605156.5356448,81
1774605156.5519435,78
1774605156.5681062,83
1774605156.5837739,81
1774605156.5997496,81
1774605156.6157684,88
1774605156.6323159,97
1774605156.6479073,102
1774605156.6638005,107
1774605156.6797404,112
1774605156.695747,107
1774605156.711905,104
1774605156.7283916,97
1774605156.7436483,94
1774605156.7597048,90
1774605156.775713,90
1774605156.7916582,89
1774605156.8077645,91
1774605156.8238602,93
1774605156.8397706,94
1774605156.8556097,91
1774605156.8718722,85
1774605156.8877869,85
1774605156.90364,79
1774605156.9198716,77
1774605156.9356534,78
1774605156.9520202,79
1774605156.967638,77
1774605156.983784,81
1774605156.9997592,81
1774605157.0157273,81
1774605157.031782,83
1774605157.047768,88
1774605157.0638075,91
1774605157.0797365,95
1774605157.0958247,97
1774605157.1116974,97
1774605157.1278372,93
1774605157.143854,87
1774605157.1596475,83
1774605157.1756623,81
1774605157.1916687,79
1774605157.207807,79
1774605157.223634,81
1774605157.240001,79
1774605157.2556455,77
1774605157.2718654,74
1774605157.2879713,74
1774605157.30379,72
1774605157.3198225,72
1774605157.3357952,74
1774605157.3519108,75
1774605157.3684025,78
1774605157.3839667,80
1774605157.3998888,80
1774605157.4158986,78
1774605157.4318438,77
1774605157.4479816,73
1774605157.4639823,71
1774605157.4804823,70
1774605157.495924,69
1774605157.5120332,68
1774605157.5279515,66
1774605157.543804,65
1774605157.5598602,62
1774605157.575841,62
1774605157.5919044,63
1774605157.6078706,66
1774605157.623885,71
1774605157.6402228,83
1774605157.655793,94
1774605157.6724713,96
1774605157.6885579,97
1774605157.7044427,99
1774605157.7205381,94
1774605157.7359397,86
1774605157.7520318,86
1774605157.7685394,86
1774605157.7848663,81
1774605157.800085,80
1774605157.815889,84
1774605157.8324435,83
1774605157.8477204,84
1774605157.8638914,86
1774605157.8799608,87
1774605157.895942,88
1774605157.911919,94
1774605157.9278893,102
1774605157.944458,107
1774605157.9604263,109
1774605157.9760215,105
1774605157.9922166,104
1774605158.0080755,101
1774605158.024124,103
1774605158.040264,112
1774605158.0561569,121
1774605158.0719774,124
1774605158.0884519,119
1774605158.103837,120
1774605158.1204731,117
1774605158.135986,116
1774605158.1526217,125
1774605158.1687036,135
1774605158.1846101,134
1774605158.2006924,128
1774605158.2159667,126
1774605158.2326128,117
1774605158.2486846,117
1774605158.264305,116
1774605158.2806246,118
1774605158.296065,109
1774605158.3122563,102
1774605158.3280394,90
1774605158.3439794,84
1774605158.3598268,79
1774605158.3757596,81
1774605158.3918908,83
1774605158.4082031,87
1774605158.4238591,92
1774605158.4400675,95
1774605158.4561112,100
1774605158.4727328,101
1774605158.488703,106
1774605158.504621,106
1774605158.5207381,108
1774605158.536025,105
1774605158.5526252,104
1774605158.56784,97
1774605158.5837734,91
1774605158.5997822,89
1774605158.6158502,85
1774605158.6318712,86
1774605158.6479867,87
1774605158.6638412,92
1774605158.6799831,90
1774605158.6959724,92
1774605158.7119162,92
1774605158.727894,94
1774605158.7445834,92
1774605158.7603142,97
1774605158.7760062,102
1774605158.7920306,98
1774605158.8080635,92
1774605158.8240054,89
1774605158.840055,82
1774605158.856199,76
1774605158.8731477,74
1774605158.8885458,73
1774605158.9043467,73
1774605158.9200573,72
1774605158.9359987,70
1774605158.9522443,73
1774605158.9686484,80
1774605158.984642,81
1774605159.0005865,83
1774605159.0162303,84
1774605159.0325952,79
1774605159.048292,71
1774605159.064655,67
1774605159.0806513,62
1774605159.096038,60
1774605159.1119382,61
1774605159.1283925,65
1774605159.1447878,67
1774605159.1606708,69
1774605159.1761136,72
1774605159.1923757,79
1774605159.2081804,83
1774605159.2241213,91
1774605159.2402148,98
1774605159.2559643,99
1774605159.2720203,94
1774605159.2881343,90
1774605159.3039796,83
1774605159.3201125,78
1774605159.3359869,72
1774605159.3521633,71
1774605159.3680184,67
1774605159.3842275,65
1774605159.4000216,64
1774605159.415998,65
1774605159.431947,63
1774605159.4478464,63
1774605159.4638817,64
1774605159.4798954,68
1774605159.4960089,72
1774605159.512044,75
1774605159.528057,82
1774605159.5439363,83
1774605159.5600603,82
1774605159.57615,81
1774605159.5919592,80
1774605159.607888,76
1774605159.6238935,72
1774605159.639872,69
1774605159.6559834,64
1774605159.672042,58
1774605159.6879115,54
1774605159.7040975,53
1774605159.7199697,51
1774605159.7359414,53
1774605159.7519948,59
1774605159.7685685,66
1774605159.7845147,71
1774605159.8006237,75
1774605159.8159657,75
1774605159.8320878,76
1774605159.848786,71
1774605159.8644626,69
1774605159.8800106,67
1774605159.8966262,69
1774605159.9125593,66
1774605159.9281104,65
1774605159.9439235,63
1774605159.960001,64
1774605159.976028,61
1774605159.9925175,62
1774605160.007944,63
1774605160.024039,66
1774605160.0400467,66
1774605160.0560088,69
1774605160.071918,70
1774605160.0881958,71
1774605160.1041937,71
1774605160.1201506,72
1774605160.136033,71
1774605160.1520164,68
1774605160.168199,65
1774605160.1841273,62
1774605160.200402,60
1774605160.21606,61
1774605160.2326174,61
1774605160.2480273,66
1774605160.2645972,76
1774605160.2800539,87
1774605160.2961009,100
1774605160.3123,115
1774605160.3282945,121
1774605160.3440893,117
1774605160.3605914,111
1774605160.3762128,103
1774605160.3919778,94
1774605160.4081287,87
1774605160.4240627,87
1774605160.4404845,85
1774605160.4562125,87
1774605160.47201,84
1774605160.488621,82
1774605160.5045962,79
1774605160.5207598,78
1774605160.5361915,74
1774605160.5525737,75
1774605160.5686944,76
1774605160.5842173,77
1774605160.600112,78
1774605160.6160288,77
1774605160.632096,77
1774605160.6481297,77
1774605160.663956,79
1774605160.6800346,77
1774605160.696114,79
1774605160.7121966,79
1774605160.7280433,81
1774605160.7444844,80
1774605160.7602623,81
1774605160.7761595,80
1774605160.7922828,80
1774605160.8081467,78
1774605160.8240585,80
1774605160.8400962,78
1774605160.8561099,76
1774605160.8722003,73
1774605160.8884897,72
1774605160.904499,67
1774605160.9207935,64
1774605160.9362662,64
1774605160.9527314,64
1774605160.9685893,63
1774605160.984701,64
1774605161.0007317,63
1774605161.0161812,60
1774605161.0327291,59
1774605161.0484347,56
1774605161.0641572,54
1774605161.0802653,56
1774605161.0960767,58
1774605161.1125584,59
1774605161.1286879,60
1774605161.144896,62
1774605161.1604173,60
1774605161.1761055,59
1774605161.1923172,58
1774605161.2079847,58
1774605161.224207,57
1774605161.2401817,59
1774605161.2563517,62
1774605161.27199,64
1774605161.2881055,65
1774605161.3039699,66
1774605161.3202724,68
1774605161.3361924,71
1774605161.3522854,76
1774605161.3687918,82
1774605161.384738,85
1774605161.4004116,86
1774605161.416216,83
1774605161.4327521,78
1774605161.4484155,72
1774605161.464757,68
1774605161.4808578,66
1774605161.4963036,61
1774605161.512735,62
1774605161.5280757,63
1774605161.5440052,62
1774605161.5600023,62
1774605161.5760202,66
1774605161.5922365,68
1774605161.608651,71
1774605161.624722,79
1774605161.6403382,85
1774605161.6560478,94
1774605161.6721413,99
1774605161.688233,100
1774605161.7043116,99
1774605161.7203314,94
1774605161.73633,88
1774605161.7525012,83
1774605161.7680979,79
1774605161.784155,75
1774605161.8003454,71
1774605161.816143,70
1774605161.832154,71
1774605161.848028,74
1774605161.8640614,83
1774605161.8801544,95
1774605161.8962116,107
1774605161.9123578,124
1774605161.9281583,135
1774605161.944207,134
1774605161.9600625,132
1774605161.9763305,126
1774605161.992272,115
1774605162.0082083,107
1774605162.024251,103
1774605162.0402732,95
1774605162.05623,89
1774605162.0723143,85
1774605162.0881786,81
1774605162.1043286,81
1774605162.1203048,81
1774605162.136341,83
1774605162.152326,81
1774605162.1683447,78
1774605162.1843264,76
1774605162.2002172,78
1774605162.2162263,73
1774605162.2323837,70
1774605162.2487595,72
1774605162.2651427,72
1774605162.2804937,71
1774605162.2963507,75
1774605162.3124151,76
1774605162.3287382,75
1774605162.3443968,76
1774605162.3604364,75
1774605162.37634,72
1774605162.3922906,71
1774605162.4088516,70
1774605162.4243996,68
1774605162.4402652,71
1774605162.4563372,76
1774605162.4723577,82
1774605162.4882097,92
1774605162.5043364,102
1774605162.5204155,97
1774605162.5363622,98
1774605162.55225,101
1774605162.56837,93
1774605162.5842292,85
1774605162.600966,89
1774605162.616271,86
1774605162.632489,75
1774605162.6483493,72
1774605162.6648157,74
1774605162.6812675,76
1774605162.6964467,83
1774605162.7122095,93
1774605162.7289264,110
1774605162.744928,115
1774605162.7610602,114
1774605162.7764597,114
1774605162.7930038,111
1774605162.8090115,103
1774605162.8250012,96
1774605162.8404846,97
1774605162.8564062,98
1774605162.8729558,98
1774605162.8884702,90
1774605162.905482,89
1774605162.9208531,83
1774605162.9364948,76
1774605162.952979,72
1774605162.9684148,73
1774605162.9844728,74
1774605163.0009665,75
1774605163.016305,79
1774605163.0325322,82
1774605163.0484586,81
1774605163.0643125,83
1774605163.0803263,86
1774605163.0964317,81
1774605163.1124098,75
1774605163.128636,73
1774605163.1447544,74
1774605163.1609778,73
1774605163.176332,76
1774605163.192893,79
1774605163.2092268,79
1774605163.2245283,76
1774605163.240319,77
1774605163.2562745,79
1774605163.272704,81
1774605163.288498,83
1774605163.304266,82
1774605163.3205116,76
1774605163.3366604,69
1774605163.3525972,65
1774605163.3684487,60
1774605163.384379,59
1774605163.401103,61
1774605163.4163969,64
1774605163.4325013,64
1774605163.4488664,69
1774605163.4643338,72
1774605163.4804654,71
1774605163.4963765,71
1774605163.5123684,68
1774605163.5292304,62
1774605163.5450442,58
1774605163.5602987,59
1774605163.5763586,58
1774605163.5929906,56
1774605163.6085954,56
1774605163.6242764,57
1774605163.640547,55
1774605163.6564183,57
1774605163.6729636,63
1774605163.688428,72
1774605163.7044988,75
1774605163.720446,80
1774605163.736737,80
1774605163.7524626,82
1774605163.768339,78
1774605163.7844605,79
1774605163.8006265,78
1774605163.8168616,77
1774605163.8324754,75
1774605163.8488643,73
1774605163.8648255,72
1774605163.8805358,70
1774605163.8964121,68
1774605163.9123826,67
1774605163.9283826,64
1774605163.944554,63
1774605163.960297,62
1774605163.9764476,60
1774605163.9929922,59
1774605164.008356,67
1774605164.0249226,75
1774605164.040512,91
1774605164.056484,104
1774605164.0730968,114
1774605164.0888653,115
1774605164.1045673,109
1774605164.120537,97
1774605164.1370513,89
1774605164.1526134,83
1774605164.1684573,75
1774605164.1850252,74
1774605164.2010124,76
1774605164.2165174,75
1774605164.2324603,74
1774605164.248428,77
1774605164.264251,75
1774605164.2804568,74
1774605164.2964768,75
1774605164.312478,78
1774605164.328494,79
1774605164.3446164,80
1774605164.3603077,79
1774605164.3765128,77
1774605164.3925602,73
1774605164.4084394,70
1774605164.424476,65
1774605164.4405146,62
1774605164.4564269,60
1774605164.472433,58
1774605164.4883995,56
1774605164.5047276,59
1774605164.5203524,62
1774605164.536558,70
1774605164.5522754,77
1774605164.5685413,85
1774605164.5843766,92
1774605164.6005783,94
1774605164.6165416,92
1774605164.6324108,94
1774605164.648503,95
1774605164.664543,94
1774605164.6805084,95
1774605164.6963928,91
1774605164.7124484,82
1774605164.7283719,76
1774605164.7444568,69
1774605164.7605157,65
1774605164.7764,64
1774605164.7925556,63
1774605164.8088107,64
1774605164.8245006,64
1774605164.8404953,64
1774605164.8565798,64
1774605164.8726935,67
1774605164.8887477,68
1774605164.9047518,69
1774605164.920658,70
1774605164.9365463,71
1774605164.952835,70
1774605164.9691663,70
1774605164.9845679,74
1774605165.000632,74
1774605165.0166175,76
1774605165.0326092,75
1774605165.0491571,73
1774605165.0650465,66
1774605165.0811381,68
1774605165.0965405,68
1774605165.1131895,74
1774605165.1291766,81
1774605165.1453125,84
1774605165.1608195,87
1774605165.176775,89
1774605165.1925259,84
1774605165.208265,79
1774605165.2244558,79
1774605165.240377,77
1774605165.256519,81
1774605165.2722704,91
1774605165.2882686,98
1774605165.3043115,99
1774605165.3202798,94
1774605165.3362784,90
1774605165.352306,86
1774605165.3684027,82
1774605165.3843057,83
1774605165.400602,90
1774605165.4163818,92
1774605165.4323423,90
1774605165.448481,89
1774605165.4644923,88
1774605165.480355,80
1774605165.496293,77
1774605165.512301,79
1774605165.5283303,83
1774605165.5443408,85
1774605165.560318,89
1774605165.5763066,88
1774605165.5923371,82
1774605165.6083047,75
1774605165.6243148,72
1774605165.6403508,69
1774605165.6563292,72
1774605165.672309,77
1774605165.6883278,80
1774605165.7043264,86
1774605165.720314,88
1774605165.7363179,85
1774605165.7523181,81
1774605165.768344,74
1774605165.7843192,64
1774605165.8003228,58
1774605165.8163376,56
1774605165.8323486,56
1774605165.848336,58
1774605165.8643208,61
1774605165.8803577,65
1774605165.8964806,69
1774605165.9123647,73
1774605165.9283779,78
1774605165.9444313,83
1774605165.9603834,84
1774605165.9764638,83
1774605165.9923751,83
1774605166.0084293,77
1774605166.02438,74
1774605166.0403824,70
1774605166.0563736,69
1774605166.072699,66
1774605166.088547,66
1774605166.1043663,66
1774605166.120792,65
1774605166.1363783,64
1774605166.1529756,69
1774605166.1685126,81
1774605166.1843474,90
1774605166.201393,106
1774605166.2163947,116
1774605166.2325783,122
1774605166.2486417,117
1774605166.2643878,116
1774605166.280791,109
1774605166.2965124,105
1774605166.3125749,97
1774605166.3284032,96
1774605166.3443635,92
1774605166.3606503,87
1774605166.3767529,87
1774605166.3926945,92
1774605166.4085846,94
1774605166.4246757,95
1774605166.4405131,98
1774605166.456526,95
1774605166.4725323,92
1774605166.488765,90
1774605166.5044847,88
1774605166.5204837,87
1774605166.5366607,88
1774605166.5524194,85
1774605166.5686018,86
1774605166.5846581,88
1774605166.600386,91
1774605166.6165783,90
1774605166.6325736,87
1774605166.6484263,81
1774605166.6644232,75
1774605166.6805797,69
1774605166.696571,65
1774605166.7126975,65
1774605166.7286766,65
1774605166.744586,62
1774605166.761103,60
1774605166.7764351,60
1774605166.7924776,60
1774605166.809108,59
1774605166.8249502,61
1774605166.8404324,63
1774605166.8566186,64
1774605166.8727498,68
1774605166.8886516,73
1774605166.9044483,74
1774605166.9204638,79
1774605166.936575,79
1774605166.9525056,84
1774605166.9686766,82
1774605166.9846902,84
1774605167.0006626,82
1774605167.0166748,86
1774605167.0327356,82
1774605167.048731,82
1774605167.0646453,80
1774605167.0806034,80
1774605167.0967216,77
1774605167.1129062,77
1774605167.1289403,77
1774605167.1445675,77
1774605167.1605148,71
1774605167.1765003,65
1774605167.1926334,63
1774605167.2085586,64
1774605167.224565,66
1774605167.2404978,76
1774605167.2565157,83
1774605167.2724986,86
1774605167.2884889,88
1774605167.3044875,92
1774605167.3204777,92
1774605167.33655,93
1774605167.3526008,95
1774605167.3684998,95
1774605167.3844616,94
1774605167.400609,92
1774605167.4165747,91
1774605167.4326544,93
1774605167.4484959,94
1774605167.4645596,88
1774605167.4813323,85
1774605167.4967754,83
1774605167.513252,80
1774605167.529717,78
1774605167.5452063,83
1774605167.5609026,87
1774605167.576789,89
1774605167.5926418,89
1774605167.6087956,86
1774605167.6245148,80
1774605167.6408277,81
1774605167.6565301,83
1774605167.6725445,87
1774605167.688498,90
1774605167.704566,87
1774605167.7207983,77
1774605167.7365959,68
1774605167.7527485,59
1774605167.7687576,60
1774605167.7846465,67
1774605167.8007493,72
1774605167.8167968,76
1774605167.8327913,81
1774605167.8487954,86
1774605167.8646264,88
1774605167.8806388,92
1774605167.8967092,93
1774605167.9126625,91
1774605167.929313,85
1774605167.9448001,80
1774605167.9607422,76
1774605167.9766824,76
1774605167.9933069,80
1774605168.0087833,81
1774605168.0252752,83
1774605168.0409632,86
1774605168.056908,86
1774605168.0733004,84
1774605168.08913,86
1774605168.1049619,86
1774605168.1208646,87
1774605168.136636,85
1774605168.1526215,84
1774605168.1687746,78
1774605168.184847,77
1774605168.2007427,74
1774605168.21656,71
1774605168.2325597,72
1774605168.2489002,75
1774605168.2651527,72
1774605168.2809255,68
1774605168.2968824,74
1774605168.3133183,80
1774605168.329375,90
1774605168.3450513,101
1774605168.3608878,110
1774605168.376712,109
1774605168.3934865,107
1774605168.4092114,101
1774605168.424986,93
1774605168.4408054,86
1774605168.4568748,86
1774605168.473477,84
1774605168.4891672,82
1774605168.5049853,85
1774605168.520865,87
1774605168.5369163,85
1774605168.553441,81
1774605168.5689116,82
1774605168.5849247,80
1774605168.6009927,80
1774605168.6170475,78
1774605168.6328766,82
1774605168.649001,83
1774605168.6650305,84
1774605168.6809993,85
1774605168.6968114,82
1774605168.71341,76
1774605168.7294712,73
1774605168.7450373,71
1774605168.7610047,69
1774605168.7769346,72
1774605168.7928615,77
1774605168.8089988,86
1774605168.8249607,91
1774605168.8408635,96
1774605168.856981,98
1774605168.872907,98
1774605168.8889425,90
1774605168.9047794,86
1774605168.920897,85
1774605168.936949,83
1774605168.9529939,80
1774605168.9691024,81
1774605168.9849885,82
1774605169.001063,78
1774605169.0170338,85
1774605169.032751,89
1774605169.048823,86
1774605169.0654557,85
1774605169.0814567,85
1774605169.0969722,75
1774605169.1135027,71
1774605169.12951,71
1774605169.145507,69
1774605169.1609998,69
1774605169.1766558,72
1774605169.1926293,70
1774605169.2086313,71
1774605169.2246134,73
1774605169.240779,74
1774605169.2568479,71
1774605169.2728143,72
1774605169.2886775,69
1774605169.3047411,66
1774605169.3206992,64
1774605169.336653,62
1774605169.3526692,57
1774605169.368676,55
1774605169.3846376,55
1774605169.4006824,56
1774605169.4166949,58
1774605169.4327102,61
1774605169.4487877,62
1774605169.4646475,59
1774605169.4807198,57
1774605169.4966607,56
1774605169.5128732,55
1774605169.5287297,54
1774605169.5447679,54
1774605169.5607011,55
1774605169.5767267,55
1774605169.5926583,55
1774605169.6086435,54
1774605169.6247287,53
1774605169.640725,53
1774605169.6566916,54
1774605169.6727319,56
1774605169.688803,56
1774605169.7053761,57
1774605169.7214808,55
1774605169.7374284,54
1774605169.7535615,52
1774605169.7695591,53
1774605169.7851644,53
1774605169.8010798,56
1774605169.8169518,58
1774605169.8336408,62
1774605169.849039,65
1774605169.864899,70
1774605169.8815088,78
1774605169.8969157,86
1774605169.9135153,93
1774605169.9295666,102
1774605169.944956,107
1774605169.9616418,107
1774605169.9770114,105
1774605169.9935842,97
1774605170.0092108,91
1774605170.0250678,84
1774605170.0415933,78
1774605170.057006,73
1774605170.0735788,75
1774605170.0895443,72
1774605170.1055763,72
1774605170.1211197,70
1774605170.1370707,69
1774605170.1535864,67
1774605170.1696687,67
1774605170.1856377,67
1774605170.2010922,72
1774605170.217157,76
1774605170.2331963,80
1774605170.2490642,81
1774605170.2649453,82
1774605170.2810147,77
1774605170.2968602,75
1774605170.312811,72
1774605170.329495,70
1774605170.3456407,68
1774605170.3616178,67
1774605170.3771348,61
1774605170.3928783,60
1774605170.4095232,58
1774605170.4258938,59
1774605170.4410937,68
1774605170.4569366,84
1774605170.4729912,98
1774605170.4894807,113
1774605170.505066,125
1774605170.5216463,128
1774605170.5371366,125
1774605170.5536764,122
1774605170.5696707,118
1774605170.5857778,114
1774605170.6012144,115
1774605170.6171234,114
1774605170.6332264,108
1774605170.6493654,102
1774605170.6655896,95
1774605170.6816616,88
1774605170.6971822,84
1774605170.713732,82
1774605170.729653,85
1774605170.745722,88
1774605170.7612019,90
1774605170.7772086,92
1774605170.7936563,96
1774605170.8096595,96
1774605170.8257654,99
1774605170.8412223,103
1774605170.8572342,108
1774605170.8732138,106
1774605170.8890145,102
1774605170.9052787,94
1774605170.921296,86
1774605170.9370594,75
1774605170.9538324,69
1774605170.969105,71
1774605170.9849865,72
1774605171.0017004,72
1774605171.0169964,75
1774605171.0331154,76
1774605171.0495427,75
1774605171.0656984,75
1774605171.0816464,77
1774605171.0971339,75
1774605171.1136558,75
1774605171.129172,76
1774605171.1456628,73
1774605171.161157,73
1774605171.177108,72
1774605171.1930456,70
1774605171.2092562,68
1774605171.2254388,69
1774605171.2416372,63
1774605171.257051,66
1774605171.2736673,68
1774605171.2896202,69
1774605171.3056479,73
1774605171.321705,81
1774605171.3372107,80
1774605171.353694,82
1774605171.369358,86
1774605171.3858204,87
1774605171.401705,85
1774605171.417198,88
1774605171.4333014,89
1774605171.449399,82
1774605171.4658883,74
1774605171.4817111,71
1774605171.497191,66
1774605171.513032,61
1774605171.5297163,62
1774605171.5456676,69
1774605171.5611913,75
1774605171.5770633,81
1774605171.5930128,86
1774605171.6091459,93
1774605171.6253068,97
1774605171.641513,95
1774605171.6571188,92
1774605171.6734471,93
1774605171.6893778,95
1774605171.7057326,89
1774605171.721557,92
1774605171.737173,97
1774605171.7531443,98
1774605171.7691882,89
1774605171.785029,90
1774605171.8008802,84
1774605171.8168907,83
1774605171.832976,79
1774605171.848932,83
1774605171.8652024,86
1774605171.8810167,84
1774605171.8970563,80
1774605171.9131472,76
1774605171.929153,72
1774605171.9453595,66
1774605171.9610593,65
1774605171.976956,64
1774605171.9932992,64
1774605172.0091035,64
1774605172.0251749,64
1774605172.041094,64
1774605172.0569847,61
1774605172.0730934,63
1774605172.0891006,63
1774605172.1053183,59
1774605172.121011,59
1774605172.1371477,59
1774605172.153134,56
1774605172.1692202,56
1774605172.185201,60
1774605172.2011492,59
1774605172.2171364,56
1774605172.2332406,57
1774605172.2493312,53
1774605172.2652044,53
1774605172.2818244,55
1774605172.29725,57
1774605172.313771,60
1774605172.3297482,64
1774605172.3453226,65
1774605172.361147,66
1774605172.377146,68
1774605172.3930786,70
1774605172.4090886,71
1774605172.4251146,68
1774605172.4411435,66
1774605172.4569793,65
1774605172.4732351,64
1774605172.4892154,64
1774605172.5056133,66
1774605172.5217795,67
1774605172.5372684,65
1774605172.553018,61
1774605172.569744,61
1774605172.5857375,66
1774605172.6018348,77
1774605172.6178803,88
1774605172.6334238,102
1774605172.649709,110
1774605172.6652558,111
1774605172.6812804,109
1774605172.6973376,103
1774605172.7131793,96
1774605172.7293367,88
1774605172.745269,82
1774605172.7612076,74
1774605172.7771163,72
1774605172.7936358,71
1774605172.8095534,71
1774605172.8254256,67
1774605172.8412025,67
1774605172.8572469,65
1774605172.8738878,64
1774605172.8892071,66
1774605172.9057095,67
1774605172.9216485,68
1774605172.937388,66
1774605172.953216,64
1774605172.9698448,61
1774605172.9857159,59
1774605173.0013027,57
1774605173.0172896,57
1774605173.033208,56
1774605173.049342,56
1774605173.0652287,57
1774605173.08152,59
1774605173.0970936,63
1774605173.113742,68
1774605173.1295,75
1774605173.145157,83
1774605173.1616707,88
1774605173.1771936,89
1774605173.1938105,89
1774605173.2100503,87
1774605173.2254052,85
1774605173.2412958,81
1774605173.2577093,81
1774605173.2738206,79
1774605173.2894561,76
1774605173.3055122,71
1774605173.3217807,69
1774605173.337341,65
1774605173.3542466,63
1774605173.370011,62
1774605173.3853018,65
1774605173.4018817,66
1774605173.4178584,67
1774605173.433482,68
1774605173.449375,74
1774605173.465385,77
1774605173.4815485,76
1774605173.497458,75
1774605173.513909,73
1774605173.5294647,70
1774605173.5458822,67
1774605173.5621219,72
1774605173.5773492,78
1774605173.59318,81
1774605173.6098273,80
1774605173.6259649,76
1774605173.6417553,73
1774605173.6572444,71
1774605173.6732621,70
1774605173.6897073,72
1774605173.7055693,75
1774605173.7216318,78
1774605173.7375276,77
1774605173.7538989,77
1774605173.7700462,76
1774605173.7860005,75
1774605173.8019776,72
1774605173.8173738,70
1774605173.8339112,70
1774605173.8494473,69
1774605173.8654134,70
1774605173.8813436,70
1774605173.8974686,68
1774605173.9132855,65
1774605173.929893,65
1774605173.945956,64
1774605173.9615462,70
1774605173.9773157,79
1774605173.993952,91
1774605174.0094924,99
1774605174.0258331,100
1774605174.042697,103
1774605174.0573757,100
1774605174.0733597,91
1774605174.0894372,87
1774605174.1060007,88
1774605174.121536,83
1774605174.1374657,79
1774605174.1539352,78
1774605174.1699834,78
1774605174.1859744,78
1774605174.2019827,77
1774605174.217431,78
1774605174.233727,81
1774605174.2499392,79
1774605174.2654905,75
1774605174.2814746,73
1774605174.2974277,69
1774605174.3134942,65
1774605174.3294158,63
1774605174.345269,61
1774605174.361301,58
1774605174.3773723,57
1774605174.393308,58
1774605174.4092507,61
1774605174.42523,65
1774605174.4412255,73
1774605174.457235,84
1774605174.4732494,90
1774605174.489133,90
1774605174.5055337,93
1774605174.5211596,94
1774605174.5373025,95
1774605174.553325,95
1774605174.5692656,98
1774605174.5852964,97
1774605174.6012511,94
1774605174.6174664,84
1774605174.633169,75
1774605174.6492784,70
1774605174.6652408,70
1774605174.6813514,70
1774605174.6973088,71
1774605174.7134387,79
1774605174.7292457,90
1774605174.7453907,100
1774605174.761518,111
1774605174.7774086,121
1774605174.7934668,125
1774605174.809421,121
1774605174.8252943,114
1774605174.841444,106
1774605174.8575187,99
1774605174.87345,95
1774605174.8893263,90
1774605174.9054384,92
1774605174.9211748,88
1774605174.9372098,83
1774605174.9540722,79
1774605174.9698708,78
1774605174.9859812,73
1774605175.001454,74
1774605175.0175476,76
1774605175.0336142,78
1774605175.050062,78
1774605175.0661006,78
1774605175.081505,78
1774605175.0974483,79
1774605175.1139116,77
1774605175.1295307,75
1774605175.1452565,73
1774605175.1612432,70
1774605175.177454,67
1774605175.1934187,65
1774605175.2093298,64
1774605175.2253368,62
1774605175.241304,62
1774605175.2573571,61
1774605175.2732897,61
1774605175.2893527,64
1774605175.3051536,65
1774605175.3212326,65
1774605175.337167,66
1774605175.353191,65
1774605175.3692055,61
1774605175.3852634,59
1774605175.401207,55
1774605175.417244,53
1774605175.4332242,56
1774605175.4492218,59
1774605175.4652805,61
1774605175.481241,63
1774605175.497258,66
1774605175.5132709,64
1774605175.529189,64
1774605175.5452542,66
1774605175.561203,68
1774605175.5773406,68
1774605175.5932455,70
1774605175.6094236,71
1774605175.6255045,73
1774605175.6413379,75
1774605175.6572204,76
1774605175.6731954,78
1774605175.6894703,74
1774605175.705447,68
1774605175.7214682,68
1774605175.7372336,68
1774605175.7532415,68
1774605175.769409,70
1774605175.7855134,71
1774605175.801442,66
1774605175.8175106,67
1774605175.8332217,67
1774605175.8492935,73
1774605175.865232,77
1774605175.881213,84
1774605175.8972003,90
1774605175.9134188,94
1774605175.9300537,91
1774605175.9457505,88
1774605175.9621034,92
1774605175.9775414,88
1774605175.9941068,87
1774605176.0101068,93
1774605176.0254405,95
1774605176.041268,95
1774605176.057277,98
1774605176.0733285,102
1774605176.0893471,102
1774605176.1052747,104
1774605176.1235821,101
1774605176.1372428,99
1774605176.1532943,96
1774605176.1692405,95
1774605176.1853962,95
1774605176.201286,96
1774605176.2172244,94
1774605176.2333148,91
1774605176.2493038,90
1774605176.2654352,91
1774605176.2813373,91
1774605176.2974033,92
1774605176.3133578,91
1774605176.3294594,90
1774605176.3454406,89
1774605176.361357,90
1774605176.3773847,89
1774605176.3934312,87
1774605176.409326,84
1774605176.4253922,81
1774605176.441371,78
1774605176.4573739,78
1774605176.4734023,79
1774605176.4893777,79
1774605176.5057638,80
1774605176.5213099,78
1774605176.537243,78
1774605176.5532544,81
1774605176.5692556,84
1774605176.585254,83
1774605176.6012926,84
1774605176.6172686,86
1774605176.633277,90
1774605176.6492703,91
1774605176.6653821,95
1774605176.6814098,94
1774605176.6973686,93
1774605176.713364,89
1774605176.7293532,86
1774605176.7452917,80
1774605176.7613919,77
1774605176.7772956,73
1774605176.7933395,69
1774605176.8093624,66
1774605176.825402,68
1774605176.8413565,75
1774605176.8574722,83
1774605176.8733706,93
1774605176.889375,105
1774605176.905362,112
1774605176.9213948,113
1774605176.937438,112
1774605176.9533787,107
1774605176.9694157,99
1774605176.9854171,93
1774605177.0013587,86
1774605177.0173645,82
1774605177.0333993,80
1774605177.0493968,74
1774605177.065364,73
1774605177.0814958,72
1774605177.097347,69
1774605177.113321,68
1774605177.1294336,73
1774605177.1455235,72
1774605177.161464,73
1774605177.1774423,76
1774605177.1933835,75
1774605177.2093701,75
1774605177.2253852,75
1774605177.241405,73
1774605177.2573888,68
1774605177.2734208,69
1774605177.2894988,64
1774605177.3056908,62
1774605177.3213682,59
1774605177.3373556,63
1774605177.3534193,62
1774605177.3694308,63
1774605177.385458,66
1774605177.401422,72
1774605177.4174771,76
1774605177.4334059,84
1774605177.4495761,90
1774605177.4655108,92
1774605177.4814146,93
1774605177.497465,93
1774605177.5134838,89
1774605177.5295265,85
1774605177.545415,86
1774605177.561355,83
1774605177.5773673,81
1774605177.5934625,80
1774605177.6093585,82
1774605177.6254084,79
1774605177.641426,81
1774605177.6574273,79
1774605177.6735435,77
1774605177.68942,78
1774605177.7054405,80
1774605177.7214007,75
1774605177.7374015,76
1774605177.753455,77
1774605177.7693899,74
1774605177.785366,71
1774605177.8013718,72
1774605177.8174121,72
1774605177.8334367,72
1774605177.8493848,72
1774605177.865472,72
1774605177.8814182,74
1774605177.8973806,76
1774605177.913483,78
1774605177.9294336,80
1774605177.9456017,79
1774605177.961557,78
1774605177.9775105,74
1774605177.993593,72
1774605178.0094323,73
1774605178.0254045,71
1774605178.0414388,69
1774605178.057434,70
1774605178.0734618,70
1774605178.0894706,66
1774605178.1054454,68
1774605178.1214514,75
1774605178.1374762,77
1774605178.1537838,80
1774605178.169609,82
1774605178.1854498,80
1774605178.2015092,76
1774605178.2174816,74
1774605178.2335236,71
1774605178.2494116,70
1774605178.2656622,70
1774605178.2814603,71
1774605178.2974503,71
1774605178.313471,66
1774605178.32946,63
1774605178.3455207,64
1774605178.361932,64
1774605178.3776135,67
1774605178.393695,76
1774605178.409792,83
1774605178.4255965,86
1774605178.4417303,85
1774605178.4576547,81
1774605178.47363,75
1774605178.4895444,71
1774605178.5054717,70
1774605178.521458,74
1774605178.5375674,81
1774605178.5534978,86
1774605178.569518,88
1774605178.5855162,86
1774605178.6015222,83
1774605178.6175828,77
1774605178.6336153,70
1774605178.6496594,65
1774605178.6657014,64
1774605178.681778,63
1774605178.6977024,63
1774605178.7138665,63
1774605178.7296436,63
1774605178.7455924,64
1774605178.7617204,67
1774605178.7776096,72
1774605178.793693,80
1774605178.809691,89
1774605178.825781,91
1774605178.841831,91
1774605178.8576484,87
1774605178.8738117,84
1774605178.889893,79
1774605178.9059818,76
1774605178.922152,74
1774605178.937782,71
1774605178.953831,71
1774605178.969777,70
1774605178.9857898,68
1774605179.0017555,74
1774605179.017714,80
1774605179.0337996,87
1774605179.0496976,97
1774605179.0658464,108
1774605179.0818276,110
1774605179.0977519,109
1774605179.1138768,100
1774605179.1297915,93
1774605179.1458538,85
1774605179.1617637,79
1774605179.1777987,74
1774605179.1941223,75
1774605179.2101855,73
1774605179.2260346,71
1774605179.2420554,69
1774605179.258358,69
1774605179.274255,66
1774605179.2903712,66
1774605179.305881,66
1774605179.3223693,68
1774605179.3383927,68
1774605179.353766,67
1774605179.3704216,65
1774605179.3859,63
1774605179.401625,60
1774605179.4175215,59
1774605179.4335332,58
1774605179.449595,57
1774605179.4655972,57
1774605179.4816492,58
1774605179.497788,58
1774605179.513646,57
1774605179.5297308,58
1774605179.5456855,59
1774605179.561856,59
1774605179.5777998,61
1774605179.5938058,64
1774605179.6098855,66
1774605179.6258664,68
1774605179.64192,69
1774605179.657932,68
1774605179.6737592,66
1774605179.6898596,62
1774605179.7058008,59
1774605179.7219188,56
1774605179.7379382,55
1774605179.7538755,55
1774605179.770013,55
1774605179.7859824,55
1774605179.8018627,58
1774605179.8178258,57
1774605179.833604,57
1774605179.8497162,59
1774605179.86573,61
1774605179.8817315,58
1774605179.8976996,58
1774605179.9138527,61
1774605179.9297626,61
1774605179.9459026,59
1774605179.9617612,61
1774605179.9778588,66
1774605179.994174,63
1774605180.010203,64
1774605180.026061,63
1774605180.04211,62
1774605180.057902,58
1774605180.0740259,58
1774605180.0901854,55
1774605180.1059532,57
1774605180.122202,62
1774605180.1378245,67
1774605180.153861,71
1774605180.1703296,75
1774605180.185852,76
1774605180.2022226,75
1774605180.2182076,75
1774605180.2339878,71
1774605180.2500386,72
1774605180.265896,70
1774605180.2820709,69
1774605180.2980435,70
1774605180.3138795,71
1774605180.3300185,70
1774605180.3461232,76
1774605180.3617723,78
1774605180.3779218,80
1774605180.394079,86
1774605180.4100559,91
1774605180.4260812,90
1774605180.4422467,87
1774605180.4581006,83
1774605180.4741237,79
1774605180.4900718,77
1774605180.5059264,79
1774605180.5220141,86
1774605180.5381858,89
1774605180.5542371,90
1774605180.5698655,89
1774605180.5858097,84
1774605180.601973,78
1774605180.618039,76
1774605180.6339042,74
1774605180.6498988,74
1774605180.6656628,81
1774605180.6818023,85
1774605180.697741,84
1774605180.7137668,84
1774605180.7298114,83
1774605180.7457988,77
1774605180.761739,75
1774605180.7776647,74
1774605180.7940557,76
1774605180.809875,79
1774605180.8259757,83
1774605180.8418915,87
1774605180.8579252,90
1774605180.8738546,91
1774605180.889877,93
1774605180.9058344,92
1774605180.9219575,89
1774605180.9378247,88
1774605180.9539294,87
1774605180.9699125,84
1774605180.9860816,81
1774605181.0021474,79
1774605181.0179036,75
1774605181.0340774,71
1774605181.050011,72
1774605181.0662563,75
1774605181.081974,78
1774605181.0980735,84
1774605181.11428,90
1774605181.1300263,91
1774605181.146215,97
1774605181.1619637,105
1774605181.1780543,112
1774605181.1939962,117
1774605181.2099974,125
1774605181.2260435,130
1774605181.2420237,125
1774605181.2580152,117
1774605181.2739913,111
1774605181.2900112,103
1774605181.3060408,92
1774605181.322443,90
1774605181.3380146,89
1774605181.354128,88
1774605181.3699644,88
1774605181.3862193,92
1774605181.402165,95
1774605181.4179966,96
1774605181.4343076,96
1774605181.4499679,94
1774605181.4663763,89
1774605181.4822698,83
1774605181.4979699,78
1774605181.5139925,78
1774605181.5300148,81
1774605181.5461924,81
1774605181.5621886,81
1774605181.5780356,79
1774605181.5939944,74
1774605181.609912,69
1774605181.625938,64
1774605181.6423094,61
1774605181.6582785,60
1774605181.674411,60
1774605181.6899579,65
1774605181.7062843,71
1774605181.7220638,78
1774605181.7380402,82
1774605181.7541366,84
1774605181.7699378,83
1774605181.7861767,81
1774605181.802355,77
1774605181.8180158,77
1774605181.8342583,83
1774605181.8501587,84
1774605181.8659043,86
1774605181.8820357,86
1774605181.8983235,87
1774605181.9143507,83
1774605181.9300637,82
1774605181.946132,81
1774605181.962084,84
1774605181.9780962,86
1774605181.9941475,86
1774605182.0098586,84
1774605182.0262206,85
1774605182.0418665,79
1774605182.0581036,71
1774605182.0741794,66
1774605182.0901914,64
1774605182.1058748,59
1774605182.1219456,60
1774605182.1380725,63
1774605182.1540625,68
1774605182.169945,70
1774605182.186007,71
1774605182.2020173,72
1774605182.2180533,74
1774605182.2341354,74
1774605182.2499695,73
1774605182.2659612,72
1774605182.2822225,68
1774605182.2980788,68
1774605182.3140788,66
1774605182.3299415,69
1774605182.3460069,71
1774605182.3620145,71
1774605182.3781195,66
1774605182.393906,63
1774605182.4101872,57
1774605182.4262118,58
1774605182.442076,61
1774605182.4581566,63
1774605182.4741156,65
1774605182.4901257,66
1774605182.5061653,65
1774605182.5223825,66
1774605182.5386524,75
1774605182.554202,84
1774605182.5702415,90
1774605182.58614,91
1774605182.6022336,97
1774605182.6183157,92
1774605182.6341949,86
1774605182.6506524,85
1774605182.6666453,83
1774605182.6826048,72
1774605182.6982138,67
1774605182.7147415,67
1774605182.7307553,66
1774605182.7464013,67
1774605182.7622914,72
1774605182.7784333,84
1774605182.7942603,91
1774605182.8101099,96
1774605182.826511,100
1774605182.8423872,100
1774605182.8581023,94
1774605182.8743947,86
1774605182.8908129,82
1774605182.9067621,75
1774605182.9228451,66
1774605182.9387288,59
1774605182.9542873,53
1774605182.9699838,47
1774605182.9863276,45
1774605183.001962,50
1774605183.018112,56
1774605183.0342264,61
1774605183.0500026,66
1774605183.0660264,73
1774605183.0819905,79
1774605183.0979888,83
1774605183.113984,82
1774605183.1300638,82
1774605183.1459699,78
1774605183.1620905,72
1774605183.1780179,67
1774605183.1938984,65
1774605183.2099018,65
1774605183.2260375,63
1774605183.2419345,60
1774605183.2579236,56
1774605183.2739358,54
1774605183.289934,50
1774605183.3060637,50
1774605183.322031,58
1774605183.338052,68
1774605183.3539708,73
1774605183.3699162,81
1774605183.3859007,82
1774605183.4018855,77
1774605183.417939,72
1774605183.4339345,74
1774605183.449895,74
1774605183.4669657,75
1774605183.4822044,76
1774605183.4979148,76
1774605183.5139875,70
1774605183.5299714,66
1774605183.5459313,62
1774605183.5620122,59
1774605183.5779526,60
1774605183.5939379,62
1774605183.609954,67
1774605183.626054,77
1774605183.6419897,85
1774605183.657956,96
1774605183.6739724,96
1774605183.690022,91
1774605183.7060375,83
1774605183.7220128,76
1774605183.7379577,63
1774605183.7539537,59
1774605183.7700033,58
1774605183.7859597,57
1774605183.8020027,55
1774605183.817999,56
1774605183.8340833,59
1774605183.8500926,59
1774605183.8660226,66
1774605183.882008,80
1774605183.8980045,93
1774605183.914028,102
1774605183.9299462,108
1774605183.9460142,105
1774605183.9619656,98
1774605183.9779937,92
1774605183.9939344,89
1774605184.0099754,88
1774605184.0260763,96
1774605184.0419924,104
1774605184.0579503,110
1774605184.0741112,112
1774605184.0900102,109
1774605184.1059685,113
1774605184.1220345,106
1774605184.1380234,95
1774605184.153984,89
1774605184.1699603,90
1774605184.1860323,79
1774605184.2020118,80
1774605184.2179716,86
1774605184.2339723,82
1774605184.2500136,80
1774605184.2659974,73
1774605184.282179,66
1774605184.2981806,57
1774605184.3140764,56
1774605184.3299932,53
1774605184.3460107,51
1774605184.3620079,50
1774605184.3780339,50
1774605184.39401,49
1774605184.4100301,49
1774605184.426171,54
1774605184.4421084,59
1774605184.458021,62
1774605184.474029,61
1774605184.4901607,61
1774605184.5060878,59
1774605184.5220346,54
1774605184.538156,58
1774605184.5542202,66
1774605184.5700228,69
1774605184.5860431,69
1774605184.6021013,67
1774605184.618166,62
1774605184.6340234,62
1774605184.6501849,62
1774605184.666031,64
1774605184.682232,71
1774605184.6981218,79
1774605184.7140574,77
1774605184.7301958,74
1774605184.7461252,69
1774605184.762158,58
1774605184.7782128,46
1774605184.794115,42
1774605184.8101254,43
1774605184.8261008,45
1774605184.8421283,49
1774605184.8581452,48
1774605184.8741536,50
1774605184.890502,49
1774605184.9061728,49
1774605184.9221153,51
1774605184.9382641,63
1774605184.9542854,72
1774605184.9701881,86
1774605184.986112,99
1774605185.0021794,108
1774605185.018118,104
1774605185.0343065,99
1774605185.0502045,93
1774605185.066402,83
1774605185.0823972,79
1774605185.0983574,81
1774605185.1144133,86
1774605185.130183,89
1774605185.1464415,97
1774605185.1624246,103
1774605185.1781387,110
1774605185.1942425,105
1774605185.2102988,99
1774605185.2262547,90
1774605185.242231,77
1774605185.2583416,66
1774605185.274506,61
1774605185.290279,57
1774605185.3064115,55
1774605185.3223524,50
1774605185.3383796,46
1774605185.3545697,49
1774605185.3702388,51
1774605185.386425,50
1774605185.4021137,56
1774605185.4183314,56
1774605185.434254,52
1774605185.4503453,49
1774605185.4663954,49
1774605185.4823995,50
1774605185.4983501,55
1774605185.514258,58
1774605185.5303736,65
1774605185.5464134,70
1774605185.5622313,78
1774605185.5783718,80
1774605185.594177,86
1774605185.6103535,90
1774605185.6263695,95
1774605185.6423938,96
1774605185.6584814,98
1774605185.6744957,99
1774605185.6908934,98
1774605185.7070541,100
1774605185.7223494,99
1774605185.7383227,104
1774605185.7549381,108
1774605185.770947,110
1774605185.7864652,103
1774605185.802481,100
1774605185.818341,93
1774605185.834778,90
1774605185.8502538,88
1774605185.8662791,85
1774605185.8823833,81
1774605185.8981252,75
1774605185.9143093,64
1774605185.9303775,59
1774605185.9463859,57
1774605185.9622054,56
1774605185.9782386,55
1774605185.9944017,57
1774605186.0103645,62
1774605186.0263977,64
1774605186.042322,67
1774605186.0584502,75
1774605186.0742373,79
1774605186.0903816,76
1774605186.1063511,82
1774605186.1222997,83
1774605186.13839,80
1774605186.1548138,82
1774605186.17056,86
1774605186.1864781,87
1774605186.2030091,91
1774605186.2182586,94
1774605186.2341783,93
1774605186.250188,95
1774605186.2662582,100
1774605186.282168,98
1774605186.2982388,102
1774605186.314279,109
1774605186.3303745,108
1774605186.3463087,103
1774605186.3628173,98
1774605186.3787107,87
1774605186.394369,77
1774605186.4102712,69
1774605186.4263444,64
1774605186.4423778,62
1774605186.4584584,61
1774605186.4745128,59
1774605186.4905946,57
1774605186.506395,52
1774605186.5224786,48
1774605186.538543,47
1774605186.5546112,44
1774605186.5709245,43
1774605186.586971,43
1774605186.6024485,44
1774605186.6187134,44
1774605186.634241,44
1774605186.65042,44
1774605186.6665974,44
1774605186.6825445,42
1774605186.6985857,41
1774605186.7144413,39
1774605186.730203,37
1774605186.7462742,37
1774605186.7625227,36
1774605186.7783012,35
1774605186.7945032,36
1774605186.8105192,37
1774605186.8266094,39
1774605186.8424273,38
1774605186.8584027,39
1774605186.8744686,36
1774605186.890451,35
1774605186.9070814,35
1774605186.9229496,35
1774605186.9385285,34
1774605186.9550612,37
1774605186.9704368,39
1774605186.9866977,39
1774605187.0025582,41
1774605187.0185702,43
1774605187.0345488,44
1774605187.050316,46
1774605187.0663784,52
1774605187.0824113,66
1774605187.0983508,73
1774605187.114294,82
1774605187.130409,83
1774605187.1462548,79
1774605187.162391,66
1774605187.1783772,60
1774605187.1943743,53
1774605187.210589,51
1774605187.2266011,49
1774605187.242587,48
1774605187.2584558,48
1774605187.2744145,47
1774605187.2903168,47
1774605187.3064296,46
1774605187.3224695,48
1774605187.3382645,51
1774605187.3545115,61
1774605187.3705752,70
1774605187.3865001,78
1774605187.4026225,81
1774605187.4183333,83
1774605187.4344788,77
1774605187.450373,71
1774605187.46727,63
1774605187.4823222,61
1774605187.4983556,59
1774605187.5142763,55
1774605187.5305982,53
1774605187.5465367,53
1774605187.5631158,53
1774605187.5783627,51
1774605187.5943575,52
1774605187.6102622,59
1774605187.6263282,65
1774605187.6423047,80
1774605187.6585462,93
1774605187.6746016,99
1774605187.6905048,98
1774605187.7064695,98
1774605187.7224858,86
1774605187.738533,80
1774605187.7545831,86
1774605187.7705991,83
1774605187.7865608,78
1774605187.8025548,78
1774605187.818563,73
1774605187.8343832,66
1774605187.8505392,74
1774605187.866372,86
1774605187.8824384,95
1774605187.8985376,103
1774605187.91458,106
1774605187.9304342,100
1774605187.9463744,94
1774605187.9623883,83
1774605187.978455,72
1774605187.9944797,67
1774605188.010596,62
1774605188.026797,54
1774605188.0425706,51
1774605188.0585473,50
1774605188.074588,50
1774605188.090365,50
1774605188.1066039,52
1774605188.12249,56
1774605188.1386204,62
1774605188.1546574,66
1774605188.1704059,74
1774605188.1865993,78
1774605188.2024767,83
1774605188.2184966,86
1774605188.2346206,87
1774605188.2504866,85
1774605188.2664685,92
1774605188.282504,96
1774605188.2984936,100
1774605188.31457,108
1774605188.3305304,112
1774605188.346414,113
1774605188.362614,117
1774605188.3784251,112
1774605188.3943744,113
1774605188.4104207,108
1774605188.4265826,106
1774605188.442448,102
1774605188.4585884,103
1774605188.4745183,93
1774605188.4907324,89
1774605188.5064192,80
1774605188.522387,69
1774605188.5383635,61
1774605188.5545323,57
1774605188.570398,56
1774605188.5864723,56
1774605188.6024241,55
1774605188.6184046,52
1774605188.6345108,52
1774605188.6511662,48
1774605188.6666975,45
1774605188.682651,45
1774605188.698552,46
1774605188.714621,52
1774605188.7305825,63
1774605188.746826,72
1774605188.7630122,78
1774605188.7789156,83
1774605188.795015,82
1774605188.8104913,76
1774605188.8267272,70
1774605188.842798,71
1774605188.8587465,70
1774605188.8745165,71
1774605188.890649,71
1774605188.906667,70
1774605188.9225397,72
1774605188.9384935,70
1774605188.9544525,72
1774605188.9708786,76
1774605188.9869363,81
1774605189.003145,75
1774605189.0190036,72
1774605189.034443,65
1774605189.0510397,57
1774605189.0668,48
1774605189.0831115,43
1774605189.0987396,40
1774605189.1150932,40
1774605189.130515,39
1774605189.1464612,43
1774605189.1625028,44
1774605189.1785977,45
1774605189.1948152,48
1774605189.2107527,60
1774605189.2266507,72
1774605189.2425795,83
1774605189.2584496,92
1774605189.2747493,95
1774605189.2905502,85
1774605189.3065376,76
1774605189.3225183,73
1774605189.3385065,72
1774605189.354708,76
1774605189.3705966,86
1774605189.3866408,87
1774605189.4026592,90
1774605189.4184883,89
1774605189.4346235,88
1774605189.450828,87
1774605189.4667084,90
1774605189.482498,84
1774605189.4985385,85
1774605189.5144842,80
1774605189.5308123,74
1774605189.5465188,68
1774605189.5624862,66
1774605189.578554,62
1774605189.5946293,59
1774605189.6105654,58
1774605189.6264966,57
1774605189.6425116,57
1774605189.6585402,55
1774605189.6745248,54
1774605189.6906312,51
1774605189.7068255,49
1774605189.7227738,48
1774605189.7386737,45
1774605189.754554,42
1774605189.7706492,43
1774605189.7873628,50
1774605189.8027475,56
1774605189.8185995,66
1774605189.8344996,73
1774605189.8505058,77
1774605189.8665109,83
1774605189.8825414,85
1774605189.8985856,80
1774605189.9145129,83
1774605189.930507,86
1774605189.9465942,81
1774605189.9625878,79
1774605189.9785452,86
1774605189.994584,86
1774605190.010557,87
1774605190.0265448,88
1774605190.0425234,89
1774605190.0585473,84
1774605190.0745227,80
1774605190.0906656,76
1774605190.1069474,75
1774605190.1229136,74
1774605190.138825,76
1774605190.1545613,74
1774605190.1708305,72
1774605190.1870859,65
1774605190.202952,57
1774605190.218886,54
1774605190.2347174,53
1774605190.2506027,53
1774605190.2665467,54
1774605190.2827883,56
1774605190.2988513,56
1774605190.315247,58
1774605190.3308387,60
1774605190.34693,63
1774605190.3625383,66
1774605190.3786523,70
1774605190.3948557,70
1774605190.410626,72
1774605190.4267716,72
1774605190.4428089,73
1774605190.4587045,73
1774605190.4746222,76
1774605190.4905698,83
1774605190.506565,88
1774605190.5226798,94
1774605190.538889,96
1774605190.555071,95
1774605190.5708737,88
1774605190.5866473,87
1774605190.602914,81
1774605190.6188395,77
1774605190.634963,79
1774605190.6509917,80
1774605190.6667337,75
1774605190.682727,70
1774605190.6991432,69
1774605190.7150207,64
1774605190.731277,60
1774605190.7467532,58
1774605190.762929,58
1774605190.7787523,58
1774605190.7945862,54
1774605190.810694,52
1774605190.826793,50
1774605190.8428023,46
1774605190.8586986,42
1774605190.8747115,41
1774605190.8906581,41
1774605190.906696,40
1774605190.9227364,40
1774605190.9386518,38
1774605190.9546778,38
1774605190.9709382,37
1774605190.986982,34
1774605191.0026975,33
1774605191.0189266,34
1774605191.03485,32
1774605191.0512884,32
1774605191.066932,33
1774605191.0832334,33
1774605191.0991175,33
1774605191.114742,35
1774605191.1312292,36
1774605191.1467826,36
1774605191.1628528,41
1774605191.1787376,40
1774605191.194836,39
1774605191.2107708,36
1774605191.226704,35
1774605191.2429488,34
1774605191.2592294,34
1774605191.2749598,35
1774605191.290722,36
1774605191.306849,40
1774605191.3227544,43
1774605191.338654,53
1774605191.3548229,69
1774605191.371045,83
1774605191.387301,97
1774605191.4034026,100
1774605191.4190803,100
1774605191.434975,86
1774605191.4508567,77
1774605191.466683,65
1774605191.4826517,60
1774605191.4989448,52
1774605191.5148299,51
1774605191.5307612,52
1774605191.546721,47
1774605191.5627048,47
1774605191.579142,53
1774605191.5949988,68
1774605191.611284,74
1774605191.6270094,84
1774605191.642786,96
1774605191.6588256,102
1774605191.6746757,108
1774605191.6907427,103
1774605191.706954,95
1774605191.7230475,82
1774605191.7389941,69
1774605191.754981,48
1774605191.770661,42
1774605191.7871938,44
1774605191.8031743,44
1774605191.8190503,45
1774605191.8346715,45
1774605191.850695,49
1774605191.8672233,53
1774605191.8826582,53
1774605191.8987775,68
1774605191.9154692,83
1774605191.9307878,91
1774605191.9470172,101
1774605191.9629476,110
1774605191.9789984,106
1774605191.9949908,103
1774605192.0109487,102
1774605192.0269222,95
1774605192.0429184,94
1774605192.0590622,93
1774605192.0749516,87
1774605192.0907989,81
1774605192.106791,77
1774605192.1230633,72
1774605192.1390316,70
1774605192.154943,80
1774605192.1708183,89
1774605192.186815,93
1774605192.2028973,101
1774605192.2187817,104
1774605192.2348428,97
1774605192.250922,92
1774605192.2668455,87
1774605192.282825,80
1774605192.298812,72
1774605192.3148434,65
1774605192.330882,60
1774605192.3468068,55
1774605192.3627973,52
1774605192.3788738,52
1774605192.3952792,52
1774605192.411278,55
1774605192.4267256,65
1774605192.4428232,82
1774605192.4589176,91
1774605192.4753642,95
1774605192.4914932,100
1774605192.5071218,102
1774605192.523052,96
1774605192.538894,98
1774605192.5551827,101
1774605192.5709562,104
1774605192.5870314,100
1774605192.6032386,96
1774605192.619361,101
1774605192.6352952,102
1774605192.65105,114
1774605192.6667867,129
1774605192.683223,126
1774605192.6992738,118
1774605192.7153394,116
1774605192.7313664,101
1774605192.7469912,89
1774605192.762961,90
1774605192.7789404,88
1774605192.7950397,84
1774605192.8113012,80
1774605192.8270774,72
1774605192.842819,66
1774605192.8589568,60
1774605192.874815,60
1774605192.8909202,61
1774605192.9068258,62
1774605192.9227445,63
1774605192.9390316,64
1774605192.955106,62
1774605192.9709597,56
1774605192.9868279,54
1774605193.0029597,57
1774605193.0191455,62
1774605193.0352545,67
1774605193.0513215,78
1774605193.0671432,86
1774605193.0829287,83
1774605193.0988452,75
1774605193.115056,71
1774605193.1313205,63
1774605193.1473954,56
1774605193.16339,58
1774605193.1789598,60
1774605193.1948948,57
1774605193.210887,56
1774605193.2269213,63
1774605193.2428963,70
1774605193.2587833,76
1774605193.2751424,85
1774605193.2908232,89
1774605193.3069324,83
1774605193.323083,72
1774605193.3390634,64
1774605193.3551927,52
1774605193.3711836,45
1774605193.386969,44
1774605193.403216,43
1774605193.4188788,41
1774605193.4347997,41
1774605193.4511688,41
1774605193.4671903,45
1774605193.4834132,45
1774605193.4991283,50
1774605193.5151331,60
1774605193.5312593,66
1774605193.5468872,74
1774605193.5631871,97
1774605193.5788727,102
1774605193.5951374,105
1774605193.6110008,107
1774605193.627148,106
1774605193.6432157,87
1774605193.6588752,85
1774605193.6754518,84
1774605193.6914186,91
1774605193.7068663,93
1774605193.7229729,104
1774605193.7389772,106
1774605193.7551942,104
1774605193.7711542,101
1774605193.787246,95
1774605193.8035939,85
1774605193.8194218,82
1774605193.835417,81
1774605193.8510969,75
1774605193.8672285,72
1774605193.8835254,69
1774605193.899021,66
1774605193.915152,62
1774605193.93094,62
1774605193.9469583,63
1774605193.963413,65
1774605193.9788823,65
1774605193.9950855,64
1774605194.0110743,63
1774605194.026937,61
1774605194.0435042,59
1774605194.0589702,59
1774605194.075008,63
1774605194.0911536,78
1774605194.1069705,88
1774605194.1232154,97
1774605194.139016,103
1774605194.155277,108
1774605194.1710975,103
1774605194.1869879,102
1774605194.203115,98
1774605194.2196198,100
1774605194.2354443,110
1774605194.2515283,116
1774605194.2676144,115
1774605194.2831638,114
1774605194.2993684,116
1774605194.3156312,101
1774605194.3313258,89
1774605194.3474438,87
1774605194.363156,87
1774605194.379443,79
1774605194.395553,81
1774605194.4111683,79
1774605194.4269571,73
1774605194.4429953,69
1774605194.4591315,67
1774605194.4754016,61
1774605194.4910676,58
1774605194.5071213,59
1774605194.5230658,56
1774605194.5389357,56
1774605194.554977,60
1774605194.5709453,64
1774605194.5869608,66
1774605194.6029317,71
1774605194.6190698,74
1774605194.6350167,78
1774605194.6510704,79
1774605194.6670604,85
1774605194.6830282,85
1774605194.6992142,90
1774605194.715193,89
1774605194.7309186,92
1774605194.746904,93
1774605194.7630544,93
1774605194.7789164,90
1774605194.7949867,88
1774605194.811143,89
1774605194.8270185,87
1774605194.8429737,85
1774605194.8589194,85
1774605194.87499,84
1774605194.890955,77
1774605194.907048,72
1774605194.9229376,73
1774605194.9389691,71
1774605194.9549766,69
1774605194.971015,66
1774605194.9870296,65
1774605195.0029702,63
1774605195.0190854,63
1774605195.0350614,64
1774605195.0510383,65
1774605195.0670576,64
1774605195.0830202,63
1774605195.0989559,64
1774605195.1151915,65
1774605195.131125,70
1774605195.1470912,74
1774605195.1631348,75
1774605195.1789696,78
1774605195.194971,90
1774605195.2112205,100
1774605195.227531,101
1774605195.2436547,104
1774605195.2592704,100
1774605195.27542,85
1774605195.2917645,73
1774605195.3076098,69
1774605195.3236816,68
1774605195.3393793,70
1774605195.3551707,74
1774605195.3712783,76
1774605195.387269,78
1774605195.4034317,75
1774605195.4192755,68
1774605195.4355195,65
1774605195.4511678,61
1774605195.467607,56
1774605195.483687,55
1774605195.4994838,57
1774605195.5153158,55
1774605195.5317044,47
1774605195.547422,45
1774605195.5633526,42
1774605195.579267,39
1774605195.595407,39
1774605195.611254,40
1774605195.6276536,40
1774605195.6437047,39
1774605195.65947,40
1774605195.6753168,41
1774605195.691392,41
1774605195.7071385,43
1774605195.7232335,46
1774605195.7391357,48
1774605195.7552054,48
1774605195.7712724,50
1774605195.7873876,50
1774605195.8030076,47
1774605195.8192644,46
1774605195.8352091,44
1774605195.851326,42
1774605195.8672585,43
1774605195.8838332,42
1774605195.8994913,42
1774605195.915607,41
1774605195.931443,43
1774605195.947625,43
1774605195.9634154,44
1774605195.9792953,41
1774605195.9956598,41
1774605196.0117908,39
1774605196.0273826,38
1774605196.0432937,38
1774605196.059491,39
1774605196.0754936,42
1774605196.0917108,43
1774605196.1075227,46
1774605196.1237338,49
1774605196.1394951,51
1774605196.155746,53
1774605196.1712902,55
1774605196.1876118,61
1774605196.2033868,67
1774605196.219312,75
1774605196.2356093,81
1774605196.2513652,84
1774605196.2671447,82
1774605196.2831666,80
1774605196.2991242,78
1774605196.3151042,78
1774605196.3313868,82
1774605196.3471394,86
1774605196.3632152,86
1774605196.379333,85
1774605196.3955731,84
1774605196.4116194,78
1774605196.4273937,76
1774605196.4432247,78
1774605196.459594,77
1774605196.4756064,79
1774605196.4913201,84
1774605196.5071268,92
1774605196.523617,98
1774605196.5393384,100
1774605196.5552595,98
1774605196.5713134,93
1774605196.587222,89
1774605196.6033564,88
1774605196.6192124,98
1774605196.6351411,105
1774605196.651325,116
1774605196.667779,119
1774605196.6836243,119
1774605196.699766,112
1774605196.7154875,107
1774605196.7314577,107
1774605196.7475173,103
1774605196.7637453,100
1774605196.7792888,99
1774605196.7954524,95
1774605196.8113763,84
1774605196.827785,81
1774605196.8431427,76
1774605196.8591995,72
1774605196.8751597,73
1774605196.8911374,75
1774605196.9071186,73
1774605196.923188,74
1774605196.939316,75
1774605196.9552674,74
1774605196.9711363,73
1774605196.9871774,74
1774605197.0031369,80
1774605197.019166,83
1774605197.0351074,86
1774605197.0513031,92
1774605197.0672035,96
1774605197.083307,93
1774605197.099178,88
1774605197.1152868,92
1774605197.1314204,87
1774605197.147367,84
1774605197.1633465,84
1774605197.1793525,86
1774605197.1953712,82
1774605197.2113743,83
1774605197.227352,84
1774605197.2433703,83
1774605197.2594192,81
1774605197.275849,82
1774605197.2920313,79
1774605197.3079271,79
1774605197.3237178,82
1774605197.3393588,96
1774605197.3559968,95
1774605197.3714054,91
1774605197.3879213,88
1774605197.4034426,82
1774605197.4196389,71
1774605197.4352992,70
1774605197.4513414,71
1774605197.4677143,72
1774605197.4836915,74
1774605197.4993145,72
1774605197.5151505,67
1774605197.5312586,65
1774605197.547541,63
1774605197.563374,60
1774605197.579611,57
1774605197.5955503,60
1774605197.611236,58
1774605197.6272101,58
1774605197.6432834,56
1774605197.6593974,54
1774605197.6757038,53
1774605197.6912525,54
1774605197.707392,55
1774605197.723719,57
1774605197.739366,59
1774605197.7553048,56
1774605197.7713306,57
1774605197.7871838,58
1774605197.8032708,56
1774605197.8196445,54
1774605197.8351948,54
1774605197.851214,51
1774605197.8673222,49
1774605197.883332,47
1774605197.8992841,47
1774605197.9152634,47
1774605197.9313612,45
1774605197.9475007,44
1774605197.963612,44
1774605197.9793134,45
1774605197.9957092,44
1774605198.0117111,46
1774605198.0274084,47
1774605198.0437877,48
1774605198.0593472,46
1774605198.0756948,48
1774605198.0917075,45
1774605198.1076612,44
1774605198.1239038,43
1774605198.1395109,42
1774605198.1558964,42
1774605198.1714163,45
1774605198.1873705,46
1774605198.2034113,47
1774605198.2192826,47
1774605198.2352884,46
1774605198.2513444,45
1774605198.2673564,44
1774605198.2837486,43
1774605198.2994888,43
1774605198.315782,42
1774605198.3312194,42
1774605198.3475447,41
1774605198.3638246,40
1774605198.3796759,41
1774605198.3953,43
1774605198.4115677,44
1774605198.4273515,45
1774605198.4439006,45
1774605198.4592757,43
1774605198.47547,41
1774605198.4922776,39
1774605198.507745,38
1774605198.52363,37
1774605198.5394008,38
1774605198.5557885,38
1774605198.5716352,39
1774605198.5878358,41
1774605198.6036284,41
1774605198.6195805,41
1774605198.6355906,40
1774605198.6516175,39
1774605198.6675751,40
1774605198.684055,40
1774605198.6996434,42
1774605198.7154953,44
1774605198.7314832,43
1774605198.7477388,42
1774605198.763679,42
1774605198.7793775,41
1774605198.7953565,41
1774605198.8116338,42
1774605198.8278337,41
1774605198.843506,39
1774605198.8600397,39
1774605198.8756278,42
1774605198.8917718,44
1774605198.9075162,45
1774605198.9236507,46
1774605198.9394352,46
1774605198.955774,43
1774605198.972182,41
1774605198.987598,41
1774605199.003362,41
1774605199.0194438,38
1774605199.03535,38
1774605199.0514398,37
1774605199.067349,37
1774605199.0835202,36
1774605199.0995727,38
1774605199.1155124,39
1774605199.1313145,42
1774605199.1478877,43
1774605199.1638472,45
1774605199.1794755,46
1774605199.1954062,47
1774605199.211769,45
1774605199.2274642,47
1774605199.243488,45
1774605199.2594092,46
1774605199.2754788,47
1774605199.291368,50
1774605199.3075283,50
1774605199.3234255,51
1774605199.339407,52
1774605199.3554192,57
1774605199.3714929,63
1774605199.3875701,70
1774605199.4033592,78
1774605199.419395,84
1774605199.435305,90
1774605199.4513445,91
1774605199.4673474,93
1774605199.4834101,92
1774605199.4993787,92
1774605199.5153277,88
1774605199.5314517,88
1774605199.5475442,91
1774605199.563396,93
1774605199.5794463,101
1774605199.5954864,104
1774605199.61144,102
1774605199.6274633,93
1774605199.643436,87
1774605199.659818,77
1774605199.675904,72
1774605199.6916962,71
1774605199.7078257,77
1774605199.723906,85
1774605199.739666,86
1774605199.75584,87
1774605199.7719529,88
1774605199.7874496,85
1774605199.8036368,80
1774605199.8193514,85
1774605199.835487,85
1774605199.851398,81
1774605199.8676121,83
1774605199.88345,90
1774605199.8999326,98
1774605199.9154382,108
1774605199.9318767,112
1774605199.947596,110
1774605199.9635346,104
1774605199.979524,94
1774605199.9956403,88
1774605200.0119703,85
1774605200.0276227,89
1774605200.0436747,97
1774605200.0598707,101
1774605200.07593,103
1774605200.0921514,109
1774605200.1075125,108
1774605200.1234531,102
1774605200.1397939,94
1774605200.1559074,89
1774605200.171519,81
1774605200.1878352,74
1774605200.204135,73
1774605200.2200284,75
1774605200.2360435,75
1774605200.2518284,78
1774605200.2676535,80
1774605200.2837517,79
1774605200.2997808,76
1774605200.315675,78
1774605200.3318834,79
1774605200.3481243,80
1774605200.3639283,87
1774605200.3796408,88
1774605200.3962572,81
1774605200.4115698,79
1774605200.427507,77
1774605200.4435143,70
1774605200.4598572,76
1774605200.4761825,88
1774605200.4919343,99
1774605200.5079317,108
1774605200.52392,118
1774605200.5397253,120
1774605200.5555022,119
1774605200.571642,116
1774605200.5875978,114
1774605200.6041892,110
1774605200.6197906,109
1774605200.6356354,106
1774605200.6521006,106
1774605200.6678023,98
1774605200.6838095,91
1774605200.6997259,89
1774605200.7164018,89
1774605200.732008,91
1774605200.7480612,98
1774605200.7636986,103
1774605200.7796688,106
1774605200.7962055,106
1774605200.8118138,100
1774605200.828209,100
1774605200.8437405,100
1774605200.8603666,97
1774605200.8760865,98
1774605200.891931,106
1774605200.9079795,105
1774605200.9243276,100
1774605200.9399946,94
1774605200.9563007,89
1774605200.9720423,77
1774605200.9881206,69
1774605201.0043118,65
1774605201.019782,63
1774605201.0359285,59
1774605201.0521376,57
1774605201.0680308,58
1774605201.0838687,58
1774605201.0998306,57
1774605201.116022,58
1774605201.1323278,61
1774605201.1483495,61
1774605201.163949,60
1774605201.1802368,57
1774605201.196194,57
1774605201.2120914,53
1774605201.2281387,51
1774605201.244316,52
1774605201.2600298,55
1774605201.2760587,53
1774605201.291898,57
1774605201.307936,64
1774605201.3236666,70
1774605201.3398163,75
1774605201.355888,86
1774605201.3721974,96
1774605201.3880007,96
1774605201.4043524,90
1774605201.4201293,93
1774605201.4360557,91
1774605201.4521239,86
1774605201.4679866,85
1774605201.4838274,89
1774605201.4997203,88
1774605201.5156913,82
1774605201.5316644,84
1774605201.547768,88
1774605201.5639477,86
1774605201.57977,86
1774605201.5956376,87
1774605201.6120098,77
1774605201.6279333,79
1774605201.6439605,79
1774605201.6600645,73
1774605201.6756594,74
1774605201.6917017,75
1774605201.7076974,67
1774605201.7237556,67
1774605201.7398174,64
1774605201.7558057,58
1774605201.771715,58
1774605201.7877133,57
1774605201.8037903,57
1774605201.8196056,62
1774605201.8355849,65
1774605201.8516777,64
1774605201.8675418,62
1774605201.883587,61
1774605201.8995543,57
1774605201.915695,55
1774605201.9316263,54
1774605201.947537,56
1774605201.9637127,56
1774605201.9797266,57
1774605201.995789,56
1774605202.01168,55
1774605202.0276768,52
1774605202.0437257,50
1774605202.0597901,51
1774605202.075679,53
1774605202.091817,56
1774605202.1078274,58
1774605202.1237636,61
1774605202.1397612,61
1774605202.1557498,60
1774605202.171844,59
1774605202.1876173,58
1774605202.2042246,56
1774605202.22012,54
1774605202.2363453,54
1774605202.2519505,51
1774605202.2684598,51
1774605202.2844138,48
1774605202.299885,48
1774605202.3160124,47
1774605202.331955,50
1774605202.3480918,52
1774605202.3639157,57
1774605202.3798966,61
1774605202.3960156,66
1774605202.4121454,66
1774605202.427775,65
1774605202.4439113,63
1774605202.459837,59
1774605202.4761631,54
1774605202.4917474,53
1774605202.5078535,51
1774605202.5239384,49
1774605202.5399313,50
1774605202.5559402,52
1774605202.5720637,52
1774605202.58804,63
1774605202.604064,76
1774605202.6197186,90
1774605202.6357706,100
1774605202.651729,112
1774605202.667609,107
1774605202.6836133,100
1774605202.6996543,92
1774605202.7156203,90
1774605202.7317436,83
1774605202.7479603,85
1774605202.7637506,86
1774605202.7803159,88
1774605202.7957306,86
1774605202.8123343,84
1774605202.8278484,81
1774605202.8438394,78
1774605202.8604066,74
1774605202.875951,74
1774605202.892402,78
1774605202.9080143,81
1774605202.924442,86
1774605202.9401116,89
1774605202.9560707,89
1774605202.9718795,87
1774605202.9881227,85
1774605203.00383,80
1774605203.0199292,79
1774605203.0362806,74
1774605203.0518208,68
1774605203.0680277,65
1774605203.0839803,65
1774605203.0999799,62
1774605203.115957,65
1774605203.1318157,69
1774605203.148213,74
1774605203.1645417,76
1774605203.1803882,79
1774605203.1964965,80
1774605203.212178,79
1774605203.2277272,75
1774605203.2440932,73
1774605203.260048,72
1774605203.2763164,71
1774605203.2924023,71
1774605203.307803,72
1774605203.3238997,75
1774605203.3400521,76
1774605203.3561485,78
1774605203.3724973,77
1774605203.3880577,77
1774605203.4045074,74
1774605203.4205053,74
1774605203.4362826,71
1774605203.452183,70
1774605203.4681587,67
1774605203.4842224,65
1774605203.500032,62
1774605203.5160134,60
1774605203.5318553,61
1774605203.5477397,63
1774605203.563741,71
1774605203.579662,77
1774605203.5957565,82
1774605203.6121829,88
1774605203.6281471,91
1774605203.6442788,90
1774605203.660157,86
1774605203.67652,84
1774605203.692539,80
1774605203.7081516,75
1774605203.7241938,71
1774605203.7398164,71
1774605203.7559032,71
1774605203.7717962,72
1774605203.7885754,76
1774605203.8041368,77
1774605203.8201554,78
1774605203.836151,77
1774605203.8520184,78
1774605203.8684351,76
1774605203.883831,73
1774605203.8998005,71
1774605203.9159343,69
1774605203.931822,64
1774605203.9479933,65
1774605203.9643497,67
1774605203.9805217,68
1774605203.996151,70
1774605204.0122812,75
1774605204.0281827,75
1774605204.0443285,73
1774605204.0604239,70
1774605204.076327,70
1774605204.092333,67
1774605204.1081738,65
1774605204.1240175,70
1774605204.1400034,74
1774605204.1561205,74
1774605204.1720352,76
1774605204.1881251,77
1774605204.2040458,74
1774605204.2198942,72
1774605204.235772,72
1774605204.2518764,71
1774605204.2678423,72
1774605204.2838855,75
1774605204.3000598,79
1774605204.3158798,82
1774605204.3319907,84
1774605204.3478222,83
1774605204.3638067,82
1774605204.3799465,80
1774605204.3957548,78
1774605204.4118617,77
1774605204.4278917,78
1774605204.44392,78
1774605204.4598813,76
1774605204.475787,76
1774605204.4919832,76
1774605204.5078278,77
1774605204.5240095,76
1774605204.5399833,77
1774605204.5559223,76
1774605204.572043,76
1774605204.5879078,74
1774605204.603922,72
1774605204.6199083,67
1774605204.6360092,65
1774605204.6518383,65
1774605204.6678653,70
1774605204.6837928,79
1774605204.6998737,93
1774605204.715811,105
1774605204.7318406,112
1774605204.7478156,117
1774605204.7640376,121
1774605204.7800965,120
1774605204.795906,117
1774605204.8118021,112
1774605204.8279145,111
1774605204.8440964,103
1774605204.8603456,95
1774605204.8763392,89
1774605204.8921337,83
1774605204.908069,74
1774605204.9243402,77
1774605204.9398882,81
1774605204.9561777,83
1774605204.9721723,88
1774605204.9881067,99
1774605205.004011,103
1774605205.0200622,103
1774605205.0360312,108
1774605205.052277,106
1774605205.067879,97
1774605205.083769,92
1774605205.0998871,85
1774605205.116041,76
1774605205.1319108,72
1774605205.1478505,71
1774605205.164131,71
1774605205.1801906,73
1774605205.1958752,77
1774605205.2119555,79
1774605205.2278807,80
1774605205.2439194,76
1774605205.2600214,74
1774605205.2764232,69
1774605205.2919557,69
1774605205.3079064,67
1774605205.3238847,66
1774605205.3399196,64
1774605205.3560333,64
1774605205.3719676,63
1774605205.3880513,59
1774605205.4042082,59
1774605205.4200113,58
1774605205.4360142,60
1774605205.452134,60
1774605205.4681613,62
1774605205.4842627,64
1774605205.5000992,66
1774605205.516156,62
1774605205.53203,60
1774605205.548107,59
1774605205.5641854,59
1774605205.579931,59
1774605205.5960896,64
1774605205.6121993,66
1774605205.6282759,68
1774605205.6442914,69
1774605205.6603374,68
1774605205.6759555,67
1774605205.692185,67
1774605205.7079947,63
1774605205.7242506,61
1774605205.7402391,59
1774605205.7561321,57
1774605205.7722974,54
1774605205.7880487,53
1774605205.8043053,53
1774605205.8201168,57
1774605205.8360162,60
1774605205.8521523,62
1774605205.8679483,65
1774605205.883949,66
1774605205.9000115,63
1774605205.9162626,58
1774605205.9321408,55
1774605205.9480355,54
1774605205.9641204,51
1774605205.9801726,50
1774605205.9961333,49
1774605206.0120995,49
1774605206.028181,46
1774605206.0445447,45
1774605206.0600812,49
1774605206.0761878,53
1774605206.0922844,57
1774605206.1081572,64
1774605206.124243,68
1774605206.1406908,68
1774605206.1568246,67
1774605206.1727145,64
1774605206.1880302,62
1774605206.2043405,61
1774605206.2205737,58
1774605206.2364554,53
1774605206.2526567,54
1774605206.268796,52
1774605206.2843328,51
1774605206.3002286,52
1774605206.316167,55
1774605206.3321564,56
1774605206.3479724,56
1774605206.3641691,57
1774605206.3800983,58
1774605206.396123,58
1774605206.412093,57
1774605206.428377,58
1774605206.4445796,58
1774605206.4604023,57
1774605206.476608,59
1774605206.4925156,61
1774605206.5083587,64
1774605206.5242722,64
1774605206.5402,64
1774605206.5561943,66
1774605206.5720134,64
1774605206.5880466,61
1774605206.604533,61
1774605206.6201267,62
1774605206.6362066,62
1774605206.6520746,63
1774605206.668025,66
1774605206.6841035,68
1774605206.6999347,67
1774605206.7161121,66
1774605206.732064,63
1774605206.748087,61
1774605206.7642698,58
1774605206.7801065,58
1774605206.7961676,57
1774605206.8121269,55
1774605206.828341,53
1774605206.8442414,53
1774605206.8603446,53
1774605206.876096,63
1774605206.8921256,77
1774605206.908192,90
1774605206.9241462,104
1774605206.940232,111
1774605206.9562411,106
1774605206.9722354,101
1774605206.9879906,93
1774605207.0040333,84
1774605207.0199294,79
1774605207.0360537,76
1774605207.0520003,73
1774605207.0680826,71
1774605207.0841048,71
1774605207.0999973,71
1774605207.1161082,72
1774605207.1325054,71
1774605207.1481802,71
1774605207.1641924,72
1774605207.1801515,75
1774605207.1960223,74
1774605207.212437,74
1774605207.2284698,74
1774605207.2442958,69
1774605207.2600868,63
1774605207.276414,64
1774605207.2925425,60
1774605207.3083441,59
1774605207.3246791,61
1774605207.3408384,62
1774605207.356083,60
1774605207.372037,61
1774605207.388012,59
1774605207.4044476,58
1774605207.4204426,58
1774605207.4360516,61
1774605207.4520013,66
1774605207.4681184,69
1774605207.4844084,70
1774605207.5004823,70
1774605207.5166574,70
1774605207.5320995,67
1774605207.5480924,66
1774605207.5645046,66
1774605207.580309,65
1774605207.5962029,66
1774605207.6121469,68
1774605207.6285863,68
1774605207.6444843,68
1774605207.6602695,69
1774605207.676403,65
1774605207.692512,65
1774605207.7081993,67
1774605207.724612,68
1774605207.740354,68
1774605207.7564645,67
1774605207.7725668,63
1774605207.7885568,60
1774605207.8043025,60
1774605207.8203516,59
1774605207.836721,58
1774605207.852575,61
1774605207.8683505,63
1774605207.8848696,61
1774605207.9001887,63
1774605207.916484,65
1774605207.932432,64
1774605207.9482095,67
1774605207.9642935,75
1774605207.9803917,81
1774605207.99624,89
1774605208.01221,95
1774605208.0284696,99
1774605208.0445008,98
1774605208.06015,96
1774605208.0763807,99
1774605208.0924966,99
1774605208.1083882,100
1774605208.1245897,97
1774605208.14085,96
1774605208.1565528,91
1774605208.1728163,91
1774605208.1888394,88
1774605208.2046041,88
1774605208.2208889,89
1774605208.2366023,89
1774605208.2526367,86
1774605208.268324,83
1774605208.2847884,85
1774605208.300468,85
1774605208.3166413,85
1774605208.3326461,88
1774605208.3486252,93
1774605208.3643758,91
1774605208.3802466,90
1774605208.3961813,87
1774605208.412429,80
1774605208.4282148,72
1774605208.4444067,67
1774605208.460396,61
1774605208.4763286,57
1774605208.4921002,62
1774605208.5084474,67
1774605208.5243604,73
1774605208.540418,83
1774605208.5562234,94
1774605208.5726173,97
1774605208.5885339,98
1774605208.6046193,99
1774605208.6206236,99
1774605208.636601,92
1774605208.652668,93
1774605208.668408,98
1774605208.6841445,106
1774605208.7001178,104
1774605208.7167277,104
1774605208.7335124,98
1774605208.7482517,89
1774605208.7642353,77
1774605208.780203,76
1774605208.796198,77
1774605208.8122044,80
1774605208.8282108,85
1774605208.8442526,87
1774605208.8601854,85
1774605208.8762197,82
1774605208.8922143,79
1774605208.9081967,75
1774605208.9241247,73
1774605208.9402554,71
1774605208.9562507,69
1774605208.9723096,67
1774605208.988236,65
1774605209.0042002,74
1774605209.0202436,82
1774605209.0362303,92
1774605209.0522149,101
1774605209.068245,108
1774605209.0842903,107
1774605209.100206,105
1774605209.1162095,101
1774605209.1321738,102
1774605209.1484246,97
1774605209.164224,91
1774605209.1802974,85
1774605209.1967516,83
1774605209.2131102,78
1774605209.2281983,81
1774605209.2442737,86
1774605209.2602303,89
1774605209.2761858,90
1774605209.2922068,90
1774605209.3081806,87
1774605209.32426,87
1774605209.340209,86
1774605209.3562338,86
1774605209.372227,87
1774605209.3882468,83
1774605209.4041915,79
1774605209.4202538,78
1774605209.4362352,74
1774605209.4522533,70
1774605209.468208,69
1774605209.4843173,67
1774605209.5002213,67
1774605209.516149,68
1774605209.5321968,66
1774605209.5481832,67
1774605209.5642056,67
1774605209.5801618,64
1774605209.596207,62
1774605209.6129825,63
1774605209.6281648,62
1774605209.6441944,62
1774605209.6601605,62
1774605209.6761587,63
1774605209.6921751,63
1774605209.7081773,61
1774605209.724336,59
1774605209.7403314,55
1774605209.7562964,55
1774605209.772204,53
1774605209.7883396,53
1774605209.8041732,55
1774605209.8202214,55
1774605209.836288,53
1774605209.8521874,54
1774605209.8682086,59
1774605209.884254,60
1774605209.9002352,63
1774605209.9162319,73
1774605209.9326515,78
1774605209.9484847,80
1774605209.9643652,83
1774605209.9802396,86
1774605209.9962456,81
1774605210.012714,83
1774605210.0283077,80
1774605210.0442774,81
1774605210.0606954,82
1774605210.0762227,80
1774605210.0924063,75
1774605210.1084151,76
1774605210.1244166,74
1774605210.1402612,75
1774605210.1562147,78
1774605210.1722233,79
1774605210.1883285,82
1774605210.2043753,82
1774605210.2203462,79
1774605210.2365181,75
1774605210.252964,74
1774605210.2684557,69
1774605210.2844012,65
1774605210.3005762,63
1774605210.3167562,60
1774605210.332809,55
1774605210.3486137,51
1774605210.3647048,50
1774605210.3808856,49
1774605210.3967414,50
1774605210.4130032,51
1774605210.4286027,53
1774605210.4445202,54
1774605210.4605637,56
1774605210.4766278,55
1774605210.4927986,53
1774605210.5084846,50
1774605210.5246077,47
1774605210.5405626,44
1774605210.5564919,43
1774605210.5725632,42
1774605210.5886059,42
1774605210.6045601,42
1774605210.6204708,43
1774605210.6365163,44
1774605210.6524136,45
1774605210.66846,47
1774605210.6844938,48
1774605210.70033,46
1774605210.7165704,43
1774605210.7323103,42
1774605210.7482588,40
1774605210.765037,39
1774605210.7802808,39
1774605210.796308,42
1774605210.812334,42
1774605210.8282921,45
1774605210.8442755,46
1774605210.8604178,46
1774605210.876308,47
1774605210.8923228,49
1774605210.9083445,50
1774605210.9246204,52
1774605210.940671,56
1774605210.956706,57
1774605210.9727945,58
1774605210.9888122,58
1774605211.0048795,57
1774605211.0205472,55
1774605211.036301,54
1774605211.0522819,54
1774605211.0682724,54
1774605211.0843794,54
1774605211.100343,54
1774605211.1166213,57
1774605211.132382,55
1774605211.1491337,59
1774605211.1649537,68
1774605211.1806915,80
1774605211.1965847,90
1774605211.2123773,102
1774605211.2284145,109
1774605211.2444158,107
1774605211.260395,101
1774605211.2762837,95
1774605211.2923865,88
1774605211.3083296,84
1774605211.3251612,83
1774605211.3404155,82
1774605211.3567173,84
1774605211.372415,85
1774605211.3887029,88
1774605211.4044454,85
1774605211.4204237,84
1774605211.4365356,80
1774605211.4523902,79
1774605211.4683366,79
1774605211.4843428,82
1774605211.500292,85
1774605211.516294,88
1774605211.5322957,89
1774605211.5483043,88
1774605211.564358,88
1774605211.580342,85
1774605211.596491,83
1774605211.6123483,80
1774605211.628375,79
1774605211.6443536,73
1774605211.6604273,73
1774605211.676518,72
1774605211.6924584,74
1774605211.7085934,75
1774605211.7243683,79
1774605211.7404516,82
1774605211.7565591,82
1774605211.772452,82
1774605211.788461,80
1774605211.8046346,79
1774605211.8204515,78
1774605211.8364425,78
1774605211.8523996,79
1774605211.868448,81
1774605211.8846037,80
1774605211.9004781,80
1774605211.9164667,83
1774605211.9324617,82
1774605211.9483886,81
1774605211.964829,79
1774605211.9806483,78
1774605211.9966977,73
1774605212.012648,74
1774605212.0284507,75
1774605212.044746,79
1774605212.0603874,79
1774605212.0765321,79
1774605212.092584,74
1774605212.108638,69
1774605212.124533,66
1774605212.140789,70
1774605212.1568882,71
1774605212.1726942,76
1774605212.1885989,81
1774605212.204921,80
1774605212.220754,74
1774605212.2369893,74
1774605212.2529445,71
1774605212.2686863,70
1774605212.2848802,71
1774605212.3007922,77
1774605212.3167784,80
1774605212.3329608,83
1774605212.3488886,84
1774605212.3649554,87
1774605212.380935,88
1774605212.396706,91
1774605212.4127822,92
1774605212.428732,92
1774605212.444758,88
1774605212.4607651,86
1774605212.4765465,81
1774605212.492782,78
1774605212.5087364,78
1774605212.5246735,79
1774605212.5405889,80
1774605212.5567796,80
1774605212.5725343,83
1774605212.5885677,83
1774605212.6047041,82
1774605212.6209536,80
1774605212.6365995,79
1774605212.652767,79
1774605212.6689112,81
1774605212.6846838,80
1774605212.7005205,83
1774605212.7167044,83
1774605212.7327628,82
1774605212.748716,82
1774605212.7646806,90
1774605212.7807624,90
1774605212.7968063,97
1774605212.8124976,100
1774605212.8287885,101
1774605212.8445835,98
1774605212.8605795,97
1774605212.8766131,94
1774605212.8925898,96
1774605212.9085505,99
1774605212.9246068,98
1774605212.9410186,101
1774605212.9566138,100
1774605212.9726052,95
1774605212.988834,92
1774605213.0052395,94
1774605213.0207899,93
1774605213.03683,92
1774605213.0530562,91
1774605213.069223,87
1774605213.084982,84
1774605213.1006377,84
1774605213.1168327,82
1774605213.1326282,83
1774605213.14873,85
1774605213.1646333,88
1774605213.1809092,89
1774605213.196913,90
1774605213.2128634,88
1774605213.2289197,85
1774605213.2448974,81
1774605213.2610354,73
1774605213.2768242,69
1774605213.2928154,73
1774605213.3087437,75
1774605213.3249848,81
1774605213.3406856,93
1774605213.3570573,103
1774605213.3727875,108
1774605213.388763,115
1774605213.404988,119
1774605213.4210362,116
1774605213.4368799,114
1774605213.4531002,107
1774605213.4689198,96
1774605213.4847274,83
1774605213.500838,77
1774605213.5168405,71
1774605213.5327866,71
1774605213.5488286,74
1774605213.56472,81
1774605213.5807528,82
1774605213.596916,80
1774605213.6125348,81
1774605213.6288846,81
1774605213.6448653,75
1774605213.6607232,70
1774605213.676621,71
1774605213.6926053,69
1774605213.7087843,66
1774605213.7247307,66
1774605213.7407417,68
1774605213.7566903,66
1774605213.7728415,63
1774605213.788822,63
1774605213.804605,66
1774605213.820644,68
1774605213.83671,69
1774605213.852743,71
1774605213.868753,72
1774605213.8848023,68
1774605213.9008844,67
1774605213.9169474,70
1774605213.932675,72
1774605213.948714,74
1774605213.9647577,78
1774605213.9806137,78
1774605213.9967124,74
1774605214.0126538,69
1774605214.028815,64
1774605214.0449355,58
1774605214.0606523,56
1774605214.0768642,56
1774605214.0927088,57
1774605214.108708,63
1774605214.1248407,66
1774605214.1408858,69
1774605214.1568289,69
1774605214.1729052,68
1774605214.188632,63
1774605214.204681,62
1774605214.220741,58
1774605214.2367964,57
1774605214.2527285,60
1774605214.2687883,68
1774605214.2847338,73
1774605214.3006587,76
1774605214.316654,80
1774605214.3326118,80
1774605214.348682,75
1774605214.3646567,70
1774605214.380629,68
1774605214.3966334,69
1774605214.4126403,73
1774605214.4286547,72
1774605214.4446285,73
1774605214.4606817,74
1774605214.4766803,70
1774605214.4926896,63
1774605214.508683,60
1774605214.524807,56
1774605214.5406332,55
1774605214.5566287,55
1774605214.572601,57
1774605214.5886283,58
1774605214.6046183,59
1774605214.6206207,61
1774605214.6366355,61
1774605214.6527002,63
1774605214.6686683,65
1774605214.684645,68
1774605214.700625,67
1774605214.716608,70
1774605214.7326334,68
1774605214.7486281,66
1774605214.7646666,64
1774605214.780649,66
1774605214.796676,65
1774605214.8126929,68
1774605214.8287523,72
1774605214.844666,73
1774605214.8607001,73
1774605214.8767006,73
1774605214.8926637,73
1774605214.9087553,72
1774605214.9246588,70
1774605214.9406538,70
1774605214.9567292,70
1774605214.9726598,69
1774605214.9887655,68
1774605215.0047555,67
1774605215.0206487,64
1774605215.0366793,63
1774605215.0527167,60
1774605215.0687864,56
1774605215.0846786,55
1774605215.100656,54
1774605215.116694,53
1774605215.1327958,52
1774605215.148663,53
1774605215.1647058,53
1774605215.1811404,56
1774605215.196741,58
1774605215.2127075,62
1774605215.2288187,64
1774605215.2447655,66
1774605215.2608192,66
1774605215.276897,64
1774605215.2929115,64
1774605215.3088262,64
1774605215.3247755,63
1774605215.3409243,62
1774605215.356913,62
1774605215.3728764,57
1774605215.388963,57
1774605215.4049613,55
1774605215.4208324,52
1774605215.4369402,56
1774605215.452813,65
1774605215.468833,79
1774605215.4848058,91
1774605215.5009036,101
1774605215.5169954,105
1774605215.533069,106
1774605215.548921,98
1774605215.5649378,91
1774605215.580895,83
1774605215.5969563,77
1774605215.6129708,72
1774605215.629027,71
1774605215.6449807,71
1774605215.6609068,72
1774605215.6769605,73
1774605215.69278,72
1774605215.7090225,73
1774605215.7248619,71
1774605215.7408993,71
1774605215.7570841,72
1774605215.7728407,73
1774605215.7887757,71
1774605215.8047416,71
1774605215.8207233,68
1774605215.8369234,67
1774605215.8528185,65
1774605215.8688743,63
1774605215.8848279,61
1774605215.9009492,59
1774605215.9167867,57
1774605215.9329014,55
1774605215.948813,53
1774605215.9649975,55
1774605215.9809074,55
1774605215.9968665,56
1774605216.0127902,61
1774605216.0288966,65
1774605216.0447924,67
1774605216.060844,67
1774605216.0771177,68
1774605216.0929053,67
1774605216.1088476,66
1774605216.1249285,65
1774605216.1409185,64
1774605216.1569366,63
1774605216.1728656,62
1774605216.1888404,59
1774605216.2047853,58
1774605216.220763,57
1774605216.2367692,57
1774605216.2530181,55
1774605216.2690072,58
1774605216.2848492,58
1774605216.3008287,57
1774605216.316878,56
1774605216.3329792,55
1774605216.3488076,53
1774605216.3651135,52
1774605216.3810318,54
1774605216.397069,56
1774605216.4129398,57
1774605216.4288857,59
1774605216.4449377,60
1774605216.4609747,61
1774605216.4770746,62
1774605216.4928856,64
1774605216.5089626,64
1774605216.52485,65
1774605216.5408988,66
1774605216.5569184,65
1774605216.5728242,63
1774605216.5888731,62
1774605216.6048355,58
1774605216.620839,54
1774605216.636837,55
1774605216.6529856,56
1774605216.6688128,56
1774605216.6849642,56
1774605216.7009382,57
1774605216.7169724,55
1774605216.7328966,53
1774605216.7488575,54
1774605216.7648156,57
1774605216.7808669,59
1774605216.7968943,66
1774605216.8128626,74
1774605216.8288677,85
1774605216.8448563,91
1774605216.8608449,93
1774605216.8768876,86
1774605216.8928592,82
1774605216.9088676,74
1774605216.9249432,71
1774605216.9410176,74
1774605216.9568784,78
1774605216.9728885,78
1774605216.988818,74
1774605217.0052178,72
1774605217.021111,68
1774605217.0369449,70
1774605217.0530448,75
1774605217.0689354,92
1774605217.0849557,102
1774605217.100883,113
1774605217.1168835,119
1774605217.1329165,120
1774605217.149169,113
1774605217.1649873,106
1774605217.1810706,99
1774605217.197078,87
1774605217.2129414,76
1774605217.229048,66
1774605217.2450922,65
1774605217.2610447,61
1774605217.277095,61
1774605217.293038,66
1774605217.3090405,75
1774605217.3249183,82
1774605217.340958,87
1774605217.3569477,96
1774605217.3729439,106
1774605217.3890355,105
1774605217.4049392,99
1774605217.4209275,94
1774605217.437045,87
1774605217.45307,76
1774605217.4690816,72
1774605217.484995,70
1774605217.5010657,72
1774605217.5170605,70
1774605217.533049,69
1774605217.5491595,67
1774605217.5651348,66
1774605217.5810423,67
1774605217.597001,69
1774605217.6131237,76
1774605217.6290364,81
1774605217.6450913,90
1774605217.6611538,95
1774605217.6771002,96
1774605217.692988,95
1774605217.7090967,96
1774605217.7251136,90
1774605217.7409368,86
1774605217.756902,88
1774605217.7731097,84
1774605217.7889612,78
1774605217.8058398,74
1774605217.8210263,70
1774605217.837003,64
1774605217.853008,61
1774605217.8691545,65
1774605217.8849187,72
1774605217.900941,81
1774605217.917229,92
1774605217.9330196,104
1774605217.9491975,116
1774605217.9651237,115
1774605217.9809384,108
1774605217.99702,99
1774605218.0129445,86
1774605218.0289361,69
1774605218.045354,65
1774605218.0611444,65
1774605218.077173,65
1774605218.093161,66
1774605218.1092446,71
1774605218.125437,77
1774605218.1414254,88
1774605218.1573725,104
1774605218.1732728,114
1774605218.1894243,119
1774605218.205447,125
1774605218.221417,123
1774605218.2374637,118
1774605218.2534487,115
1774605218.2690735,119
1774605218.2853074,116
1774605218.3018153,113
1774605218.3174424,109
1774605218.333477,108
1774605218.349039,100
1774605218.3657086,97
1774605218.3815491,97
1774605218.3972375,99
1774605218.4133604,96
1774605218.429448,95
1774605218.4454694,101
1774605218.461517,105
1774605218.4774868,101
1774605218.4934778,103
1774605218.509383,104
1774605218.5254424,94
1774605218.5412476,87
1774605218.5572412,81
1774605218.573296,75
1774605218.5891876,69
1774605218.6050777,67
1774605218.6211083,65
1774605218.6374109,69
1774605218.653448,73
1774605218.6694744,74
1774605218.6854684,74
1774605218.7012045,76
1774605218.7172365,76
1774605218.7332191,77
1774605218.7492957,79
1774605218.765087,82
1774605218.780988,81
1774605218.7975476,79
1774605218.813248,80
1774605218.8292673,84
1774605218.8453214,83
1774605218.8613994,83
1774605218.8775,79
1774605218.893135,73
1774605218.9095328,68
1774605218.9253743,70
1774605218.9411812,72
1774605218.9570422,80
1774605218.973065,88
1774605218.9892006,95
1774605219.0051298,100
1774605219.0211515,99
1774605219.0371184,91
1774605219.0531542,81
1774605219.0691373,70
1774605219.0851014,62
1774605219.1011853,62
1774605219.1171324,63
1774605219.1333318,64
1774605219.1492836,64
1774605219.1652296,63
1774605219.1810818,63
1774605219.1971583,69
1774605219.213098,79
1774605219.2291732,94
1774605219.2451985,109
1774605219.2611272,119
1774605219.2771044,131
1774605219.2931595,138
1774605219.3092227,132
1774605219.3253915,121
1774605219.3413353,117
1774605219.3574402,102
1774605219.3733716,97
1774605219.3892815,100
1774605219.405357,104
1774605219.4212759,111
1774605219.437526,122
1774605219.453572,126
1774605219.469614,136
1774605219.4853399,132
1774605219.5012949,121
1774605219.5174773,106
1774605219.533415,94
1774605219.5493186,79
1774605219.5655286,75
1774605219.5815103,71
1774605219.5973625,73
1774605219.613587,70
1774605219.629339,65
1774605219.645569,67
1774605219.661394,72
1774605219.677103,75
1774605219.6932456,78
1774605219.7092366,83
1774605219.7252054,81
1774605219.741212,78
1774605219.757214,76
1774605219.7731326,79
1774605219.7891273,80
1774605219.8052998,82
1774605219.8213596,88
1774605219.837279,93
1774605219.853338,104
1774605219.8693259,116
1774605219.8854647,127
1774605219.9014583,133
1774605219.9179432,137
1774605219.933411,132
1774605219.9495535,123
1774605219.9655135,114
1774605219.9815302,117
1774605219.9975479,114
1774605220.0139048,108
1774605220.0296855,106
1774605220.0456576,111
1774605220.061463,104
1774605220.0773544,100
1774605220.0932727,99
1774605220.1096134,103
1774605220.1254854,102
1774605220.141401,101
1774605220.157432,101
1774605220.1739619,97
1774605220.1894436,88
1774605220.2054923,76
1774605220.2216227,67
1774605220.2376373,61
1774605220.253727,63
1774605220.2693825,71
1774605220.2856174,85
1774605220.3013065,100
1774605220.3174899,110
1774605220.333237,115
1774605220.3496246,117
1774605220.3660421,120
1774605220.3816278,114
1774605220.3976562,114
1774605220.4136667,113
1774605220.4295177,109
1774605220.4456782,111
1774605220.461656,113
1774605220.4777608,114
1774605220.493745,122
1774605220.5094554,125
1774605220.5253618,118
1774605220.5413043,121
1774605220.557614,127
1774605220.573596,123
1774605220.5895002,128
1774605220.6055753,132
1774605220.621608,130
1774605220.6372204,123
1774605220.6533387,116
1774605220.6693287,103
1774605220.685536,96
1774605220.7016428,88
1774605220.717606,84
1774605220.7336645,86
1774605220.7494686,86
1774605220.7656727,85
1774605220.7814965,84
1774605220.7977068,77
1774605220.8138533,74
1774605220.829453,70
1774605220.8451943,66
1774605220.8612351,66
1774605220.8774407,69
1774605220.8936331,69
1774605220.9095342,70
1774605220.9256394,69
1774605220.9416628,65
1774605220.957557,62
1774605220.9732327,60
1774605220.9892757,60
1774605221.0054924,63
1774605221.0213811,66
1774605221.037696,66
1774605221.0540626,65
1774605221.0695992,64
1774605221.0856667,60
1774605221.101568,62
1774605221.1173277,63
1774605221.1336172,68
1774605221.1498463,70
1774605221.165517,71
1774605221.1815052,67
1774605221.1975775,65
1774605221.21385,59
1774605221.2296746,57
1774605221.2457676,61
1774605221.2617934,65
1774605221.2776663,66
1774605221.2932777,67
1774605221.3095527,68
1774605221.3253732,70
1774605221.3414376,74
1774605221.357362,84
1774605221.3734221,97
1774605221.389445,103
1774605221.4054418,103
1774605221.421517,100
1774605221.4374988,91
1774605221.4535866,79
1774605221.4695482,70
1774605221.4854567,66
1774605221.5015047,65
1774605221.5173857,66
1774605221.5333652,67
1774605221.5495071,70
1774605221.565536,67
1774605221.5816498,63
1774605221.5975108,64
1774605221.61335,67
1774605221.6294131,72
1774605221.6453302,78
1774605221.6613889,88
1774605221.6772778,91
1774605221.693369,92
1774605221.7095103,87
1774605221.7256153,84
1774605221.7414768,77
1774605221.7574196,70
1774605221.7734406,63
1774605221.7894032,63
1774605221.8054018,61
1774605221.8214164,59
1774605221.837564,57
1774605221.8535736,56
1774605221.8693426,57
1774605221.8853002,59
1774605221.9013748,66
1774605221.9175904,79
1774605221.9334247,93
1774605221.9494896,108
1774605221.965795,114
1774605221.9817665,115
1774605221.9982557,111
1774605222.0141678,103
1774605222.029412,93
1774605222.0458918,90
1774605222.0616515,86
1774605222.0775876,80
1774605222.0939977,78
1774605222.1096938,75
1774605222.1255379,76
1774605222.1416054,79
1774605222.1580646,84
1774605222.1736016,85
1774605222.1903808,87
1774605222.20572,90
1774605222.2216263,87
1774605222.2375584,87
1774605222.2538028,83
1774605222.2696674,80
1774605222.2858489,72
1774605222.3016226,66
1774605222.3178194,58
1774605222.334185,59
1774605222.3496954,57
1774605222.366178,56
1774605222.3817713,62
1774605222.3974154,68
1774605222.4140723,81
1774605222.429622,93
1774605222.4455338,105
1774605222.4614608,117
1774605222.478077,123
1774605222.493546,124
1774605222.5098758,120
1774605222.5258224,118
1774605222.5424592,110
1774605222.5580215,113
1774605222.5738668,106
1774605222.5899067,117
1774605222.6055183,119
1774605222.6216662,119
1774605222.6374626,119
1774605222.653963,128
1774605222.6697125,119
1774605222.6858582,119
1774605222.7018187,115
1774605222.7178473,108
1774605222.7342052,97
1774605222.7497246,94
1774605222.7662277,87
1774605222.7817564,83
1774605222.798216,76
1774605222.81433,72
1774605222.8301497,67
1774605222.8454604,64
1774605222.8620708,65
1774605222.8777916,65
1774605222.8937316,65
1774605222.9094312,64
1774605222.9256914,62
1774605222.942271,61
1774605222.958227,61
1774605222.9742584,62
1774605222.9898026,64
1774605223.0056734,69
1774605223.021427,78
1774605223.0376482,86
1774605223.0536385,91
1774605223.069967,91
1774605223.085689,85
1774605223.101823,76
1774605223.1182358,67
1774605223.1342747,65
1774605223.1497684,66
1774605223.1661904,66
1774605223.1823275,67
1774605223.1981528,66
1774605223.2141013,65
1774605223.2295194,67
1774605223.245642,76
1774605223.2616243,86
1774605223.2782707,93
1774605223.2942536,93
1774605223.309681,88
1774605223.3260796,78
1774605223.3421276,66
1774605223.3576808,58
1774605223.373634,56
1774605223.3897443,52
1774605223.4057503,55
1774605223.421472,55
1774605223.4376657,57
1774605223.4534721,55
1774605223.469618,62
1774605223.4856842,68
1774605223.5017316,80
1774605223.5178227,89
1774605223.5335436,110
1774605223.5496924,119
1774605223.566145,120
1774605223.5815744,111
1774605223.5982714,111
1774605223.6142564,98
1774605223.6299293,87
1774605223.6463416,87
1774605223.6618056,93
1774605223.6783612,90
1774605223.693838,88
1774605223.709653,91
1774605223.7261183,94
1774605223.7415316,89
1774605223.7583447,87
1774605223.7742486,88
1774605223.7898452,90
1774605223.8059242,87
1774605223.8217916,89
1774605223.8375444,84
1774605223.8536086,79
1774605223.8695946,71
1774605223.8860118,66
1774605223.9018168,62
1774605223.917851,63
1774605223.9337978,68
1774605223.9495556,72
1774605223.9656734,72
1774605223.9817677,71
1774605223.99777,72
1774605224.0137649,69
1774605224.0296564,65
1774605224.045661,65
1774605224.0617435,68
1774605224.0777483,72
1774605224.0937495,78
1774605224.1097927,89
1774605224.1258512,94
1774605224.1417184,95
1774605224.1578152,102
1774605224.17387,115
1774605224.189713,106
1774605224.2057784,104
1774605224.2218013,105
1774605224.2376716,103
1774605224.253641,91
1774605224.269706,107
1774605224.2855844,111
1774605224.3014784,120
1774605224.317797,120
1774605224.3336523,116
1774605224.349833,102
1774605224.3657868,98
1774605224.3815558,86
1774605224.3976533,84
1774605224.4135926,85
1774605224.4295094,86
1774605224.445781,81
1774605224.4616835,79
1774605224.4777024,70
1774605224.4938998,65
1774605224.509724,61
1774605224.5258825,64
1774605224.541728,66
1774605224.5578465,76
1774605224.574095,86
1774605224.5895255,96
1774605224.6057105,106
1774605224.6222053,111
1774605224.6376107,113
1774605224.6539767,116
1774605224.6698034,113
1774605224.6859326,105
1774605224.7020435,103
1774605224.7179236,100
1774605224.7336667,98
1774605224.7495563,99
1774605224.7658312,105
1774605224.782494,116
1774605224.7984252,116
1774605224.814423,117
1774605224.8299887,119
1774605224.8464732,115
1774605224.861805,102
1774605224.8783576,101
1774605224.8936014,91
1774605224.9103465,85
1774605224.9263537,84
1774605224.941823,88
1774605224.9580076,86
1774605224.9739113,87
1774605224.989846,83
1774605225.0057898,78
1774605225.0217738,72
1774605225.0377002,69
1774605225.053646,68
1774605225.069777,66
1774605225.0858898,68
1774605225.1024828,70
1774605225.1184099,68
1774605225.1342914,69
1774605225.150522,68
1774605225.1660786,67
1774605225.1824214,65
1774605225.1984143,66
1774605225.2139416,67
1774605225.230527,69
1774605225.246465,68
1774605225.2619355,68
1774605225.2776604,66
1774605225.2942367,65
1774605225.310155,63
1774605225.3259091,60
1774605225.3420215,59
1774605225.3584511,56
1774605225.3744843,56
1774605225.389932,57
1774605225.4064732,58
1774605225.422245,58
1774605225.4384458,57
1774605225.453857,57
1774605225.4704428,56
1774605225.4859273,55
1774605225.5016491,57
1774605225.5178418,60
1774605225.533688,61
1774605225.5497956,62
1774605225.5656998,63
1774605225.5817323,60
1774605225.5978522,58
1774605225.6143112,65
1774605225.6297262,75
1774605225.6464298,88
1774605225.6619916,99
1774605225.678459,113
1774605225.6944878,110
1774605225.7098155,105
1774605225.7257626,94
1774605225.741961,88
1774605225.7578108,76
1774605225.7739356,72
1774605225.7898972,70
1774605225.8064668,68
1774605225.8220377,64
1774605225.8378527,63
1774605225.853681,61
1774605225.8698392,66
1774605225.8859837,78
1774605225.9018686,89
1774605225.9182398,101
1774605225.9342694,106
1774605225.9500778,107
1774605225.9661725,110
1774605225.9820921,102
1774605225.9980361,90
1774605226.0145054,83
1774605226.0297828,74
1774605226.046481,62
1774605226.0619392,59
1774605226.077851,63
1774605226.0939863,65
1774605226.1097252,67
1774605226.1258752,67
1774605226.1419513,70
1774605226.158093,69
1774605226.1740873,70
1774605226.190007,76
1774605226.2065015,83
1774605226.2225137,90
1774605226.2385333,101
1774605226.2545285,106
1774605226.2699387,107
1774605226.285855,108
1774605226.3017337,107
1774605226.3183966,103
1774605226.3340552,103
1774605226.3500524,99
1774605226.3664985,94
1774605226.382508,86
1774605226.3984966,81
1774605226.4145427,74
1774605226.430465,78
1774605226.4461966,83
1774605226.4620068,90
1774605226.477783,89
1774605226.4939928,95
1774605226.509804,94
1774605226.526139,90
1774605226.5420208,84
1774605226.5578995,81
1774605226.5737627,75
1774605226.5901036,67
1774605226.605749,61
1774605226.6218808,59
1774605226.637677,58
1774605226.6539001,58
1774605226.6696756,59
1774605226.6857913,66
1774605226.7018054,77
1774605226.718185,89
1774605226.7341774,105
1774605226.7496934,117
1774605226.7659938,126
1774605226.781985,126
1774605226.797905,124
1774605226.8140404,115
1774605226.830065,113
1774605226.8457549,104
1774605226.862103,103
1774605226.8778088,97
1774605226.8938293,103
1774605226.9099796,102
1774605226.925968,103
1774605226.9418314,107
1774605226.958276,119
1774605226.973851,112
1774605226.9900694,107
1774605227.0060766,108
1774605227.0219054,102
1774605227.0381274,90
1774605227.054074,86
1774605227.07032,83
1774605227.086037,79
1774605227.1018445,74
1774605227.1178176,71
1774605227.1338372,68
1774605227.1505718,65
1774605227.166082,65
1774605227.1824899,68
1774605227.1981897,70
1774605227.214721,71
1774605227.2305827,75
1774605227.2462049,76
1774605227.2626302,73
1774605227.277874,73
1774605227.2938254,76
1774605227.3098378,78
1774605227.3258705,82
1774605227.341863,93
1774605227.3577774,96
1774605227.3738737,93
1774605227.3898256,86
1774605227.4064033,82
1774605227.4219213,72
1774605227.4385426,69
1774605227.4546099,71
1774605227.4699507,71
1774605227.4858944,66
1774605227.5018458,66
1774605227.5179627,68
1774605227.5340242,72
1774605227.550094,77
1774605227.566218,84
1774605227.5821202,86
1774605227.5981011,84
1774605227.6141796,77
1774605227.6306317,70
1774605227.6460104,62
1774605227.661957,57
1774605227.6779516,53
1774605227.6939747,53
1774605227.7098515,54
1774605227.7264707,57
1774605227.7420213,58
1774605227.758553,64
1774605227.7746167,73
1774605227.79019,79
1774605227.8062189,86
1774605227.8226082,95
1774605227.8381202,105
1774605227.8539917,114
1774605227.8698537,114
1774605227.8859193,115
1774605227.9019597,114
1774605227.9178166,102
1774605227.934149,87
1774605227.9508007,85
1774605227.9662282,84
1774605227.982581,83
1774605227.9986956,92
1774605228.0140936,98
1774605228.0298932,99
1774605228.0461206,96
1774605228.0618887,94
1774605228.0780795,86
1774605228.0940044,80
1774605228.1098852,76
1774605228.1261313,75
1774605228.142493,70
1774605228.1580946,68
1774605228.1746585,66
1774605228.1903505,68
1774605228.2063446,69
1774605228.2221766,69
1774605228.237992,67
1774605228.2539732,65
1774605228.2698407,61
1774605228.285974,59
1774605228.3020916,61
1774605228.31789,69
1774605228.334168,78
1774605228.3500102,86
1774605228.366004,96
1774605228.3821464,105
1774605228.3981106,105
1774605228.4140236,111
1774605228.4300208,113
1774605228.44611,121
1774605228.4623237,116
1774605228.4786625,126
1774605228.4947305,123
1774605228.5107675,122
1774605228.5263584,117
1774605228.542267,118
1774605228.5585227,110
1774605228.5744638,112
1774605228.5902715,109
1774605228.6062896,107
1774605228.6223807,109
1774605228.6385205,109
1774605228.6544,106
1774605228.6702628,112
1774605228.6864264,117
1774605228.7019382,115
1774605228.7179189,111
1774605228.7339363,109
1774605228.7500615,98
1774605228.7659423,88
1774605228.7820432,83
1774605228.7980664,83
1774605228.8141723,77
1774605228.8300223,81
1774605228.8459246,85
1774605228.861888,97
1774605228.8780758,104
1774605228.8943217,116
1774605228.9100494,117
1774605228.926105,121
1774605228.9422367,118
1774605228.9581645,117
1774605228.9741087,113
1774605228.9901652,113
1774605229.0060914,108
1774605229.0221057,107
1774605229.0380096,109
1774605229.0540407,107
1774605229.0700917,106
1774605229.0860112,103
1774605229.1020708,103
1774605229.1179755,101
1774605229.1341255,100
1774605229.150022,97
1774605229.1660388,97
1774605229.181911,94
1774605229.1980171,91
1774605229.2140772,89
1774605229.2300026,87
1774605229.246028,86
1774605229.2620506,83
1774605229.2780497,84
1774605229.2940457,85
1774605229.3100452,85
1774605229.3261945,83
1774605229.3420186,83
1774605229.3580976,80
1774605229.3740077,80
1774605229.390018,80
1774605229.4061024,80
1774605229.4221537,82
1774605229.438168,84
1774605229.4542086,82
1774605229.470003,85
1774605229.4861372,93
1774605229.5022798,101
1774605229.5183227,107
1774605229.5340378,113
1774605229.5499969,116
1774605229.5662038,111
1774605229.5822458,106
1774605229.5980985,96
1774605229.614039,95
1774605229.6301332,90
1774605229.6460893,90
1774605229.662029,93
1774605229.6781437,97
1774605229.6940792,95
1774605229.7101364,96
1774605229.7260888,92
1774605229.742101,87
1774605229.7581556,83
1774605229.7742822,78
1774605229.7902317,77
1774605229.8061848,79
1774605229.8220437,76
1774605229.8380709,77
1774605229.8539538,80
1774605229.8699331,79
1774605229.8859465,82
1774605229.901951,88
1774605229.9179702,94
1774605229.9340339,101
1774605229.9501514,105
1774605229.9662082,102
1774605229.982033,98
1774605229.998109,92
1774605230.0141435,87
1774605230.0301218,85
1774605230.0461273,85
1774605230.062147,87
1774605230.078129,86
1774605230.0941231,83
1774605230.110031,81
1774605230.1261253,79
1774605230.1421046,77
1774605230.1580367,79
1774605230.1740239,80
1774605230.1899896,81
1774605230.206177,81
1774605230.222131,80
1774605230.2380695,79
1774605230.2541943,80
1774605230.2702062,76
1774605230.2861717,72
1774605230.3021226,70
1774605230.318148,68
1774605230.3341749,70
1774605230.3501003,76
1774605230.3660953,80
1774605230.3820956,81
1774605230.3982344,78
1774605230.4140863,71
1774605230.4301107,64
1774605230.446026,60
1774605230.4620383,60
1774605230.4782093,66
1774605230.494155,79
1774605230.51033,91
1774605230.5260983,97
1774605230.5421965,100
1774605230.5581872,100
1774605230.5741873,92
1774605230.5902371,89
1774605230.6062806,89
1774605230.622255,90
1774605230.638176,91
1774605230.6543593,90
1774605230.670186,89
1774605230.6862333,91
1774605230.7021325,92
1774605230.7240145,97
1774605230.7340574,100
1774605230.7500532,103
1774605230.7660544,103
1774605230.7822237,104
1774605230.7981515,109
1774605230.8140707,112
1774605230.8300793,110
1774605230.8460734,110
1774605230.862111,108
1774605230.8781416,99
1774605230.8941784,103
1774605230.910315,109
1774605230.926358,117
1774605230.9421146,119
1774605230.9580815,125
1774605230.9740875,124
1774605230.990099,124
1774605231.0061324,122
1774605231.0222013,124
1774605231.038276,125
1774605231.054229,125
1774605231.0701425,127
1774605231.0861077,126
1774605231.102555,126
1774605231.118941,122
1774605231.1342869,116
1774605231.1501687,106
1774605231.1661854,93
1774605231.1822386,84
1774605231.198404,80
1774605231.2142494,84
1774605231.2302668,89
1774605231.2461805,102
1774605231.2622836,110
1774605231.278329,117
1774605231.2944434,118
1774605231.3101313,116
1774605231.3263159,110
1774605231.3422637,107
1774605231.3582656,101
1774605231.3742561,99
1774605231.390319,97
1774605231.4061918,98
1774605231.4222622,97
1774605231.4383366,98
1774605231.4543157,92
1774605231.4702854,92
1774605231.4865031,90
1774605231.5024285,90
1774605231.5182786,89
1774605231.5342126,89
1774605231.550539,87
1774605231.566124,85
1774605231.5821254,82
1774605231.5981865,79
1774605231.6142364,83
1774605231.6301742,92
1774605231.6462643,91
1774605231.6622605,91
1774605231.6783442,88
1774605231.6941335,82
1774605231.7102733,72
1774605231.7263446,72
1774605231.7422802,70
1774605231.7582448,69
1774605231.7742012,70
1774605231.790178,69
1774605231.8062592,66
1774605231.8221335,67
1774605231.8381476,69
1774605231.854163,70
1774605231.8702562,72
1774605231.8863382,72
1774605231.9023144,69
1774605231.9182475,66
1774605231.934398,59
1774605231.950714,59
1774605231.9663017,63
1774605231.9821734,67
1774605231.9983294,71
1774605232.0140898,76
1774605232.0301864,81
1774605232.046145,84
1774605232.0621834,88
1774605232.0781324,94
1774605232.0941243,97
1774605232.1101065,96
1774605232.1261418,91
1774605232.1421013,83
1774605232.1581645,75
1774605232.174117,68
1774605232.1901345,62
1774605232.2061558,57
1774605232.2221282,55
1774605232.2381873,53
1774605232.254144,51
1774605232.270174,51
1774605232.2861686,51
1774605232.3021686,52
1774605232.318143,52
1774605232.3341691,57
1774605232.350187,62
1774605232.36623,64
1774605232.3822339,67
1774605232.3982158,70
1774605232.4141452,68
1774605232.4302156,66
1774605232.4462175,65
1774605232.4621956,62
1774605232.4781506,59
1774605232.4941738,59
1774605232.5102277,58
1774605232.5264385,58
1774605232.5423949,58
1774605232.5583904,59
1774605232.5744207,59
1774605232.5903919,60
1774605232.6065595,61
1774605232.622499,66
1774605232.638446,70
1774605232.654524,73
1774605232.6702924,72
1774605232.6862953,69
1774605232.7023656,64
1774605232.7184095,59
1774605232.734536,53
1774605232.7505746,51
1774605232.7663796,50
1774605232.78225,50
1774605232.7984133,50
1774605232.8145275,52
1774605232.8303888,54
1774605232.846496,58
1774605232.8625398,61
1774605232.8784266,63
1774605232.8943512,64
1774605232.9104207,65
1774605232.9264581,65
1774605232.9424324,63
1774605232.9584665,63
1774605232.9745111,63
1774605232.9902737,60
1774605233.0062838,56
1774605233.022462,53
1774605233.0384629,51
1774605233.0545337,49
1774605233.0705826,47
1774605233.08644,45
1774605233.1024518,45
1774605233.1182997,52
1774605233.1344454,62
1774605233.150598,76
1774605233.1664467,91
1774605233.1823065,103
1774605233.1983624,101
1774605233.2144344,95
1774605233.2305982,88
1774605233.2464423,78
1774605233.262468,69
1774605233.278553,65
1774605233.2942944,62
1774605233.3103662,57
1774605233.326238,56
1774605233.342325,54
1774605233.358298,53
1774605233.3743455,52
1774605233.3903048,53
1774605233.4062948,54
1774605233.4223175,54
1774605233.4383836,53
1774605233.4543052,54
1774605233.4703045,52
1774605233.486476,48
1774605233.5024343,46
1774605233.518501,46
1774605233.534391,44
1774605233.5505939,47
1774605233.5664842,49
1774605233.5825226,53
1774605233.598449,55
1774605233.6144645,55
1774605233.6309395,53
1774605233.6465302,53
1774605233.662666,51
1774605233.6784465,51
1774605233.6944625,50
1774605233.7103624,47
1774605233.7264414,45
1774605233.7423823,41
1774605233.7585092,37
1774605233.7745056,36
1774605233.7927637,36
1774605233.8063815,34
1774605233.8223896,35
1774605233.8384793,35
1774605233.8545141,35
1774605233.8703873,35
1774605233.88643,34
1774605233.9024549,35
1774605233.9184575,37
1774605233.934471,36
1774605233.950436,35
1774605233.9663317,35
1774605233.982405,36
1774605233.998549,32
1774605234.0144172,32
1774605234.0304556,31
1774605234.0465374,32
1774605234.0623972,31
1774605234.0783918,31
1774605234.0944107,33
1774605234.1106594,35
1774605234.1264951,36
1774605234.1424983,38
1774605234.1584551,38
1774605234.174627,39
1774605234.1908047,40
1774605234.2063887,42
1774605234.2229052,41
1774605234.2386913,44
1774605234.2546842,43
1774605234.2705662,42
1774605234.2866514,41
1774605234.3026447,40
1774605234.3185637,38
1774605234.3345113,38
1774605234.3503926,38
1774605234.3664358,37
1774605234.382478,39
1774605234.398383,41
1774605234.4144979,44
1774605234.4305327,44
1774605234.4467833,45
1774605234.4625518,44
1774605234.478418,43
1774605234.4944663,42
1774605234.5104003,42
1774605234.5263636,41
1774605234.542403,42
1774605234.558425,41
1774605234.5744767,40
1774605234.5907028,38
1774605234.6065092,36
1774605234.6224868,36
1774605234.6384904,35
1774605234.6544921,35
1774605234.6705613,35
1774605234.6864994,37
1774605234.702587,40
1774605234.7185848,43
1774605234.7345736,47
1774605234.75055,53
1774605234.7665606,55
1774605234.7825618,55
1774605234.798479,54
1774605234.8146691,51
1774605234.830542,47
1774605234.8465877,46
1774605234.8628223,46
1774605234.878409,44
1774605234.8946779,42
1774605234.9106352,40
1774605234.9266694,37
1774605234.9425735,36
1774605234.958583,36
1774605234.9746118,38
1774605234.9906025,40
1774605235.0065684,40
1774605235.0225828,39
1774605235.03852,38
1774605235.054529,38
1774605235.0705602,36
1774605235.0865889,37
1774605235.1026027,37
1774605235.1187625,37
1774605235.1345377,35
1774605235.150558,34
1774605235.1665754,33
1774605235.1824648,33
1774605235.1990848,31
1774605235.2144778,30
1774605235.2306569,30
1774605235.2465456,33
1774605235.2625456,36
1774605235.2784867,42
1774605235.2945156,47
1774605235.3104222,50
1774605235.326497,51
1774605235.3427503,51
1774605235.358596,46
1774605235.3745618,42
1774605235.3904722,40
1774605235.4066105,38
1774605235.4225457,35
1774605235.4386125,36
1774605235.4544866,35
1774605235.4706414,33
1774605235.486655,33
1774605235.5025327,33
1774605235.518626,33
1774605235.5346434,34
1774605235.5506468,36
1774605235.5666482,36
1774605235.5826168,34
1774605235.598656,34
1774605235.614548,34
1774605235.6306973,33
1774605235.6468503,33
1774605235.6625907,35
1774605235.6785834,36
1774605235.6946366,37
1774605235.7106485,36
1774605235.726642,35
1774605235.742663,35
1774605235.7586315,34
1774605235.7746117,32
1774605235.7906334,33
1774605235.806602,34
1774605235.8227382,33
1774605235.838508,32
1774605235.8546126,33
1774605235.8706517,31
1774605235.886682,28
1774605235.902609,29
1774605235.9186563,30
1774605235.934633,29
1774605235.9506512,31
1774605235.9666357,32
1774605235.9828372,32
1774605235.998649,32
1774605236.0146735,31
1774605236.0306067,30
1774605236.0465193,30
1774605236.0627632,30
1774605236.0786712,31
1774605236.094655,33
1774605236.1106815,33
1774605236.1267583,32
1774605236.1426194,32
1774605236.1586819,30
1774605236.1748793,28
1774605236.1906762,28
1774605236.2066295,29
1774605236.2226973,30
1774605236.2386868,31
1774605236.2547455,33
1774605236.2707257,33
1774605236.2868192,34
1774605236.3027477,33
1774605236.3187273,33
1774605236.3347838,32
1774605236.35061,33
1774605236.3667188,35
1774605236.3828642,36
1774605236.3986907,36
1774605236.4145925,37
1774605236.4307332,37
1774605236.4465446,35
1774605236.462549,33
1774605236.4798105,32
1774605236.4946506,34
1774605236.5105474,34
1774605236.5265234,34
1774605236.5425804,34
1774605236.5586529,35
1774605236.5746105,33
1774605236.5906067,32
1774605236.6068323,32
1774605236.6228695,33
1774605236.6387193,34
1774605236.654745,34
1774605236.670766,35
1774605236.686593,35
1774605236.7025874,34
1774605236.718717,34
1774605236.7347248,34
1774605236.750757,35
1774605236.7667758,35
1774605236.7827177,36
1774605236.7988048,36
1774605236.8148427,34
1774605236.8306346,32
1774605236.846734,34
1774605236.8626168,37
1774605236.8788252,40
1774605236.8948338,42
1774605236.9107327,46
1774605236.9266055,45
1774605236.9426193,44
1774605236.9587648,43
1774605236.9747224,43
1774605236.9907954,42
1774605237.0066853,41
1774605237.022725,37
1774605237.0387151,36
1774605237.0547197,37
1774605237.0707982,36
1774605237.0867114,36
1774605237.1026084,36
1774605237.118616,38
1774605237.1346345,37
1774605237.1505876,35
1774605237.1665883,33
1774605237.182574,33
1774605237.1986136,31
1774605237.2145965,30
1774605237.230767,30
1774605237.2467358,30
1774605237.262673,30
1774605237.2788603,29
1774605237.2947717,29
1774605237.3106768,28
1774605237.3266208,28
1774605237.342834,28
1774605237.3588262,29
1774605237.3747394,28
1774605237.390822,31
1774605237.4069357,34
1774605237.4227164,39
1774605237.4387243,41
1774605237.4547193,44
1774605237.4707882,43
1774605237.4867954,41
1774605237.5028446,39
1774605237.5188427,38
1774605237.534789,36
1774605237.5508065,35
1774605237.566801,37
1774605237.5827937,35
1774605237.5988111,35
1774605237.6147988,34
1774605237.6307998,35
1774605237.646823,33
1774605237.6627445,32
1774605237.6786995,31
1774605237.6948342,32
1774605237.7106073,31
1774605237.7266867,31
1774605237.7428086,30
1774605237.7588096,32
1774605237.774827,31
1774605237.7908003,31
1774605237.806855,30
1774605237.8228464,31
1774605237.8388004,29
1774605237.8546858,29
1774605237.870807,29
1774605237.8868418,31
1774605237.9028392,30
1774605237.9188514,32
1774605237.9348416,33
1774605237.9508238,32
1774605237.9666696,32
1774605237.9828296,32
1774605237.9988182,30
1774605238.0148222,29
1774605238.0307348,29
1774605238.0468915,28
1774605238.0628552,28
1774605238.0786986,27
1774605238.0948813,27
1774605238.1107311,28
1774605238.1267066,29
1774605238.1429284,31
1774605238.1588953,32
1774605238.1748388,31
1774605238.19085,31
1774605238.2068505,31
1774605238.2229962,29
1774605238.2388372,30
1774605238.255017,32
1774605238.2710907,31
1774605238.286819,31
1774605238.3027337,31
1774605238.3189416,31
1774605238.3347926,30
1774605238.3509796,31
1774605238.3669083,32
1774605238.3828993,34
1774605238.3989305,35
1774605238.4149053,34
1774605238.4310124,34
1774605238.4468715,33
1774605238.4627602,33
1774605238.4787104,33
1774605238.4948041,35
1774605238.510849,39
1774605238.526926,42
1774605238.542881,42
1774605238.5588825,43
1774605238.5749364,42
1774605238.590913,38
1774605238.6068618,39
1774605238.6228168,40
1774605238.638801,40
1774605238.654909,41
1774605238.6709847,42
1774605238.6867747,41
1774605238.7027702,40
1774605238.7187328,40
1774605238.734796,41
1774605238.750812,40
1774605238.7668557,40
1774605238.7828605,42
1774605238.7989323,41
1774605238.814964,40
1774605238.8308349,40
1774605238.8467917,39
1774605238.8629227,36
1774605238.8789096,38
1774605238.8947456,37
1774605238.911034,37
1774605238.9269683,36
1774605238.9429727,35
1774605238.9590135,34
1774605238.974861,33
1774605238.9907453,35
1774605239.0069268,40
1774605239.0230246,43
1774605239.038915,46
1774605239.055014,49
1774605239.0716848,49
1774605239.087038,46
1774605239.102841,45
1774605239.118919,45
1774605239.1350422,46
1774605239.1510108,47
1774605239.1671233,47
1774605239.1827686,45
1774605239.1990354,42
1774605239.2148829,40
1774605239.2308297,40
1774605239.2468188,40
1774605239.262791,41
1774605239.2788236,40
1774605239.2947931,39
1774605239.3110452,35
1774605239.3269398,33
1774605239.3430812,32
1774605239.3589487,32
1774605239.3749776,30
1774605239.3908265,30
1774605239.406847,32
1774605239.422835,30
1774605239.4389253,31
1774605239.4548616,33
1774605239.4709167,35
1774605239.4869356,33
1774605239.5028217,34
1774605239.5188448,32
1774605239.5348577,34
1774605239.5508296,36
1774605239.5669575,41
1774605239.5829322,45
1774605239.5989156,49
1774605239.6150749,48
1774605239.6308806,46
1774605239.6468291,42
1774605239.6628492,39
1774605239.6790905,36
1774605239.6949742,35
1774605239.7110517,35
1774605239.7271533,35
1774605239.7431345,34
1774605239.758943,33
1774605239.7748725,35
1774605239.791021,35
1774605239.8069673,37
1774605239.8229735,38
1774605239.8388813,36
1774605239.8550446,34
1774605239.8709846,33
1774605239.8870013,29
1774605239.9029415,27
1774605239.919074,28
1774605239.935006,28
1774605239.9511945,28
1774605239.9668946,29
1774605239.9830835,31
1774605239.9991016,31
1774605240.0148673,31
1774605240.0309117,32
1774605240.046991,32
1774605240.062898,31
1774605240.0789115,31
1774605240.094838,31
1774605240.1108806,29
1774605240.1271887,28
1774605240.142898,27
1774605240.1589248,27
1774605240.1749208,27
1774605240.190905,26
1774605240.2069342,27
1774605240.2229748,29
1774605240.2391229,29
1774605240.2550368,29
1774605240.2708602,29
1774605240.2870529,29
1774605240.3030047,27
1774605240.319079,27
1774605240.3349767,27
1774605240.3509784,28
1774605240.3669722,29
1774605240.3829486,30
1774605240.3991709,32
1774605240.4150858,34
1774605240.4310038,36
1774605240.4470575,36
1774605240.4630303,36
1774605240.4790838,35
1774605240.4950922,37
1774605240.511025,38
1774605240.5269957,38
1774605240.5428727,38
1774605240.5590634,39
1774605240.5750458,38
1774605240.5910733,35
1774605240.6069605,38
1774605240.6232033,39
1774605240.6390762,40
1774605240.6550584,41
1774605240.6709516,42
1774605240.6871676,39
1774605240.703068,38
1774605240.7190661,38
1774605240.7352397,38
1774605240.7510247,39
1774605240.7670126,40
1774605240.782986,39
1774605240.7993052,39
1774605240.8151412,39
1774605240.8309832,37
1774605240.84698,39
1774605240.8630648,40
1774605240.8789518,42
1774605240.8949912,42
1774605240.911026,42
1774605240.9269278,41
1774605240.9432633,41
1774605240.9592278,38
1774605240.9749334,37
1774605240.991012,38
1774605241.0070558,37
1774605241.023115,38
1774605241.0391157,41
1774605241.0551972,42
1774605241.0710113,42
1774605241.087036,41
1774605241.103109,41
1774605241.1192474,40
1774605241.1351123,41
1774605241.1511216,49
1774605241.1671073,53
1774605241.1831274,55
1774605241.1991181,58
1774605241.2151644,58
1774605241.231119,52
1774605241.2470453,51
1774605241.2630546,50
1774605241.2791345,47
1774605241.2951205,46
1774605241.311212,45
1774605241.3269396,45
1774605241.3431203,43
1774605241.359201,43
1774605241.3751616,41
1774605241.391128,41
1774605241.4071295,40
1774605241.4231563,40
1774605241.4391537,38
1774605241.45508,38
1774605241.4713244,37
1774605241.487024,37
1774605241.503052,35
1774605241.5190244,35
1774605241.535047,34
1774605241.55103,34
1774605241.5669868,34
1774605241.5830708,34
1774605241.5990925,36
1774605241.6151302,37
1774605241.6310322,34
1774605241.647151,33
1774605241.663153,32
1774605241.6790702,34
1774605241.6950848,35
1774605241.7110925,42
1774605241.727079,46
1774605241.7429986,50
1774605241.7590406,48
1774605241.7751415,45
1774605241.7910433,42
1774605241.807132,38
1774605241.8230698,35
1774605241.8390968,35
1774605241.8550174,34
1774605241.8710256,34
1774605241.8870478,36
1774605241.9030774,35
1774605241.919489,35
1774605241.9352129,35
1774605241.9510715,33
1774605241.9670846,33
1774605241.983077,32
1774605241.9991434,32
1774605242.0151021,32
1774605242.031237,30
1774605242.047159,28
1774605242.063209,29
1774605242.0793822,28
1774605242.0950434,27
1774605242.1112564,28
1774605242.127322,28
1774605242.1433356,28
1774605242.159161,28
1774605242.175101,28
1774605242.1911268,29
1774605242.2072713,29
1774605242.22299,29
1774605242.2390885,31
1774605242.2552018,32
1774605242.2712336,30
1774605242.287168,30
1774605242.3032243,30
1774605242.3192775,27
1774605242.3352127,26
1774605242.3511896,29
1774605242.3672354,30
1774605242.3831816,30
1774605242.3992267,31
1774605242.4153316,33
1774605242.4314816,32
1774605242.4470756,30
1774605242.4631805,32
1774605242.4791317,33
1774605242.4950938,33
1774605242.511328,33
1774605242.5271444,34
1774605242.5430686,33
1774605242.5590832,31
1774605242.5752957,30
1774605242.5910883,32
1774605242.607342,33
1774605242.6231773,36
1774605242.6391728,38
1774605242.6551545,39
1774605242.671382,40
1774605242.6870806,39
1774605242.7031238,35
1774605242.7191312,36
1774605242.7351923,34
1774605242.7514508,36
1774605242.7673893,38
1774605242.783349,39
1774605242.799298,39
1774605242.8153317,40
1774605242.8314507,38
1774605242.847302,36
1774605242.863359,38
1774605242.8793318,39
1774605242.8953104,41
1774605242.9114256,41
1774605242.9272957,41
1774605242.9430754,38
1774605242.9591992,34
1774605242.975363,33
1774605242.9911637,31
1774605243.007364,31
1774605243.0231562,34
1774605243.0392437,36
1774605243.0551486,37
1774605243.0712976,37
1774605243.087183,39
1774605243.1031125,38
1774605243.1190996,37
1774605243.1351273,36
1774605243.1514606,37
1774605243.1673234,35
1774605243.1832232,33
1774605243.1993332,34
1774605243.2153866,37
1774605243.2313561,36
1774605243.2473922,35
1774605243.2633233,35
1774605243.2794402,40
1774605243.2952642,41
1774605243.3115003,46
1774605243.3273757,52
1774605243.3432572,56
1774605243.3592317,51
1774605243.375431,50
1774605243.3912985,49
1774605243.407307,44
1774605243.4233367,44
1774605243.439418,43
1774605243.4554393,42
1774605243.4711583,38
1774605243.4873118,38
1774605243.5032084,38
1774605243.5193377,38
1774605243.535491,38
1774605243.5514216,39
1774605243.567321,40
1774605243.5831814,38
1774605243.59927,37
1774605243.6153119,37
1774605243.6313713,36
1774605243.6473217,36
1774605243.6632028,36
1774605243.679387,36
1774605243.6951752,36
1774605243.7112749,37
1774605243.7272375,36
1774605243.7432508,37
1774605243.759202,38
1774605243.7752674,37
1774605243.7917454,38
1774605243.8073995,39
1774605243.8231866,39
1774605243.8392622,42
1774605243.8553329,47
1774605243.871274,49
1774605243.8874135,51
1774605243.9032779,50
1774605243.919226,47
1774605243.935208,43
1774605243.9514716,38
1774605243.9671457,35
1774605243.9831965,35
1774605243.999235,35
1774605244.0152478,35
1774605244.0314314,34
1774605244.047255,34
1774605244.063254,33
1774605244.0792437,32
1774605244.0954084,34
1774605244.1112373,33
1774605244.1273093,32
1774605244.1432505,32
1774605244.1592417,33
1774605244.175275,32
1774605244.1911972,34
1774605244.207266,33
1774605244.2232401,33
1774605244.2392735,32
1774605244.2553208,30
1774605244.2712102,29
1774605244.287275,30
1774605244.3032234,30
1774605244.3193161,31
1774605244.3353453,32
1774605244.351225,33
1774605244.3672535,34
1774605244.3832352,34
1774605244.3992133,32
1774605244.4153035,31
1774605244.431256,31
1774605244.4472501,30
1774605244.463332,29
1774605244.47925,29
1774605244.495271,28
1774605244.511255,28
1774605244.5272613,28
1774605244.5433052,27
1774605244.5592682,27
1774605244.575279,26
1774605244.5913393,25
1774605244.607269,23
1774605244.6232834,22
1774605244.6393557,21
1774605244.6553607,21
1774605244.6713257,19
1774605244.6873279,19
1774605244.7033672,19
1774605244.7193189,17
1774605244.7353137,18
1774605244.751528,18
1774605244.7673795,19
1774605244.7832747,19
1774605244.7992973,20
1774605244.815304,19
1774605244.8312724,20
1774605244.8474207,19
1774605244.8632684,19
1774605244.8792756,18
1774605244.8953116,17
1774605244.911295,17
1774605244.9272823,17
1774605244.9433758,18
1774605244.9598339,18
1774605244.975292,18
1774605244.991423,19
1774605245.0075643,20
1774605245.0233753,19
1774605245.039349,19
1774605245.055428,20
1774605245.0713222,18
1774605245.0873249,19
1774605245.1033359,20
1774605245.1193051,21
1774605245.1353292,20
1774605245.151367,21
1774605245.1672928,20
1774605245.1833093,19
1774605245.1993098,20
1774605245.215315,20
1774605245.2313602,20
1774605245.2472997,21
1774605245.2633197,20
1774605245.2793927,19
1774605245.2953274,19
1774605245.3115633,17
1774605245.3276193,18
1774605245.3435748,18
1774605245.3594718,18
1774605245.3753524,18
1774605245.3913326,19
1774605245.4075565,18
1774605245.4235754,17
1774605245.439533,17
1774605245.4556983,19
1774605245.471562,18
1774605245.4875727,19
1774605245.5035155,20
1774605245.5195858,20
1774605245.5355217,20
1774605245.551371,20
1774605245.5674477,21
1774605245.5835807,20
1774605245.599478,19
1774605245.6153717,18
1774605245.6313896,19
1774605245.6474645,18
1774605245.663437,19
1774605245.6794312,18
1774605245.6955674,19
1774605245.7115104,19
1774605245.727458,19
1774605245.7433245,19
1774605245.7593606,20
1774605245.775439,21
1774605245.791402,22
1774605245.8075142,23
1774605245.8234408,23
1774605245.8395343,25
1774605245.8554523,24
1774605245.8713741,22
1774605245.8874984,22
1774605245.9034467,23
1774605245.9195147,21
1774605245.935476,21
1774605245.9514544,21
1774605245.9675024,22
1774605245.9834116,23
1774605245.9995112,22
1774605246.0155904,22
1774605246.0314083,23
1774605246.0475225,22
1774605246.0635803,21
1774605246.0795808,21
1774605246.0954015,20
1774605246.1115158,19
1774605246.1274915,19
1774605246.1435187,19
1774605246.159679,19
1774605246.1756058,19
1774605246.1926167,19
1774605246.207445,22
1774605246.2236147,21
1774605246.2396238,20
1774605246.2555664,21
1774605246.2714517,23
1774605246.2874794,20
1774605246.3037133,21
1774605246.3195863,21
1774605246.3355086,21
1774605246.3515193,20
1774605246.3674753,21
1774605246.383518,21
1774605246.3994837,20
1774605246.415446,20
1774605246.4314997,21
1774605246.447399,20
1774605246.463424,22
1774605246.4795496,24
1774605246.4954844,25
1774605246.5119658,24
1774605246.5277636,23
1774605246.5434709,23
1774605246.559547,21
1774605246.5755901,19
1774605246.5914392,19
1774605246.6074395,20
1774605246.6235056,19
1774605246.6394324,19
1774605246.6554537,19
1774605246.6714694,19
1774605246.6876595,21
1774605246.7036235,22
1774605246.7196434,23
1774605246.7354515,24
1774605246.7514496,23
1774605246.767456,22
1774605246.783427,21
1774605246.7994297,20
1774605246.8155022,18
1774605246.8315005,19
1774605246.8474445,19
1774605246.8634512,18
1774605246.8794367,19
1774605246.895441,20
1774605246.9114554,20
1774605246.9274228,20
1774605246.943408,21
1774605246.9596446,21
1774605246.9757233,19
1774605246.9914203,21
1774605247.007482,21
1774605247.0235376,20
1774605247.039471,19
1774605247.0554502,20
1774605247.071591,20
1774605247.0876546,20
1774605247.103614,20
1774605247.119926,22
1774605247.1356468,22
1774605247.1517968,19
1774605247.1678743,20
1774605247.1835337,20
1774605247.1996534,19
1774605247.215683,19
1774605247.231824,19
1774605247.2477374,19
1774605247.2636776,19
1774605247.279753,19
1774605247.2956467,18
1774605247.3117442,17
1774605247.3276498,17
1774605247.3436162,17
1774605247.359665,16
1774605247.3756568,16
1774605247.3916397,17
1774605247.4074905,17
1774605247.423546,17
1774605247.4397745,17
1774605247.4558878,18
1774605247.471492,17
1774605247.4877117,17
1774605247.5037887,17
1774605247.519754,18
1774605247.5357838,18
1774605247.5517669,19
1774605247.567474,20
1774605247.583533,22
1774605247.5996442,21
1774605247.615555,20
1774605247.6315444,20
1774605247.6477363,20
1774605247.6637409,20
1774605247.6798182,21
1774605247.6957245,21
1774605247.7115586,19
1774605247.727734,20
1774605247.7436934,19
1774605247.7596884,19
1774605247.7756512,20
1774605247.7916641,20
1774605247.8076024,19
1774605247.8235986,19
1774605247.8396802,17
1774605247.855734,17
1774605247.8716931,18
1774605247.887753,18
1774605247.9036603,17
1774605247.919605,18
1774605247.9356012,18
1774605247.9515867,17
1774605247.9676266,17
1774605247.983599,17
1774605247.9995484,16
1774605248.0156498,16
1774605248.0315914,17
1774605248.047648,18
1774605248.0636892,18
1774605248.0798001,18
1774605248.095815,18
1774605248.1118464,18
1774605248.1277642,18
1774605248.1436982,17
1774605248.1597002,17
1774605248.175693,17
1774605248.1917558,17
1774605248.2075965,17
1774605248.223734,18
1774605248.239594,17
1774605248.255594,18
1774605248.2715774,19
1774605248.2875776,19
1774605248.303722,19
1774605248.3197098,20
1774605248.3356936,20
1774605248.3516037,20
1774605248.3678675,23
1774605248.3837733,23
1774605248.3997648,23
1774605248.4157834,22
1774605248.431921,20
1774605248.4478774,19
1774605248.4636383,19
1774605248.4796777,19
1774605248.49568,19
1774605248.5117116,19
1774605248.527619,18
1774605248.5438561,19
1774605248.5598662,19
1774605248.57593,19
1774605248.591741,20
1774605248.6077793,20
1774605248.6236281,20
1774605248.6397967,19
1774605248.6557975,21
1774605248.671833,20
1774605248.687798,22
1774605248.703685,20
1774605248.7198453,21
1774605248.7358212,22
1774605248.751832,22
1774605248.7678087,22
1774605248.783778,24
1774605248.7998998,24
1774605248.8156745,24
1774605248.8318133,23
1774605248.8476787,23
1774605248.8639073,22
1774605248.8799295,20
1774605248.8958516,21
1774605248.9116998,20
1774605248.9278483,19
1774605248.943847,19
1774605248.9598105,19
1774605248.975845,19
1774605248.9918995,20
1774605249.0078747,20
1774605249.0237916,20
1774605249.039676,21
1774605249.055774,19
1774605249.0718865,18
1774605249.0879867,17
1774605249.103984,17
1774605249.1199205,18
1774605249.135744,18
1774605249.1519592,19
1774605249.1677444,19
1774605249.1838386,21
1774605249.199918,20
1774605249.2158217,21
1774605249.232029,21
1774605249.2478251,21
1774605249.2637293,19
1774605249.2797592,19
1774605249.2959466,19
1774605249.31204,19
1774605249.327911,19
1774605249.3439221,20
1774605249.3598404,19
1774605249.3757389,19
1774605249.3917074,19
1774605249.4078755,20
1774605249.4238946,20
1774605249.4398682,21
1774605249.455882,21
1774605249.472041,22
1774605249.487933,22
1774605249.5039375,23
1774605249.5199697,23
1774605249.5359797,23
1774605249.5520244,22
1774605249.5679185,21
1774605249.5840113,22
1774605249.5999014,21
1774605249.6159406,22
1774605249.6319482,23
1774605249.648027,24
1774605249.6637437,23
1774605249.6798167,23
1774605249.6957986,22
1774605249.7119648,21
1774605249.7280798,21
1774605249.7440357,20
1774605249.7598677,20
1774605249.775753,19
1774605249.7918792,18
1774605249.807737,18
1774605249.8241053,17
1774605249.8397486,18
1774605249.8558002,18
1774605249.8718317,19
1774605249.8878021,20
1774605249.9038959,21
1774605249.919775,22
1774605249.9358249,23
1774605249.9519477,24
1774605249.9679708,26
1774605249.9840443,26
1774605250.0000424,27
1774605250.016002,26
1774605250.0320458,26
1774605250.048078,26
1774605250.064016,25
1774605250.0800247,23
1774605250.0961041,23
1774605250.1120207,22
1774605250.1279805,22
1774605250.143885,22
1774605250.159815,23
1774605250.1757934,23
1774605250.1918168,24
1774605250.207918,22
1774605250.223857,22
1774605250.2399743,20
1774605250.2559104,20
1774605250.2720907,19
1774605250.2880652,18
1774605250.3040268,18
1774605250.3199685,19
1774605250.335981,20
1774605250.351945,20
1774605250.367756,20
1774605250.384031,19
1774605250.3999038,18
1774605250.4160354,17
1774605250.431792,17
1774605250.4478817,16
1774605250.463986,18
1774605250.4798918,19
1774605250.4960115,19
1774605250.5120082,20
1774605250.5281036,21
1774605250.5440967,20
1774605250.5600896,20
1774605250.5759704,21
1774605250.5918806,23
1774605250.607843,23
1774605250.6239378,25
1774605250.640241,25
1774605250.6561654,25
1774605250.6721423,25
1774605250.6879783,25
1774605250.704095,24
1774605250.7199056,24
1774605250.7360516,24
1774605250.7520823,23
1774605250.7681148,22
1774605250.7840633,21
1774605250.8001394,22
1774605250.8161042,21
1774605250.8321185,22
1774605250.8480833,22
1774605250.8641136,23
1774605250.8801203,23
1774605250.8960018,22
1774605250.9119055,24
1774605250.9279308,23
1774605250.943907,23
1774605250.9600096,24
1774605250.976072,24
1774605250.99206,20
1774605251.007957,20
1774605251.0239534,19
1774605251.0400088,17
1774605251.0560675,17
1774605251.0720847,18
1774605251.088014,18
1774605251.104,17
1774605251.1199505,17
1774605251.1360264,17
1774605251.1520936,16
1774605251.1680832,17
1774605251.1841161,18
1774605251.1999652,19
1774605251.2161515,19
1774605251.2321727,19
1774605251.2480395,20
1774605251.2641554,22
1774605251.2801456,23
1774605251.2960577,24
1774605251.3119457,26
1774605251.3282921,26
1774605251.3442135,25
1774605251.3602922,27
1774605251.3763347,27
1774605251.39217,26
1774605251.408146,27
1774605251.4240966,30
1774605251.4399836,29
1774605251.4561658,30
1774605251.472102,31
1774605251.4881005,32
1774605251.5041146,30
1774605251.5200682,30
1774605251.5360773,30
1774605251.5522025,31
1774605251.5681229,29
1774605251.5841768,30
1774605251.6000638,30
1774605251.6162083,30
1774605251.632148,29
1774605251.6480486,31
1774605251.664007,32
1774605251.680172,30
1774605251.6961234,30
1774605251.7119415,28
1774605251.7281456,27
1774605251.7441611,24
1774605251.7601457,25
1774605251.7760558,23
1774605251.7921677,23
1774605251.8081286,21
1774605251.8241372,21
1774605251.84023,20
1774605251.8562229,20
1774605251.8720436,20
1774605251.8879118,20
1774605251.9038954,19
1774605251.9201164,18
1774605251.9361188,18
1774605251.9521072,18
1774605251.9681747,18
1774605251.9840379,20
1774605252.0001502,20
1774605252.0159633,20
1774605252.0319295,19
1774605252.04795,20
1774605252.0641837,19
1774605252.080156,19
1774605252.0960233,19
1774605252.1121087,19
1774605252.1282141,19
1774605252.1441147,19
1774605252.160051,21
1774605252.175968,22
1774605252.1919837,22
1774605252.2080297,23
1774605252.2241032,22
1774605252.240006,21
1774605252.256189,20
1774605252.2719514,20
1774605252.2879379,34
1774605252.3042455,41
1774605252.3202002,46
1774605252.3360524,52
1774605252.3520474,58
1774605252.3681872,53
1774605252.384146,58
1774605252.4000838,59
1774605252.4162395,58
1774605252.4320164,54
1774605252.4483955,51
1774605252.4643419,45
1774605252.48083,40
1774605252.4963589,37
1774605252.5122788,36
1774605252.5284019,31
1774605252.5442767,29
1774605252.560824,28
1774605252.5769064,28
1774605252.5928314,27
1774605252.608849,27
1774605252.6248512,28
1774605252.6403291,29
1774605252.6564934,29
1774605252.6719859,33
1774605252.688313,35
1774605252.7043388,35
1774605252.7203019,34
1774605252.7364426,32
1774605252.7528455,29
1774605252.7684486,30
1774605252.7848504,28
1774605252.8003438,29
1774605252.8166192,28
1774605252.8323393,29
1774605252.848286,29
1774605252.8643968,29
1774605252.8804488,28
1774605252.8962486,30
1774605252.9121869,32
1774605252.9281743,32
1774605252.9440236,34
1774605252.960337,37
1774605252.9763532,36
1774605252.9923005,32
1774605253.0081856,31
1774605253.02417,30
1774605253.040172,28
1774605253.0562387,29
1774605253.0722418,30
1774605253.0881314,31
1774605253.1042566,31
1774605253.1202831,30
1774605253.1360588,32
1774605253.1529908,32
1774605253.168871,33
1774605253.1849732,32
1774605253.2008688,32
1774605253.216207,30
1774605253.232882,30
1774605253.2488916,31
1774605253.264309,32
1774605253.2804086,32
1774605253.296489,32
1774605253.3129437,35
1774605253.32888,34
1774605253.3448956,34
1774605253.3603394,37
1774605253.3763182,38
1774605253.392288,36
1774605253.408305,37
1774605253.4242704,39
1774605253.4408507,37
1774605253.4562657,39
1774605253.4722552,41
1774605253.4888332,39
1774605253.5043592,37
1774605253.5203578,38
1774605253.5367007,34
1774605253.5525217,33
1774605253.5689046,33
1774605253.5842886,32
1774605253.6003137,32
1774605253.6162632,33
1774605253.6322446,31
1774605253.648393,32
1774605253.664394,32
1774605253.680366,31
1774605253.6968722,31
1774605253.7124085,31
1774605253.7282896,30
1774605253.7443097,30
1774605253.7603083,31
1774605253.7763746,32
1774605253.79241,31
1774605253.8084142,32
1774605253.8250668,32
1774605253.8409588,31
1774605253.8564103,30
1774605253.8724337,33
1774605253.8883307,33
1774605253.9041529,31
1774605253.92013,32
1774605253.9362872,33
1774605253.952477,34
1774605253.9682555,32
1774605253.9843035,35
1774605254.000403,35
1774605254.016424,35
1774605254.0323765,33
1774605254.0483823,33
1774605254.0643685,32
1774605254.0805507,30
1774605254.096566,28
1774605254.1125083,30
1774605254.1283243,29
1774605254.1445458,31
1774605254.1605492,33
1774605254.1763694,34
1774605254.1925387,34
1774605254.2084644,33
1774605254.224399,34
1774605254.2403667,33
1774605254.2563853,35
1774605254.272505,37
1774605254.2885442,38
1774605254.3045046,39
1774605254.3203151,39
1774605254.3364172,39
1774605254.3523624,38
1774605254.368667,36
1774605254.3845792,37
1774605254.4004393,36
1774605254.4164205,35
1774605254.432927,35
1774605254.4484797,37
1774605254.4646645,37
1774605254.4807053,37
1774605254.4962013,35
1774605254.5122445,34
1774605254.528395,35
1774605254.5441852,35
1774605254.5603144,37
1774605254.576492,37
1774605254.592405,39
1774605254.608226,38
1774605254.6241765,37
1774605254.6404626,35
1774605254.6564891,36
1774605254.6723695,34
1774605254.6891167,33
1774605254.7042744,31
1774605254.720384,32
1774605254.7361844,31
1774605254.7523217,29
1774605254.7683766,30
1774605254.784243,33
1774605254.8003387,32
1774605254.8161943,34
1774605254.8322995,35
1774605254.848324,34
1774605254.864255,32
1774605254.8804383,30
1774605254.8963675,30
1774605254.9124472,29
1774605254.9286246,30
1774605254.9444342,32
1774605254.9603255,33
1774605254.9765086,32
1774605254.9925778,30
1774605255.008476,31
1774605255.0247655,30
1774605255.0402644,29
1774605255.0564117,28
1774605255.0725188,29
1774605255.088621,28
1774605255.1048,27
1774605255.1206112,29
1774605255.1366062,30
1774605255.152412,31
1774605255.1684227,31
1774605255.1845393,31
1774605255.200476,31
1774605255.21641,31
1774605255.2323875,29
1774605255.248504,30
1774605255.2644653,31
1774605255.2804875,30
1774605255.296464,30
1774605255.3130355,32
1774605255.3290315,32
1774605255.3450553,31
1774605255.3605535,31
1774605255.377127,31
1774605255.392583,30
1774605255.408561,29
1774605255.4246428,31
1774605255.4405015,32
1774605255.4566667,31
1774605255.4724972,31
1774605255.488655,32
1774605255.5049882,30
1774605255.5204403,30
1774605255.5366223,33
1774605255.552439,35
1774605255.5688162,34
1774605255.5846133,35
1774605255.600452,33
1774605255.6166313,32
1774605255.6326103,30
1774605255.6485403,30
1774605255.6646297,30
1774605255.6804552,29
1774605255.6965742,31
1774605255.71268,32
1774605255.7285013,32
1774605255.7446182,31
1774605255.7606575,31
1774605255.7766516,30
1774605255.7929475,28
1774605255.8089466,28
1774605255.8247871,28
1774605255.8407848,28
1774605255.856938,28
1774605255.8730502,28
1774605255.888873,29
1774605255.9056041,28
1774605255.9207451,29
1774605255.9366224,29
1774605255.9526742,31
1774605255.9682462,31
1774605255.984731,31
1774605256.0004916,33
1774605256.0165513,32
1774605256.0325418,32
1774605256.0485678,31
1774605256.064656,32
1774605256.0806837,31
1774605256.0966437,31
1774605256.112718,31
1774605256.1286309,33
1774605256.144699,33
1774605256.1608517,33
1774605256.1774542,33
1774605256.192819,33
1774605256.2092066,34
1774605256.2252138,35
1774605256.2413146,36
1774605256.2566683,35
1774605256.2726367,35
1774605256.288624,31
1774605256.3044608,31
1774605256.3206954,31
1774605256.3366897,33
1774605256.3527236,33
1774605256.368585,34
1774605256.384649,33
1774605256.4006095,31
1774605256.4163842,32
1774605256.43265,31
1774605256.4485452,30
1774605256.4645908,29
1774605256.4807413,32
1774605256.4965806,30
1774605256.5125852,31
1774605256.528651,34
1774605256.5446732,35
1774605256.560523,36
1774605256.576572,36
1774605256.5923722,38
1774605256.6083987,37
1774605256.6246295,37
1774605256.640709,37
1774605256.6565797,39
1774605256.6725435,41
1774605256.6885066,42
1774605256.704412,46
1774605256.720547,45
1774605256.73653,50
1774605256.752639,49
1774605256.7685847,53
1774605256.784675,51
1774605256.8005507,50
1774605256.816693,47
1774605256.8326404,46
1774605256.8486547,47
1774605256.8645527,48
1774605256.8806748,50
1774605256.8965814,48
1774605256.912561,49
1774605256.9284983,44
1774605256.9445446,45
1774605256.9604294,42
1774605256.9767125,42
1774605256.9926744,40
1774605257.0085542,38
1774605257.0244563,37
1774605257.0405047,38
1774605257.056421,38
1774605257.0723886,39
1774605257.0885794,39
1774605257.1044993,37
1774605257.1203659,34
1774605257.136394,35
1774605257.1524277,34
1774605257.1684,32
1774605257.1844037,34
1774605257.2005541,34
1774605257.2164361,34
1774605257.2323408,35
1774605257.2485435,37
1774605257.2645411,38
1774605257.280751,37
1774605257.296602,37
1774605257.3126762,35
1774605257.3285956,35
1774605257.3445063,33
1774605257.360591,34
1774605257.376645,33
1774605257.3925424,31
1774605257.4086037,31
1774605257.4246428,31
1774605257.4407868,31
1774605257.4566267,31
1774605257.47276,31
1774605257.4887908,31
1774605257.5047052,30
1774605257.5206132,30
1774605257.5366907,31
1774605257.5525641,33
1774605257.5685403,33
1774605257.5844693,34
1774605257.600693,36
1774605257.6168005,36
1774605257.6326468,37
1774605257.6486816,36
1774605257.6647353,37
1774605257.6806872,35
1774605257.6967385,34
1774605257.7126489,32
1774605257.7286592,32
1774605257.7447758,30
1774605257.7608378,31
1774605257.7769291,32
1774605257.792758,31
1774605257.808518,32
1774605257.8247156,36
1774605257.840768,39
1774605257.856557,39
1774605257.872498,40
1774605257.8886235,39
1774605257.9046378,35
1774605257.92071,31
1774605257.9366252,30
1774605257.9529426,31
1774605257.968873,33
1774605257.9845288,36
1774605258.0006144,39
1774605258.0166857,39
1774605258.0326786,39
1774605258.0489304,39
1774605258.064732,39
1774605258.080661,38
1774605258.0967696,41
1774605258.1128583,40
1774605258.1286676,41
1774605258.144762,40
1774605258.1606724,41
1774605258.1765382,41
1774605258.1925275,39
1774605258.2090204,39
1774605258.2246063,38
1774605258.2410874,42
1774605258.2569866,41
1774605258.2731004,45
1774605258.2885597,47
1774605258.3044984,46
1774605258.3205636,44
1774605258.336501,42
1774605258.3524325,39
1774605258.36876,36
1774605258.3849256,39
1774605258.4007154,39
1774605258.4172099,39
1774605258.4333205,39
1774605258.4487264,37
1774605258.4652822,34
1774605258.4806538,31
1774605258.4964366,31
1774605258.5126944,31
1774605258.529152,31
1774605258.5448804,31
1774605258.561148,31
1774605258.576723,30
1774605258.593124,30
1774605258.609286,30
1774605258.6249037,31
1774605258.6407163,30
1774605258.6567402,30
1774605258.6727562,31
1774605258.688745,33
1774605258.7046692,33
1774605258.7206712,33
1774605258.7366643,35
1774605258.7525997,35
1774605258.7685633,33
1774605258.7848837,32
1774605258.8009217,32
1774605258.8169105,32
1774605258.83284,31
1774605258.8487616,31
1774605258.8648298,31
1774605258.880634,32
1774605258.8968244,30
1774605258.9126434,30
1774605258.9287987,32
1774605258.944782,32
1774605258.960761,35
1774605258.97689,36
1774605258.992602,37
1774605259.0086389,39
1774605259.0248203,40
1774605259.0408192,39
1774605259.0568697,41
1774605259.0728421,41
1774605259.088689,42
1774605259.1047194,41
1774605259.1209705,41
1774605259.136766,40
1774605259.1526046,41
1774605259.168775,39
1774605259.1847997,37
1774605259.2006545,35
1774605259.2167206,34
1774605259.232618,32
1774605259.2485957,32
1774605259.2646816,33
1774605259.2807176,33
1774605259.2967021,33
1774605259.3128803,33
1774605259.3288994,30
1774605259.3448656,30
1774605259.360785,30
1774605259.3766744,29
1774605259.3925488,29
1774605259.4085982,29
1774605259.424738,28
1774605259.4405222,28
1774605259.4565644,28
1774605259.4727018,28
1774605259.4887471,29
1774605259.504604,30
1774605259.5206366,31
1774605259.5366697,32
1774605259.5531251,32
1774605259.5686302,32
1774605259.5848918,31
1774605259.600597,31
1774605259.6168668,31
1774605259.632782,30
1774605259.6486402,32
1774605259.6647236,33
1774605259.680629,32
1774605259.6966496,31
1774605259.712617,32
1774605259.72865,31
1774605259.7445736,31
1774605259.760824,31
1774605259.776575,30
1774605259.7926435,29
1774605259.808891,30
1774605259.824609,31
1774605259.8407679,33
1774605259.856672,34
1774605259.8728256,36
1774605259.888586,35
1774605259.9047363,36
1774605259.9207056,36
1774605259.9366584,36
1774605259.9527342,38
1774605259.9686522,40
1774605259.984643,41
1774605260.0007873,43
1774605260.0167692,43
1774605260.0326755,40
1774605260.0488424,38
1774605260.0649567,35
1774605260.0809143,32
1774605260.096906,33
1774605260.1126494,34
1774605260.1287825,33
1774605260.144927,35
1774605260.1609588,36
1774605260.1769276,34
1774605260.1928303,33
1774605260.208736,35
1774605260.2248733,35
1774605260.2408526,35
1774605260.2568028,34
1774605260.2728088,37
1774605260.2887619,39
1774605260.3048294,38
1774605260.3207185,37
1774605260.3367004,38
1774605260.3526664,36
1774605260.3687642,32
1774605260.3848612,31
1774605260.4009526,32
1774605260.4166188,31
1774605260.4331267,30
1774605260.448761,32
1774605260.4647298,34
1774605260.4808433,31
1774605260.4967325,32
1774605260.5127287,33
1774605260.528818,32
1774605260.5448463,30
1774605260.5614586,30
1774605260.5765963,32
1774605260.5927887,32
1774605260.6088033,32
1774605260.6253786,33
1774605260.6410346,33
1774605260.6567032,32
1774605260.6726995,31
1774605260.6889572,32
1774605260.7053614,33
1774605260.7214644,32
1774605260.7369165,31
1774605260.7527065,31
1774605260.7688324,32
1774605260.7847753,32
1774605260.8008068,33
1774605260.8169398,35
1774605260.832953,33
1774605260.849188,33
1774605260.8655198,32
1774605260.8807771,33
1774605260.8970292,32
1774605260.9130132,34
1774605260.9290547,35
1774605260.9452422,33
1774605260.9615145,33
1774605260.97739,32
1774605260.9927888,32
1774605261.0087173,32
1774605261.024777,33
1774605261.0414727,34
1774605261.0571897,36
1774605261.0727248,37
1774605261.0886765,36
1774605261.104743,36
1774605261.1210716,37
1774605261.1371639,36
1774605261.1531513,36
1774605261.169103,35
1774605261.1849146,35
1774605261.2007678,34
1774605261.216954,35
1774605261.2329845,37
1774605261.248929,38
1774605261.2649698,38
1774605261.2808065,37
1774605261.296795,36
1774605261.3127732,33
1774605261.3295383,31
1774605261.3448114,32
1774605261.3611753,31
1774605261.3768938,32
1774605261.393018,32
1774605261.4088976,31
1774605261.4248645,31
1774605261.4407737,32
1774605261.4569533,30
1774605261.4727192,29
1774605261.4887753,32
1774605261.5048192,31
1774605261.5208702,31
1774605261.536903,32
1774605261.5531266,32
1774605261.568911,30
1774605261.585013,29
1774605261.6010537,31
1774605261.6173487,30
1774605261.6329956,30
1774605261.6490712,33
1774605261.6649067,33
1774605261.6816585,31
1774605261.6969824,33
1774605261.713031,33
1774605261.7290611,30
1774605261.7449532,28
1774605261.7609248,28
1774605261.7769816,29
1774605261.7931113,29
1774605261.8090866,29
1774605261.8255374,31
1774605261.8410852,31
1774605261.8569596,31
1774605261.872933,34
1774605261.88875,33
1774605261.9047713,32
1774605261.9209347,31
1774605261.937034,31
1774605261.9528286,30
1774605261.9688385,31
1774605261.9849243,32
1774605262.000853,32
1774605262.0169425,30
1774605262.0330336,28
1774605262.0491014,30
1774605262.0650122,30
1774605262.0809817,30
1774605262.0970662,32
1774605262.112918,34
1774605262.1290767,34
1774605262.1448941,33
1774605262.1609058,32
1774605262.176883,32
1774605262.1930954,30
1774605262.2088232,33
1774605262.2247727,36
1774605262.241052,37
1774605262.2567732,39
1774605262.2730153,42
1774605262.2889657,43
1774605262.3049355,40
1774605262.3207915,40
1774605262.3369048,38
1774605262.353073,33
1774605262.3690221,30
1774605262.3850994,30
1774605262.400922,31
1774605262.4169092,31
1774605262.4330223,31
1774605262.4489472,30
1774605262.4652345,30
1774605262.4812803,28
1774605262.4969373,29
1774605262.5129604,30
1774605262.5291805,30
1774605262.5449235,30
1774605262.5611002,32
1774605262.577196,36
1774605262.5936608,39
1774605262.609152,40
1774605262.6249092,43
1774605262.6416876,41
1774605262.6573462,45
1774605262.673157,43
1774605262.689606,45
1774605262.70514,45
1774605262.7210789,50
1774605262.7369702,49
1774605262.752947,50
1774605262.7690437,53
1774605262.78511,52
1774605262.8009555,49
1774605262.8171244,47
1774605262.8328745,47
1774605262.8489912,44
1774605262.8651588,43
1774605262.8811712,44
1774605262.8977365,42
1774605262.9132628,43
1774605262.9291658,45
1774605262.944911,42
1774605262.9612892,42
1774605262.977266,41
1774605262.9936976,38
1774605263.0096333,34
1774605263.0256915,35
1774605263.0411327,34
1774605263.057039,33
1774605263.0728338,32
1774605263.0890524,30
1774605263.1056445,31
1774605263.1210768,37
1774605263.1373498,37
1774605263.1531284,37
1774605263.1689615,36
1774605263.1854935,33
1774605263.2013197,22
1774605263.2172143,23
1774605263.233169,24
1774605263.2491453,27
1774605263.2652864,27
1774605263.281118,28
1774605263.2976859,27
1774605263.313744,28
1774605263.329756,25
1774605263.3458095,26
1774605263.3611636,27
1774605263.377281,31
1774605263.3931222,34
1774605263.4096553,37
1774605263.4252298,41
1774605263.4416883,39
1774605263.457796,41
1774605263.4733117,36
1774605263.4891043,39
1774605263.5056543,37
1774605263.521752,40
1774605263.5373676,37
1774605263.5538712,36
1774605263.5690866,36
1774605263.5852048,32
1774605263.6010537,35
1774605263.616984,32
1774605263.6331325,33
1774605263.6493225,31
1774605263.6653345,31
1774605263.681245,30
1774605263.69776,31
1774605263.7139342,32
1774605263.7296312,30
1774605263.745837,30
1774605263.761822,27
1774605263.7773006,28
1774605263.7929568,27
1774605263.8091261,25
1774605263.825341,24
1774605263.8412476,22
1774605263.8571935,22
1774605263.8730292,23
1774605263.8896449,24
1774605263.9058783,26
1774605263.921693,35
1774605263.9372122,86
1774605263.9534438,306
1774605263.969808,554
1774605263.9854438,716
1774605264.0011773,790
1774605264.0170891,781
1774605264.0335004,588
1774605264.0494702,363
1774605264.0656419,262
1774605264.081399,674
1774605264.0973957,1018
1774605264.1134815,1268
1774605264.129515,1414
1774605264.1455312,1508
1774605264.1619275,1137
1774605264.1775937,869
1774605264.1937382,691
1774605264.2094388,601
1774605264.225874,518
1774605264.2418811,443
1774605264.2578795,379
1774605264.2739055,383
1774605264.2898927,553
1774605264.3058934,828
1774605264.3219137,882
1774605264.3375165,880
1774605264.3538895,797
1774605264.369898,584
1774605264.3855228,260
1774605264.4012444,286
1774605264.4176767,286
1774605264.4338963,311
1774605264.4495902,310
1774605264.4654856,313
1774605264.481433,205
1774605264.4973295,167
1774605264.5139804,132
1774605264.5298991,99
1774605264.545881,74
1774605264.5618455,66
1774605264.5774894,65
1774605264.5933456,69
1774605264.609373,82
1774605264.6252403,101
1774605264.641352,114
1774605264.657388,122
1774605264.673315,128
1774605264.6892014,133
1774605264.70541,139
1774605264.721246,142
1774605264.737192,150
1774605264.7531676,157
1774605264.7691073,166
1774605264.7853868,169
1774605264.8014116,175
1774605264.8171885,182
1774605264.8332253,192
1774605264.8491871,201
1774605264.8651948,209
1774605264.881141,215
1774605264.8972182,219
1774605264.9133103,219
1774605264.92926,221
1774605264.9454172,221
1774605264.9613662,220
1774605264.9773488,217
1774605264.9934225,215
1774605265.0092452,208
1774605265.0252433,204
1774605265.0418224,211
1774605265.0578604,234
1774605265.0739286,241
1774605265.0898886,239
1774605265.1058753,229
1774605265.1218646,207
1774605265.1380866,196
1774605265.1539767,230
1774605265.1699643,261
1774605265.1859505,299
1774605265.2019596,340
1774605265.2179518,349
1774605265.23398,321
1774605265.2499905,303
1774605265.265971,283
1774605265.2814782,268
1774605265.2974756,255
1774605265.313466,249
1774605265.330026,249
1774605265.3460834,247
1774605265.361975,240
1774605265.3779917,234
1774605265.3939996,227
1774605265.4096532,215
1774605265.426011,199
1774605265.4415982,173
1774605265.4576557,145
1774605265.4739974,118
1774605265.4899595,94
1774605265.5059543,74
1774605265.522043,65
1774605265.5379624,60
1774605265.5539484,58
1774605265.5696332,57
1774605265.5853887,62
1774605265.6019828,67
1774605265.6178644,68
1774605265.6339712,69
1774605265.6499581,66
1774605265.6659646,62
1774605265.6819286,72
1774605265.6975057,101
1774605265.7135046,149
1774605265.7301352,203
1774605265.7460327,245
1774605265.762041,261
1774605265.7780392,251
1774605265.7940063,217
1774605265.8097575,172
1774605265.8260021,134
1774605265.8420203,105
1774605265.8580809,95
1774605265.874094,99
1774605265.8901002,107
1774605265.905595,109
1774605265.9214854,104
1774605265.9373658,94
1774605265.9534457,74
1774605265.969395,66
1774605265.9854858,77
1774605266.0012877,94
1774605266.017293,109
1774605266.033126,124
1774605266.0493028,131
1774605266.0654602,128
1774605266.0813498,135
1774605266.097594,148
1774605266.113509,161
1774605266.1295147,170
1774605266.1455002,175
1774605266.1618528,169
1774605266.1779022,156
1774605266.1944973,147
1774605266.2097354,146
1774605266.2257931,149
1774605266.2419538,161
1774605266.2579136,172
1774605266.2736535,170
1774605266.289965,163
1774605266.3057475,157
1774605266.3219295,145
1774605266.3381004,133
1774605266.354055,119
1774605266.3695223,104
1774605266.3854964,86
1774605266.4015136,65
1774605266.4173753,46
1774605266.4334824,39
1774605266.4493883,35
1774605266.465438,30
1774605266.4813817,39
1774605266.4975338,71
1774605266.5133414,120
1774605266.5294888,165
1774605266.545522,205
1774605266.5618055,234
1774605266.5780406,233
1774605266.593935,214
1774605266.6101558,195
1774605266.625745,186
1774605266.641987,174
1774605266.6579885,157
1774605266.674182,129
1774605266.6902213,101
1774605266.7060287,71
1774605266.7221289,46
1774605266.7381763,41
1774605266.754107,69
1774605266.770025,105
1774605266.7861626,149
1774605266.8022244,186
1774605266.8183045,201
1774605266.834217,194
1774605266.8504522,183
1774605266.8661435,165
1774605266.8822918,156
1774605266.8975768,161
1774605266.9135346,171
1774605266.9296367,172
1774605266.945773,175
1774605266.961225,178
1774605266.9773877,173
1774605266.9934516,178
1774605267.0097227,186
1774605267.025713,191
1774605267.0419962,190
1774605267.0577266,187
1774605267.0736835,164
1774605267.089385,151
1774605267.1054337,139
1774605267.1213665,133
1774605267.13743,135
1774605267.1533363,144
1774605267.1695547,148
1774605267.1854393,148
1774605267.2015073,148
1774605267.2174134,143
1774605267.2334049,140
1774605267.249288,133
1774605267.265291,130
1774605267.2812445,128
1774605267.2974248,121
1774605267.3134575,114
1774605267.3294113,107
1774605267.345287,97
1774605267.3613112,85
1774605267.3773456,80
1774605267.393441,91
1774605267.409662,100
1774605267.4256146,110
1774605267.4414892,118
1774605267.4575636,119
1774605267.4735787,101
1774605267.489491,89
1774605267.5054018,81
1774605267.5213718,76
1774605267.5373926,74
1774605267.5535502,76
1774605267.5699766,73
1774605267.586061,72
1774605267.6016867,76
1774605267.6177351,82
1774605267.6336758,85
1774605267.6502056,85
1774605267.665793,79
1774605267.6821504,68
1774605267.697602,55
1774605267.7138815,44
1774605267.729771,40
1774605267.7456543,40
1774605267.7621381,41
1774605267.7782395,45
1774605267.7941208,53
1774605267.8101249,65
1774605267.8256264,82
1774605267.8420024,100
1774605267.8581998,124
1774605267.873796,139
1774605267.8900914,154
1774605267.9056923,166
1774605267.921706,180
1774605267.9380667,191
1774605267.9538167,204
1774605267.9702542,217
1774605267.986166,216
1774605268.0022733,187
1774605268.01759,156
1774605268.033863,131
1774605268.0495594,103
1774605268.0656686,106
1774605268.0817096,142
1774605268.0975697,175
1774605268.1135857,212
1774605268.1295907,251
1774605268.1456406,267
1774605268.1617043,233
1774605268.1775005,205
1774605268.193421,186
1774605268.2100294,168
1774605268.2256427,144
1774605268.241852,159
1774605268.2579682,171
1774605268.2741907,165
1774605268.290269,151
1774605268.3062003,133
1774605268.3222706,110
1774605268.3382282,86
1774605268.3542426,63
1774605268.3696213,43
1774605268.3861716,36
1774605268.4022496,36
1774605268.4183254,40
1774605268.434195,46
1774605268.4502072,52
1774605268.4662023,55
1774605268.4816773,55
1774605268.4982781,56
1774605268.5142722,65
1774605268.529782,82
1774605268.5457308,103
1774605268.5618563,126
1774605268.5777497,143
1774605268.593827,149
1774605268.6098027,143
1774605268.6257987,135
1774605268.642222,129
1774605268.6580243,128
1774605268.6742072,126
1774605268.6902184,127
1774605268.7062273,130
1774605268.7218082,123
1774605268.7377665,116
1774605268.7536232,111
1774605268.769835,100
1774605268.7857943,82
1774605268.8018048,69
1774605268.817643,52
1774605268.8337421,36
1774605268.8502004,42
1774605268.8656425,59
1774605268.8817208,83
1774605268.8978498,114
1774605268.9138405,145
1774605268.9302802,162
1774605268.945665,186
1774605268.961736,209
1774605268.977785,218
1774605268.993647,225
1774605269.0096445,232
1774605269.025508,236
1774605269.0422273,224
1774605269.0579598,220
1774605269.0741472,228
1774605269.0903602,229
1774605269.105691,220
1774605269.1217406,227
1774605269.138256,213
1774605269.1536646,175
1774605269.170209,155
1774605269.185845,146
1774605269.2023547,137
1774605269.2182598,147
1774605269.2336433,171
1774605269.2497962,179
1774605269.266273,165
1774605269.2823293,140
1774605269.2979522,123
1774605269.314307,114
1774605269.3303032,108
1774605269.3459704,115
1774605269.3617945,119
1774605269.3778203,116
1774605269.3943589,105
1774605269.410318,94
1774605269.426396,83
1774605269.4424067,73
1774605269.4578466,65
1774605269.47386,57
1774605269.4896467,49
1774605269.5058596,45
1774605269.5217454,46
1774605269.5379527,47
1774605269.553821,53
1774605269.56971,61
1774605269.5857966,67
1774605269.6016135,70
1774605269.6175802,74
1774605269.6334622,73
1774605269.6494403,70
1774605269.6655138,68
1774605269.6814241,77
1774605269.6974292,87
1774605269.7134295,99
1774605269.7294438,107
1774605269.745468,113
1774605269.7614956,112
1774605269.777457,105
1774605269.7934113,99
1774605269.8094428,101
1774605269.8254862,109
1774605269.8416283,115
1774605269.8576398,126
1774605269.873625,142
1774605269.889594,156
1774605269.9054685,163
1774605269.9214702,170
1774605269.9374528,175
1774605269.9536843,168
1774605269.9696894,162
1774605269.9856484,158
1774605270.001468,149
1774605270.0178719,143
1774605270.0338895,140
1774605270.050321,127
1774605270.0663846,110
1774605270.0823116,96
1774605270.0979195,78
1774605270.1138365,60
1774605270.130342,54
1774605270.1457868,60
1774605270.161831,66
1774605270.1775475,71
1774605270.1937673,75
1774605270.2097912,76
1774605270.225596,72
1774605270.2416518,73
1774605270.257586,87
1774605270.2737372,101
1774605270.289719,112
1774605270.3057373,127
1774605270.3215394,147
1774605270.337587,154
1774605270.3535285,162
1774605270.3695183,177
1774605270.3858275,187
1774605270.4018958,189
1774605270.4176998,189
1774605270.4339576,182
1774605270.4498124,163
1774605270.465707,143
1774605270.4818282,120
1774605270.4975562,101
1774605270.5135856,89
1774605270.529612,87
1774605270.545768,83
1774605270.5616848,74
1774605270.5776172,65
1774605270.5937304,54
1774605270.6103187,43
1774605270.626295,31
1774605270.6424143,29
1774605270.6583905,30
1774605270.6743634,31
1774605270.6899567,37
1774605270.7058854,51
1774605270.7224104,59
1774605270.738385,61
1774605270.7543697,63
1774605270.7699258,61
1774605270.7858248,51
1774605270.8024478,44
1774605270.8180838,40
1774605270.8344128,39
1774605270.8504488,35
1774605270.8664107,36
1774605270.8824046,40
1774605270.8983986,44
1774605270.9144025,53
1774605270.9304087,64
1774605270.946062,74
1774605270.9624798,85
1774605270.9778404,95
1774605270.993915,102
1774605271.0099356,107
1774605271.026466,100
1774605271.0424132,90
1774605271.058417,82
1774605271.073864,74
1774605271.089915,66
1774605271.1061063,67
1774605271.1219454,65
1774605271.1384888,58
1774605271.1544218,48
1774605271.1704488,37
1774605271.1859002,30
1774605271.2024205,30
1774605271.217996,47
1774605271.2339766,66
1774605271.2497973,91
1774605271.2663891,120
1774605271.2824833,149
1774605271.2980905,175
1774605271.3144848,203
1774605271.3305087,233
1774605271.345957,253
1774605271.3624883,257
1774605271.3783245,247
1774605271.3939934,232
1774605271.4098394,203
1774605271.4259665,182
1774605271.4423249,177
1774605271.457926,170
1774605271.4739275,162
1774605271.490516,147
1774605271.5061252,138
1774605271.522495,135
1774605271.5386286,138
1774605271.5545206,135
1774605271.5705013,140
1774605271.5858846,123
1774605271.6024725,96
1774605271.6180305,69
1774605271.634496,62
1774605271.650507,59
1774605271.666052,68
1774605271.6825027,79
1774605271.6980684,84
1774605271.7140703,78
1774605271.7298954,74
1774605271.7459855,68
1774605271.7619061,63
1774605271.7780237,59
1774605271.7939832,55
1774605271.810135,56
1774605271.826051,58
1774605271.8420677,56
1774605271.857995,55
1774605271.8744898,59
1774605271.890073,58
1774605271.9059722,62
1774605271.9218495,66
1774605271.938071,66
1774605271.953998,66
1774605271.9705229,65
1774605271.9859025,56
1774605272.001841,48
1774605272.0178442,46
1774605272.034038,36
1774605272.0498824,29
1774605272.0657406,24
1774605272.0816708,22
1774605272.097677,20
1774605272.1138852,20
1774605272.1298335,19
1774605272.1459887,20
1774605272.1617498,20
1774605272.1779675,19
1774605272.1938124,19
1774605272.2097802,19
1774605272.2258954,18
1774605272.241751,17
1774605272.257852,17
1774605272.273825,17
1774605272.2900002,17
1774605272.3059382,16
1774605272.3218584,16
1774605272.337938,16
1774605272.3540566,17
1774605272.3698905,16
1774605272.3858535,16
1774605272.4018266,16
1774605272.4176843,16
1774605272.4337513,16
1774605272.4498315,17
1774605272.4659424,17
1774605272.481932,16
1774605272.4979916,17
1774605272.513973,17
1774605272.530065,17
1774605272.5465615,16
1774605272.5625348,17
1774605272.5785584,16
1774605272.5940602,18
1774605272.6100109,19
1774605272.6259866,27
1774605272.642613,42
1774605272.658615,58
1774605272.674198,78
1774605272.6905918,105
1774605272.7066646,130
1774605272.7223356,138
1774605272.738547,135
1774605272.7546372,129
1774605272.7706149,114
1774605272.7861755,91
1774605272.8020544,73
1774605272.8185742,60
1774605272.8340728,46
1774605272.8499734,35
1774605272.8661146,28
1774605272.8826573,24
1774605272.8983147,24
1774605272.9142196,28
1774605272.9305785,43
1774605272.9465942,75
1774605272.96262,122
1774605272.9786382,187
1774605272.9942,239
1774605273.0102124,248
1774605273.0261228,225
1774605273.042485,182
1774605273.0586634,124
1774605273.0745912,75
1774605273.0906215,55
1774605273.1065907,50
1774605273.122306,48
1774605273.1382263,54
1774605273.1541798,76
1774605273.1706111,91
1774605273.186213,105
1774605273.202636,115
1774605273.21822,112
1774605273.2347088,91
1774605273.2502573,86
1774605273.2662225,85
1774605273.2826235,89
1774605273.2981973,87
1774605273.314107,83
1774605273.330102,70
1774605273.3460085,54
1774605273.361943,48
1774605273.3781126,58
1774605273.3941338,80
1774605273.4101732,98
1774605273.4260526,118
1774605273.442036,138
1774605273.458085,128
1774605273.474095,107
1774605273.4900439,90
1774605273.5062015,71
1774605273.5220435,46
1774605273.5380654,40
1774605273.5540073,69
1774605273.570182,109
1774605273.586181,143
1774605273.6023438,187
1774605273.6182225,218
1774605273.6340375,206
1774605273.65018,174
1774605273.666449,149
1774605273.6825583,122
1774605273.698715,113
1774605273.7147286,106
1774605273.7304275,96
1774605273.7464476,88
1774605273.7627358,73
1774605273.7800536,50
1774605273.7948267,38
1774605273.8103025,37
1774605273.8263025,44
1774605273.842245,48
1774605273.8583322,53
1774605273.8746536,54
1774605273.8903015,56
1774605273.906439,48
1774605273.922493,40
1774605273.9384108,35
1774605273.9545515,32
1774605273.9709024,28
1774605273.9869125,26
1774605274.0020518,26
1774605274.0178301,24
1774605274.0338829,23
1774605274.0498493,24
1774605274.065822,24
1774605274.0818605,23
1774605274.0982447,20
1774605274.1140704,21
1774605274.1300812,20
1774605274.1461852,19
1774605274.1620834,20
1774605274.1781595,20
1774605274.194156,20
1774605274.2101333,21
1774605274.2262056,22
1774605274.2424092,23
1774605274.2582378,24
1774605274.2745686,25
1774605274.2904117,28
1774605274.3064208,43
1774605274.322467,92
1774605274.3384562,204
1774605274.3544152,301
1774605274.370486,320
1774605274.3862703,373
1774605274.4021883,473
1774605274.4183507,546
1774605274.4343517,676
1774605274.4501624,897
1774605274.4662504,921
1774605274.4822507,825
1774605274.4983015,677
1774605274.5141015,481
1774605274.5301244,301
1774605274.5461688,303
1774605274.5620685,331
1774605274.5781972,352
1774605274.5942287,380
1774605274.6101227,370
1774605274.6260915,331
1774605274.642004,316
1774605274.6579676,329
1774605274.6740217,341
1774605274.6900775,334
1774605274.706014,294
1774605274.721972,241
1774605274.7381964,175
1774605274.7542696,152
1774605274.7700617,163
1774605274.7860382,212
1774605274.8020582,267
1774605274.8182602,354
1774605274.8339207,415
1774605274.8503149,379
1774605274.8662753,333
1774605274.8821182,273
1774605274.8979843,189
1774605274.9140706,101
1774605274.9301465,104
1774605274.9460897,119
1774605274.9620786,228
1774605274.9779205,478
1774605274.9939275,606
1774605275.0100095,630
1774605275.026735,629
1774605275.0426373,536
1774605275.0581758,296
1774605275.0747294,167
1774605275.090805,136
1774605275.1068058,149
1774605275.1228285,339
1774605275.1388357,539
1774605275.1543248,732
1774605275.170447,891
1774605275.186859,1006
1774605275.2029078,925
1774605275.218264,880
1774605275.2343564,792
1774605275.250557,695
1774605275.2661908,591
1774605275.2822192,489
1774605275.2982047,337
1774605275.3145108,240
1774605275.3303447,187
1774605275.3464699,174
1774605275.3623664,240
1774605275.3784373,415
1774605275.3948963,842
1774605275.4108522,1167
1774605275.426546,1406
1774605275.442494,1642
1774605275.4584432,1597
1774605275.4744208,1222
1774605275.490634,912
1774605275.5062983,665
1774605275.5223625,421
1774605275.5383756,488
1774605275.5545125,543
1774605275.5706267,642
1774605275.5867417,761
1774605275.6025429,712
1774605275.6186037,523
1774605275.6348348,413
1774605275.6509557,289
1774605275.6670105,156
1774605275.6829648,169
1774605275.6989698,305
1774605275.7149506,552
1774605275.7310336,789
1774605275.7470703,1017
1774605275.7629707,1215
1774605275.7790775,1287
1774605275.7950985,1202
1774605275.811287,1028
1774605275.827274,822
1774605275.8424878,615
1774605275.858383,402
1774605275.8743749,241
1774605275.8911593,187
1774605275.9072106,182
1774605275.9236948,227
1774605275.9385712,248
1774605275.9544094,254
1774605275.9705687,323
1774605275.9870503,376
1774605276.003065,372
1774605276.0190964,392
1774605276.0350134,420
1774605276.0508883,434
1774605276.0667365,516
1774605276.0827816,664
1774605276.0986917,977
1774605276.1150374,1163
1774605276.1308846,1309
1774605276.1467516,1434
1774605276.1629906,1358
1774605276.1786127,1072
1774605276.1947362,884
1774605276.2106981,696
1774605276.2268615,550
1774605276.2429605,490
1774605276.2585487,496
1774605276.2743826,556
1774605276.2908585,646
1774605276.3070369,661
1774605276.3230312,716
1774605276.3391283,696
1774605276.3551714,615
1774605276.370682,484
1774605276.3869565,330
1774605276.4030247,193
1774605276.4189627,126
1774605276.4350357,107
1774605276.451036,104
1774605276.467116,114
1774605276.482099,125
1774605276.4983888,137
1774605276.5146525,147
1774605276.5313437,157
1774605276.54703,160
1774605276.5631263,166
1774605276.579084,169
1774605276.5951056,169
1774605276.61045,169
1774605276.6265268,168
1774605276.642383,169
1774605276.658321,167
1774605276.6742957,170
1774605276.6903832,168
1774605276.7067113,165
1774605276.7223327,162
1774605276.7384534,157
1774605276.7542055,154
1774605276.7702348,150
1774605276.786198,147
1774605276.8022718,141
1774605276.818663,136
1774605276.8347828,131
1774605276.8507113,125
1774605276.8669894,122
1774605276.8825958,117
1774605276.8986702,115
1774605276.914951,109
1774605276.9310691,105
1774605276.9471464,101
1774605276.9630065,97
1774605276.9791276,94
1774605276.994995,88
1774605277.0104947,84
1774605277.0265398,79
1774605277.0424457,75
1774605277.058343,72
1774605277.0742347,68
1774605277.0905366,65
1774605277.1061578,61
1774605277.122202,59
1774605277.1382496,57
1774605277.1543024,57
1774605277.1702194,54
1774605277.1862524,53
1774605277.2021823,49
1774605277.2182078,46
1774605277.2342563,44
1774605277.2503457,43
1774605277.2662535,42
1774605277.282211,40
1774605277.2983456,39
1774605277.314248,36
1774605277.3302774,36
1774605277.3462524,34
1774605277.3622425,33
1774605277.378122,32
1774605277.3940828,32
1774605277.410117,30
1774605277.4261365,30
1774605277.4422414,31
1774605277.4581163,28
1774605277.474431,27
1774605277.490586,25
1774605277.5063546,26
1774605277.5223465,24
1774605277.5385215,25
1774605277.5544722,25
1774605277.5703514,25
1774605277.5862763,24
1774605277.6023674,22
1774605277.6184921,22
1774605277.6343975,20
1774605277.6504207,22
1774605277.6666942,22
1774605277.6826415,22
1774605277.698947,23
1774605277.715004,23
1774605277.731288,23
1774605277.7470946,23
1774605277.76321,23
1774605277.7791138,23
1774605277.79581,25
1774605277.8111198,24
1774605277.827037,23
1774605277.843083,24
1774605277.8591154,24
1774605277.874676,24
1774605277.8905349,22
1774605277.906369,25
1774605277.9231126,24
1774605277.939103,26
1774605277.9549654,27
1774605277.9711177,30
1774605277.9871662,34
1774605278.0028954,50
1774605278.0186398,79
1774605278.0350184,97
1774605278.0509138,197
1774605278.0666745,459
1774605278.082911,807
1774605278.099113,1111
1774605278.1151998,1468
1774605278.1311903,1751
1774605278.1472476,1654
1774605278.163178,1395
1774605278.179203,1137
1774605278.195144,835
1774605278.2111855,513
1774605278.2272425,404
1774605278.2432148,373
1774605278.2589345,352
1774605278.2748864,331
1774605278.2907307,349
1774605278.3066626,336
1774605278.3228247,308
1774605278.339011,300
1774605278.3549767,274
1774605278.3708901,212
1774605278.3870654,179
1774605278.4029043,177
1774605278.419088,220
1774605278.4351184,359
1774605278.4511337,586
1774605278.4672394,743
1774605278.4833424,852
1774605278.499233,887
1774605278.5153868,807
1774605278.5312302,625
1774605278.5472782,502
1774605278.5632246,389
1774605278.5792634,287
1774605278.594694,214
1774605278.6112142,161
1774605278.6272535,117
1774605278.643085,84
1774605278.6591952,72
1774605278.6751778,69
1774605278.690576,77
1774605278.7066085,87
1774605278.7226615,94
1774605278.7392719,102
1774605278.7553172,109
1774605278.770732,114
1774605278.7869265,117
1774605278.802755,122
1774605278.8187144,123
1774605278.8345842,125
1774605278.8507235,122
1774605278.8665106,124
1774605278.8823888,134
1774605278.8984075,147
1774605278.914441,168
1774605278.9304867,204
1774605278.9467344,227
1774605278.9628127,248
1774605278.978924,296
1774605278.9950936,371
1774605279.011216,417
1774605279.027369,455
1774605279.0432703,543
1774605279.0592663,522
1774605279.0752423,437
1774605279.090772,357
1774605279.1067188,297
1774605279.1226397,175
1774605279.1391351,148
1774605279.155115,161
1774605279.1709485,261
1774605279.1869614,440
1774605279.2030935,564
1774605279.2189417,684
1774605279.2342594,781
1774605279.2509043,786
1774605279.2673585,687
1774605279.2832212,584
1774605279.2993739,453
1774605279.3146298,334
1774605279.3306766,225
1774605279.3471375,203
1774605279.3632572,233
1774605279.379301,280
1774605279.3948348,316
1774605279.4107802,352
1774605279.4268692,313
1774605279.4428718,285
1774605279.459277,246
1774605279.4753761,205
1774605279.4907303,165
1774605279.5066633,132
1774605279.52266,100
1774605279.5386746,74
1774605279.5545425,66
1774605279.5705757,62
1774605279.5866165,62
1774605279.6026149,66
1774605279.618464,69
1774605279.6346326,76
1774605279.650649,77
1774605279.666635,80
1774605279.68256,80
1774605279.6986206,84
1774605279.7146053,80
1774605279.7306628,83
1774605279.7465649,84
1774605279.7625134,84
1774605279.7786276,85
1774605279.7945106,85
1774605279.8104212,83
1774605279.8263605,79
1774605279.8425496,76
1774605279.8585677,73
1774605279.8744502,73
1774605279.8905623,71
1774605279.9063668,73
1774605279.9223592,71
1774605279.9384277,69
1774605279.9547489,65
1774605279.970593,61
1774605279.9865832,61
1774605280.002442,77
1774605280.018395,109
1774605280.0344212,151
1774605280.0504837,202
1774605280.066727,252
1774605280.0827823,254
1774605280.0985882,226
1774605280.1146142,187
1774605280.1307247,166
1774605280.1468246,168
1774605280.162702,225
1774605280.178654,293
1774605280.1946628,325
1774605280.210923,311
1774605280.2266557,268
1774605280.2427163,208
1774605280.2587113,151
1774605280.2748213,152
1774605280.2907746,216
1774605280.3066554,309
1774605280.3226368,386
1774605280.3386195,409
1774605280.3548396,398
1774605280.3708215,336
1774605280.386864,253
1774605280.402646,225
1774605280.4187,293
1774605280.4347932,362
1774605280.4509037,451
1774605280.46672,494
1774605280.4826558,458
1774605280.4988544,378
1774605280.5148563,305
1774605280.5306969,212
1774605280.5467827,187
1774605280.5630274,258
1774605280.5791078,356
1774605280.5951183,444
1774605280.6113417,469
1774605280.626872,473
1774605280.6427996,449
1774605280.6588023,401
1774605280.6747108,434
1774605280.690688,564
1774605280.7066703,631
1774605280.7227452,629
1774605280.7387662,628
1774605280.7548795,583
1774605280.770514,553
1774605280.7868166,552
1774605280.8027394,515
1774605280.8187435,453
1774605280.8349051,368
1774605280.8507016,238
1774605280.8666131,213
1774605280.8829484,267
1774605280.8987854,376
1774605280.914729,531
1774605280.9308875,725
1774605280.946841,878
1774605280.9626436,993
1774605280.978824,1030
1774605280.994821,969
1774605281.0107756,837
1774605281.026739,641
1774605281.0427287,457
1774605281.0588906,308
1774605281.074994,209
1774605281.0908518,145
1774605281.106825,101
1774605281.122762,75
1774605281.1387548,60
1774605281.1548514,56
1774605281.1708634,54
1774605281.1868484,63
1774605281.2028282,74
1774605281.2186856,82
1774605281.23479,88
1774605281.250675,93
1774605281.2668033,95
1774605281.2827897,100
1774605281.2987227,106
1774605281.315358,111
1774605281.3307946,112
1774605281.3473642,113
1774605281.3628917,113
1774605281.3793423,111
1774605281.3953476,111
1774605281.411353,110
1774605281.4275076,110
1774605281.4429462,106
1774605281.4590561,108
1774605281.4748175,107
1774605281.4909394,106
1774605281.5070105,102
1774605281.522895,98
1774605281.5389276,94
1774605281.5547497,88
1774605281.5708966,89
1774605281.586819,87
1774605281.6030357,89
1774605281.6188312,85
1774605281.6347494,81
1774605281.650864,78
1774605281.6667507,70
1774605281.6828804,70
1774605281.6991737,67
1774605281.715041,67
1774605281.7308915,63
1774605281.7468643,63
1774605281.7630527,60
1774605281.7790124,56
1774605281.794968,56
1774605281.8113801,51
1774605281.8275065,54
1774605281.843504,48
1774605281.8594632,51
1774605281.874989,51
1774605281.8911448,51
1774605281.907437,49
1774605281.9236677,46
1774605281.9390657,45
1774605281.9548988,39
1774605281.9708428,42
1774605281.9867983,41
1774605282.0027637,41
1774605282.018847,40
1774605282.034907,37
1774605282.0511355,36
1774605282.0668085,32
1774605282.0828617,31
1774605282.0988455,27
1774605282.1147597,26
1774605282.1306887,24
1774605282.1468086,23
1774605282.1627638,23
1774605282.178766,24
1774605282.1947,23
1774605282.2107742,22
1774605282.2267432,22
1774605282.2427125,21
1774605282.2587376,20
1774605282.2746856,20
1774605282.2906995,19
1774605282.3066812,19
1774605282.3228967,19
1774605282.3386793,20
1774605282.3549478,20
1774605282.3708377,19
1774605282.386783,19
1774605282.4026995,19
1774605282.4187589,18
1774605282.4347255,18
1774605282.4507246,19
1774605282.46677,21
1774605282.4826157,20
1774605282.4986148,21
1774605282.514795,21
1774605282.53143,21
1774605282.5471458,21
1774605282.5629015,22
1774605282.5788221,23
1774605282.5949345,22
1774605282.6114302,22
1774605282.6274755,21
1774605282.643536,22
1774605282.6590252,21
1774605282.6754704,22
1774605282.6914883,22
1774605282.7069578,23
1774605282.723084,21
1774605282.739088,22
1774605282.7549813,22
1774605282.7709782,22
1774605282.7869563,21
1774605282.8030603,23
1774605282.8190053,22
1774605282.8349411,22
1774605282.851484,22
1774605282.8674679,22
1774605282.8830285,22
1774605282.8995051,22
1774605282.915054,23
1774605282.9315662,24
1774605282.947516,25
1774605282.9635236,25
1774605282.978911,26
1774605282.995488,25
1774605283.011488,23
1774605283.027478,23
1774605283.0428433,22
1774605283.0588582,20
1774605283.0750844,21
1774605283.0909872,21
1774605283.1069293,20
1774605283.1229784,20
1774605283.1388068,21
1774605283.1548715,21
1774605283.1707783,20
1774605283.1868098,20
1774605283.2033496,21
1774605283.2191167,20
1774605283.2354774,18
1774605283.2515125,19
1774605283.2675056,18
1774605283.2832804,17
1774605283.2995906,16
1774605283.3155644,16
1774605283.3310678,17
1774605283.3470232,17
1774605283.3629136,17
1774605283.3791275,19
1774605283.3950634,20
1774605283.4109025,19
1774605283.42752,20
1774605283.4436705,20
1774605283.4595494,19
1774605283.4755208,18
1774605283.4915323,19
1774605283.5075614,18
1774605283.5235343,18
1774605283.539083,19
1774605283.5556533,20
1774605283.5710223,19
1774605283.5870435,20
1774605283.6032794,20
1774605283.6195962,20
1774605283.6351802,19
1774605283.651553,19
1774605283.6673484,20
1774605283.6831732,20
1774605283.69939,20
1774605283.7152169,20
1774605283.731549,20
1774605283.7475374,19
1774605283.7635686,19
1774605283.7795577,20
1774605283.7954159,20
1774605283.8115451,19
1774605283.8275468,20
1774605283.8436365,21
1774605283.8591075,21
1774605283.8750658,21
1774605283.8910308,22
1774605283.9075007,21
1774605283.9231374,20
1774605283.9390051,20
1774605283.955146,21
1774605283.9710953,19
1774605283.9871304,20
1774605284.0030522,20
1774605284.0196514,20
1774605284.0357306,19
1774605284.0516055,20
1774605284.0676756,20
1774605284.0836973,19
1774605284.0991786,19
1774605284.1156023,19
1774605284.1316593,19
1774605284.1470017,19
1774605284.163091,20
1774605284.179468,19
1774605284.1954691,18
1774605284.2116027,18
1774605284.2272007,18
1774605284.243623,17
1774605284.259646,18
1774605284.2757268,18
1774605284.2910292,17
1774605284.3076158,19
1774605284.3232124,19
1774605284.339645,18
1774605284.3553548,19
1774605284.3711848,19
1774605284.3870733,19
1774605284.403115,20
1774605284.4195085,22
1774605284.4353144,22
1774605284.4511647,23
1774605284.467637,22
1774605284.4836311,22
1774605284.4992297,20
1774605284.5155492,20
1774605284.5310879,19
1774605284.5471547,19
1774605284.563117,20
1774605284.5789528,21
1774605284.594879,23
1774605284.6110077,23
1774605284.6269112,24
1774605284.6429136,23
1774605284.6588876,22
1774605284.6749487,21
1774605284.6909583,22
1774605284.7070436,22
1774605284.7229643,21
1774605284.7387877,20
1774605284.7552195,19
1774605284.770867,18
1774605284.7870412,18
1774605284.8030963,19
1774605284.8188827,20
1774605284.8348997,21
1774605284.850834,21
1774605284.8669248,21
1774605284.8829033,21
1774605284.8988273,22
1774605284.915038,20
1774605284.931095,19
1774605284.9470282,20
1774605284.963177,19
1774605284.979688,19
1774605284.9951894,19
1774605285.0111325,19
1774605285.0270991,20
1774605285.0433793,20
1774605285.0591884,20
1774605285.075292,21
1774605285.0910943,21
1774605285.1070309,21
1774605285.123122,21
1774605285.1390688,20
1774605285.1551125,20
1774605285.1710603,21
1774605285.1870909,21
1774605285.202933,22
1774605285.218984,24
1774605285.2350123,24
1774605285.2511373,26
1774605285.2672145,27
1774605285.2830212,27
1774605285.2993085,26
1774605285.3150291,25
1774605285.331637,23
1774605285.3476377,22
1774605285.3637023,22
1774605285.3797038,20
1774605285.3958125,20
1774605285.4111867,20
1774605285.4276989,21
1774605285.4432516,21
1774605285.4591799,24
1774605285.4757674,24
1774605285.491737,25
1774605285.5076964,26
1774605285.5237868,25
1774605285.5391002,24
1774605285.5551903,23
1774605285.5716388,22
1774605285.5872138,22
1774605285.603155,23
1774605285.6191168,24
1774605285.6352043,24
1774605285.6510274,24
1774605285.667718,23
1774605285.683312,23
1774605285.6992722,21
1774605285.7152178,23
1774605285.7312348,24
1774605285.747071,23
1774605285.763177,23
1774605285.7792737,24
1774605285.7955236,24
1774605285.811036,23
1774605285.8278039,23
1774605285.8430743,24
1774605285.8591006,23
1774605285.8750875,20
1774605285.8911545,19
1774605285.9072285,19
1774605285.9232287,18
1774605285.939262,18
1774605285.9551203,20
1774605285.9711275,22
1774605285.9873433,22
1774605286.0029476,22
1774605286.0188873,24
1774605286.0349283,23
1774605286.0509143,23
1774605286.067155,22
1774605286.0830102,22
1774605286.0991178,22
1774605286.1152115,23
1774605286.1312413,24
1774605286.1472495,26
1774605286.1633182,28
1774605286.1797814,28
1774605286.1954308,28
1774605286.2118714,30
1774605286.2278519,33
1774605286.2431393,34
1774605286.2592044,36
1774605286.2757843,39
1774605286.2918093,38
1774605286.3072565,40
1774605286.3239102,43
1774605286.339498,42
1774605286.3554819,46
1774605286.3718562,48
1774605286.387818,50
1774605286.4038172,50
1774605286.4192882,51
1774605286.4352906,48
1774605286.4515834,46
1774605286.4678507,43
1774605286.4838037,41
1774605286.4992516,39
1774605286.5152988,40
1774605286.5314581,41
1774605286.5475497,42
1774605286.5638177,45
1774605286.5798447,47
1774605286.5958314,48
1774605286.6118279,49
1774605286.6279197,49
1774605286.6438138,50
1774605286.659364,51
1774605286.6758199,50
1774605286.6918201,51
1774605286.7071948,52
1774605286.723798,50
1774605286.7398355,51
1774605286.755289,51
1774605286.771422,50
1774605286.787843,50
1774605286.8035145,49
1774605286.8193953,48
1774605286.8353403,47
1774605286.851236,43
1774605286.8673525,37
1774605286.8830972,32
1774605286.8993762,27
1774605286.915242,24
1774605286.9314022,28
1774605286.9474502,28
1774605286.9632251,28
1774605286.979349,29
1774605286.9954813,29
1774605287.0112305,23
1774605287.0271065,23
1774605287.0431366,23
1774605287.0591984,21
1774605287.0752323,19
1774605287.0910735,20
1774605287.1072576,22
1774605287.1231508,21
1774605287.1391964,22
1774605287.1553423,23
1774605287.1712165,22
1774605287.187126,19
1774605287.2031043,20
1774605287.2191114,20
1774605287.2352178,20
1774605287.2513757,23
1774605287.267102,28
1774605287.2831244,37
1774605287.299145,47
1774605287.3151743,55
1774605287.3310962,61
1774605287.3473253,64
1774605287.3632398,65
1774605287.3791955,65
1774605287.3952563,66
1774605287.4110887,67
1774605287.4273617,69
1774605287.4435456,66
1774605287.4598858,59
1774605287.4759665,50
1774605287.4918883,42
1774605287.507986,33
1774605287.5238783,28
1774605287.539891,25
1774605287.5553765,24
1774605287.5713305,26
1774605287.5879183,39
1774605287.6039186,51
1774605287.6198952,63
1774605287.6353931,74
1774605287.6514058,84
1774605287.6674075,85
1774605287.6834838,85
1774605287.6993403,85
1774605287.7153528,87
1774605287.7319162,88
1774605287.747482,87
1774605287.7636418,87
1774605287.7799401,87
1774605287.7953892,87
1774605287.8110132,85
1774605287.8271108,84
1774605287.8439205,83
1774605287.8595903,80
1774605287.875589,76
1774605287.8920236,71
1774605287.9079196,68
1774605287.9233212,64
1774605287.9400537,62
1774605287.9559367,57
1774605287.9714441,51
1774605287.9874434,45
1774605288.0040116,37
1774605288.019922,32
1774605288.0352762,32
1774605288.0514514,37
1774605288.0673382,42
1774605288.0835066,48
1774605288.099502,48
1774605288.1154478,46
1774605288.1313248,46
1774605288.1474352,47
1774605288.1634111,48
1774605288.179391,53
1774605288.1953723,59
1774605288.2113853,60
1774605288.2273846,59
1774605288.2440248,58
1774605288.2594647,54
1774605288.2759483,50
1774605288.2919698,45
1774605288.3079715,41
1774605288.3234687,40
1774605288.339975,38
1774605288.3555663,36
1774605288.3720186,34
1774605288.387971,36
1774605288.4039717,36
1774605288.420111,44
1774605288.4354084,50
1774605288.4516265,57
1774605288.4674757,59
1774605288.4837668,58
1774605288.5000308,51
1774605288.5159755,47
1774605288.5319822,44
1774605288.5477698,45
1774605288.5636916,47
1774605288.5798638,49
1774605288.5960042,49
1774605288.6113963,44
1774605288.6273649,37
1774605288.644011,31
1774605288.6600494,25
1774605288.6759953,22
1774605288.692019,20
1774605288.7074761,18
1774605288.723678,21
1774605288.7400236,26
1774605288.7560132,31
1774605288.771505,37
1774605288.7880352,44
1774605288.804037,46
1774605288.8201816,48
1774605288.8360617,50
1774605288.8516798,50
1774605288.8677015,49
1774605288.883559,50
1774605288.9001775,47
1774605288.9161048,44
1774605288.9314702,42
1774605288.9480345,40
1774605288.9635444,40
1774605288.9795268,37
1774605288.9956317,36
1774605289.0120227,33
1774605289.0280688,30
1774605289.043412,25
1774605289.0600686,27
1774605289.0760522,25
1774605289.0920482,22
1774605289.1080525,21
1774605289.123495,22
1774605289.1394079,18
1774605289.1554515,17
1774605289.1719947,16
1774605289.1876192,18
1774605289.2037015,17
1774605289.2197034,17
1774605289.2360597,17
1774605289.251474,18
1774605289.2675476,16
1774605289.283502,15
1774605289.2996182,18
1774605289.3160465,18
1774605289.3315637,17
1774605289.3480818,18
1774605289.3639169,18
1774605289.379687,17
1774605289.395534,18
1774605289.4114232,18
1774605289.427384,17
1774605289.4433594,17
1774605289.4593623,18
1774605289.4752095,19
1774605289.4913266,19
1774605289.5075915,20
1774605289.523375,25
1774605289.5395067,33
1774605289.555503,39
1774605289.5714228,48
1774605289.5874796,56
1774605289.603645,61
1774605289.619471,60
1774605289.6353908,62
1774605289.6513288,62
1774605289.6674178,63
1774605289.6833959,61
1774605289.699481,61
1774605289.7156868,56
1774605289.7316415,50
1774605289.747505,42
1774605289.763628,36
1774605289.7794926,28
1774605289.7955115,24
1774605289.8113568,22
1774605289.8273635,21
1774605289.8434641,24
1774605289.859466,29
1774605289.8754983,34
1774605289.891358,37
1774605289.9072225,40
1774605289.9236119,40
1774605289.9396105,39
1774605289.9555438,41
1774605289.9715462,44
1774605289.9879682,46
1774605290.0040224,49
1774605290.0195112,49
1774605290.0358815,47
1774605290.052094,46
1774605290.0675707,46
1774605290.0836308,44
1774605290.09973,43
1774605290.1161647,45
1774605290.1321204,44
1774605290.1481214,41
1774605290.164129,39
1774605290.1801226,37
1774605290.1956167,32
1774605290.211536,29
1774605290.2281544,28
1774605290.243584,26
1774605290.2601013,24
1774605290.2755973,22
1774605290.2921166,21
1774605290.3081172,19
1774605290.3241417,19
1774605290.3397498,19
1774605290.3561373,20
1774605290.3721652,19
1774605290.387659,21
1774605290.40373,20
1774605290.419494,20
1774605290.4357643,20
1774605290.451645,22
1774605290.4674537,21
1774605290.4836214,21
1774605290.4996197,22
1774605290.5159733,22
1774605290.532318,21
1774605290.5481563,22
1774605290.5636888,22
1774605290.580163,22
1774605290.5959277,22
1774605290.6117733,21
1774605290.6278741,19
1774605290.6442778,18
1774605290.660212,18
1774605290.676146,17
1774605290.6922054,17
1774605290.7080512,18
1774605290.7236745,18
1774605290.739564,19
1774605290.7557702,19
1774605290.7721975,19
1774605290.7881508,21
1774605290.8041775,21
1774605290.8201904,19
1774605290.8356562,20
1774605290.8516994,19
1774605290.8676312,18
1774605290.8835926,17
1774605290.8996084,19
1774605290.9156792,18
1774605290.9318433,18
1774605290.9477148,18
1774605290.9635553,18
1774605290.979598,18
1774605290.9955828,18
1774605291.0116236,18
1774605291.0276687,18
1774605291.0442476,18
1774605291.0601575,18
1774605291.0762122,18
1774605291.0921926,18
1774605291.1077302,17
1774605291.1241734,18
1774605291.139786,20
1774605291.1561801,20
1774605291.1721933,21
1774605291.1876135,21
1774605291.2042043,21
1774605291.2198415,20
1774605291.2361822,20
1774605291.251776,20
1774605291.2676315,20
1774605291.2836592,20
1774605291.2997282,20
1774605291.315645,19
1774605291.3323052,19
1774605291.347718,19
1774605291.3637066,17
1774605291.3801956,17
1774605291.3957026,18
1774605291.4119506,18
1774605291.4281971,18
1774605291.443996,19
1774605291.4596925,19
1774605291.4762244,19
1774605291.4916818,19
1774605291.5081432,19
1774605291.5236602,18
1774605291.5397437,18
1774605291.555683,17
1774605291.571663,17
1774605291.5876434,18
1774605291.603538,18
1774605291.6196296,18
1774605291.6355681,19
1774605291.6515985,19
1774605291.6681151,19
1774605291.684174,21
1774605291.6997075,21
1774605291.7157047,22
1774605291.7317762,23
1774605291.747789,25
1774605291.7637901,25
1774605291.7798111,25
1774605291.795771,24
1774605291.8119986,23
1774605291.8280604,22
1774605291.8442328,20
1774605291.8598697,20
1774605291.8762271,21
1774605291.8922622,22
1774605291.9082806,31
1774605291.923742,42
1774605291.940271,51
1774605291.9558828,59
1774605291.9718733,66
1774605291.9878893,65
1774605292.0049005,64
1774605292.019611,59
1774605292.0356445,53
1774605292.0515532,43
1774605292.0674775,36
1774605292.0837836,28
1774605292.099631,25
1774605292.115713,28
1774605292.1314034,31
1774605292.1475143,36
1774605292.1636522,42
1774605292.179766,46
1774605292.1955109,46
1774605292.2114885,46
1774605292.2275054,42
1774605292.243506,39
1774605292.2595744,36
1774605292.275591,34
1774605292.2917066,32
1774605292.3075356,35
1774605292.3235712,38
1774605292.3395987,43
1774605292.3555665,49
1774605292.3716655,55
1774605292.3876534,57
1774605292.403699,56
1774605292.4197836,51
1774605292.4355378,45
1774605292.4517138,38
1774605292.4683552,33
1774605292.4837487,29
1774605292.4998958,27
1774605292.5157166,26
1774605292.531737,26
1774605292.5481532,28
1774605292.563699,34
1774605292.5799334,39
1774605292.5958817,46
1774605292.6119268,54
1774605292.6279418,57
1774605292.644271,58
1774605292.65985,60
1774605292.6764126,60
1774605292.6923184,54
1774605292.7082944,54
1774605292.7244158,56
1774605292.739647,54
1774605292.7558143,51
1774605292.77232,54
1774605292.7878659,55
1774605292.8038015,56
1774605292.8197596,62
1774605292.8357952,67
1774605292.851878,65
1774605292.8678536,63
1774605292.8838046,62
1774605292.8996966,59
1774605292.9157073,58
1774605292.9316719,61
1774605292.9485471,61
1774605292.9637606,54
1774605292.9799185,45
1774605292.9958885,38
1774605293.011768,31
1774605293.0277526,25
1774605293.0436788,22
1774605293.059956,23
1774605293.0761893,23
1774605293.0922236,23
1774605293.10836,23
1774605293.1244023,24
1774605293.1405046,30
1774605293.1565545,36
1774605293.1722534,43
1774605293.188478,50
1774605293.2042341,51
1774605293.2204862,44
1774605293.2363758,39
1774605293.252491,34
1774605293.2684603,29
1774605293.2842467,33
1774605293.3003438,40
1774605293.316886,46
1774605293.3319428,50
1774605293.3480313,52
1774605293.3638985,52
1774605293.3797953,49
1774605293.3957875,47
1774605293.4117117,46
1774605293.4278338,46
1774605293.4437487,44
1774605293.459741,42
1774605293.4758773,43
1774605293.4917123,44
1774605293.5077798,46
1774605293.5240624,48
1774605293.5399544,50
1774605293.556923,49
1774605293.5722303,47
1774605293.588351,47
1774605293.6044695,48
1774605293.620241,51
1774605293.6366527,54
1774605293.6524777,60
1774605293.6680417,65
1774605293.6839523,64
1774605293.6995158,63
1774605293.7158515,62
1774605293.7317977,59
1774605293.7478986,56
1774605293.763794,54
1774605293.779715,50
1774605293.7955809,42
1774605293.81179,36
1774605293.8277674,32
1774605293.8438272,33
1774605293.860268,36
1774605293.876032,41
1774605293.892136,45
1774605293.9081666,46
1774605293.9240549,45
1774605293.940066,44
1774605293.9562118,43
1774605293.9723856,43
1774605293.9884293,42
1774605294.004506,41
1774605294.020436,35
1774605294.036464,32
1774605294.0521631,27
1774605294.0684988,24
1774605294.084128,24
1774605294.1005821,29
1774605294.1165142,33
1774605294.131976,38
1774605294.1479802,42
1774605294.1640496,42
1774605294.1806157,43
1774605294.1965988,41
1774605294.2124765,39
1774605294.2286918,37
1774605294.2440195,36
1774605294.2600596,32
1774605294.2765892,29
1774605294.2924426,28
1774605294.3086271,25
1774605294.3245714,24
1774605294.3405445,24
1774605294.3566358,25
1774605294.3723786,24
1774605294.3881733,23
1774605294.4040556,23
1774605294.420298,23
1774605294.436005,20
1774605294.4520245,20
1774605294.4680803,20
1774605294.483713,20
1774605294.4997997,20
1774605294.5157323,22
1774605294.5316954,22
1774605294.5477633,21
1774605294.5637486,21
1774605294.579742,21
1774605294.595716,19
1774605294.6117802,20
1774605294.6278775,20
1774605294.6438668,20
1774605294.6598175,19
1774605294.6757135,21
1774605294.6917522,19
1774605294.7080526,20
1774605294.7237282,19
1774605294.739711,20
1774605294.755859,21
1774605294.7717662,22
1774605294.7880452,22
1774605294.803864,24
1774605294.8197067,25
1774605294.835729,24
1774605294.8518155,26
1774605294.8679068,27
1774605294.883939,26
1774605294.899834,25
1774605294.9163713,26
1774605294.9319735,25
1774605294.9479582,23
1774605294.9639575,25
1774605294.9798646,26
1774605294.9959347,25
1774605295.011936,26
1774605295.027962,27
1774605295.0439262,24
1774605295.060116,24
1774605295.0762486,24
1774605295.0922155,22
1774605295.1085052,20
1774605295.1245053,20
1774605295.1400833,19
1774605295.1565688,18
1774605295.1725183,17
1774605295.188507,18
1774605295.204502,19
1774605295.2205207,19
1774605295.2366586,18
1774605295.2525165,19
1774605295.268038,20
1774605295.2845287,19
1774605295.3005695,19
1774605295.3158906,20
1774605295.332069,19
1774605295.3479342,19
1774605295.3640301,19
1774605295.380013,21
1774605295.3961716,20
1774605295.4121978,22
1774605295.4280887,22
1774605295.4439135,22
1774605295.4599547,21
1774605295.47601,21
1774605295.4920156,20
1774605295.5080736,20
1774605295.524075,19
1774605295.5406282,19
1774605295.556035,19
1774605295.5726771,19
1774605295.5878875,19
1774605295.6042378,23
1774605295.620211,26
1774605295.6362326,32
1774605295.6525545,40
1774605295.6686454,43
1774605295.6848557,41
1774605295.7006388,41
1774605295.7166853,39
1774605295.7326312,38
1774605295.74892,54
1774605295.764099,71
1774605295.7802627,83
1774605295.7964926,95
1774605295.8124027,103
1774605295.8282409,97
1774605295.8438814,90
1774605295.8614354,79
1774605295.8757906,71
1774605295.891756,62
1774605295.907947,51
1774605295.923899,42
1774605295.9400089,38
1774605295.9558792,35
1774605295.972241,32
1774605295.9880106,30
1774605296.0040267,28
1774605296.0200143,27
1774605296.0361464,24
1774605296.0520995,21
1774605296.0681577,20
1774605296.0844905,20
1774605296.1004357,22
1774605296.1166167,22
1774605296.1325054,24
1774605296.1486099,26
1774605296.1641924,26
1774605296.1801171,25
1774605296.1962,25
1774605296.2124915,25
1774605296.2289124,24
1774605296.244498,26
1774605296.2605598,26
1774605296.276723,28
1774605296.2917876,27
1774605296.3081386,28
1774605296.3243515,29
1774605296.3405914,28
1774605296.3564436,28
1774605296.3725567,27
1774605296.389162,29
1774605296.4045198,28
1774605296.420604,30
1774605296.4368906,33
1774605296.4525445,32
1774605296.468618,32
1774605296.484631,30
1774605296.5005212,29
1774605296.5167947,27
1774605296.5326295,28
1774605296.5482814,27
1774605296.564259,27
1774605296.5800502,25
1774605296.5960448,24
1774605296.6124377,24
1774605296.6284997,23
1774605296.6443036,23
1774605296.6603127,23
1774605296.6762633,22
1774605296.6920633,22
1774605296.7082124,22
1774605296.7240381,22
1774605296.7401028,21
1774605296.7561615,22
1774605296.7721791,21
1774605296.7884607,20
1774605296.8043978,23
1774605296.8206143,23
1774605296.8367734,23
1774605296.8526723,23
1774605296.8690245,25
1774605296.8847182,23
1774605296.9007123,22
1774605296.916669,23
1774605296.9319987,22
1774605296.9479585,22
1774605296.9638512,21
1774605296.9798336,22
1774605296.99604,22
1774605297.012129,20
1774605297.0280075,21
1774605297.0439925,21
1774605297.0600643,21
1774605297.076145,20
1774605297.0923517,21
1774605297.1079805,20
1774605297.1238294,20
1774605297.1400547,20
1774605297.1561189,19
1774605297.1721995,21
1774605297.1879601,21
1774605297.2041156,24
1774605297.2200642,25
1774605297.2359798,25
1774605297.251942,23
1774605297.2681196,22
1774605297.2839558,20
1774605297.300228,18
1774605297.3159397,21
1774605297.332157,22
1774605297.3481302,23
1774605297.364184,23
1774605297.380213,25
1774605297.396012,24
1774605297.4119983,23
1774605297.428225,25
1774605297.444014,26
1774605297.4601264,27
1774605297.4760733,25
1774605297.491981,30
1774605297.5080469,59
1774605297.5241146,62
1774605297.5401075,62
1774605297.5562336,67
1774605297.5727558,62
1774605297.588172,36
1774605297.6041675,32
1774605297.6206222,42
1774605297.636686,99
1774605297.6527748,144
1774605297.66877,157
1774605297.6847706,162
1774605297.700779,158
1774605297.7169054,106
1774605297.7327924,64
1774605297.7481833,46
1774605297.7647443,50
1774605297.780849,58
1774605297.7961347,51
1774605297.8122373,60
1774605297.8286266,83
1774605297.8448465,114
1774605297.8609178,162
1774605297.8764105,245
1774605297.8929482,312
1774605297.9083936,358
1774605297.9242144,342
1774605297.9402692,296
1774605297.9562922,222
1774605297.9721687,149
1774605297.988182,85
1774605298.003936,70
1774605298.0201414,70
1774605298.0361323,137
1774605298.052184,307
1774605298.0682824,510
1774605298.0848806,712
1774605298.10027,816
1774605298.1163363,792
1774605298.1322968,701
1774605298.1482744,577
1774605298.1643744,459
1774605298.180352,493
1774605298.1963525,594
1774605298.212415,641
1774605298.2282164,674
1774605298.2443116,687
1774605298.2603242,603
1774605298.2762709,523
1774605298.292358,460
1774605298.3083897,407
1774605298.3242822,372
1774605298.3404455,415
1774605298.3561442,938
1774605298.3723938,1468
1774605298.388435,2074
1774605298.4043725,2563
1774605298.4209027,2948
1774605298.4363034,2809
1774605298.452268,2600
1774605298.4683833,2244
1774605298.4843352,1911
1774605298.500268,1570
1774605298.516889,1217
1774605298.5323448,892
1774605298.5483098,634
1774605298.5643957,436
1774605298.5802445,295
1774605298.596882,210
1774605298.6123989,183
1774605298.6282737,179
1774605298.6443574,226
1774605298.6602874,300
1774605298.676415,481
1774605298.6923647,709
1774605298.708575,868
1774605298.7245538,1008
1774605298.740635,1103
1774605298.7566087,991
1774605298.7723558,788
1774605298.7882724,660
1774605298.8044138,538
1774605298.8205295,451
1774605298.8362935,459
1774605298.852449,505
1774605298.868481,515
1774605298.8846056,511
1774605298.900446,504
1774605298.9167132,520
1774605298.932762,552
1774605298.9490106,564
1774605298.9650002,610
1774605298.9809823,625
1774605298.9970665,667
1774605299.012556,665
1774605299.028319,651
1774605299.0446486,590
1774605299.0610716,533
1774605299.0767927,464
1774605299.0929682,474
1774605299.108882,538
1774605299.1245883,595
1774605299.1407151,616
1774605299.1570315,556
1774605299.1730218,431
1774605299.1885908,303
1774605299.2045813,197
1774605299.2205002,162
1774605299.2366807,260
1774605299.2527394,375
1774605299.2688987,451
1774605299.2849035,473
1774605299.3011236,480
1774605299.317214,404
1774605299.3330317,312
1774605299.3490844,260
1774605299.3651073,270
1774605299.3809402,284
1774605299.3970773,297
1774605299.4124722,312
1774605299.4284472,337
1774605299.4449317,417
1774605299.4606974,564
1774605299.4766853,652
1774605299.4928339,703
1774605299.5086503,723
1774605299.524242,663
1774605299.5405002,522
1774605299.5566146,427
1774605299.572338,363
1774605299.5882206,311
1774605299.6041946,272
1774605299.620268,258
1774605299.6360416,251
1774605299.6521847,257
1774605299.668239,269
1774605299.684212,287
1774605299.70015,293
1774605299.7161052,294
1774605299.732072,287
1774605299.7484334,280
1774605299.7643552,275
1774605299.7801912,270
1774605299.796138,269
1774605299.8122234,269
1774605299.8283591,268
1774605299.844345,269
1774605299.8601902,263
1774605299.8761647,257
1774605299.8921845,249
1774605299.9083748,241
1774605299.9242532,227
1774605299.940298,215
1774605299.956421,208
1774605299.9723413,214
1774605299.9889238,275
1774605300.0049334,365
1774605300.020466,474
1774605300.0363898,585
1774605300.0524569,679
1774605300.0684462,676
1774605300.0844736,611
1774605300.1005676,504
1774605300.116376,386
1774605300.1325786,270
1774605300.148454,190
1774605300.1644065,138
1774605300.180533,114
1774605300.1964061,125
1774605300.2124016,145
1774605300.2283943,176
1774605300.244172,216
1774605300.2605615,257
1774605300.276465,257
1774605300.2926161,229
1774605300.3084195,199
1774605300.3249128,167
1774605300.3403933,140
1774605300.3563259,136
1774605300.3729956,147
1774605300.3890305,157
1774605300.405018,161
1774605300.4206996,161
1774605300.4370162,175
1774605300.4530432,200
1774605300.4684532,233
1774605300.4845302,281
1774605300.501046,325
1774605300.5170293,335
1774605300.5330396,329
1774605300.5484524,294
1774605300.5650427,258
1774605300.5806231,237
1774605300.5970116,268
1774605300.6124525,474
1774605300.62857,642
1774605300.6444664,726
1774605300.6604695,796
1774605300.676989,810
1774605300.6930509,632
1774605300.709048,498
1774605300.725025,416
1774605300.7410808,311
1774605300.7566032,211
1774605300.7725484,139
1774605300.788675,87
1774605300.8044777,63
1774605300.8204927,67
1774605300.8370397,81
1774605300.8525994,98
1774605300.86904,114
1774605300.8850482,125
1774605300.9011722,133
1774605300.9171176,140
1774605300.9326327,143
1774605300.948529,143
1774605300.9644406,139
1774605300.9805481,128
1774605300.9965825,117
1774605301.0124614,107
1774605301.028626,100
1774605301.0445228,91
1774605301.0605288,91
1774605301.076414,88
1774605301.0923362,83
1774605301.1082382,88
1774605301.1245322,95
1774605301.1405048,102
1774605301.1566586,110
1774605301.1724615,114
1774605301.1885023,107
1774605301.204389,91
1774605301.2209756,79
1774605301.2370381,66
1774605301.2525887,65
1774605301.2690547,63
1774605301.284534,72
1774605301.3005154,79
1774605301.3170216,83
1774605301.3325527,84
1774605301.3484547,79
1774605301.3644824,75
1774605301.3805351,62
1774605301.3966112,55
1774605301.4125025,45
1774605301.428582,43
1774605301.444504,39
1774605301.4605255,35
1774605301.4765215,34
1774605301.4925556,30
1774605301.5086458,29
1774605301.524557,25
1774605301.5406418,29
1774605301.5567248,29
1774605301.572937,32
1774605301.589034,36
1774605301.6052015,36
1774605301.6204987,37
1774605301.6370862,33
1774605301.6530826,33
1774605301.6693003,24
1774605301.6853008,22
1774605301.7010548,17
1774605301.7168615,22
1774605301.7331915,24
1774605301.749305,29
1774605301.7651799,30
1774605301.78151,33
1774605301.7970927,28
1774605301.813007,24
1774605301.8285685,19
1774605301.8447871,20
1774605301.8605742,16
1774605301.8764856,17
1774605301.8939624,15
1774605301.9087536,16
1774605301.9248772,15
1774605301.940935,16
1774605301.9568942,17
1774605301.9727128,22
1774605301.9886305,21
1774605302.004713,21
1774605302.020848,19
1774605302.036362,19
1774605302.0523694,17
1774605302.0683272,18
1774605302.0844333,16
1774605302.100456,17
1774605302.1165454,15
1774605302.1323388,14
1774605302.1483536,13
1774605302.1645222,13
1774605302.1804235,14
1774605302.1965668,14
1774605302.2125912,13
1774605302.2285898,13
1774605302.244511,13
1774605302.2605298,13
1774605302.276575,13
1774605302.2924309,13
1774605302.3085258,13
1774605302.3244927,14
1774605302.3405719,14
1774605302.356323,15
1774605302.3724456,14
1774605302.3883905,13
1774605302.4045348,13
1774605302.420485,12
1774605302.4365346,13
1774605302.452615,14
1774605302.4684002,16
1774605302.4843972,17
1774605302.5003757,18
1774605302.5171218,16
1774605302.5325232,17
1774605302.5491548,16
1774605302.5651567,16
1774605302.5807295,17
1774605302.5971196,18
1774605302.6131177,16
1774605302.6292393,17
1774605302.644664,16
1774605302.661178,16
1774605302.6767023,14
1774605302.6925707,17
1774605302.709151,16
1774605302.7251527,18
1774605302.7412245,20
1774605302.7568104,21
1774605302.77324,20
1774605302.788765,19
1774605302.8051245,19
1774605302.8206902,16
1774605302.8366735,16
1774605302.8531845,22
1774605302.8686986,38
1774605302.8846498,94
1774605302.901291,165
1774605302.9172835,271
1774605302.9332829,327
1774605302.9492896,365
1774605302.9652255,393
1774605302.9808667,379
1774605302.9972656,346
1774605303.0131996,359
1774605303.0293672,382
1774605303.0447705,352
1774605303.0612798,348
1774605303.076738,326
1774605303.0927515,301
1774605303.1088457,268
1774605303.125311,281
1774605303.1408644,373
1774605303.1567647,484
1774605303.173307,575
1774605303.188907,676
1774605303.205156,751
1774605303.2213533,761
1774605303.2373707,767
1774605303.2533338,810
1774605303.269294,827
1774605303.2849002,844
1774605303.3006742,833
1774605303.3168395,760
1774605303.3327157,806
1774605303.3493035,814
1774605303.3653038,835
1774605303.380803,876
1774605303.3966575,929
1774605303.4126937,799
1774605303.4289124,710
1774605303.445061,622
1774605303.4606104,582
1774605303.4769182,598
1774605303.4927757,645
1774605303.5087404,717
1774605303.5249965,801
1774605303.5407937,835
1774605303.5568357,822
1774605303.5732887,890
1774605303.5887055,851
1774605303.6050582,757
1774605303.6207519,636
1774605303.636914,513
1774605303.652837,335
1774605303.668784,270
1774605303.6848516,249
1774605303.7009065,265
1774605303.7169578,311
1774605303.732771,357
1774605303.748697,388
1774605303.7647622,409
1774605303.7808664,420
1774605303.7968853,423
1774605303.8129578,419
1774605303.8292572,412
1774605303.8453403,396
1774605303.8613563,373
1774605303.8769772,352
1774605303.8929408,331
1774605303.908896,312
1774605303.9251773,298
1774605303.9409318,288
1774605303.95704,275
1774605303.973073,262
1774605303.989377,251
1774605304.0051758,241
1774605304.0213864,232
1774605304.0374029,219
1774605304.053348,209
1774605304.0693972,199
1774605304.0854332,196
1774605304.1015198,189
1774605304.1174252,170
1774605304.1334016,166
1774605304.1494067,144
1774605304.1654663,110
1774605304.1814506,79
1774605304.1974466,72
1774605304.2133205,47
1774605304.2293603,34
1774605304.2453787,33
1774605304.2614157,36
1774605304.2773376,46
1774605304.2929566,43
1774605304.3089192,49
1774605304.3251507,60
1774605304.3415582,68
1774605304.3575559,74
1774605304.3729715,101
1774605304.3889627,125
1774605304.4050734,136
1774605304.4207182,143
1774605304.436875,137
1774605304.4530225,119
1774605304.4689329,101
1774605304.484828,87
1774605304.5012493,72
1774605304.5168018,65
1774605304.532949,62
1774605304.5488722,64
1774605304.5646715,64
1774605304.5807943,72
1774605304.5969195,71
1774605304.6125646,82
1774605304.6289415,88
1774605304.6447794,82
1774605304.6608524,77
1774605304.6767478,79
1774605304.6926568,69
1774605304.7086859,54
1774605304.7248633,52
1774605304.7407885,48
1774605304.7567732,42
1774605304.7727518,37
1774605304.7887347,50
1774605304.8046315,176
1774605304.8206127,236
1774605304.8367183,265
1774605304.8526657,295
1774605304.8686397,309
1774605304.8847272,198
1774605304.900651,139
1774605304.9166508,114
1774605304.9326162,93
1774605304.9486833,66
1774605304.9647524,48
1774605304.9809284,42
1774605304.9966807,36
1774605305.0126884,23
1774605305.0288684,20
1774605305.0448236,20
1774605305.061082,22
1774605305.0766056,22
1774605305.0927527,22
1774605305.1088212,23
1774605305.1248772,97
1774605305.1410244,144
1774605305.1566613,184
1774605305.1726875,215
1774605305.1886454,250
1774605305.2046585,201
1774605305.220549,169
1774605305.2368069,138
1774605305.2533686,113
1774605305.2694192,78
1774605305.2853258,54
1774605305.300731,38
1774605305.316778,29
1774605305.3329937,24
1774605305.3489044,27
1774605305.3649015,34
1774605305.3807607,41
1774605305.397019,47
1774605305.4129026,55
1774605305.4286466,60
1774605305.4448016,64
1774605305.460845,67
1774605305.4770367,68
1774605305.4929078,70
1774605305.5087368,70
1774605305.524863,69
1774605305.5410464,68
1774605305.5568771,70
1774605305.573388,69
1774605305.5890424,67
1774605305.6048458,68
1774605305.6208117,68
1774605305.6370676,67
1774605305.6534262,66
1774605305.6694486,66
1774605305.6853883,61
1774605305.7015185,56
1774605305.7168295,55
1774605305.732806,52
1774605305.749431,51
1774605305.7654536,48
1774605305.7813468,46
1774605305.7974365,42
1774605305.812994,38
1774605305.8288958,37
1774605305.8448453,34
1774605305.861003,35
1774605305.8767962,31
1774605305.8931751,32
1774605305.9088547,29
1774605305.9248524,27
1774605305.940921,26
1774605305.9569879,25
1774605305.9731638,26
1774605305.988963,25
1774605306.005467,25
1774605306.0209234,22
1774605306.0369222,23
1774605306.0529377,22
1774605306.0693297,24
1774605306.0854142,25
1774605306.100914,26
1774605306.117045,25
1774605306.133474,23
1774605306.1494813,24
1774605306.1655548,23
1774605306.18145,23
1774605306.1973913,21
1774605306.213478,24
1774605306.228989,24
1774605306.245073,24
1774605306.2609484,26
1774605306.276976,28
1774605306.2931058,27
1774605306.308804,24
1774605306.3247304,24
1774605306.3409486,22
1774605306.3567505,21
1774605306.3739586,19
1774605306.3891153,20
1774605306.404953,20
1774605306.420751,21
1774605306.437174,20
1774605306.4534857,20
1774605306.469155,19
1774605306.4854565,18
1774605306.501488,20
1774605306.5168948,19
1774605306.532915,20
1774605306.5488508,20
1774605306.5649047,23
1774605306.5808918,21
1774605306.596866,22
1774605306.6129627,22
1774605306.6287196,21
1774605306.6453803,20
1774605306.6609757,21
1774605306.6770701,21
1774605306.6930156,22
1774605306.7090096,22
1774605306.7249882,23
1774605306.7411222,23
1774605306.7569537,23
1774605306.7734926,22
1774605306.788881,23
1774605306.8046687,21
1774605306.8208284,21
1774605306.8374894,21
1774605306.852847,22
1774605306.8687363,20
1774605306.8851671,22
1774605306.9009948,22
1774605306.9170644,21
1774605306.933475,21
1774605306.949402,22
1774605306.9649696,24
1774605306.9807303,24
1774605306.996856,23
1774605307.013023,23
1774605307.029086,23
1774605307.0450397,20
1774605307.0608933,20
1774605307.0767577,22
1774605307.0930245,22
1774605307.1093454,24
1774605307.124985,26
1774605307.1410112,26
1774605307.1569655,25
1774605307.1731992,25
1774605307.1888332,26
1774605307.204774,29
1774605307.2208083,32
1774605307.2370381,37
1774605307.252986,38
1774605307.2690153,41
1774605307.2849116,41
1774605307.3008914,42
1774605307.3168306,40
1774605307.3327944,39
1774605307.3487816,33
1774605307.3647168,29
1774605307.3810709,24
1774605307.3970137,20
1774605307.4128354,18
1774605307.4288566,19
1774605307.4448183,19
1774605307.460786,19
1774605307.4767697,19
1774605307.4930606,20
1774605307.5088136,19
1774605307.5249398,19
1774605307.5410135,19
1774605307.5569644,19
1774605307.5730321,19
1774605307.5890448,18
1774605307.604862,18
1774605307.6210513,17
1774605307.637198,17
1774605307.6527808,17
1774605307.6687527,18
1774605307.684736,17
1774605307.7013793,17
1774605307.7168822,17
1774605307.7328453,17
1774605307.7488832,16
1774605307.7649322,17
1774605307.782002,17
1774605307.7970145,17
1774605307.8130035,17
1774605307.829008,19
1774605307.845059,20
1774605307.861038,23
1774605307.8768947,26
1774605307.8929095,26
1774605307.9089258,25
1774605307.9248672,26
1774605307.941205,25
1774605307.9569592,25
1774605307.9729016,25
1774605307.9892464,26
1774605308.0049672,24
1774605308.0209677,23
1774605308.0370352,22
1774605308.053098,21
1774605308.069837,21
1774605308.0849001,21
1774605308.1008954,22
1774605308.1169262,21
1774605308.1329224,20
1774605308.1488113,21
1774605308.1648333,22
1774605308.1808345,22
1774605308.1968374,23
1774605308.212841,24
1774605308.2289531,24
1774605308.2449958,22
1774605308.2611637,21
1774605308.2770174,20
1774605308.2929325,21
1774605308.308899,20
1774605308.3249052,20
1774605308.3408735,20
1774605308.357152,19
1774605308.3731306,17
1774605308.3890903,17
1774605308.4051938,18
1774605308.4210155,17
1774605308.4369497,17
1774605308.452997,18
1774605308.4696581,19
1774605308.485529,18
1774605308.501081,20
1774605308.5175316,22
1774605308.5329726,22
1774605308.548922,22
1774605308.5648477,22
1774605308.5812967,21
1774605308.5973673,19
1774605308.6129394,18
1774605308.628923,18
1774605308.644888,18
1774605308.6608896,18
1774605308.6770318,18
1774605308.6931584,19
1774605308.7090895,19
1774605308.7249162,19
1774605308.7410054,20
1774605308.7568803,21
1774605308.772886,22
1774605308.7890673,22
1774605308.8057263,23
1774605308.8212047,22
1774605308.8377285,21
1774605308.8531291,21
1774605308.8689103,21
1774605308.885311,20
1774605308.9013076,20
1774605308.9176419,20
1774605308.9331574,20
1774605308.9491963,20
1774605308.965155,21
1774605308.9810908,21
1774605308.9979913,21
1774605309.0131283,20
1774605309.0292788,19
1774605309.0451407,19
1774605309.0611713,18
1774605309.0768557,19
1774605309.0929697,19
1774605309.1090732,19
1774605309.1252522,18
1774605309.1414392,20
1774605309.1573873,19
1774605309.1732342,20
1774605309.1891968,20
1774605309.205228,21
1774605309.221388,19
1774605309.2376745,18
1774605309.2537408,17
1774605309.2692063,16
1774605309.2851207,16
1774605309.3017042,16
1774605309.3171747,16
1774605309.3337471,16
1774605309.3496926,16
1774605309.3656402,16
1774605309.381013,17
1774605309.3971734,17
1774605309.413066,17
1774605309.429221,17
1774605309.445185,16
1774605309.4613395,15
1774605309.4772148,16
1774605309.4931011,16
1774605309.5091121,16
1774605309.5256934,17
1774605309.5412114,18
1774605309.557379,18
1774605309.5729554,19
1774605309.5890422,18
1774605309.6055176,19
1774605309.6210268,18
1774605309.6371264,17
1774605309.6530852,17
1774605309.6690526,17
1774605309.6851916,16
1774605309.7009811,17
1774605309.7170157,17
1774605309.7330148,17
1774605309.7490227,17
1774605309.7652128,17
1774605309.7812607,18
1774605309.7972403,17
1774605309.813014,17
1774605309.8292413,18
1774605309.8451204,19
1774605309.8611865,20
1774605309.8771522,20
1774605309.893312,20
1774605309.9090734,20
1774605309.9252,20
1774605309.941481,19
1774605309.9570007,19
1774605309.9730248,19
1774605309.9892287,19
1774605310.0049741,20
1774605310.0212176,20
1774605310.037272,20
1774605310.053254,20
1774605310.069666,20
1774605310.0851772,19
1774605310.1011698,18
1774605310.1170938,19
1774605310.1331735,18
1774605310.1497612,17
1774605310.1651187,17
1774605310.1810806,19
1774605310.1970048,19
1774605310.2131639,19
1774605310.2292147,19
1774605310.245847,18
1774605310.2611158,16
1774605310.2778442,16
1774605310.293295,16
1774605310.3092692,17
1774605310.3251252,17
1774605310.3411264,17
1774605310.35727,17
1774605310.3730893,18
1774605310.3892472,18
1774605310.4053469,19
1774605310.4214542,20
1774605310.4374325,19
1774605310.4534206,18
1774605310.469833,20
1774605310.4854348,19
1774605310.5010679,18
1774605310.5171244,19
1774605310.53345,22
1774605310.549323,21
1774605310.565509,21
1774605310.581249,23
1774605310.5978067,23
1774605310.6131015,22
1774605310.6290069,21
1774605310.6453545,21
1774605310.6618154,21
1774605310.677476,19
1774605310.6937957,18
1774605310.709199,17
1774605310.7252283,17
1774605310.7413356,16
1774605310.7572389,18
1774605310.7731361,20
1774605310.7893007,20
1774605310.8051472,19
1774605310.8212469,21
1774605310.837367,19
1774605310.853348,18
1774605310.8692417,19
1774605310.885223,19
1774605310.901876,18
1774605310.9173353,18
1774605310.9333346,19
1774605310.9490075,19
1774605310.9651196,18
1774605310.981343,18
1774605310.9972894,17
1774605311.013729,16
1774605311.029132,16
1774605311.0451128,17
1774605311.061281,17
1774605311.0773911,18
1774605311.093852,19
1774605311.109373,22
1774605311.125464,22
1774605311.141173,23
1774605311.1571975,23
1774605311.1733658,23
1774605311.1892147,20
1774605311.2055612,19
1774605311.2214925,19
1774605311.2377212,18
1774605311.253547,16
1774605311.2693079,16
1774605311.285168,17
1774605311.301333,16
1774605311.3172336,16
1774605311.3332188,18
1774605311.349237,18
1774605311.3652034,17
1774605311.3812077,18
1774605311.397525,19
1774605311.4133608,18
1774605311.4294186,18
1774605311.4451582,19
1774605311.4610898,19
1774605311.477188,17
1774605311.4931293,17
1774605311.509924,18
1774605311.5252812,17
1774605311.5412881,16
1774605311.5573673,17
1774605311.5734596,17
1774605311.589183,15
1774605311.605264,15
1774605311.6213546,17
1774605311.6373806,16
1774605311.6532044,16
1774605311.6694052,17
1774605311.685354,19
1774605311.7018337,18
1774605311.7173114,17
1774605311.7335398,19
1774605311.7496707,19
1774605311.7659123,17
1774605311.7817535,17
1774605311.797245,18
1774605311.8131802,16
1774605311.8291419,16
1774605311.8452754,17
1774605311.8619328,17
1774605311.8779407,18
1774605311.8934093,19
1774605311.9093444,19
1774605311.925429,18
1774605311.9412258,17
1774605311.957414,16
1774605311.973233,16
1774605311.9894857,16
1774605312.0055006,16
1774605312.0214345,16
1774605312.03714,16
1774605312.0539649,17
1774605312.0695386,17
1774605312.0855026,19
1774605312.10123,19
1774605312.1172237,18
1774605312.1334643,17
1774605312.1493325,18
1774605312.1652412,17
1774605312.181176,17
1774605312.1971886,19
1774605312.2132747,19
1774605312.229265,19
1774605312.2452369,19
1774605312.261244,19
1774605312.2774189,18
1774605312.2934844,18
1774605312.3094795,19
1774605312.3251858,18
1774605312.3412755,18
1774605312.357266,18
1774605312.3732965,17
1774605312.3892584,17
1774605312.4053578,16
1774605312.4215088,17
1774605312.4374597,18
1774605312.453437,18
1774605312.4693718,18
1774605312.4857216,20
1774605312.5013416,20
1774605312.5174432,21
1774605312.5334427,22
1774605312.5494294,27
1774605312.5658612,25
1774605312.5811994,26
1774605312.5974755,26
1774605312.6134982,25
1774605312.6296012,19
1774605312.6459136,22
1774605312.661393,20
1774605312.6773467,20
1774605312.693518,21
1774605312.7092123,22
1774605312.7252817,19
1774605312.7414935,19
1774605312.757622,18
1774605312.7733262,19
1774605312.789521,19
1774605312.8055713,19
1774605312.8216817,19
1774605312.8373137,19
1774605312.8532593,18
1774605312.8695219,18
1774605312.8860075,19
1774605312.9014068,18
1774605312.917425,20
1774605312.9333854,22
1774605312.949507,23
1774605312.9653926,24
1774605312.9813523,25
1774605312.9972901,24
1774605313.013498,21
1774605313.0291724,20
1774605313.045517,19
1774605313.0615578,18
1774605313.0781562,17
1774605313.0940354,17
1774605313.1100612,17
1774605313.125372,18
1774605313.1414094,18
1774605313.1572568,19
1774605313.1732843,19
1774605313.1900244,19
1774605313.2055962,18
1774605313.221756,18
1774605313.2376754,18
1774605313.253495,17
1774605313.27,17
1774605313.285674,18
1774605313.3024385,19
1774605313.3175726,19
1774605313.3336315,20
1774605313.3494341,20
1774605313.365312,21
1774605313.381556,21
1774605313.3974981,20
1774605313.4140177,20
1774605313.4300466,20
1774605313.4456537,20
1774605313.4613638,20
1774605313.4774566,20
1774605313.4934537,20
1774605313.5101385,21
1774605313.5260303,20
1774605313.5421124,20
1774605313.557555,22
1774605313.573357,22
1774605313.5895538,22
1774605313.6055546,22
1774605313.6220653,20
1774605313.6377325,19
1774605313.653365,19
1774605313.6693892,20
1774605313.685359,22
1774605313.7014806,23
1774605313.7176864,25
1774605313.733548,24
1774605313.7496006,23
1774605313.7661107,22
1774605313.7816548,21
1774605313.7976034,21
1774605313.8135011,21
1774605313.8296943,21
1774605313.8461485,20
1774605313.8621619,22
1774605313.878122,21
1774605313.8940723,22
1774605313.9094474,23
1774605313.9256306,22
1774605313.9415905,20
1774605313.9580524,19
1774605313.9735155,19
1774605313.9895797,18
1774605314.00545,18
1774605314.0213592,22
1774605314.0376878,24
1774605314.0534387,24
1774605314.0695148,25
1774605314.0862784,25
1774605314.1018493,22
1774605314.1181085,21
1774605314.133569,23
1774605314.149501,24
1774605314.165721,25
1774605314.1817172,24
1774605314.1979048,23
1774605314.2141056,20
1774605314.2300358,18
1774605314.24549,18
1774605314.2616122,19
1774605314.2778015,19
1774605314.2941806,19
1774605314.3102741,20
1774605314.326093,19
1774605314.3415,20
1774605314.3574529,22
1774605314.3734028,24
1774605314.389541,24
1774605314.4055088,25
1774605314.4215758,23
1774605314.437688,21
1774605314.4539297,18
1774605314.469731,18
1774605314.4855535,17
1774605314.5015972,17
1774605314.5182452,17
1774605314.5337842,18
1774605314.5501125,18
1774605314.5663571,19
1774605314.5815856,19
1774605314.597636,19
1774605314.6135356,19
1774605314.6295133,19
1774605314.6456475,20
1774605314.6614997,20
1774605314.6775625,19
1774605314.6934533,21
1774605314.7093995,23
1774605314.7255127,25
1774605314.7415802,27
1774605314.7576184,29
1774605314.773505,28
1774605314.789508,26
1774605314.805471,23
1774605314.8214738,21
1774605314.8375633,20
1774605314.8537014,20
1774605314.8695598,22
1774605314.8854198,22
1774605314.901413,22
1774605314.9175181,21
1774605314.9336324,20
1774605314.9496121,19
1774605314.9655716,18
1774605314.9816833,18
1774605314.9977257,20
1774605315.0135038,20
1774605315.029401,21
1774605315.0454674,21
1774605315.0614898,21
1774605315.0774865,20
1774605315.0934227,19
1774605315.1096792,20
1774605315.1257203,20
1774605315.141538,19
1774605315.1582725,19
1774605315.173782,20
1774605315.1902316,18
1774605315.2056339,17
1774605315.2216215,18
1774605315.237573,18
1774605315.2536576,18
1774605315.269615,18
1774605315.2857332,18
1774605315.3020415,17
1774605315.3177612,17
1774605315.3338466,18
1774605315.3494473,22
1774605315.3655074,23
1774605315.3819356,26
1774605315.3977444,27
1774605315.4135265,30
1774605315.4297624,29
1774605315.4455173,29
1774605315.4614587,28
1774605315.477666,28
1774605315.4943147,25
1774605315.509683,22
1774605315.5262144,23
1774605315.5416608,21
1774605315.5577006,23
1774605315.5743146,23
1774605315.5898418,26
1774605315.6058981,29
1774605315.621812,32
1774605315.6377554,32
1774605315.6540895,34
1774605315.6699286,35
1774605315.6855404,33
1774605315.7015464,32
1774605315.7178085,32
1774605315.7342532,30
1774605315.7504957,28
1774605315.7656682,27
1774605315.7816508,27
1774605315.7984679,26
1774605315.81392,25
1774605315.829925,24
1774605315.8457515,23
1774605315.8617065,22
1774605315.8777208,22
1774605315.8937526,22
1774605315.910162,22
1774605315.9262626,22
1774605315.9416964,21
1774605315.9577363,20
1774605315.973585,19
1774605315.9898305,21
1774605316.0056045,20
1774605316.0218737,21
1774605316.037571,22
1774605316.053696,22
1774605316.0694873,21
1774605316.0858977,22
1774605316.1017423,21
1774605316.1183314,20
1774605316.134353,20
1774605316.1504235,20
1774605316.1659975,19
1774605316.1816514,20
1774605316.19769,21
1774605316.2139769,20
1774605316.2301407,20
1774605316.2462802,20
1774605316.262333,19
1774605316.2777004,19
1774605316.293637,19
1774605316.3098557,18
1774605316.3265474,18
1774605316.3419874,21
1774605316.3584461,22
1774605316.373776,22
1774605316.3895228,24
1774605316.4056184,24
1774605316.4219334,21
1774605316.4376721,20
1774605316.453689,20
1774605316.4697602,18
1774605316.4860137,19
1774605316.501608,18
1774605316.5178654,17
1774605316.5338333,17
1774605316.5504467,18
1774605316.566412,18
1774605316.5818844,20
1774605316.597853,21
1774605316.6137123,22
1774605316.6296196,20
1774605316.6459405,20
1774605316.6623616,19
1774605316.678335,18
1774605316.694509,17
1774605316.7100027,22
1774605316.7256916,25
1774605316.7417142,25
1774605316.7581644,27
1774605316.7742538,27
1774605316.7902622,23
1774605316.806342,21
1774605316.8219507,21
1774605316.8377635,21
1774605316.853772,21
1774605316.8696673,19
1774605316.8859746,19
1774605316.901903,19
1774605316.9178438,18
1774605316.9344945,19
1774605316.949679,21
1774605316.9663734,21
1774605316.9819286,22
1774605316.99841,22
1774605317.014372,20
1774605317.0301924,24
1774605317.045762,26
1774605317.0617673,27
1774605317.0776687,27
1774605317.0937073,26
1774605317.1096432,21
1774605317.1258683,19
1774605317.1417542,18
1774605317.1576483,19
1774605317.173601,19
1774605317.1896505,19
1774605317.2056603,19
1774605317.2216482,17
1774605317.2377434,17
1774605317.2539046,17
1774605317.2698083,17
1774605317.2857454,17
1774605317.30191,18
1774605317.31805,17
1774605317.3339632,20
1774605317.3501325,23
1774605317.3659873,26
1774605317.3819003,28
1774605317.3979096,30
1774605317.413693,27
1774605317.4296508,25
1774605317.4456608,22
1774605317.4617298,20
1774605317.4776897,20
1774605317.4936585,20
1774605317.509733,18
1774605317.5256574,18
1774605317.5416791,19
1774605317.5576456,19
1774605317.5736434,20
1774605317.589652,20
1774605317.6056588,20
1774605317.6216407,18
1774605317.6376576,18
1774605317.653708,18
1774605317.669823,18
1774605317.6857808,18
1774605317.701792,21
1774605317.717706,21
1774605317.7337055,21
1774605317.7496758,22
1774605317.765657,23
1774605317.7816584,22
1774605317.7977057,23
1774605317.8136704,24
1774605317.82965,23
1774605317.8456454,22
1774605317.861649,21
1774605317.8777392,19
1774605317.8936777,18
1774605317.9096787,17
1774605317.9256513,16
1774605317.9417198,16
1774605317.9576638,17
1774605317.9736943,16
1774605317.9896812,17
1774605318.0056653,17
1774605318.0216422,17
1774605318.037692,17
1774605318.05383,18
1774605318.0698664,17
1774605318.086103,19
1774605318.1019018,22
1774605318.1179178,22
1774605318.1338484,23
1774605318.1498437,24
1774605318.1659212,25
1774605318.1822093,23
1774605318.1985297,23
1774605318.214542,23
1774605318.2299666,23
1774605318.2459319,21
1774605318.2617798,22
1774605318.278053,25
1774605318.2945063,25
1774605318.3104804,25
1774605318.326114,29
1774605318.3419297,28
1774605318.3578978,25
1774605318.3737607,27
1774605318.3901277,29
1774605318.4057562,28
1774605318.4218485,29
1774605318.4379191,30
1774605318.4538443,28
1774605318.4697757,28
1774605318.4857697,26
1774605318.5019197,25
1774605318.5179129,24
1774605318.5340722,23
1774605318.550148,21
1774605318.5666437,22
1774605318.581974,21
1774605318.5981214,20
1774605318.613983,21
1774605318.6299415,22
1774605318.6461468,28
1774605318.662011,33
1774605318.677938,35
1774605318.6937313,36
1774605318.709924,38
1774605318.7270284,30
1774605318.7418518,27
1774605318.757986,26
1774605318.7739236,23
1774605318.789961,21
1774605318.8058984,21
1774605318.821766,20
1774605318.8379219,21
1774605318.854004,27
1774605318.8702016,29
1774605318.8860295,29
1774605318.902164,44
1774605318.9179726,44
1774605318.9338155,40
1774605318.950104,42
1774605318.9660246,50
1774605318.981813,45
1774605318.9980106,48
1774605319.0137641,53
1774605319.0297837,52
1774605319.0458906,51
1774605319.0619361,46
1774605319.0780747,55
1774605319.094037,50
1774605319.1101842,47
1774605319.125873,42
1774605319.1419997,40
1774605319.1578598,30
1774605319.1741507,29
1774605319.190322,35
1774605319.206283,33
1774605319.2218175,31
1774605319.2380314,30
1774605319.2540967,29
1774605319.2699103,25
1774605319.2860963,23
1774605319.3018274,25
1774605319.3178322,26
1774605319.3341463,26
1774605319.3498538,30
1774605319.365994,35
1774605319.382079,33
1774605319.3980594,32
1774605319.4143713,31
1774605319.4301987,28
1774605319.4466352,26
1774605319.4620101,29
1774605319.47805,31
1774605319.493808,33
1774605319.5099432,34
1774605319.5261922,33
1774605319.5422964,34
1774605319.5580583,32
1774605319.573936,31
1774605319.5898716,33
1774605319.6058316,37
1774605319.6221273,38
1774605319.637972,38
1774605319.6539435,37
1774605319.6698196,34
1774605319.6859195,29
1774605319.7018802,27
1774605319.7178087,27
1774605319.7341537,28
1774605319.7500715,29
1774605319.7660851,28
1774605319.781962,26
1774605319.7979789,24
1774605319.8139565,23
1774605319.8299341,22
1774605319.8459842,23
1774605319.8619545,23
1774605319.8779163,23
1774605319.8938417,22
1774605319.9101582,20
1774605319.9262645,19
1774605319.941996,18
1774605319.9581723,21
1774605319.9739044,24
1774605319.9899538,27
1774605320.0060499,31
1774605320.0221586,33
1774605320.0382004,30
1774605320.0539856,28
1774605320.0703886,25
1774605320.0860138,22
1774605320.1020825,21
1774605320.1180358,21
1774605320.1341813,20
1774605320.150091,20
1774605320.1659613,20
1774605320.182243,21
1774605320.1979916,21
1774605320.2140248,21
1774605320.230147,22
1774605320.2460501,22
1774605320.26218,22
1774605320.2781863,22
1774605320.2942357,23
1774605320.3101768,25
1774605320.3259597,25
1774605320.3419752,25
1774605320.3580077,26
1774605320.3738809,27
1774605320.3900218,28
1774605320.4062045,31
1774605320.422018,32
1774605320.4380097,34
1774605320.4538941,34
1774605320.4701226,31
1774605320.4861994,27
1774605320.501955,26
1774605320.5180113,25
1774605320.5339625,23
1774605320.5502133,23
1774605320.565953,24
1774605320.581964,23
1774605320.598363,20
1774605320.6147819,20
1774605320.6307716,20
1774605320.6462908,22
1774605320.6621764,22
1774605320.6786885,24
1774605320.6943347,25
1774605320.7102492,26
1774605320.7264636,23
1774605320.7420678,22
1774605320.7580633,21
1774605320.774115,20
1774605320.7908478,19
1774605320.8066032,20
1774605320.8222375,21
1774605320.8383348,21
1774605320.8542008,21
1774605320.870014,20
1774605320.8860288,19
1774605320.9020448,18
1774605320.9182057,19
1774605320.9343946,19
1774605320.950365,19
1774605320.9662783,20
1774605320.9821877,21
1774605320.9981005,21
1774605321.0147028,22
1774605321.0303264,22
1774605321.0463793,23
1774605321.0621197,22
1774605321.0781422,22
1774605321.0940526,23
1774605321.110308,22
1774605321.1259906,21
1774605321.1420956,22
1774605321.1580892,24
1774605321.174127,22
1774605321.1901586,24
1774605321.2061465,24
1774605321.2222402,23
1774605321.2380726,21
1774605321.2543967,21
1774605321.2707798,21
1774605321.2867277,20
1774605321.3021283,20
1774605321.3181589,19
1774605321.3342955,20
1774605321.350244,20
1774605321.366259,21
1774605321.3822625,23
1774605321.3984149,25
1774605321.4143243,24
1774605321.4300225,25
1774605321.4460244,23
1774605321.462013,22
1774605321.4782045,21
1774605321.4943886,24
1774605321.5101764,24
1774605321.5261858,26
1774605321.5421906,25
1774605321.5581136,27
1774605321.57473,25
1774605321.590646,25
1774605321.6066437,27
1774605321.6223602,27
1774605321.6381395,28
1774605321.6540763,26
1774605321.6700766,26
1774605321.6868505,24
1774605321.7024217,24
1774605321.7182112,23
1774605321.7342699,23
1774605321.7502494,24
1774605321.7662623,26
1774605321.782324,29
1774605321.7983775,28
1774605321.8141265,30
1774605321.8308017,28
1774605321.846357,25
1774605321.8620849,22
1774605321.8782418,22
1774605321.8941808,20
1774605321.9104426,20
1774605321.9267712,22
1774605321.942854,22
1774605321.9587264,22
1774605321.974216,22
1774605321.9903758,22
1774605322.006158,21
1774605322.0221763,20
1774605322.0381796,19
1774605322.0541906,20
1774605322.0701385,19
1774605322.0861833,19
1774605322.102144,19
1774605322.1181436,20
1774605322.134314,19
1774605322.1501224,20
1774605322.1662695,22
1774605322.1822298,27
1774605322.1982555,27
1774605322.2143989,29
1774605322.2302837,29
1774605322.2461443,27
1774605322.2623231,22
1774605322.27817,22
1774605322.2945633,23
1774605322.3100748,24
1774605322.3260894,24
1774605322.3421137,24
1774605322.358057,23
1774605322.3740816,21
1774605322.3902643,19
1774605322.4062572,19
1774605322.4221823,20
1774605322.4383802,21
1774605322.4541225,22
1774605322.4702835,23
1774605322.4861732,23
1774605322.5023077,23
1774605322.5181875,22
1774605322.5341413,24
1774605322.5501354,22
1774605322.5667586,25
1774605322.58223,28
1774605322.598482,27
1774605322.6146235,26
1774605322.6301732,28
1774605322.6463976,24
1774605322.6623988,20
1774605322.6784434,21
1774605322.6949453,20
1774605322.7104354,21
1774605322.7265422,23
1774605322.7424738,25
1774605322.7581258,25
1774605322.7741532,26
1774605322.7908177,25
1774605322.8064454,26
1774605322.82257,26
1774605322.838437,25
1774605322.8541691,25
1774605322.870682,23
1774605322.8863924,22
1774605322.9023676,20
1774605322.9183285,19
1774605322.934346,21
1774605322.950321,24
1774605322.9662218,25
1774605322.982603,26
1774605322.9984872,24
1774605323.014798,22
1774605323.0310109,20
1774605323.0465577,19
1774605323.0626144,18
1774605323.078484,19
1774605323.094377,19
1774605323.1102939,18
1774605323.1266131,18
1774605323.142892,17
1774605323.1585228,16
1774605323.1744153,16
1774605323.1903973,16
1774605323.2065103,18
1774605323.223058,18
1774605323.2383509,19
1774605323.254945,19
1774605323.270398,19
1774605323.2862315,18
1774605323.3022285,18
1774605323.3183086,20
1774605323.3342645,21
1774605323.3507707,23
1774605323.3663208,27
1774605323.3823795,27
1774605323.3983095,25
1774605323.4144008,23
1774605323.4309003,23
1774605323.4465554,21
1774605323.4629834,21
1774605323.4785054,21
1774605323.4945471,23
1774605323.5105438,23
1774605323.5262825,21
1774605323.5422883,20
1774605323.5584,20
1774605323.574425,17
1774605323.5904343,16
1774605323.6063797,18
1774605323.6226723,17
1774605323.6384885,17
1774605323.6552787,18
1774605323.670891,18
1774605323.6869814,18
1774605323.7024624,17
1774605323.718347,18
1774605323.734279,20
1774605323.750284,20
1774605323.766214,22
1774605323.7825089,22
1774605323.79846,23
1774605323.8142595,22
1774605323.8302536,22
1774605323.8465009,21
1774605323.8623545,21
1774605323.878369,21
1774605323.894976,20
1774605323.9109824,20
1774605323.9267838,20
1774605323.9424205,20
1774605323.9582858,21
1774605323.9746075,20
1774605323.9910388,19
1774605324.006886,21
1774605324.022977,21
1774605324.0382795,20
1774605324.054376,19
1774605324.070244,21
1774605324.0865214,19
1774605324.1029508,18
1774605324.1189592,20
1774605324.1342652,22
1774605324.1502697,20
1774605324.166306,21
1774605324.1823084,23
1774605324.198494,21
1774605324.214434,19
1774605324.2304802,19
1774605324.2469335,19
1774605324.2624695,17
1774605324.2782736,17
1774605324.2946682,17
1774605324.3110902,16
1774605324.3269572,16
1774605324.3427525,17
1774605324.3586514,18
1774605324.3744504,19
1774605324.390438,19
1774605324.4066746,19
1774605324.4230423,19
1774605324.4385428,17
1774605324.4543867,19
1774605324.470411,22
1774605324.4863226,23
1774605324.5023236,24
1774605324.5185263,27
1774605324.534881,26
1774605324.5505128,24
1774605324.5664275,23
1774605324.58251,22
1774605324.5984738,20
1774605324.6144395,19
1774605324.630375,19
1774605324.6464493,19
1774605324.662436,19
1774605324.6783562,20
1774605324.694315,22
1774605324.710289,21
1774605324.7263057,20
1774605324.7425728,19
1774605324.7585516,19
1774605324.7744448,18
1774605324.7904823,18
1774605324.8063476,19
1774605324.8224967,20
1774605324.8384852,23
1774605324.8544965,25
1774605324.8707469,27
1774605324.8863854,27
1774605324.9023113,26
1774605324.9185119,22
1774605324.9344041,21
1774605324.9505937,19
1774605324.9665966,18
1774605324.9825916,19
1774605324.9986935,19
1774605325.0147362,18
1774605325.0305955,20
1774605325.04647,19
1774605325.0623355,19
1774605325.0786407,18
1774605325.0946827,18
1774605325.110662,17
1774605325.1269603,17
1774605325.1425123,17
1774605325.1583936,17
1774605325.1746652,17
1774605325.1907558,17
1774605325.2068596,17
1774605325.2228234,17
1774605325.2390683,17
1774605325.2543907,17
1774605325.2708042,18
1774605325.2864432,18
1774605325.3023655,18
1774605325.3184276,19
1774605325.3348656,20
1774605325.3504145,21
1774605325.3664188,22
1774605325.3825164,22
1774605325.398601,21
1774605325.4151576,22
1774605325.430396,21
1774605325.4466596,20
1774605325.4624865,20
1774605325.478877,21
1774605325.49457,21
1774605325.5106118,20
1774605325.526379,20
1774605325.5428016,19
1774605325.5585501,18
1774605325.5744097,18
1774605325.5904434,18
1774605325.6065896,19
1774605325.6225715,19
1774605325.638499,20
1774605325.6545024,18
1774605325.670516,18
1774605325.6866233,18
1774605325.7025049,18
1774605325.7187023,17
1774605325.734877,18
1774605325.7511592,18
1774605325.7672005,17
1774605325.7827783,18
1774605325.799094,18
1774605325.8147805,18
1774605325.8307376,18
1774605325.8467176,19
1774605325.8628845,18
1774605325.8788252,18
1774605325.8948789,18
1774605325.9106147,19
1774605325.927319,18
1774605325.9429579,18
1774605325.9585874,19
1774605325.9746723,18
1774605325.9909396,17
1774605326.0071836,18
1774605326.02309,18
1774605326.0385244,17
1774605326.0545483,18
1774605326.0706286,18
1774605326.0866704,18
1774605326.1025007,18
1774605326.1187277,19
1774605326.1346068,19
1774605326.1508,19
1774605326.1666415,19
1774605326.1827517,19
1774605326.1986504,18
1774605326.2145119,18
1774605326.2307243,18
1774605326.246698,19
1774605326.2626536,19
1774605326.2788682,18
1774605326.2947352,19
1774605326.310791,19
1774605326.3267138,18
1774605326.3427026,18
1774605326.3593235,19
1774605326.3752673,19
1774605326.3907413,19
1774605326.406712,20
1774605326.422825,20
1774605326.438894,20
1774605326.4547155,20
1774605326.4706936,20
1774605326.4866443,20
1774605326.5028446,20
1774605326.5192294,19
1774605326.5347137,18
1774605326.5513349,17
1774605326.5668104,17
1774605326.583025,18
1774605326.5986888,18
1774605326.6148684,19
1774605326.6306813,18
1774605326.646739,20
1774605326.6627474,20
1774605326.679162,21
1774605326.6948729,21
1774605326.7106056,23
1774605326.726819,22
1774605326.7427347,21
1774605326.7589817,21
1774605326.774677,21
1774605326.7914696,20
1774605326.8071656,19
1774605326.8227026,20
1774605326.8385339,19
1774605326.855675,20
1774605326.8712802,19
1774605326.8867493,20
1774605326.9030688,19
1774605326.9187248,21
1774605326.9346244,20
1774605326.9505446,21
1774605326.9667606,22
1774605326.982634,23
1774605326.99857,22
1774605327.0146728,21
1774605327.030902,24
1774605327.0467136,24
1774605327.0624468,26
1774605327.0785239,25
1774605327.0946355,27
1774605327.1106064,25
1774605327.1265106,24
1774605327.1427622,23
1774605327.158659,22
1774605327.1746364,21
1774605327.1906028,19
1774605327.2064726,21
1774605327.2227354,20
1774605327.238579,19
1774605327.2546813,19
1774605327.2706008,18
1774605327.2866213,17
1774605327.302589,17
1774605327.3187459,16
1774605327.3346322,16
1774605327.3507082,17
1774605327.3667915,16
1774605327.38327,17
1774605327.3988132,18
1774605327.4146907,18
1774605327.430742,19
1774605327.4466796,19
1774605327.4627986,18
1774605327.478781,18
1774605327.4948075,18
1774605327.5106313,17
1774605327.5268185,17
1774605327.5429037,18
1774605327.559465,18
1774605327.5749574,18
1774605327.590743,17
1774605327.607309,18
1774605327.6237464,18
1774605327.6394675,18
1774605327.6554148,18
1774605327.6709452,17
1774605327.6867611,17
1774605327.7031343,16
1774605327.7188742,17
1774605327.7348251,17
1774605327.7507305,17
1774605327.766752,18
1774605327.7827163,19
1774605327.7989082,19
1774605327.814749,19
1774605327.8306162,20
1774605327.8467205,20
1774605327.8625858,19
1774605327.8787405,20
1774605327.8947532,20
1774605327.9106953,19
1774605327.9273727,19
1774605327.942853,21
1774605327.9588788,19
1774605327.9751642,18
1774605327.9908605,17
1774605328.006884,17
1774605328.022866,16
1774605328.0389857,15
1774605328.0554633,16
1774605328.0709958,17
1774605328.0870368,17
1774605328.1036284,17
1774605328.118935,18
1774605328.1354315,18
1774605328.1514025,18
1774605328.1673944,19
1774605328.1834173,19
1774605328.1988719,18
1774605328.2149796,17
