timestamp,amplitude,mean,std,z,behavior
1774901022.7385395,457.0,160.7,97.15,3.05,INACTIVE
1774901022.7616906,543.0,160.7,97.85,3.91,INACTIVE
1774901022.7629473,630.0,160.7,98.92,4.74,INACTIVE
1774901022.763807,651.0,160.7,100.08,4.9,INACTIVE
1774901022.7645197,620.0,160.7,101.08,4.54,INACTIVE
1774901022.7688525,542.0,160.7,101.74,3.75,INACTIVE
1774901022.7844927,472.0,160.7,102.17,3.05,INACTIVE
1774901022.8005383,372.0,160.7,102.33,2.06,INACTIVE
1774901022.8169107,298.0,160.7,102.37,1.34,INACTIVE
1774901022.8326354,260.0,160.8,102.37,0.97,INACTIVE
1774901022.8485813,288.0,160.8,102.4,1.24,INACTIVE
1774901022.8645194,412.0,160.8,102.66,2.45,INACTIVE
1774901022.880402,567.0,160.8,103.41,3.93,INACTIVE
1774901022.896456,762.0,160.8,105.09,5.72,INACTIVE
1774901022.912564,841.0,160.8,107.21,6.34,INACTIVE
1774901022.9287496,848.0,160.8,109.34,6.28,INACTIVE
1774901022.9446192,711.0,160.8,110.66,4.97,INACTIVE
1774901022.9606287,532.0,160.8,111.23,3.34,INACTIVE
1774901022.976488,335.0,160.8,111.31,1.57,INACTIVE
1774901022.9925985,239.0,160.87,111.28,0.7,INACTIVE
1774901023.008564,156.0,160.87,111.23,-0.04,INACTIVE
1774901023.024992,154.0,160.86,111.17,-0.06,INACTIVE
1774901023.0407693,230.0,160.93,111.14,0.62,INACTIVE
1774901023.056703,401.0,160.93,111.34,2.16,INACTIVE
1774901023.0727575,582.0,160.93,112.08,3.76,INACTIVE
1774901023.0888848,709.0,160.93,113.36,4.83,INACTIVE
1774901023.1045282,775.0,160.93,114.95,5.34,INACTIVE
1774901023.1208146,730.0,160.93,116.29,4.89,INACTIVE
1774901023.1373193,567.0,160.93,116.94,3.47,INACTIVE
1774901023.1528006,403.0,160.93,117.14,2.07,INACTIVE
1774901023.168841,274.0,161.04,117.13,0.96,INACTIVE
1774901023.184476,191.0,161.07,117.08,0.26,INACTIVE
1774901023.2008195,144.0,161.06,117.02,-0.15,INACTIVE
1774901023.2164588,115.0,161.01,116.97,-0.39,INACTIVE
1774901023.2325232,95.0,160.95,116.93,-0.56,INACTIVE
1774901023.2484422,93.0,160.88,116.89,-0.58,INACTIVE
1774901023.2644248,86.0,160.8,116.86,-0.64,INACTIVE
1774901023.2805376,90.0,160.73,116.82,-0.61,INACTIVE
1774901023.2968473,92.0,160.66,116.78,-0.59,INACTIVE
1774901023.3127332,90.0,160.59,116.74,-0.6,INACTIVE
1774901023.3288307,88.0,160.52,116.71,-0.62,INACTIVE
1774901023.3446012,92.0,160.45,116.67,-0.59,INACTIVE
1774901023.3610268,93.0,160.38,116.63,-0.58,INACTIVE
1774901023.3767712,92.0,160.32,116.59,-0.59,INACTIVE
1774901023.3924327,92.0,160.25,116.56,-0.59,INACTIVE
1774901023.408469,89.0,160.18,116.52,-0.61,INACTIVE
1774901023.4244797,88.0,160.1,116.48,-0.62,INACTIVE
1774901023.4406142,86.0,160.03,116.45,-0.64,INACTIVE
1774901023.4568386,121.0,159.99,116.4,-0.33,INACTIVE
1774901023.47278,256.0,160.09,116.38,0.82,INACTIVE
1774901023.4888537,450.0,160.09,116.68,2.48,INACTIVE
1774901023.5047152,660.0,160.09,117.69,4.25,INACTIVE
1774901023.520768,793.0,160.09,119.32,5.3,INACTIVE
1774901023.536699,784.0,160.09,120.88,5.16,INACTIVE
1774901023.552652,679.0,160.09,121.93,4.26,INACTIVE
1774901023.568844,495.0,160.09,122.33,2.74,INACTIVE
1774901023.5847986,286.0,160.09,122.33,1.03,INACTIVE
1774901023.6005955,150.0,160.08,122.27,-0.08,INACTIVE
1774901023.6169953,150.0,160.07,122.21,-0.08,INACTIVE
1774901023.6331074,247.0,160.15,122.18,0.71,INACTIVE
1774901023.6489532,313.0,160.15,122.22,1.25,INACTIVE
1774901023.6645145,378.0,160.15,122.35,1.78,INACTIVE
1774901023.6804607,442.0,160.15,122.61,2.3,INACTIVE
1774901023.6969426,479.0,160.15,122.96,2.59,INACTIVE
1774901023.7127488,407.0,160.15,123.15,2.0,INACTIVE
1774901023.7285583,364.0,160.15,123.26,1.65,INACTIVE
1774901023.7446775,368.0,160.15,123.37,1.68,INACTIVE
1774901023.760544,333.0,160.15,123.43,1.4,INACTIVE
1774901023.7767167,293.0,160.15,123.44,1.08,INACTIVE
1774901023.7924874,247.0,160.24,123.41,0.7,INACTIVE
1774901023.808747,215.0,160.29,123.36,0.44,INACTIVE
1774901023.8245044,164.0,160.3,123.3,0.03,INACTIVE
1774901023.8406365,288.0,160.3,123.3,1.04,INACTIVE
1774901023.8564467,386.0,160.3,123.45,1.83,INACTIVE
1774901023.872384,488.0,160.3,123.82,2.65,INACTIVE
1774901023.8884015,548.0,160.3,124.36,3.12,INACTIVE
1774901023.9044087,558.0,160.3,124.94,3.18,INACTIVE
1774901023.9206595,420.0,160.3,125.14,2.08,INACTIVE
1774901023.9363616,311.0,160.3,125.17,1.2,INACTIVE
1774901023.95242,204.0,160.34,125.12,0.35,INACTIVE
1774901023.96847,146.0,160.33,125.05,-0.11,INACTIVE
1774901023.9844577,243.0,160.41,125.02,0.66,INACTIVE
1774901024.0006044,363.0,160.41,125.12,1.62,INACTIVE
1774901024.016858,448.0,160.41,125.39,2.29,INACTIVE
1774901024.0329795,516.0,160.41,125.83,2.83,INACTIVE
1774901024.048956,574.0,160.41,126.44,3.27,INACTIVE
1774901024.0645525,486.0,160.41,126.8,2.57,INACTIVE
1774901024.0806487,380.0,160.41,126.93,1.73,INACTIVE
1774901024.0967581,292.0,160.41,126.93,1.04,INACTIVE
1774901024.1126783,226.0,160.48,126.89,0.52,INACTIVE
1774901024.1284516,168.0,160.48,126.82,0.06,INACTIVE
1774901024.144927,135.0,160.46,126.76,-0.2,INACTIVE
1774901024.1609707,111.0,160.41,126.71,-0.39,INACTIVE
1774901024.1768148,116.0,160.36,126.65,-0.35,INACTIVE
1774901024.1927836,112.0,160.32,126.6,-0.38,INACTIVE
1774901024.2086122,117.0,160.27,126.54,-0.34,INACTIVE
1774901024.2247202,127.0,160.24,126.48,-0.26,INACTIVE
1774901024.2405827,145.0,160.22,126.42,-0.12,INACTIVE
1774901024.25712,147.0,160.21,126.36,-0.1,INACTIVE
1774901024.2725484,154.0,160.2,126.29,-0.05,INACTIVE
1774901024.2887437,148.0,160.19,126.23,-0.1,INACTIVE
1774901024.3049886,135.0,160.17,126.17,-0.2,INACTIVE
1774901024.320595,115.0,160.12,126.12,-0.36,INACTIVE
1774901024.3367798,100.0,160.06,126.07,-0.48,INACTIVE
1774901024.3526187,124.0,160.03,126.01,-0.29,INACTIVE
1774901024.3686385,259.0,160.12,125.99,0.78,INACTIVE
1774901024.384495,410.0,160.12,126.17,1.98,INACTIVE
1774901024.4010875,491.0,160.12,126.54,2.61,INACTIVE
1774901024.41671,498.0,160.12,126.93,2.66,INACTIVE
1774901024.4326503,471.0,160.12,127.24,2.44,INACTIVE
1774901024.4490457,334.0,160.12,127.3,1.37,INACTIVE
1774901024.4649217,182.0,160.15,127.24,0.17,INACTIVE
1774901024.4809093,98.0,160.08,127.19,-0.49,INACTIVE
1774901024.4972236,96.0,160.02,127.14,-0.5,INACTIVE
1774901024.5127373,90.0,159.95,127.1,-0.55,INACTIVE
1774901024.5285974,87.0,159.88,127.06,-0.57,INACTIVE
1774901024.54487,88.0,159.81,127.01,-0.57,INACTIVE
1774901024.5607398,89.0,159.73,126.97,-0.56,INACTIVE
1774901024.576699,94.0,159.67,126.92,-0.52,INACTIVE
1774901024.5927062,102.0,159.61,126.87,-0.45,INACTIVE
1774901024.608572,107.0,159.56,126.82,-0.41,INACTIVE
1774901024.6243382,105.0,159.5,126.77,-0.43,INACTIVE
1774901024.6403735,112.0,159.46,126.71,-0.37,INACTIVE
1774901024.6566288,105.0,159.4,126.66,-0.43,INACTIVE
1774901024.6726518,101.0,159.34,126.61,-0.46,INACTIVE
1774901024.6884997,99.0,159.28,126.56,-0.48,INACTIVE
1774901024.7045808,94.0,159.22,126.52,-0.52,INACTIVE
1774901024.7204819,97.0,159.16,126.47,-0.49,INACTIVE
1774901024.736802,239.0,159.24,126.43,0.63,INACTIVE
1774901024.7524202,368.0,159.24,126.54,1.65,INACTIVE
1774901024.7684956,398.0,159.24,126.7,1.88,INACTIVE
1774901024.7845154,433.0,159.24,126.93,2.16,INACTIVE
1774901024.800709,432.0,159.24,127.16,2.15,INACTIVE
1774901024.8164659,297.0,159.24,127.17,1.08,INACTIVE
1774901024.8328521,184.0,159.26,127.11,0.19,INACTIVE
1774901024.848387,187.0,159.29,127.05,0.22,INACTIVE
1774901024.8643048,213.0,159.34,127.0,0.42,INACTIVE
1774901024.8803504,243.0,159.43,126.96,0.66,INACTIVE
1774901024.8963504,247.0,159.51,126.93,0.69,INACTIVE
1774901024.9123313,257.0,159.61,126.9,0.77,INACTIVE
1774901024.9283652,258.0,159.71,126.88,0.77,INACTIVE
1774901024.94444,229.0,159.78,126.83,0.55,INACTIVE
1774901024.9604173,208.0,159.83,126.78,0.38,INACTIVE
1774901024.9763682,216.0,159.88,126.73,0.44,INACTIVE
1774901024.992521,224.0,159.95,126.68,0.51,INACTIVE
1774901025.008405,235.0,160.02,126.64,0.59,INACTIVE
1774901025.0243802,263.0,160.13,126.62,0.81,INACTIVE
1774901025.040351,290.0,160.13,126.62,1.03,INACTIVE
1774901025.0564456,326.0,160.13,126.67,1.31,INACTIVE
1774901025.0724142,327.0,160.13,126.71,1.32,INACTIVE
1774901025.0883565,317.0,160.13,126.75,1.24,INACTIVE
1774901025.1043708,273.0,160.24,126.74,0.89,INACTIVE
1774901025.1205032,239.0,160.32,126.7,0.62,INACTIVE
1774901025.136332,213.0,160.37,126.64,0.42,INACTIVE
1774901025.1522865,213.0,160.42,126.59,0.42,INACTIVE
1774901025.1684105,204.0,160.47,126.54,0.34,INACTIVE
1774901025.185482,203.0,160.51,126.48,0.34,INACTIVE
1774901025.2007024,199.0,160.55,126.42,0.3,INACTIVE
1774901025.2168124,175.0,160.56,126.36,0.11,INACTIVE
1774901025.2327797,152.0,160.55,126.3,-0.07,INACTIVE
1774901025.2486405,135.0,160.53,126.24,-0.2,INACTIVE
1774901025.2642803,229.0,160.6,126.19,0.54,INACTIVE
1774901025.280374,384.0,160.6,126.33,1.77,INACTIVE
1774901025.2963161,472.0,160.6,126.65,2.46,INACTIVE
1774901025.3123887,499.0,160.6,127.04,2.66,INACTIVE
1774901025.328496,547.0,160.6,127.56,3.03,INACTIVE
1774901025.3445878,526.0,160.6,128.02,2.85,INACTIVE
1774901025.3608165,433.0,160.6,128.24,2.12,INACTIVE
1774901025.3770142,417.0,160.6,128.43,2.0,INACTIVE
1774901025.392856,468.0,160.6,128.74,2.39,INACTIVE
1774901025.4083998,441.0,160.6,128.98,2.17,INACTIVE
1774901025.424337,388.0,160.6,129.11,1.76,INACTIVE
1774901025.4410264,339.0,160.6,129.17,1.38,INACTIVE
1774901025.4568424,327.0,160.6,129.22,1.29,INACTIVE
1774901025.47237,274.0,160.71,129.2,0.88,INACTIVE
1774901025.4883213,264.0,160.81,129.18,0.8,INACTIVE
1774901025.5043178,239.0,160.89,129.14,0.6,INACTIVE
1774901025.520379,230.0,160.96,129.09,0.53,INACTIVE
1774901025.5365074,208.0,161.01,129.03,0.36,INACTIVE
1774901025.5524378,348.0,161.01,129.11,1.45,INACTIVE
1774901025.5683727,426.0,161.01,129.31,2.05,INACTIVE
1774901025.584704,516.0,161.01,129.73,2.74,INACTIVE
1774901025.6007774,560.0,161.01,130.28,3.06,INACTIVE
1774901025.6169112,537.0,161.01,130.76,2.88,INACTIVE
1774901025.6326225,371.0,161.01,130.86,1.6,INACTIVE
1774901025.6494863,291.0,161.14,130.86,0.99,INACTIVE
1774901025.6651578,234.0,161.21,130.82,0.56,INACTIVE
1774901025.6807868,322.0,161.21,130.85,1.23,INACTIVE
1774901025.6964986,439.0,161.21,131.08,2.12,INACTIVE
1774901025.7135062,498.0,161.21,131.45,2.56,INACTIVE
1774901025.7289522,515.0,161.21,131.86,2.68,INACTIVE
1774901025.744612,511.0,161.21,132.25,2.64,INACTIVE
1774901025.761319,388.0,161.21,132.38,1.71,INACTIVE
1774901025.7770174,260.0,161.31,132.35,0.75,INACTIVE
1774901025.7935581,202.0,161.35,132.29,0.31,INACTIVE
1774901025.8087227,172.0,161.36,132.23,0.08,INACTIVE
1774901025.8245773,139.0,161.34,132.16,-0.17,INACTIVE
1774901025.8410368,125.0,161.3,132.1,-0.27,INACTIVE
1774901025.8568316,123.0,161.26,132.04,-0.29,INACTIVE
1774901025.8728454,120.0,161.22,131.98,-0.31,INACTIVE
1774901025.8890796,131.0,161.19,131.92,-0.23,INACTIVE
1774901025.9044971,140.0,161.17,131.85,-0.16,INACTIVE
1774901025.920658,162.0,161.17,131.79,0.01,INACTIVE
1774901025.9365547,185.0,161.19,131.72,0.18,INACTIVE
1774901025.9525585,200.0,161.23,131.66,0.29,INACTIVE
1774901025.9685469,254.0,161.33,131.63,0.7,INACTIVE
1774901025.98487,321.0,161.33,131.66,1.21,INACTIVE
1774901026.0005426,364.0,161.33,131.75,1.54,INACTIVE
1774901026.0165179,394.0,161.33,131.89,1.76,INACTIVE
1774901026.0326269,452.0,161.33,132.15,2.2,INACTIVE
1774901026.0486226,477.0,161.33,132.46,2.38,INACTIVE
1774901026.0648808,511.0,161.33,132.85,2.63,INACTIVE
1774901026.0809343,489.0,161.33,133.19,2.46,INACTIVE
1774901026.0968177,445.0,161.33,133.42,2.13,INACTIVE
1774901026.1129365,383.0,161.33,133.54,1.66,INACTIVE
1774901026.1289444,299.0,161.33,133.54,1.03,INACTIVE
1774901026.1448967,209.0,161.37,133.49,0.36,INACTIVE
1774901026.1607058,240.0,161.45,133.44,0.59,INACTIVE
1774901026.1767375,441.0,161.45,133.67,2.09,INACTIVE
1774901026.192636,569.0,161.45,134.22,3.04,INACTIVE
1774901026.208597,726.0,161.45,135.34,4.17,INACTIVE
1774901026.2245255,882.0,161.45,137.18,5.25,INACTIVE
1774901026.2406259,960.0,161.45,139.41,5.73,INACTIVE
1774901026.2565432,874.0,161.45,141.15,5.05,INACTIVE
1774901026.2725956,864.0,161.45,142.82,4.92,INACTIVE
1774901026.2887063,855.0,161.45,144.42,4.8,INACTIVE
1774901026.3046992,852.0,161.45,146.0,4.73,INACTIVE
1774901026.320811,960.0,161.45,148.09,5.39,INACTIVE
1774901026.3368642,1074.0,161.45,150.8,6.05,INACTIVE
1774901026.352697,1169.0,161.45,154.06,6.54,INACTIVE
1774901026.3687418,1237.0,161.45,157.69,6.82,INACTIVE
1774901026.3845637,1282.0,161.45,161.55,6.94,INACTIVE
1774901026.400498,1218.0,161.45,164.89,6.41,INACTIVE
1774901026.4164941,1186.0,161.45,167.96,6.1,INACTIVE
1774901026.4325187,1142.0,161.45,170.72,5.74,INACTIVE
1774901026.4483945,1160.0,161.45,173.53,5.75,INACTIVE
1774901026.464363,1167.0,161.45,176.33,5.7,INACTIVE
1774901026.4803705,1151.0,161.45,179.0,5.53,INACTIVE
1774901026.4963853,1212.0,161.45,181.97,5.77,INACTIVE
1774901026.5123734,1352.0,161.45,185.73,6.41,INACTIVE
1774901026.5285604,1449.0,161.45,190.05,6.77,INACTIVE
1774901026.5443711,1523.0,161.45,194.78,6.99,INACTIVE
1774901026.5604897,1606.0,161.45,199.97,7.22,INACTIVE
1774901026.5767393,1495.0,161.45,200.0,6.67,INACTIVE
1774901026.5923982,1256.0,161.45,200.0,5.47,INACTIVE
1774901026.608533,1042.0,161.45,200.0,4.4,INACTIVE
1774901026.6244755,865.0,161.45,200.0,3.52,INACTIVE
1774901026.6403682,743.0,161.45,200.0,2.91,INACTIVE
1774901026.6568174,744.0,161.45,200.0,2.91,INACTIVE
1774901026.672795,826.0,161.45,200.0,3.32,INACTIVE
1774901026.6886501,883.0,161.45,200.0,3.61,INACTIVE
1774901026.7045164,978.0,161.45,200.0,4.08,INACTIVE
1774901026.720786,1058.0,161.45,200.0,4.48,INACTIVE
1774901026.7364824,1118.0,161.45,200.0,4.78,INACTIVE
1774901026.7525346,1181.0,161.45,200.0,5.1,INACTIVE
1774901026.7685041,1248.0,161.45,200.0,5.43,INACTIVE
1774901026.7848344,1293.0,161.45,200.0,5.66,INACTIVE
1774901026.8006246,1270.0,161.45,200.0,5.54,INACTIVE
1774901026.8167057,1446.0,161.45,200.0,6.42,INACTIVE
1774901026.8326216,1504.0,161.45,200.0,6.71,INACTIVE
1774901026.8487077,1482.0,161.45,200.0,6.6,INACTIVE
1774901026.8648453,1450.0,161.45,200.0,6.44,INACTIVE
1774901026.8805532,1480.0,161.45,200.0,6.59,INACTIVE
1774901026.896617,1258.0,161.45,200.0,5.48,INACTIVE
1774901026.9123917,1147.0,161.45,200.0,4.93,INACTIVE
1774901026.9286885,1143.0,161.45,200.0,4.91,INACTIVE
1774901026.9444828,1169.0,161.45,200.0,5.04,INACTIVE
1774901026.960609,1204.0,161.45,200.0,5.21,INACTIVE
1774901026.9766133,1284.0,161.45,200.0,5.61,INACTIVE
1774901026.9931862,1403.0,161.45,200.0,6.21,INACTIVE
1774901027.009025,1481.0,161.45,200.0,6.6,INACTIVE
1774901027.024793,1516.0,161.45,200.0,6.77,INACTIVE
1774901027.0405314,1513.0,161.45,200.0,6.76,INACTIVE
1774901027.057028,1546.0,161.45,200.0,6.92,INACTIVE
1774901027.072583,1528.0,161.45,200.0,6.83,INACTIVE
1774901027.089013,1514.0,161.45,200.0,6.76,INACTIVE
1774901027.1046145,1456.0,161.45,200.0,6.47,INACTIVE
1774901027.1204307,1421.0,161.45,200.0,6.3,INACTIVE
1774901027.1365614,1336.0,161.45,200.0,5.87,INACTIVE
1774901027.1526446,1242.0,161.45,200.0,5.4,INACTIVE
1774901027.1686838,1138.0,161.45,200.0,4.88,INACTIVE
1774901027.184663,1104.0,161.45,200.0,4.71,INACTIVE
1774901027.200507,1063.0,161.45,200.0,4.51,INACTIVE
1774901027.2166958,1019.0,161.45,200.0,4.29,INACTIVE
1774901027.2326667,994.0,161.45,200.0,4.16,INACTIVE
1774901027.2486727,996.0,161.45,200.0,4.17,INACTIVE
1774901027.2647977,956.0,161.45,200.0,3.97,INACTIVE
1774901027.280598,915.0,161.45,200.0,3.77,INACTIVE
1774901027.2967181,900.0,161.45,200.0,3.69,INACTIVE
1774901027.3125687,912.0,161.45,200.0,3.75,INACTIVE
1774901027.32865,901.0,161.45,200.0,3.7,INACTIVE
1774901027.344745,873.0,161.45,200.0,3.56,INACTIVE
1774901027.3606575,884.0,161.45,200.0,3.61,INACTIVE
1774901027.376449,897.0,161.45,200.0,3.68,INACTIVE
1774901027.392895,888.0,161.45,200.0,3.63,INACTIVE
1774901027.4087396,877.0,161.45,200.0,3.58,INACTIVE
1774901027.4246242,945.0,161.45,200.0,3.92,INACTIVE
1774901027.44081,987.0,161.45,200.0,4.13,INACTIVE
1774901027.4567127,1033.0,161.45,200.0,4.36,INACTIVE
1774901027.4726999,1083.0,161.45,200.0,4.61,INACTIVE
1774901027.488619,1138.0,161.45,200.0,4.88,INACTIVE
1774901027.504891,1169.0,161.45,200.0,5.04,INACTIVE
1774901027.5208654,1215.0,161.45,200.0,5.27,INACTIVE
1774901027.536721,1278.0,161.45,200.0,5.58,INACTIVE
1774901027.552703,1319.0,161.45,200.0,5.79,INACTIVE
1774901027.5686843,1360.0,161.45,200.0,5.99,INACTIVE
1774901027.5846055,1439.0,161.45,200.0,6.39,INACTIVE
1774901027.6006393,1491.0,161.45,200.0,6.65,INACTIVE
1774901027.6166756,1543.0,161.45,200.0,6.91,INACTIVE
1774901027.6328194,1671.0,161.45,200.0,7.55,INACTIVE
1774901027.6487942,1769.0,161.45,200.0,8.04,INACTIVE
1774901027.6648421,1811.0,161.45,200.0,8.25,INACTIVE
1774901027.6811924,1935.0,161.45,200.0,8.87,INACTIVE
1774901027.6973505,1954.0,161.45,200.0,8.96,INACTIVE
1774901027.7126684,1814.0,161.45,200.0,8.26,INACTIVE
1774901027.7286417,1660.0,161.45,200.0,7.49,INACTIVE
1774901027.7445383,1485.0,161.45,200.0,6.62,INACTIVE
1774901027.760594,1191.0,161.45,200.0,5.15,INACTIVE
1774901027.7766125,1046.0,161.45,200.0,4.42,INACTIVE
1774901027.7926598,945.0,161.45,200.0,3.92,INACTIVE
1774901027.8086216,872.0,161.45,200.0,3.55,INACTIVE
1774901027.8247128,869.0,161.45,200.0,3.54,INACTIVE
1774901027.8405468,932.0,161.45,200.0,3.85,INACTIVE
1774901027.8572857,850.0,161.45,200.0,3.44,INACTIVE
1774901027.8727858,820.0,161.45,200.0,3.29,INACTIVE
1774901027.888605,755.0,161.45,200.0,2.97,INACTIVE
1774901027.9053457,627.0,161.45,200.0,2.33,INACTIVE
1774901027.9210925,506.0,161.45,200.0,1.72,INACTIVE
1774901027.9366188,453.0,161.45,200.0,1.46,INACTIVE
1774901027.9526436,392.0,161.45,200.0,1.15,INACTIVE
1774901027.9687986,380.0,161.45,200.0,1.09,INACTIVE
1774901027.985006,384.0,161.45,200.0,1.11,INACTIVE
1774901028.0009305,362.0,161.45,200.0,1.0,INACTIVE
1774901028.0167007,361.0,161.65,200.0,1.0,INACTIVE
1774901028.032731,372.0,161.65,200.0,1.05,INACTIVE
1774901028.0487454,367.0,161.65,200.0,1.03,INACTIVE
1774901028.064629,365.0,161.65,200.0,1.02,INACTIVE
1774901028.0807564,354.0,161.84,200.0,0.96,INACTIVE
1774901028.0968215,360.0,162.04,200.0,0.99,INACTIVE
1774901028.1126745,362.0,162.24,200.0,1.0,INACTIVE
1774901028.1285412,366.0,162.24,200.0,1.02,INACTIVE
1774901028.1446087,353.0,162.43,200.0,0.95,INACTIVE
1774901028.160623,369.0,162.43,200.0,1.03,INACTIVE
1774901028.176641,365.0,162.43,200.0,1.01,INACTIVE
1774901028.1927202,378.0,162.43,200.0,1.08,INACTIVE
1774901028.2088182,377.0,162.43,200.0,1.07,INACTIVE
1774901028.2250612,393.0,162.43,200.0,1.15,INACTIVE
1774901028.240701,386.0,162.43,200.0,1.12,INACTIVE
1774901028.2566998,379.0,162.43,200.0,1.08,INACTIVE
1774901028.2726977,361.0,162.63,200.0,0.99,INACTIVE
1774901028.2886195,360.0,162.83,200.0,0.99,INACTIVE
1774901028.3044467,366.0,162.83,200.0,1.02,INACTIVE
1774901028.320703,375.0,162.83,200.0,1.06,INACTIVE
1774901028.3366961,386.0,162.83,200.0,1.12,INACTIVE
1774901028.3525674,385.0,162.83,200.0,1.11,INACTIVE
1774901028.3685138,407.0,162.83,200.0,1.22,INACTIVE
1774901028.3846097,414.0,162.83,200.0,1.26,INACTIVE
1774901028.4006882,423.0,162.83,200.0,1.3,INACTIVE
1774901028.4165428,427.0,162.83,200.0,1.32,INACTIVE
1774901028.4324095,441.0,162.83,200.0,1.39,INACTIVE
1774901028.4487553,430.0,162.83,200.0,1.34,INACTIVE
1774901028.4645483,422.0,162.83,200.0,1.3,INACTIVE
1774901028.4806552,416.0,162.83,200.0,1.27,INACTIVE
1774901028.4966414,404.0,162.83,200.0,1.21,INACTIVE
1774901028.5125852,386.0,162.83,200.0,1.12,INACTIVE
1774901028.52863,369.0,162.83,200.0,1.03,INACTIVE
1774901028.544767,359.0,163.03,200.0,0.98,INACTIVE
1774901028.5605779,346.0,163.21,200.0,0.91,INACTIVE
1774901028.5765722,333.0,163.38,200.0,0.85,INACTIVE
1774901028.5926034,328.0,163.54,200.0,0.82,INACTIVE
1774901028.608647,335.0,163.71,200.0,0.86,INACTIVE
1774901028.6246302,374.0,163.71,200.0,1.05,INACTIVE
1774901028.640527,439.0,163.71,200.0,1.38,INACTIVE
1774901028.6565597,592.0,163.71,200.0,2.14,INACTIVE
1774901028.6728318,671.0,163.71,200.0,2.54,INACTIVE
1774901028.6884885,734.0,163.71,200.0,2.85,INACTIVE
1774901028.7045364,806.0,163.71,200.0,3.21,INACTIVE
1774901028.7205915,912.0,163.71,200.0,3.74,INACTIVE
1774901028.736639,1052.0,163.71,200.0,4.44,INACTIVE
1774901028.7525108,1537.0,163.71,200.0,6.87,INACTIVE
1774901028.7685058,1902.0,163.71,200.0,8.69,INACTIVE
1774901028.7846243,2262.0,163.71,200.0,10.49,INACTIVE
1774901028.8006997,2611.0,163.71,200.0,12.24,INACTIVE
1774901028.832761,2800.0,163.71,200.0,13.18,INACTIVE
1774901028.8335485,2729.0,163.71,200.0,12.83,INACTIVE
1774901028.8484726,2854.0,163.71,200.0,13.45,INACTIVE
1774901028.8643806,2799.0,163.71,200.0,13.18,INACTIVE
1774901028.880936,2644.0,163.71,200.0,12.4,INACTIVE
1774901028.8964124,2464.0,163.71,200.0,11.5,INACTIVE
1774901028.9124787,2215.0,163.71,200.0,10.26,INACTIVE
1774901028.928679,1909.0,163.71,200.0,8.73,INACTIVE
1774901028.945121,1738.0,163.71,200.0,7.87,INACTIVE
1774901028.9608212,1628.0,163.71,200.0,7.32,INACTIVE
1774901028.9765773,1582.0,163.71,200.0,7.09,INACTIVE
1774901028.9930787,1600.0,163.71,200.0,7.18,INACTIVE
1774901029.0090275,1633.0,163.71,200.0,7.35,INACTIVE
1774901029.0246437,1677.0,163.71,200.0,7.57,INACTIVE
1774901029.0408273,1708.0,163.71,200.0,7.72,INACTIVE
1774901029.056836,1783.0,163.71,200.0,8.1,INACTIVE
1774901029.0729492,1852.0,163.71,200.0,8.44,INACTIVE
1774901029.0886457,1919.0,163.71,200.0,8.78,INACTIVE
1774901029.1047904,2013.0,163.71,200.0,9.25,INACTIVE
1774901029.1205788,2118.0,163.71,200.0,9.77,INACTIVE
1774901029.136955,2219.0,163.71,200.0,10.28,INACTIVE
1774901029.152581,2307.0,163.71,200.0,10.72,INACTIVE
1774901029.1686158,2367.0,163.71,200.0,11.02,MIXED
1774901029.184622,2373.0,163.71,200.0,11.05,MIXED
1774901029.200777,2312.0,163.71,200.0,10.74,MIXED
1774901029.2166257,2245.0,163.71,200.0,10.41,MIXED
1774901029.232518,2199.0,163.71,200.0,10.18,MIXED
1774901029.2487197,2153.0,163.71,200.0,9.95,MIXED
1774901029.265035,2137.0,163.71,200.0,9.87,MIXED
1774901029.2808228,2175.0,163.71,200.0,10.06,MIXED
1774901029.2966998,2174.0,163.71,200.0,10.05,MIXED
1774901029.3130348,2140.0,163.71,200.0,9.88,MIXED
1774901029.3293176,2104.0,163.71,200.0,9.7,ACTIVE
1774901029.3449304,2047.0,163.71,200.0,9.42,ACTIVE
1774901029.3613837,1972.0,163.71,200.0,9.04,ACTIVE
1774901029.3768258,1902.0,163.71,200.0,8.69,ACTIVE
1774901029.3936777,1856.0,163.71,200.0,8.46,ACTIVE
1774901029.4089696,1813.0,163.71,200.0,8.25,ACTIVE
1774901029.4247134,1800.0,163.71,200.0,8.18,ACTIVE
1774901029.4406714,1794.0,163.71,200.0,8.15,ACTIVE
1774901029.4565907,1785.0,163.71,200.0,8.11,ACTIVE
1774901029.4726052,1758.0,163.71,200.0,7.97,ACTIVE
1774901029.488672,1727.0,163.71,200.0,7.82,ACTIVE
1774901029.5047464,1664.0,163.71,200.0,7.5,ACTIVE
1774901029.520585,1598.0,163.71,200.0,7.17,ACTIVE
1774901029.536791,1506.0,163.71,200.0,6.71,ACTIVE
1774901029.5525978,1416.0,163.71,200.0,6.26,ACTIVE
1774901029.5687175,1363.0,163.71,200.0,6.0,ACTIVE
1774901029.5847147,1344.0,163.71,200.0,5.9,ACTIVE
1774901029.6006143,1494.0,163.71,200.0,6.65,ACTIVE
1774901029.6167696,1531.0,163.71,200.0,6.84,ACTIVE
1774901029.632649,1360.0,163.71,200.0,5.98,ACTIVE
1774901029.6487565,1149.0,163.71,200.0,4.93,ACTIVE
1774901029.6647315,937.0,163.71,200.0,3.87,ACTIVE
1774901029.6809082,555.0,163.71,200.0,1.96,ACTIVE
1774901029.696874,321.0,163.87,200.0,0.79,ACTIVE
1774901029.713018,304.0,164.01,200.0,0.7,ACTIVE
1774901029.7293465,289.0,164.14,200.0,0.62,ACTIVE
1774901029.7451699,259.0,164.23,200.0,0.47,ACTIVE
1774901029.7606652,249.0,164.32,200.0,0.42,ACTIVE
1774901029.7768922,242.0,164.39,200.0,0.39,ACTIVE
1774901029.7928412,235.0,164.46,200.0,0.35,ACTIVE
1774901029.80872,242.0,164.54,200.0,0.39,ACTIVE
1774901029.82454,247.0,164.62,200.0,0.41,ACTIVE
1774901029.840494,258.0,164.72,200.0,0.47,ACTIVE
1774901029.8565826,263.0,164.82,200.0,0.49,ACTIVE
1774901029.8728776,278.0,164.93,200.0,0.57,ACTIVE
1774901029.8886478,288.0,165.05,200.0,0.61,ACTIVE
1774901029.9048123,311.0,165.2,200.0,0.73,ACTIVE
1774901029.9207985,329.0,165.36,200.0,0.82,ACTIVE
1774901029.9366953,353.0,165.55,200.0,0.94,ACTIVE
1774901029.9528942,358.0,165.74,200.0,0.96,ACTIVE
1774901029.9686005,362.0,165.94,200.0,0.98,ACTIVE
1774901029.9846756,357.0,166.13,200.0,0.95,ACTIVE
1774901030.0006294,342.0,166.31,200.0,0.88,ACTIVE
1774901030.0167577,323.0,166.46,200.0,0.78,ACTIVE
1774901030.0328867,313.0,166.61,200.0,0.73,ACTIVE
1774901030.048828,298.0,166.74,200.0,0.66,ACTIVE
1774901030.0644972,281.0,166.85,200.0,0.57,ACTIVE
1774901030.0803945,272.0,166.96,200.0,0.53,ACTIVE
1774901030.0964777,265.0,167.06,200.0,0.49,ACTIVE
1774901030.112455,254.0,167.14,200.0,0.43,ACTIVE
1774901030.128483,250.0,167.23,200.0,0.41,ACTIVE
1774901030.1445456,249.0,167.31,200.0,0.41,ACTIVE
1774901030.1604471,249.0,167.39,200.0,0.41,ACTIVE
1774901030.176409,249.0,167.47,200.0,0.41,ACTIVE
1774901030.1924837,252.0,167.56,200.0,0.42,ACTIVE
1774901030.2086523,255.0,167.64,200.0,0.44,ACTIVE
1774901030.2245545,252.0,167.73,200.0,0.42,ACTIVE
1774901030.2405403,248.0,167.81,200.0,0.4,ACTIVE
1774901030.2564282,240.0,167.88,200.0,0.36,ACTIVE
1774901030.272655,238.0,167.95,200.0,0.35,ACTIVE
1774901030.2886772,272.0,168.06,200.0,0.52,ACTIVE
1774901030.3044732,295.0,168.18,200.0,0.63,ACTIVE
1774901030.3205032,350.0,168.36,200.0,0.91,ACTIVE
1774901030.3364577,400.0,168.36,200.0,1.16,ACTIVE
1774901030.3523688,440.0,168.36,200.0,1.36,ACTIVE
1774901030.3685493,426.0,168.36,200.0,1.29,ACTIVE
1774901030.384612,428.0,168.36,200.0,1.3,ACTIVE
1774901030.4004507,398.0,168.36,200.0,1.15,ACTIVE
1774901030.4168046,358.0,168.55,200.0,0.95,ACTIVE
1774901030.4324214,329.0,168.71,200.0,0.8,ACTIVE
1774901030.4484575,327.0,168.87,200.0,0.79,ACTIVE
1774901030.464385,327.0,169.03,200.0,0.79,ACTIVE
1774901030.4808054,323.0,169.18,200.0,0.77,ACTIVE
1774901030.496366,349.0,169.36,200.0,0.9,ACTIVE
1774901030.5124078,357.0,169.55,200.0,0.94,ACTIVE
1774901030.5284812,422.0,169.55,200.0,1.26,ACTIVE
1774901030.5450923,693.0,169.55,200.0,2.62,ACTIVE
1774901030.5607119,895.0,169.55,200.0,3.63,ACTIVE
1774901030.576505,948.0,169.55,200.0,3.89,ACTIVE
1774901030.5926707,1032.0,169.55,200.0,4.31,ACTIVE
1774901030.6088371,1074.0,169.55,200.0,4.52,ACTIVE
1774901030.6252136,915.0,169.55,200.0,3.73,ACTIVE
1774901030.6406434,863.0,169.55,200.0,3.47,ACTIVE
1774901030.6568637,967.0,169.55,200.0,3.99,ACTIVE
1774901030.6725397,1089.0,169.55,200.0,4.6,ACTIVE
1774901030.6887348,1223.0,169.55,200.0,5.27,ACTIVE
1774901030.7046762,1381.0,169.55,200.0,6.06,ACTIVE
1774901030.720723,1533.0,169.55,200.0,6.82,ACTIVE
1774901030.7366683,1683.0,169.55,200.0,7.57,ACTIVE
1774901030.7526793,1715.0,169.55,200.0,7.73,ACTIVE
1774901030.7685454,1709.0,169.55,200.0,7.7,ACTIVE
1774901030.7847056,1647.0,169.55,200.0,7.39,ACTIVE
1774901030.800596,1668.0,169.55,200.0,7.49,ACTIVE
1774901030.81662,1632.0,169.55,200.0,7.31,ACTIVE
1774901030.8327272,1652.0,169.55,200.0,7.41,ACTIVE
1774901030.8485866,1654.0,169.55,200.0,7.42,ACTIVE
1774901030.864609,1693.0,169.55,200.0,7.62,ACTIVE
1774901030.8806887,1637.0,169.55,200.0,7.34,ACTIVE
1774901030.896814,1625.0,169.55,200.0,7.28,ACTIVE
1774901030.912744,1623.0,169.55,200.0,7.27,ACTIVE
1774901030.9286485,1632.0,169.55,200.0,7.31,ACTIVE
1774901030.9457774,1605.0,169.55,200.0,7.18,ACTIVE
1774901030.9608397,1532.0,169.55,200.0,6.81,ACTIVE
1774901030.97661,1462.0,169.55,200.0,6.46,ACTIVE
1774901030.9927142,1433.0,169.55,200.0,6.32,ACTIVE
1774901031.0088837,1454.0,169.55,200.0,6.42,ACTIVE
1774901031.0246696,1512.0,169.55,200.0,6.71,ACTIVE
1774901031.04063,1619.0,169.55,200.0,7.25,ACTIVE
1774901031.0566635,1769.0,169.55,200.0,8.0,ACTIVE
1774901031.0728226,1863.0,169.55,200.0,8.47,ACTIVE
1774901031.0888112,1854.0,169.55,200.0,8.42,ACTIVE
1774901031.1048646,1838.0,169.55,200.0,8.34,ACTIVE
1774901031.120538,1735.0,169.55,200.0,7.83,ACTIVE
1774901031.136714,1539.0,169.55,200.0,6.85,ACTIVE
1774901031.1527262,1352.0,169.55,200.0,5.91,ACTIVE
1774901031.1685798,1223.0,169.55,200.0,5.27,ACTIVE
1774901031.1848605,1097.0,169.55,200.0,4.64,ACTIVE
1774901031.2006533,1048.0,169.55,200.0,4.39,ACTIVE
1774901031.2166197,1023.0,169.55,200.0,4.27,ACTIVE
1774901031.232726,1025.0,169.55,200.0,4.28,ACTIVE
1774901031.248613,1021.0,169.55,200.0,4.26,ACTIVE
1774901031.2646103,1006.0,169.55,200.0,4.18,ACTIVE
1774901031.2806995,1001.0,169.55,200.0,4.16,ACTIVE
1774901031.296652,995.0,169.55,200.0,4.13,ACTIVE
1774901031.3129897,965.0,169.55,200.0,3.98,ACTIVE
1774901031.3288236,954.0,169.55,200.0,3.92,ACTIVE
1774901031.3451364,944.0,169.55,200.0,3.87,ACTIVE
1774901031.3606665,943.0,169.55,200.0,3.87,ACTIVE
1774901031.376759,986.0,169.55,200.0,4.08,ACTIVE
1774901031.392721,1120.0,169.55,200.0,4.75,ACTIVE
1774901031.4089406,1318.0,169.55,200.0,5.74,ACTIVE
1774901031.424789,1269.0,169.55,200.0,5.5,ACTIVE
1774901031.4405563,1124.0,169.55,200.0,4.77,ACTIVE
1774901031.4569705,950.0,169.55,200.0,3.9,ACTIVE
1774901031.4726467,717.0,169.55,200.0,2.74,ACTIVE
1774901031.4889314,389.0,169.55,200.0,1.1,ACTIVE
1774901031.5046184,315.0,169.7,200.0,0.73,ACTIVE
1774901031.5207763,324.0,169.85,200.0,0.77,ACTIVE
1774901031.536818,320.0,170.0,200.0,0.75,ACTIVE
1774901031.5528696,285.0,170.12,200.0,0.57,ACTIVE
1774901031.5688334,274.0,170.22,200.0,0.52,ACTIVE
1774901031.584709,251.0,170.3,200.0,0.4,ACTIVE
1774901031.6004941,247.0,170.38,200.0,0.38,ACTIVE
1774901031.6169043,253.0,170.46,200.0,0.41,ACTIVE
1774901031.632914,300.0,170.59,200.0,0.65,ACTIVE
1774901031.6487935,310.0,170.73,200.0,0.7,ACTIVE
1774901031.6645558,316.0,170.88,200.0,0.73,ACTIVE
1774901031.6805294,296.0,171.0,200.0,0.62,ACTIVE
1774901031.696526,279.0,171.11,200.0,0.54,ACTIVE
1774901031.71248,233.0,171.17,200.0,0.31,ACTIVE
1774901031.7287126,239.0,171.24,200.0,0.34,ACTIVE
1774901031.7444932,236.0,171.3,200.0,0.32,ACTIVE
1774901031.7606058,234.0,171.37,200.0,0.31,ACTIVE
1774901031.7766862,218.0,171.41,200.0,0.23,ACTIVE
1774901031.7926025,212.0,171.45,200.0,0.2,ACTIVE
1774901031.8084593,186.0,171.47,200.0,0.07,ACTIVE
1774901031.8247094,173.0,171.47,200.0,0.01,ACTIVE
1774901031.840677,154.0,171.45,200.0,-0.09,ACTIVE
1774901031.8566372,141.0,171.42,200.0,-0.15,ACTIVE
1774901031.872927,135.0,171.38,200.0,-0.18,ACTIVE
1774901031.889021,126.0,171.34,200.0,-0.23,ACTIVE
1774901031.9045835,136.0,171.3,200.0,-0.18,ACTIVE
1774901031.9208746,134.0,171.27,200.0,-0.19,ACTIVE
1774901031.9364307,179.0,171.27,200.0,0.04,ACTIVE
1774901031.9526086,210.0,171.31,200.0,0.19,ACTIVE
1774901031.9687757,223.0,171.36,200.0,0.26,ACTIVE
1774901031.9846392,218.0,171.41,200.0,0.23,ACTIVE
1774901032.0006344,226.0,171.47,200.0,0.27,ACTIVE
1774901032.016849,183.0,171.48,200.0,0.06,ACTIVE
1774901032.0327888,146.0,171.45,200.0,-0.13,ACTIVE
1774901032.0484884,133.0,171.41,200.0,-0.19,ACTIVE
1774901032.064543,124.0,171.37,200.0,-0.24,ACTIVE
1774901032.080773,117.0,171.31,200.0,-0.27,ACTIVE
1774901032.096617,114.0,171.25,200.0,-0.29,ACTIVE
1774901032.112515,117.0,171.2,200.0,-0.27,ACTIVE
1774901032.1286893,130.0,171.16,200.0,-0.21,ACTIVE
1774901032.144604,130.0,171.12,200.0,-0.21,ACTIVE
1774901032.1606147,134.0,171.08,200.0,-0.19,ACTIVE
1774901032.1765723,149.0,171.06,200.0,-0.11,ACTIVE
1774901032.1925037,152.0,171.04,200.0,-0.1,ACTIVE
1774901032.2084754,136.0,171.0,200.0,-0.18,ACTIVE
1774901032.224476,127.0,170.96,200.0,-0.22,ACTIVE
1774901032.2404583,116.0,170.91,200.0,-0.27,ACTIVE
1774901032.256735,101.0,170.84,200.0,-0.35,ACTIVE
1774901032.272444,89.0,170.75,200.0,-0.41,ACTIVE
1774901032.2884943,85.0,170.67,200.0,-0.43,ACTIVE
1774901032.3044715,86.0,170.58,200.0,-0.42,ACTIVE
1774901032.3204339,81.0,170.49,200.0,-0.45,ACTIVE
1774901032.3365004,76.0,170.4,200.0,-0.47,ACTIVE
1774901032.3525288,74.0,170.3,200.0,-0.48,ACTIVE
1774901032.3691733,76.0,170.21,200.0,-0.47,ACTIVE
1774901032.3846016,72.0,170.11,200.0,-0.49,ACTIVE
1774901032.4007258,118.0,170.06,200.0,-0.26,ACTIVE
1774901032.4163842,186.0,170.07,200.0,0.08,ACTIVE
1774901032.4325788,250.0,170.15,200.0,0.4,ACTIVE
1774901032.4484534,439.0,170.15,200.0,1.34,ACTIVE
1774901032.464467,523.0,170.15,200.0,1.76,ACTIVE
1774901032.480412,531.0,170.15,200.0,1.8,ACTIVE
1774901032.4966104,505.0,170.15,200.0,1.67,ACTIVE
1774901032.5125296,485.0,170.15,200.0,1.57,ACTIVE
1774901032.5284185,321.0,170.31,200.0,0.75,ACTIVE
1774901032.5444164,283.0,170.42,200.0,0.56,ACTIVE
1774901032.5605416,303.0,170.55,200.0,0.66,ACTIVE
1774901032.5764053,377.0,170.55,200.0,1.03,ACTIVE
1774901032.5924044,434.0,170.55,200.0,1.32,ACTIVE
1774901032.6085117,478.0,170.55,200.0,1.54,ACTIVE
1774901032.624728,473.0,170.55,200.0,1.51,ACTIVE
1774901032.6406574,438.0,170.55,200.0,1.34,ACTIVE
1774901032.6571343,348.0,170.73,200.0,0.89,ACTIVE
1774901032.6725574,259.0,170.82,200.0,0.44,ACTIVE
1774901032.690191,194.0,170.84,200.0,0.12,ACTIVE
1774901032.7049747,161.0,170.83,200.0,-0.05,ACTIVE
1774901032.720733,127.0,170.79,200.0,-0.22,ACTIVE
1774901032.7373037,105.0,170.72,200.0,-0.33,ACTIVE
1774901032.7526722,100.0,170.65,200.0,-0.35,ACTIVE
1774901032.7687383,96.0,170.57,200.0,-0.37,ACTIVE
1774901032.7845774,91.0,170.49,200.0,-0.4,ACTIVE
1774901032.8005376,88.0,170.41,200.0,-0.41,ACTIVE
1774901032.8165412,88.0,170.33,200.0,-0.41,ACTIVE
1774901032.83266,88.0,170.25,200.0,-0.41,ACTIVE
1774901032.8485034,93.0,170.17,200.0,-0.39,ACTIVE
1774901032.8645384,89.0,170.09,200.0,-0.41,ACTIVE
1774901032.88106,95.0,170.01,200.0,-0.38,ACTIVE
1774901032.8972278,96.0,169.94,200.0,-0.37,ACTIVE
1774901032.9128938,111.0,169.88,200.0,-0.29,ACTIVE
1774901032.9288704,119.0,169.83,200.0,-0.25,ACTIVE
1774901032.944963,175.0,169.84,200.0,0.03,ACTIVE
1774901032.9610946,196.0,169.86,200.0,0.13,ACTIVE
1774901032.9775028,235.0,169.93,200.0,0.33,ACTIVE
1774901032.9927042,257.0,170.01,200.0,0.43,ACTIVE
1774901033.0087063,269.0,170.11,200.0,0.49,ACTIVE
1774901033.02461,264.0,170.21,200.0,0.47,ACTIVE
1774901033.0409596,310.0,170.35,200.0,0.7,ACTIVE
1774901033.0571277,303.0,170.48,200.0,0.66,ACTIVE
1774901033.0728707,305.0,170.61,200.0,0.67,ACTIVE
1774901033.088865,324.0,170.77,200.0,0.77,ACTIVE
1774901033.1047063,316.0,170.91,200.0,0.73,ACTIVE
1774901033.120657,296.0,171.04,200.0,0.62,ACTIVE
1774901033.136583,331.0,171.2,200.0,0.8,ACTIVE
1774901033.1527457,338.0,171.36,200.0,0.83,ACTIVE
1774901033.1688075,326.0,171.52,200.0,0.77,ACTIVE
1774901033.1845179,347.0,171.69,200.0,0.88,ACTIVE
1774901033.2004914,337.0,171.86,200.0,0.83,ACTIVE
1774901033.216649,319.0,172.01,200.0,0.73,ACTIVE
1774901033.2327023,310.0,172.14,200.0,0.69,ACTIVE
1774901033.24864,324.0,172.3,200.0,0.76,ACTIVE
1774901033.2644725,353.0,172.48,200.0,0.9,ACTIVE
1774901033.2804854,466.0,172.48,200.0,1.47,ACTIVE
1774901033.2966275,498.0,172.48,200.0,1.63,ACTIVE
1774901033.3124485,491.0,172.48,200.0,1.59,ACTIVE
1774901033.328431,484.0,172.48,200.0,1.56,ACTIVE
1774901033.3444643,420.0,172.48,200.0,1.24,ACTIVE
1774901033.3608038,280.0,172.58,200.0,0.54,ACTIVE
1774901033.3767285,227.0,172.64,200.0,0.27,ACTIVE
1774901033.3930526,213.0,172.68,200.0,0.2,ACTIVE
1774901033.4087288,186.0,172.69,200.0,0.07,ACTIVE
1774901033.4250596,174.0,172.69,200.0,0.01,ACTIVE
1774901033.4408479,159.0,172.68,200.0,-0.07,ACTIVE
1774901033.4565887,131.0,172.64,200.0,-0.21,ACTIVE
1774901033.4729245,112.0,172.58,200.0,-0.3,ACTIVE
1774901033.4887722,100.0,172.51,200.0,-0.36,ACTIVE
1774901033.5048616,89.0,172.42,200.0,-0.42,ACTIVE
1774901033.5209312,92.0,172.34,200.0,-0.4,ACTIVE
1774901033.5367162,95.0,172.26,200.0,-0.39,ACTIVE
1774901033.552879,98.0,172.19,200.0,-0.37,ACTIVE
1774901033.5687156,105.0,172.12,200.0,-0.34,ACTIVE
1774901033.5847764,116.0,172.07,200.0,-0.28,ACTIVE
1774901033.6007273,119.0,172.01,200.0,-0.27,ACTIVE
1774901033.6170497,128.0,171.97,200.0,-0.22,ACTIVE
1774901033.6330335,132.0,171.93,200.0,-0.2,ACTIVE
1774901033.6486144,137.0,171.89,200.0,-0.17,ACTIVE
1774901033.664747,132.0,171.86,200.0,-0.2,ACTIVE
1774901033.6806602,147.0,171.83,200.0,-0.12,ACTIVE
1774901033.6967406,167.0,171.83,200.0,-0.02,ACTIVE
1774901033.712656,197.0,171.85,200.0,0.13,ACTIVE
1774901033.7288387,242.0,171.92,200.0,0.35,ACTIVE
1774901033.7449784,295.0,172.04,200.0,0.61,ACTIVE
1774901033.7609608,321.0,172.19,200.0,0.74,ACTIVE
1774901033.777455,351.0,172.37,200.0,0.89,ACTIVE
1774901033.7929487,365.0,172.56,200.0,0.96,ACTIVE
1774901033.8086483,353.0,172.74,200.0,0.9,ACTIVE
1774901033.824651,336.0,172.91,200.0,0.82,ACTIVE
1774901033.8408115,319.0,173.05,200.0,0.73,ACTIVE
1774901033.856711,291.0,173.17,200.0,0.59,ACTIVE
1774901033.8724825,271.0,173.27,200.0,0.49,ACTIVE
1774901033.8884804,257.0,173.35,200.0,0.42,ACTIVE
1774901033.9046597,236.0,173.42,200.0,0.31,ACTIVE
1774901033.9207761,228.0,173.47,200.0,0.27,ACTIVE
1774901033.936724,226.0,173.52,200.0,0.26,ACTIVE
1774901033.9527853,233.0,173.58,200.0,0.3,ACTIVE
1774901033.9685726,234.0,173.64,200.0,0.3,ACTIVE
1774901033.9848807,254.0,173.72,200.0,0.4,ACTIVE
1774901034.000718,264.0,173.81,200.0,0.45,ACTIVE
1774901034.0166352,280.0,173.92,200.0,0.53,ACTIVE
1774901034.0327265,279.0,174.02,200.0,0.52,ACTIVE
1774901034.0486026,296.0,174.15,200.0,0.61,ACTIVE
1774901034.0646517,279.0,174.25,200.0,0.52,ACTIVE
1774901034.0807033,266.0,174.34,200.0,0.46,ACTIVE
1774901034.0964482,233.0,174.4,200.0,0.29,ACTIVE
1774901034.1127784,213.0,174.44,200.0,0.19,ACTIVE
1774901034.1287184,165.0,174.43,200.0,-0.05,ACTIVE
1774901034.1448681,146.0,174.4,200.0,-0.14,ACTIVE
1774901034.1608684,138.0,174.37,200.0,-0.18,ACTIVE
1774901034.1767192,142.0,174.33,200.0,-0.16,ACTIVE
1774901034.1926026,137.0,174.3,200.0,-0.19,ACTIVE
1774901034.2087753,146.0,174.27,200.0,-0.14,ACTIVE
1774901034.2247932,155.0,174.25,200.0,-0.1,ACTIVE
1774901034.2411876,168.0,174.24,200.0,-0.03,ACTIVE
1774901034.2566478,177.0,174.25,200.0,0.01,ACTIVE
1774901034.2726614,182.0,174.25,200.0,0.04,ACTIVE
1774901034.288662,205.0,174.28,200.0,0.15,ACTIVE
1774901034.304629,205.0,174.32,200.0,0.15,ACTIVE
1774901034.3206358,187.0,174.33,200.0,0.06,ACTIVE
1774901034.3368435,171.0,174.32,200.0,-0.02,ACTIVE
1774901034.3530254,167.0,174.32,200.0,-0.04,ACTIVE
1774901034.3686533,144.0,174.29,200.0,-0.15,ACTIVE
1774901034.3848102,133.0,174.25,200.0,-0.21,ACTIVE
1774901034.401024,134.0,174.21,200.0,-0.2,ACTIVE
1774901034.4167976,124.0,174.16,200.0,-0.25,ACTIVE
1774901034.4328809,114.0,174.09,200.0,-0.3,ACTIVE
1774901034.4491527,110.0,174.03,200.0,-0.32,ACTIVE
1774901034.4648466,116.0,173.97,200.0,-0.29,ACTIVE
1774901034.4806213,108.0,173.91,200.0,-0.33,ACTIVE
1774901034.497003,106.0,173.84,200.0,-0.34,ACTIVE
1774901034.5128202,103.0,173.77,200.0,-0.35,ACTIVE
1774901034.528821,99.0,173.69,200.0,-0.37,ACTIVE
1774901034.544774,96.0,173.62,200.0,-0.39,ACTIVE
1774901034.5606441,94.0,173.54,200.0,-0.4,ACTIVE
1774901034.576805,103.0,173.47,200.0,-0.35,ACTIVE
1774901034.5926356,102.0,173.39,200.0,-0.36,ACTIVE
1774901034.6087537,104.0,173.32,200.0,-0.35,ACTIVE
1774901034.625114,107.0,173.26,200.0,-0.33,ACTIVE
1774901034.6407595,105.0,173.19,200.0,-0.34,ACTIVE
1774901034.6568081,98.0,173.11,200.0,-0.38,ACTIVE
1774901034.673164,104.0,173.05,200.0,-0.35,ACTIVE
1774901034.688886,108.0,172.98,200.0,-0.32,ACTIVE
1774901034.7048652,105.0,172.91,200.0,-0.34,ACTIVE
1774901034.7212667,107.0,172.85,200.0,-0.33,ACTIVE
1774901034.7373416,106.0,172.78,200.0,-0.33,ACTIVE
1774901034.7528567,104.0,172.71,200.0,-0.34,ACTIVE
1774901034.7687697,93.0,172.63,200.0,-0.4,ACTIVE
1774901034.7847235,80.0,172.54,200.0,-0.46,ACTIVE
1774901034.800729,77.0,172.44,200.0,-0.48,ACTIVE
1774901034.816799,77.0,172.35,200.0,-0.48,ACTIVE
1774901034.8327422,76.0,172.25,200.0,-0.48,ACTIVE
1774901034.8488264,74.0,172.15,200.0,-0.49,ACTIVE
1774901034.8647044,80.0,172.06,200.0,-0.46,ACTIVE
1774901034.88072,80.0,171.97,200.0,-0.46,ACTIVE
1774901034.8967743,77.0,171.87,200.0,-0.47,ACTIVE
1774901034.9127758,80.0,171.78,200.0,-0.46,ACTIVE
1774901034.9288635,82.0,171.69,200.0,-0.45,ACTIVE
1774901034.9447381,84.0,171.6,200.0,-0.44,ACTIVE
1774901034.9610915,92.0,171.53,200.0,-0.4,ACTIVE
1774901034.9769478,125.0,171.48,200.0,-0.23,ACTIVE
1774901034.9928727,141.0,171.45,200.0,-0.15,ACTIVE
1774901035.0088034,173.0,171.45,200.0,0.01,ACTIVE
1774901035.0246546,191.0,171.47,200.0,0.1,ACTIVE
1774901035.0408149,204.0,171.5,200.0,0.16,ACTIVE
1774901035.056548,182.0,171.51,200.0,0.05,ACTIVE
1774901035.072815,168.0,171.51,200.0,-0.02,ACTIVE
1774901035.0887444,143.0,171.48,200.0,-0.14,MIXED
1774901035.104741,124.0,171.43,200.0,-0.24,MIXED
1774901035.1207922,123.0,171.38,200.0,-0.24,MIXED
1774901035.1367233,158.0,171.37,200.0,-0.07,MIXED
1774901035.1527145,230.0,171.43,200.0,0.29,MIXED
1774901035.1686282,344.0,171.6,200.0,0.86,MIXED
1774901035.18467,453.0,171.6,200.0,1.41,MIXED
1774901035.2007596,570.0,171.6,200.0,1.99,MIXED
1774901035.2166748,615.0,171.6,200.0,2.22,MIXED
1774901035.2326584,581.0,171.6,200.0,2.05,MIXED
1774901035.2487237,486.0,171.6,200.0,1.57,INACTIVE
1774901035.264679,400.0,171.6,200.0,1.14,INACTIVE
1774901035.2807488,289.0,171.72,200.0,0.59,INACTIVE
1774901035.2967696,216.0,171.76,200.0,0.22,INACTIVE
1774901035.3126743,186.0,171.78,200.0,0.07,INACTIVE
1774901035.3287401,186.0,171.79,200.0,0.07,INACTIVE
1774901035.3449583,191.0,171.81,200.0,0.1,INACTIVE
1774901035.360709,195.0,171.83,200.0,0.12,INACTIVE
1774901035.3767915,191.0,171.85,200.0,0.1,INACTIVE
1774901035.392657,196.0,171.88,200.0,0.12,INACTIVE
1774901035.4086359,207.0,171.91,200.0,0.18,INACTIVE
1774901035.4248002,228.0,171.97,200.0,0.28,INACTIVE
1774901035.4405956,222.0,172.02,200.0,0.25,INACTIVE
1774901035.4565842,222.0,172.07,200.0,0.25,INACTIVE
1774901035.4727607,215.0,172.11,200.0,0.21,INACTIVE
1774901035.4887223,189.0,172.13,200.0,0.08,INACTIVE
1774901035.5048401,159.0,172.12,200.0,-0.07,INACTIVE
1774901035.520604,166.0,172.11,200.0,-0.03,INACTIVE
1774901035.5366657,179.0,172.12,200.0,0.03,INACTIVE
1774901035.5528767,194.0,172.14,200.0,0.11,INACTIVE
1774901035.5687318,202.0,172.17,200.0,0.15,INACTIVE
1774901035.5846884,180.0,172.18,200.0,0.04,INACTIVE
1774901035.6008325,158.0,172.16,200.0,-0.07,INACTIVE
1774901035.6167634,135.0,172.12,200.0,-0.19,INACTIVE
1774901035.6327484,111.0,172.06,200.0,-0.31,INACTIVE
1774901035.6485977,99.0,171.99,200.0,-0.36,INACTIVE
1774901035.6646643,99.0,171.92,200.0,-0.36,INACTIVE
1774901035.6808662,98.0,171.84,200.0,-0.37,INACTIVE
1774901035.6969037,104.0,171.78,200.0,-0.34,INACTIVE
1774901035.7129934,110.0,171.71,200.0,-0.31,INACTIVE
1774901035.7291176,117.0,171.66,200.0,-0.27,INACTIVE
1774901035.7451134,118.0,171.61,200.0,-0.27,INACTIVE
1774901035.7610843,112.0,171.55,200.0,-0.3,INACTIVE
1774901035.7770326,105.0,171.48,200.0,-0.33,INACTIVE
1774901035.793208,99.0,171.41,200.0,-0.36,INACTIVE
1774901035.8091753,88.0,171.32,200.0,-0.42,INACTIVE
1774901035.8250887,90.0,171.24,200.0,-0.41,INACTIVE
1774901035.840869,93.0,171.16,200.0,-0.39,INACTIVE
1774901035.8567982,97.0,171.09,200.0,-0.37,INACTIVE
1774901035.872861,96.0,171.02,200.0,-0.38,INACTIVE
1774901035.8887467,92.0,170.94,200.0,-0.39,INACTIVE
1774901035.9047625,92.0,170.86,200.0,-0.39,INACTIVE
1774901035.9208887,87.0,170.77,200.0,-0.42,INACTIVE
1774901035.9368472,93.0,170.7,200.0,-0.39,INACTIVE
1774901035.9527645,93.0,170.62,200.0,-0.39,INACTIVE
1774901035.968719,97.0,170.54,200.0,-0.37,INACTIVE
1774901035.98507,91.0,170.46,200.0,-0.4,INACTIVE
1774901036.0008407,99.0,170.39,200.0,-0.36,INACTIVE
1774901036.0167077,89.0,170.31,200.0,-0.41,INACTIVE
1774901036.0327866,94.0,170.24,200.0,-0.38,INACTIVE
1774901036.0489018,93.0,170.16,200.0,-0.39,INACTIVE
1774901036.0648732,94.0,170.08,200.0,-0.38,INACTIVE
1774901036.080926,90.0,170.0,200.0,-0.4,INACTIVE
1774901036.0969353,91.0,169.92,200.0,-0.39,INACTIVE
1774901036.1129844,84.0,169.84,200.0,-0.43,INACTIVE
1774901036.1288836,81.0,169.75,200.0,-0.44,INACTIVE
1774901036.1447778,83.0,169.66,200.0,-0.43,INACTIVE
1774901036.1608706,81.0,169.57,200.0,-0.44,INACTIVE
1774901036.1767275,78.0,169.48,200.0,-0.46,INACTIVE
1774901036.1927109,81.0,169.39,200.0,-0.44,INACTIVE
1774901036.2088668,85.0,169.31,200.0,-0.42,INACTIVE
1774901036.2248118,88.0,169.23,200.0,-0.41,INACTIVE
1774901036.2410817,94.0,169.15,200.0,-0.38,INACTIVE
1774901036.257087,104.0,169.09,200.0,-0.33,INACTIVE
1774901036.2730162,106.0,169.02,200.0,-0.32,INACTIVE
1774901036.288989,130.0,168.98,200.0,-0.19,INACTIVE
1774901036.3050544,138.0,168.95,200.0,-0.15,INACTIVE
1774901036.3208435,135.0,168.92,200.0,-0.17,INACTIVE
1774901036.3372915,130.0,168.88,200.0,-0.19,INACTIVE
1774901036.3527505,137.0,168.85,200.0,-0.16,INACTIVE
1774901036.368907,112.0,168.79,200.0,-0.28,INACTIVE
1774901036.384597,97.0,168.72,200.0,-0.36,INACTIVE
1774901036.4008074,109.0,168.66,200.0,-0.3,INACTIVE
1774901036.4167907,121.0,168.61,200.0,-0.24,INACTIVE
1774901036.4325125,113.0,168.56,200.0,-0.28,INACTIVE
1774901036.4486852,122.0,168.51,200.0,-0.23,INACTIVE
1774901036.4651327,126.0,168.47,200.0,-0.21,INACTIVE
1774901036.4808598,119.0,168.42,200.0,-0.25,INACTIVE
1774901036.4968214,109.0,168.36,200.0,-0.3,INACTIVE
1774901036.5131662,104.0,168.29,200.0,-0.32,INACTIVE
1774901036.5293167,106.0,168.23,200.0,-0.31,INACTIVE
1774901036.5448635,107.0,168.17,200.0,-0.31,INACTIVE
1774901036.5608268,105.0,168.11,200.0,-0.32,INACTIVE
1774901036.5769165,104.0,168.04,200.0,-0.32,INACTIVE
1774901036.5928826,107.0,167.98,200.0,-0.3,INACTIVE
1774901036.6089911,99.0,167.91,200.0,-0.34,INACTIVE
1774901036.624967,95.0,167.84,200.0,-0.36,INACTIVE
1774901036.6416287,90.0,167.76,200.0,-0.39,INACTIVE
1774901036.656905,87.0,167.68,200.0,-0.4,INACTIVE
1774901036.6730344,91.0,167.61,200.0,-0.38,INACTIVE
1774901036.689045,86.0,167.52,200.0,-0.41,INACTIVE
1774901036.705027,90.0,167.45,200.0,-0.39,INACTIVE
1774901036.721077,92.0,167.37,200.0,-0.38,INACTIVE
1774901036.737324,99.0,167.3,200.0,-0.34,INACTIVE
1774901036.7536926,95.0,167.23,200.0,-0.36,INACTIVE
1774901036.768988,98.0,167.16,200.0,-0.35,INACTIVE
1774901036.7850502,94.0,167.09,200.0,-0.37,INACTIVE
1774901036.8005624,93.0,167.01,200.0,-0.37,INACTIVE
1774901036.8167732,84.0,166.93,200.0,-0.41,INACTIVE
1774901036.8328488,84.0,166.85,200.0,-0.41,INACTIVE
1774901036.8494236,82.0,166.76,200.0,-0.42,INACTIVE
1774901036.8648863,85.0,166.68,200.0,-0.41,INACTIVE
1774901036.880938,86.0,166.6,200.0,-0.4,INACTIVE
1774901036.8967483,86.0,166.52,200.0,-0.4,INACTIVE
1774901036.9129293,84.0,166.44,200.0,-0.41,INACTIVE
1774901036.9291027,83.0,166.35,200.0,-0.42,INACTIVE
1774901036.9448402,90.0,166.28,200.0,-0.38,INACTIVE
1774901036.9605503,91.0,166.2,200.0,-0.38,INACTIVE
1774901036.976724,91.0,166.13,200.0,-0.38,INACTIVE
1774901036.9929385,97.0,166.06,200.0,-0.35,INACTIVE
1774901037.0088067,100.0,165.99,200.0,-0.33,INACTIVE
1774901037.025208,117.0,165.94,200.0,-0.24,INACTIVE
1774901037.041229,114.0,165.89,200.0,-0.26,INACTIVE
1774901037.0573227,116.0,165.84,200.0,-0.25,INACTIVE
1774901037.0731158,113.0,165.79,200.0,-0.26,INACTIVE
1774901037.0889554,110.0,165.73,200.0,-0.28,INACTIVE
1774901037.1053133,82.0,165.65,200.0,-0.42,INACTIVE
1774901037.1211374,84.0,165.57,200.0,-0.41,INACTIVE
1774901037.1372168,82.0,165.48,200.0,-0.42,INACTIVE
1774901037.1527905,79.0,165.4,200.0,-0.43,INACTIVE
1774901037.168943,75.0,165.31,200.0,-0.45,INACTIVE
1774901037.185295,80.0,165.22,200.0,-0.43,INACTIVE
1774901037.2012248,82.0,165.14,200.0,-0.42,INACTIVE
1774901037.2172124,84.0,165.06,200.0,-0.41,INACTIVE
1774901037.2333834,84.0,164.98,200.0,-0.4,INACTIVE
1774901037.248718,87.0,164.9,200.0,-0.39,INACTIVE
1774901037.2651343,82.0,164.82,200.0,-0.41,INACTIVE
1774901037.2808347,80.0,164.73,200.0,-0.42,INACTIVE
1774901037.2968223,78.0,164.64,200.0,-0.43,INACTIVE
1774901037.3125668,92.0,164.57,200.0,-0.36,INACTIVE
1774901037.328907,91.0,164.5,200.0,-0.37,INACTIVE
1774901037.3446097,92.0,164.43,200.0,-0.36,INACTIVE
1774901037.3605807,94.0,164.35,200.0,-0.35,INACTIVE
1774901037.3768528,105.0,164.3,200.0,-0.3,INACTIVE
1774901037.3925965,96.0,164.23,200.0,-0.34,INACTIVE
1774901037.4088182,125.0,164.19,200.0,-0.2,INACTIVE
1774901037.4248333,149.0,164.17,200.0,-0.08,INACTIVE
1774901037.4407346,166.0,164.17,200.0,0.01,INACTIVE
1774901037.4568298,178.0,164.19,200.0,0.07,INACTIVE
1774901037.4727504,187.0,164.21,200.0,0.11,INACTIVE
1774901037.488812,164.0,164.21,200.0,-0.0,INACTIVE
1774901037.5050054,142.0,164.19,200.0,-0.11,INACTIVE
1774901037.5206153,125.0,164.15,200.0,-0.2,INACTIVE
1774901037.536829,107.0,164.09,200.0,-0.29,INACTIVE
1774901037.552804,95.0,164.02,200.0,-0.35,INACTIVE
1774901037.5687385,92.0,163.95,200.0,-0.36,INACTIVE
1774901037.5846057,94.0,163.88,200.0,-0.35,INACTIVE
1774901037.601052,96.0,163.81,200.0,-0.34,INACTIVE
1774901037.6171715,96.0,163.75,200.0,-0.34,INACTIVE
1774901037.6327934,102.0,163.68,200.0,-0.31,INACTIVE
1774901037.6485612,104.0,163.62,200.0,-0.3,INACTIVE
1774901037.6648467,112.0,163.57,200.0,-0.26,INACTIVE
1774901037.6807847,104.0,163.51,200.0,-0.3,INACTIVE
1774901037.6968296,95.0,163.44,200.0,-0.34,INACTIVE
1774901037.712859,89.0,163.37,200.0,-0.37,INACTIVE
1774901037.7288086,82.0,163.29,200.0,-0.41,INACTIVE
1774901037.7448325,72.0,163.2,200.0,-0.46,INACTIVE
1774901037.7608206,73.0,163.11,200.0,-0.45,INACTIVE
1774901037.777086,79.0,163.02,200.0,-0.42,INACTIVE
1774901037.793022,83.0,162.94,200.0,-0.4,INACTIVE
1774901037.808914,90.0,162.87,200.0,-0.36,INACTIVE
1774901037.8248274,99.0,162.81,200.0,-0.32,INACTIVE
1774901037.840855,103.0,162.75,200.0,-0.3,INACTIVE
1774901037.8567758,103.0,162.69,200.0,-0.3,INACTIVE
1774901037.87278,106.0,162.63,200.0,-0.28,INACTIVE
1774901037.8888078,108.0,162.58,200.0,-0.27,INACTIVE
1774901037.9048486,101.0,162.51,200.0,-0.31,INACTIVE
1774901037.9208045,96.0,162.45,200.0,-0.33,INACTIVE
1774901037.9368584,93.0,162.38,200.0,-0.35,INACTIVE
1774901037.9529302,85.0,162.3,200.0,-0.39,INACTIVE
1774901037.9690862,81.0,162.22,200.0,-0.41,INACTIVE
1774901037.9849904,86.0,162.14,200.0,-0.38,INACTIVE
1774901038.0008113,86.0,162.07,200.0,-0.38,INACTIVE
1774901038.016796,85.0,161.99,200.0,-0.38,INACTIVE
1774901038.0328612,86.0,161.91,200.0,-0.38,INACTIVE
1774901038.0488403,86.0,161.84,200.0,-0.38,INACTIVE
1774901038.0649862,81.0,161.76,200.0,-0.4,INACTIVE
1774901038.080746,83.0,161.68,200.0,-0.39,INACTIVE
1774901038.096829,85.0,161.6,200.0,-0.38,INACTIVE
1774901038.1128447,85.0,161.53,200.0,-0.38,INACTIVE
1774901038.1285641,87.0,161.45,200.0,-0.37,INACTIVE
1774901038.1448283,86.0,161.38,200.0,-0.38,INACTIVE
1774901038.1607912,83.0,161.3,200.0,-0.39,INACTIVE
1774901038.1767712,82.0,161.22,200.0,-0.4,INACTIVE
1774901038.1927288,78.0,161.13,200.0,-0.42,INACTIVE
1774901038.2087784,71.0,161.04,200.0,-0.45,INACTIVE
1774901038.2248702,74.0,160.96,200.0,-0.43,INACTIVE
1774901038.2407918,75.0,160.87,200.0,-0.43,INACTIVE
1774901038.2567947,75.0,160.79,200.0,-0.43,INACTIVE
1774901038.2734838,78.0,160.7,200.0,-0.41,INACTIVE
1774901038.2889075,84.0,160.63,200.0,-0.38,INACTIVE
1774901038.3052337,84.0,160.55,200.0,-0.38,INACTIVE
1774901038.3215747,82.0,160.47,200.0,-0.39,INACTIVE
1774901038.3375087,82.0,160.39,200.0,-0.39,INACTIVE
1774901038.3527815,77.0,160.31,200.0,-0.42,INACTIVE
1774901038.3693297,76.0,160.22,200.0,-0.42,INACTIVE
1774901038.3851044,75.0,160.14,200.0,-0.43,INACTIVE
1774901038.4010437,83.0,160.06,200.0,-0.39,INACTIVE
1774901038.4172149,90.0,159.99,200.0,-0.35,INACTIVE
1774901038.432705,92.0,159.92,200.0,-0.34,INACTIVE
1774901038.4488373,91.0,159.86,200.0,-0.34,INACTIVE
1774901038.4650447,91.0,159.79,200.0,-0.34,INACTIVE
1774901038.4809058,86.0,159.71,200.0,-0.37,INACTIVE
1774901038.4967892,86.0,159.64,200.0,-0.37,INACTIVE
1774901038.5128825,89.0,159.57,200.0,-0.35,INACTIVE
1774901038.5288684,94.0,159.5,200.0,-0.33,INACTIVE
1774901038.5449524,104.0,159.45,200.0,-0.28,INACTIVE
1774901038.5611145,106.0,159.39,200.0,-0.27,INACTIVE
1774901038.5768013,105.0,159.34,200.0,-0.27,INACTIVE
1774901038.592854,115.0,159.29,200.0,-0.22,INACTIVE
1774901038.6087263,119.0,159.25,200.0,-0.2,INACTIVE
1774901038.6248202,112.0,159.21,200.0,-0.24,INACTIVE
1774901038.6409838,115.0,159.16,200.0,-0.22,INACTIVE
1774901038.6568892,109.0,159.11,200.0,-0.25,INACTIVE
1774901038.6729681,97.0,159.05,200.0,-0.31,INACTIVE
1774901038.688837,90.0,158.98,200.0,-0.34,INACTIVE
1774901038.7047796,86.0,158.91,200.0,-0.36,INACTIVE
1774901038.7208376,79.0,158.83,200.0,-0.4,INACTIVE
1774901038.7370126,80.0,158.75,200.0,-0.39,INACTIVE
1774901038.7529707,81.0,158.67,200.0,-0.39,INACTIVE
1774901038.7717898,80.0,158.59,200.0,-0.39,INACTIVE
1774901038.7847447,81.0,158.52,200.0,-0.39,INACTIVE
1774901038.8009667,81.0,158.44,200.0,-0.39,INACTIVE
1774901038.8171897,79.0,158.36,200.0,-0.4,INACTIVE
1774901038.8331451,76.0,158.28,200.0,-0.41,INACTIVE
1774901038.8487718,75.0,158.19,200.0,-0.42,INACTIVE
1774901038.864948,75.0,158.11,200.0,-0.42,INACTIVE
1774901038.8808553,76.0,158.03,200.0,-0.41,INACTIVE
1774901038.8969297,81.0,157.95,200.0,-0.38,INACTIVE
1774901038.9129298,83.0,157.88,200.0,-0.37,INACTIVE
1774901038.9287856,85.0,157.8,200.0,-0.36,INACTIVE
1774901038.9447627,86.0,157.73,200.0,-0.36,INACTIVE
1774901038.9607003,85.0,157.66,200.0,-0.36,INACTIVE
1774901038.9767888,84.0,157.59,200.0,-0.37,INACTIVE
1774901038.9926963,82.0,157.51,200.0,-0.38,INACTIVE
1774901039.0090506,81.0,157.43,200.0,-0.38,INACTIVE
1774901039.0247707,77.0,157.35,200.0,-0.4,INACTIVE
1774901039.040924,79.0,157.27,200.0,-0.39,INACTIVE
1774901039.0567708,77.0,157.19,200.0,-0.4,INACTIVE
1774901039.0729284,77.0,157.11,200.0,-0.4,INACTIVE
1774901039.0891538,85.0,157.04,200.0,-0.36,INACTIVE
1774901039.1046927,86.0,156.97,200.0,-0.35,INACTIVE
1774901039.120825,89.0,156.9,200.0,-0.34,INACTIVE
1774901039.1369867,93.0,156.84,200.0,-0.32,INACTIVE
1774901039.1528141,94.0,156.78,200.0,-0.31,INACTIVE
1774901039.1691084,90.0,156.71,200.0,-0.33,INACTIVE
1774901039.185067,94.0,156.65,200.0,-0.31,INACTIVE
1774901039.2012506,88.0,156.58,200.0,-0.34,INACTIVE
1774901039.2169313,86.0,156.51,200.0,-0.35,INACTIVE
1774901039.232846,85.0,156.44,200.0,-0.36,INACTIVE
1774901039.2488804,86.0,156.37,200.0,-0.35,INACTIVE
1774901039.2648647,84.0,156.29,200.0,-0.36,INACTIVE
1774901039.28116,89.0,156.23,200.0,-0.34,INACTIVE
1774901039.2968078,94.0,156.16,200.0,-0.31,INACTIVE
1774901039.3128557,93.0,156.1,200.0,-0.32,INACTIVE
1774901039.3288217,87.0,156.03,200.0,-0.35,INACTIVE
1774901039.345788,83.0,155.96,200.0,-0.36,INACTIVE
1774901039.3609562,79.0,155.88,200.0,-0.38,INACTIVE
1774901039.3769815,73.0,155.8,200.0,-0.41,INACTIVE
1774901039.3927426,73.0,155.72,200.0,-0.41,INACTIVE
1774901039.4087963,75.0,155.63,200.0,-0.4,INACTIVE
1774901039.4248185,74.0,155.55,200.0,-0.41,INACTIVE
1774901039.4409702,70.0,155.47,200.0,-0.43,INACTIVE
1774901039.4569428,74.0,155.39,200.0,-0.41,INACTIVE
1774901039.4728127,85.0,155.32,200.0,-0.35,INACTIVE
1774901039.4888022,86.0,155.25,200.0,-0.35,INACTIVE
1774901039.5049376,98.0,155.19,200.0,-0.29,INACTIVE
1774901039.520592,98.0,155.13,200.0,-0.29,INACTIVE
1774901039.5368402,96.0,155.07,200.0,-0.3,INACTIVE
1774901039.5528262,101.0,155.02,200.0,-0.27,INACTIVE
1774901039.5687318,117.0,154.98,200.0,-0.19,INACTIVE
1774901039.5847192,153.0,154.98,200.0,-0.01,INACTIVE
1774901039.600703,195.0,155.02,200.0,0.2,INACTIVE
1774901039.616705,201.0,155.06,200.0,0.23,INACTIVE
1774901039.632748,190.0,155.1,200.0,0.17,INACTIVE
1774901039.6486173,203.0,155.15,200.0,0.24,INACTIVE
1774901039.6647167,160.0,155.15,200.0,0.02,INACTIVE
1774901039.6811125,130.0,155.13,200.0,-0.13,INACTIVE
1774901039.6968875,129.0,155.1,200.0,-0.13,INACTIVE
1774901039.71291,128.0,155.07,200.0,-0.14,INACTIVE
1774901039.7289052,111.0,155.03,200.0,-0.22,INACTIVE
1774901039.7449589,112.0,154.99,200.0,-0.21,INACTIVE
1774901039.760883,109.0,154.94,200.0,-0.23,INACTIVE
1774901039.7767715,114.0,154.9,200.0,-0.2,INACTIVE
1774901039.7929466,117.0,154.86,200.0,-0.19,INACTIVE
1774901039.8087802,109.0,154.82,200.0,-0.23,INACTIVE
1774901039.8247097,114.0,154.78,200.0,-0.2,INACTIVE
1774901039.8408964,125.0,154.75,200.0,-0.15,INACTIVE
1774901039.8569598,147.0,154.74,200.0,-0.04,INACTIVE
1774901039.8727906,147.0,154.73,200.0,-0.04,INACTIVE
1774901039.8889892,145.0,154.72,200.0,-0.05,INACTIVE
1774901039.9046645,164.0,154.73,200.0,0.05,INACTIVE
1774901039.9207177,155.0,154.73,200.0,0.0,INACTIVE
1774901039.9368627,138.0,154.71,200.0,-0.08,INACTIVE
1774901039.9527593,145.0,154.7,200.0,-0.05,INACTIVE
1774901039.9686842,160.0,154.71,200.0,0.03,INACTIVE
1774901039.9848695,158.0,154.71,200.0,0.02,INACTIVE
1774901040.0007172,154.0,154.71,200.0,-0.0,INACTIVE
1774901040.0178702,145.0,154.7,200.0,-0.05,INACTIVE
1774901040.0328643,150.0,154.7,200.0,-0.02,INACTIVE
1774901040.048908,152.0,154.69,200.0,-0.01,INACTIVE
1774901040.0647037,140.0,154.68,200.0,-0.07,INACTIVE
1774901040.0807786,141.0,154.67,200.0,-0.07,INACTIVE
1774901040.096867,137.0,154.65,200.0,-0.09,INACTIVE
1774901040.1127956,113.0,154.61,200.0,-0.21,INACTIVE
1774901040.1289225,95.0,154.55,200.0,-0.3,INACTIVE
1774901040.1448314,82.0,154.47,200.0,-0.36,INACTIVE
1774901040.1608267,78.0,154.4,200.0,-0.38,INACTIVE
1774901040.1768649,78.0,154.32,200.0,-0.38,INACTIVE
1774901040.1927617,88.0,154.26,200.0,-0.33,INACTIVE
1774901040.2087562,92.0,154.19,200.0,-0.31,INACTIVE
1774901040.224961,97.0,154.14,200.0,-0.29,INACTIVE
1774901040.2408257,92.0,154.07,200.0,-0.31,INACTIVE
1774901040.2568188,92.0,154.01,200.0,-0.31,INACTIVE
1774901040.272851,91.0,153.95,200.0,-0.31,INACTIVE
1774901040.2887733,90.0,153.88,200.0,-0.32,INACTIVE
1774901040.3048172,83.0,153.81,200.0,-0.35,INACTIVE
1774901040.3209076,83.0,153.74,200.0,-0.35,INACTIVE
1774901040.3367312,82.0,153.67,200.0,-0.36,INACTIVE
1774901040.352722,75.0,153.59,200.0,-0.39,INACTIVE
1774901040.3686812,68.0,153.51,200.0,-0.43,INACTIVE
1774901040.3848076,74.0,153.43,200.0,-0.4,INACTIVE
1774901040.4006994,77.0,153.35,200.0,-0.38,INACTIVE
1774901040.4172142,78.0,153.28,200.0,-0.38,INACTIVE
1774901040.4329762,81.0,153.2,200.0,-0.36,INACTIVE
1774901040.4487915,85.0,153.14,200.0,-0.34,INACTIVE
1774901040.4648094,83.0,153.07,200.0,-0.35,INACTIVE
1774901040.4809513,82.0,152.99,200.0,-0.35,INACTIVE
1774901040.4969094,81.0,152.92,200.0,-0.36,INACTIVE
1774901040.5128803,83.0,152.85,200.0,-0.35,INACTIVE
1774901040.528928,85.0,152.78,200.0,-0.34,INACTIVE
1774901040.5449224,82.0,152.71,200.0,-0.35,INACTIVE
1774901040.560762,82.0,152.64,200.0,-0.35,INACTIVE
1774901040.5769172,82.0,152.57,200.0,-0.35,INACTIVE
1774901040.5928104,77.0,152.5,200.0,-0.38,INACTIVE
1774901040.609416,70.0,152.41,200.0,-0.41,INACTIVE
1774901040.6249344,74.0,152.34,200.0,-0.39,INACTIVE
1774901040.6411076,69.0,152.25,200.0,-0.42,INACTIVE
1774901040.656743,68.0,152.17,200.0,-0.42,INACTIVE
1774901040.6728263,70.0,152.09,200.0,-0.41,INACTIVE
1774901040.6889758,77.0,152.01,200.0,-0.38,INACTIVE
1774901040.704941,76.0,151.94,200.0,-0.38,INACTIVE
1774901040.7208393,82.0,151.87,200.0,-0.35,INACTIVE
1774901040.7369246,85.0,151.8,200.0,-0.33,INACTIVE
1774901040.7529705,100.0,151.75,200.0,-0.26,INACTIVE
1774901040.7695992,101.0,151.7,200.0,-0.25,INACTIVE
1774901040.7852945,104.0,151.65,200.0,-0.24,INACTIVE
1774901040.8009222,104.0,151.6,200.0,-0.24,INACTIVE
1774901040.8170204,101.0,151.55,200.0,-0.25,INACTIVE
1774901040.832832,85.0,151.48,200.0,-0.33,INACTIVE
1774901040.849298,81.0,151.41,200.0,-0.35,INACTIVE
1774901040.8649812,76.0,151.34,200.0,-0.38,INACTIVE
1774901040.8807595,74.0,151.26,200.0,-0.39,INACTIVE
1774901040.8970795,75.0,151.18,200.0,-0.38,INACTIVE
1774901040.9129925,89.0,151.12,200.0,-0.31,INACTIVE
1774901040.928985,94.0,151.06,200.0,-0.29,INACTIVE
1774901040.9451964,93.0,151.01,200.0,-0.29,INACTIVE
1774901040.9609146,95.0,150.95,200.0,-0.28,INACTIVE
1774901040.97695,95.0,150.89,200.0,-0.28,INACTIVE
1774901040.9928646,83.0,150.83,200.0,-0.34,INACTIVE
1774901041.0088425,79.0,150.75,200.0,-0.36,INACTIVE
1774901041.024881,79.0,150.68,200.0,-0.36,INACTIVE
1774901041.0409153,75.0,150.61,200.0,-0.38,INACTIVE
1774901041.0573463,78.0,150.53,200.0,-0.36,INACTIVE
1774901041.0728095,80.0,150.46,200.0,-0.35,INACTIVE
1774901041.0893762,79.0,150.39,200.0,-0.36,INACTIVE
1774901041.105124,80.0,150.32,200.0,-0.35,INACTIVE
1774901041.1212714,83.0,150.25,200.0,-0.34,INACTIVE
1774901041.1368413,100.0,150.2,200.0,-0.25,INACTIVE
1774901041.1528914,205.0,150.26,200.0,0.27,INACTIVE
1774901041.1686347,394.0,150.26,200.0,1.22,INACTIVE
1774901041.1847644,590.0,150.26,200.0,2.2,INACTIVE
1774901041.2011552,851.0,150.26,200.0,3.5,INACTIVE
1774901041.2171874,1031.0,150.26,200.0,4.4,INACTIVE
1774901041.2331457,1059.0,150.26,200.0,4.54,INACTIVE
1774901041.249383,929.0,150.26,200.0,3.89,INACTIVE
1774901041.2649333,768.0,150.26,200.0,3.09,INACTIVE
1774901041.280935,542.0,150.26,200.0,1.96,INACTIVE
1774901041.2970698,387.0,150.26,200.0,1.18,INACTIVE
1774901041.3127706,408.0,150.26,200.0,1.29,INACTIVE
1774901041.3287551,675.0,150.26,200.0,2.62,INACTIVE
1774901041.3448672,1046.0,150.26,200.0,4.48,INACTIVE
1774901041.3609326,1269.0,150.26,200.0,5.59,INACTIVE
1774901041.3767896,1458.0,150.26,200.0,6.54,INACTIVE
1774901041.39297,1475.0,150.26,200.0,6.62,INACTIVE
1774901041.4091997,1232.0,150.26,200.0,5.41,INACTIVE
1774901041.4249663,855.0,150.26,200.0,3.52,INACTIVE
1774901041.440791,622.0,150.26,200.0,2.36,INACTIVE
1774901041.4570131,400.0,150.26,200.0,1.25,INACTIVE
1774901041.4729207,245.0,150.35,200.0,0.47,INACTIVE
1774901041.4889657,219.0,150.42,200.0,0.34,INACTIVE
1774901041.5051298,298.0,150.57,200.0,0.74,INACTIVE
1774901041.5209475,374.0,150.57,200.0,1.12,INACTIVE
1774901041.5365217,451.0,150.57,200.0,1.5,INACTIVE
1774901041.5529442,506.0,150.57,200.0,1.78,INACTIVE
1774901041.5687053,490.0,150.57,200.0,1.7,INACTIVE
1774901041.5848017,396.0,150.57,200.0,1.23,INACTIVE
1774901041.6006422,304.0,150.72,200.0,0.77,INACTIVE
1774901041.6170242,227.0,150.8,200.0,0.38,INACTIVE
1774901041.632579,166.0,150.82,200.0,0.08,INACTIVE
1774901041.649395,157.0,150.82,200.0,0.03,INACTIVE
1774901041.664873,212.0,150.88,200.0,0.31,INACTIVE
1774901041.680802,273.0,151.0,200.0,0.61,INACTIVE
1774901041.697006,352.0,151.0,200.0,1.0,INACTIVE
1774901041.7128887,421.0,151.0,200.0,1.35,INACTIVE
1774901041.728981,443.0,151.0,200.0,1.46,INACTIVE
1774901041.7450528,392.0,151.0,200.0,1.2,INACTIVE
1774901041.7612832,337.0,151.19,200.0,0.93,INACTIVE
1774901041.7768636,253.0,151.29,200.0,0.51,INACTIVE
1774901041.7928822,181.0,151.32,200.0,0.15,INACTIVE
1774901041.8090863,158.0,151.33,200.0,0.03,INACTIVE
1774901041.824856,172.0,151.35,200.0,0.1,INACTIVE
1774901041.8408675,191.0,151.39,200.0,0.2,INACTIVE
1774901041.8565226,223.0,151.46,200.0,0.36,INACTIVE
1774901041.8726249,236.0,151.55,200.0,0.42,INACTIVE
1774901041.8887396,221.0,151.62,200.0,0.35,INACTIVE
1774901041.9049864,197.0,151.66,200.0,0.23,INACTIVE
1774901041.9207895,169.0,151.68,200.0,0.09,INACTIVE
1774901041.936985,137.0,151.66,200.0,-0.07,INACTIVE
1774901041.9529035,120.0,151.63,200.0,-0.16,INACTIVE
1774901041.9690523,117.0,151.6,200.0,-0.17,INACTIVE
1774901041.9847786,153.0,151.6,200.0,0.01,INACTIVE
1774901042.0009592,193.0,151.64,200.0,0.21,INACTIVE
1774901042.0174072,218.0,151.71,200.0,0.33,INACTIVE
1774901042.0333335,234.0,151.79,200.0,0.41,INACTIVE
1774901042.048896,247.0,151.88,200.0,0.48,INACTIVE
1774901042.0649705,218.0,151.95,200.0,0.33,INACTIVE
1774901042.0805655,178.0,151.98,200.0,0.13,INACTIVE
1774901042.0969236,152.0,151.98,200.0,0.0,INACTIVE
1774901042.112894,133.0,151.96,200.0,-0.09,INACTIVE
1774901042.1289678,116.0,151.92,200.0,-0.18,INACTIVE
1774901042.145025,116.0,151.88,200.0,-0.18,INACTIVE
1774901042.1611292,124.0,151.86,200.0,-0.14,INACTIVE
1774901042.1770966,136.0,151.84,200.0,-0.08,INACTIVE
1774901042.193325,150.0,151.84,200.0,-0.01,INACTIVE
1774901042.208794,157.0,151.84,200.0,0.03,INACTIVE
1774901042.224746,152.0,151.84,200.0,0.0,INACTIVE
1774901042.2411678,143.0,151.84,200.0,-0.04,INACTIVE
1774901042.2573013,128.0,151.81,200.0,-0.12,INACTIVE
1774901042.2729206,110.0,151.77,200.0,-0.21,INACTIVE
1774901042.2889924,96.0,151.71,200.0,-0.28,INACTIVE
1774901042.304685,87.0,151.65,200.0,-0.32,INACTIVE
1774901042.3209076,83.0,151.58,200.0,-0.34,INACTIVE
1774901042.3368204,82.0,151.51,200.0,-0.35,INACTIVE
1774901042.3528461,84.0,151.44,200.0,-0.34,INACTIVE
1774901042.3688498,93.0,151.39,200.0,-0.29,INACTIVE
1774901042.3847988,95.0,151.33,200.0,-0.28,INACTIVE
1774901042.4009054,93.0,151.27,200.0,-0.29,INACTIVE
1774901042.417025,94.0,151.21,200.0,-0.29,INACTIVE
1774901042.4333827,93.0,151.16,200.0,-0.29,INACTIVE
1774901042.4492977,86.0,151.09,200.0,-0.33,INACTIVE
1774901042.4649234,85.0,151.02,200.0,-0.33,INACTIVE
1774901042.4808805,87.0,150.96,200.0,-0.32,INACTIVE
1774901042.4970722,89.0,150.9,200.0,-0.31,INACTIVE
1774901042.5130453,89.0,150.84,200.0,-0.31,INACTIVE
1774901042.528738,88.0,150.77,200.0,-0.31,INACTIVE
1774901042.5451012,86.0,150.71,200.0,-0.32,INACTIVE
1774901042.5609906,85.0,150.64,200.0,-0.33,INACTIVE
1774901042.5769274,86.0,150.58,200.0,-0.32,INACTIVE
1774901042.5928264,84.0,150.51,200.0,-0.33,INACTIVE
1774901042.6087506,84.0,150.45,200.0,-0.33,INACTIVE
1774901042.624806,79.0,150.37,200.0,-0.36,INACTIVE
1774901042.6408136,80.0,150.3,200.0,-0.35,INACTIVE
1774901042.6567004,74.0,150.23,200.0,-0.38,INACTIVE
1774901042.6727424,76.0,150.15,200.0,-0.37,INACTIVE
1774901042.6888742,79.0,150.08,200.0,-0.36,INACTIVE
1774901042.7047102,82.0,150.01,200.0,-0.34,INACTIVE
1774901042.7209723,84.0,149.95,200.0,-0.33,INACTIVE
1774901042.7368493,87.0,149.88,200.0,-0.31,INACTIVE
1774901042.7529213,88.0,149.82,200.0,-0.31,INACTIVE
1774901042.768778,87.0,149.76,200.0,-0.31,INACTIVE
1774901042.7848272,93.0,149.7,200.0,-0.28,INACTIVE
1774901042.8010442,94.0,149.65,200.0,-0.28,INACTIVE
1774901042.816726,92.0,149.59,200.0,-0.29,INACTIVE
1774901042.8329258,90.0,149.53,200.0,-0.3,INACTIVE
1774901042.8488657,88.0,149.47,200.0,-0.31,INACTIVE
1774901042.8647015,94.0,149.41,200.0,-0.28,INACTIVE
1774901042.8810203,98.0,149.36,200.0,-0.26,INACTIVE
1774901042.897043,112.0,149.32,200.0,-0.19,INACTIVE
1774901042.9128613,119.0,149.29,200.0,-0.15,INACTIVE
1774901042.9289818,119.0,149.26,200.0,-0.15,INACTIVE
1774901042.9449852,111.0,149.23,200.0,-0.19,INACTIVE
1774901042.962834,102.0,149.18,200.0,-0.24,INACTIVE
1774901042.977382,87.0,149.12,200.0,-0.31,INACTIVE
1774901042.992747,86.0,149.05,200.0,-0.32,INACTIVE
1774901043.0087185,85.0,148.99,200.0,-0.32,INACTIVE
1774901043.0247278,80.0,148.92,200.0,-0.34,INACTIVE
1774901043.0409026,81.0,148.85,200.0,-0.34,INACTIVE
1774901043.057244,79.0,148.78,200.0,-0.35,INACTIVE
1774901043.0728765,78.0,148.71,200.0,-0.35,INACTIVE
1774901043.0891175,81.0,148.64,200.0,-0.34,INACTIVE
1774901043.105074,115.0,148.61,200.0,-0.17,INACTIVE
1774901043.120711,161.0,148.62,200.0,0.06,INACTIVE
1774901043.1368175,210.0,148.68,200.0,0.31,INACTIVE
1774901043.1526616,257.0,148.79,200.0,0.54,INACTIVE
1774901043.1685686,316.0,148.96,200.0,0.84,INACTIVE
1774901043.184877,384.0,148.96,200.0,1.18,INACTIVE
1774901043.200855,407.0,148.96,200.0,1.29,INACTIVE
1774901043.2168512,454.0,148.96,200.0,1.53,INACTIVE
1774901043.2328904,496.0,148.96,200.0,1.74,INACTIVE
1774901043.2487009,474.0,148.96,200.0,1.63,INACTIVE
1774901043.2651303,391.0,148.96,200.0,1.21,INACTIVE
1774901043.280877,349.0,148.96,200.0,1.0,INACTIVE
1774901043.2969213,325.0,149.14,200.0,0.88,INACTIVE
1774901043.31301,319.0,149.31,200.0,0.85,INACTIVE
1774901043.328897,349.0,149.5,200.0,1.0,INACTIVE
1774901043.3449254,400.0,149.5,200.0,1.25,INACTIVE
1774901043.3608816,445.0,149.5,200.0,1.48,INACTIVE
1774901043.377055,449.0,149.5,200.0,1.5,INACTIVE
1774901043.3928607,440.0,149.5,200.0,1.45,INACTIVE
1774901043.409044,447.0,149.5,200.0,1.49,INACTIVE
1774901043.4251447,468.0,149.5,200.0,1.59,INACTIVE
1774901043.4409635,488.0,149.5,200.0,1.69,INACTIVE
1774901043.4570088,504.0,149.5,200.0,1.77,INACTIVE
1774901043.47295,510.0,149.5,200.0,1.8,INACTIVE
1774901043.4887035,478.0,149.5,200.0,1.64,INACTIVE
1774901043.5048442,440.0,149.5,200.0,1.45,INACTIVE
1774901043.5208805,440.0,149.5,200.0,1.45,INACTIVE
1774901043.5368714,451.0,149.5,200.0,1.51,INACTIVE
1774901043.5528421,470.0,149.5,200.0,1.6,INACTIVE
1774901043.5688617,557.0,149.5,200.0,2.04,INACTIVE
1774901043.5847738,651.0,149.5,200.0,2.51,INACTIVE
1774901043.6008415,714.0,149.5,200.0,2.82,INACTIVE
1774901043.6168706,783.0,149.5,200.0,3.17,INACTIVE
1774901043.6329398,822.0,149.5,200.0,3.36,INACTIVE
1774901043.6488504,791.0,149.5,200.0,3.21,INACTIVE
1774901043.6647704,726.0,149.5,200.0,2.88,INACTIVE
1774901043.6808605,615.0,149.5,200.0,2.33,INACTIVE
1774901043.6969764,472.0,149.5,200.0,1.61,INACTIVE
1774901043.712686,370.0,149.5,200.0,1.1,INACTIVE
1774901043.7289097,325.0,149.68,200.0,0.88,INACTIVE
1774901043.7450695,304.0,149.83,200.0,0.77,INACTIVE
1774901043.760776,295.0,149.98,200.0,0.73,INACTIVE
1774901043.77678,316.0,150.15,200.0,0.83,INACTIVE
1774901043.7929723,314.0,150.31,200.0,0.82,INACTIVE
1774901043.8090384,292.0,150.45,200.0,0.71,INACTIVE
1774901043.824791,270.0,150.57,200.0,0.6,INACTIVE
1774901043.8407927,267.0,150.69,200.0,0.58,INACTIVE
1774901043.8568647,265.0,150.8,200.0,0.57,INACTIVE
1774901043.87312,268.0,150.92,200.0,0.59,INACTIVE
1774901043.8889291,248.0,151.02,200.0,0.48,INACTIVE
1774901043.9047823,242.0,151.11,200.0,0.45,INACTIVE
1774901043.920941,303.0,151.26,200.0,0.76,INACTIVE
1774901043.937048,392.0,151.26,200.0,1.2,INACTIVE
1774901043.9529994,436.0,151.26,200.0,1.42,INACTIVE
1774901043.9687936,549.0,151.26,200.0,1.99,INACTIVE
1774901043.984861,632.0,151.26,200.0,2.4,INACTIVE
1774901044.0010319,691.0,151.26,200.0,2.7,INACTIVE
1774901044.0200367,700.0,151.26,200.0,2.74,INACTIVE
1774901044.0329988,806.0,151.26,200.0,3.27,INACTIVE
1774901044.0489373,918.0,151.26,200.0,3.83,INACTIVE
1774901044.0649314,1059.0,151.26,200.0,4.54,INACTIVE
1774901044.08081,1147.0,151.26,200.0,4.98,INACTIVE
1774901044.0972033,1227.0,151.26,200.0,5.38,INACTIVE
1774901044.1129074,1213.0,151.26,200.0,5.31,INACTIVE
1774901044.1289241,1106.0,151.26,200.0,4.77,INACTIVE
1774901044.1447473,1002.0,151.26,200.0,4.25,INACTIVE
1774901044.1609883,930.0,151.26,200.0,3.89,INACTIVE
1774901044.177017,894.0,151.26,200.0,3.71,INACTIVE
1774901044.1930509,953.0,151.26,200.0,4.01,INACTIVE
1774901044.2088492,1049.0,151.26,200.0,4.49,INACTIVE
1774901044.2248435,1104.0,151.26,200.0,4.76,INACTIVE
1774901044.2408292,1160.0,151.26,200.0,5.04,INACTIVE
1774901044.2570782,1126.0,151.26,200.0,4.87,INACTIVE
1774901044.2729068,1008.0,151.26,200.0,4.28,INACTIVE
1774901044.2888155,880.0,151.26,200.0,3.64,INACTIVE
1774901044.3047285,785.0,151.26,200.0,3.17,INACTIVE
1774901044.320866,675.0,151.26,200.0,2.62,INACTIVE
1774901044.3367167,568.0,151.26,200.0,2.08,INACTIVE
1774901044.3528783,475.0,151.26,200.0,1.62,INACTIVE
1774901044.369215,403.0,151.26,200.0,1.26,INACTIVE
1774901044.3850255,306.0,151.41,200.0,0.77,INACTIVE
1774901044.4010036,203.0,151.47,200.0,0.26,INACTIVE
1774901044.416779,169.0,151.48,200.0,0.09,INACTIVE
1774901044.4327216,206.0,151.54,200.0,0.27,INACTIVE
1774901044.4487896,292.0,151.68,200.0,0.7,INACTIVE
1774901044.4648466,378.0,151.68,200.0,1.13,INACTIVE
1774901044.481176,422.0,151.68,200.0,1.35,INACTIVE
1774901044.4969525,441.0,151.68,200.0,1.45,INACTIVE
1774901044.5130606,410.0,151.68,200.0,1.29,INACTIVE
1774901044.529096,327.0,151.85,200.0,0.88,INACTIVE
1774901044.5451329,263.0,151.96,200.0,0.56,INACTIVE
1774901044.5611124,238.0,152.05,200.0,0.43,INACTIVE
1774901044.5787222,228.0,152.13,200.0,0.38,INACTIVE
1774901044.5928423,221.0,152.2,200.0,0.34,INACTIVE
1774901044.608961,249.0,152.29,200.0,0.48,INACTIVE
1774901044.6248605,281.0,152.42,200.0,0.64,INACTIVE
1774901044.6412237,318.0,152.59,200.0,0.83,INACTIVE
1774901044.6568437,364.0,152.59,200.0,1.06,INACTIVE
1774901044.673044,406.0,152.59,200.0,1.27,INACTIVE
1774901044.6891093,398.0,152.59,200.0,1.23,INACTIVE
1774901044.7048914,394.0,152.59,200.0,1.21,INACTIVE
1774901044.7207806,382.0,152.59,200.0,1.15,INACTIVE
1774901044.7367616,379.0,152.59,200.0,1.13,INACTIVE
1774901044.7527626,372.0,152.59,200.0,1.1,INACTIVE
1774901044.7689006,334.0,152.77,200.0,0.91,INACTIVE
1774901044.7849712,292.0,152.91,200.0,0.7,INACTIVE
1774901044.8008337,250.0,153.0,200.0,0.48,INACTIVE
1774901044.8167229,209.0,153.06,200.0,0.28,INACTIVE
1774901044.8327255,185.0,153.09,200.0,0.16,INACTIVE
1774901044.848715,242.0,153.18,200.0,0.44,INACTIVE
1774901044.8647668,288.0,153.32,200.0,0.67,INACTIVE
1774901044.8808632,369.0,153.32,200.0,1.08,INACTIVE
1774901044.8965452,461.0,153.32,200.0,1.54,INACTIVE
1774901044.9125974,538.0,153.32,200.0,1.92,INACTIVE
1774901044.9288447,572.0,153.32,200.0,2.09,INACTIVE
1774901044.9447243,609.0,153.32,200.0,2.28,INACTIVE
1774901044.9608474,618.0,153.32,200.0,2.32,INACTIVE
1774901044.9769812,584.0,153.32,200.0,2.15,INACTIVE
1774901044.9928794,544.0,153.32,200.0,1.95,INACTIVE
1774901045.0092275,512.0,153.32,200.0,1.79,INACTIVE
1774901045.0250142,487.0,153.32,200.0,1.67,INACTIVE
1774901045.0409112,446.0,153.32,200.0,1.46,INACTIVE
1774901045.0569117,418.0,153.32,200.0,1.32,INACTIVE
1774901045.072772,418.0,153.32,200.0,1.32,INACTIVE
1774901045.0889971,427.0,153.32,200.0,1.37,INACTIVE
1774901045.1047597,418.0,153.32,200.0,1.32,INACTIVE
1774901045.1210144,443.0,153.32,200.0,1.45,INACTIVE
1774901045.1369867,481.0,153.32,200.0,1.64,INACTIVE
1774901045.1529076,490.0,153.32,200.0,1.68,INACTIVE
1774901045.1688604,463.0,153.32,200.0,1.55,INACTIVE
1774901045.1849582,444.0,153.32,200.0,1.45,INACTIVE
1774901045.2011356,412.0,153.32,200.0,1.29,INACTIVE
1774901045.216758,368.0,153.32,200.0,1.07,INACTIVE
1774901045.2327096,334.0,153.5,200.0,0.9,INACTIVE
1774901045.2487528,319.0,153.66,200.0,0.83,INACTIVE
1774901045.2649086,316.0,153.82,200.0,0.81,INACTIVE
1774901045.2809029,312.0,153.98,200.0,0.79,INACTIVE
1774901045.29695,312.0,154.14,200.0,0.79,INACTIVE
1774901045.3129795,313.0,154.3,200.0,0.79,INACTIVE
1774901045.32911,318.0,154.46,200.0,0.82,INACTIVE
1774901045.3448482,315.0,154.62,200.0,0.8,INACTIVE
1774901045.3611186,309.0,154.78,200.0,0.77,INACTIVE
1774901045.3768115,303.0,154.93,200.0,0.74,INACTIVE
1774901045.392712,269.0,155.04,200.0,0.57,INACTIVE
1774901045.4090884,232.0,155.12,200.0,0.38,INACTIVE
1774901045.4249623,213.0,155.17,200.0,0.29,INACTIVE
1774901045.4408453,175.0,155.19,200.0,0.1,INACTIVE
1774901045.4570699,155.0,155.19,200.0,-0.0,INACTIVE
1774901045.4728804,187.0,155.23,200.0,0.16,INACTIVE
1774901045.4889889,229.0,155.3,200.0,0.37,INACTIVE
1774901045.5047445,250.0,155.39,200.0,0.47,INACTIVE
1774901045.5208457,290.0,155.53,200.0,0.67,INACTIVE
1774901045.5367925,310.0,155.68,200.0,0.77,INACTIVE
1774901045.5529,306.0,155.83,200.0,0.75,INACTIVE
1774901045.5688536,302.0,155.98,200.0,0.73,INACTIVE
1774901045.584736,300.0,156.12,200.0,0.72,INACTIVE
1774901045.601062,292.0,156.26,200.0,0.68,INACTIVE
1774901045.6170533,263.0,156.37,200.0,0.53,INACTIVE
1774901045.6329641,256.0,156.47,200.0,0.5,INACTIVE
1774901045.6489363,355.0,156.67,200.0,0.99,INACTIVE
1774901045.664671,567.0,156.67,200.0,2.05,INACTIVE
1774901045.6808188,779.0,156.67,200.0,3.11,INACTIVE
1774901045.6971736,1032.0,156.67,200.0,4.38,INACTIVE
1774901045.7131035,1216.0,156.67,200.0,5.3,INACTIVE
1774901045.728982,1281.0,156.67,200.0,5.62,INACTIVE
1774901045.7449548,1220.0,156.67,200.0,5.32,INACTIVE
1774901045.7612393,1172.0,156.67,200.0,5.08,INACTIVE
1774901045.7768047,1116.0,156.67,200.0,4.8,INACTIVE
1774901045.7929099,1132.0,156.67,200.0,4.88,INACTIVE
1774901045.808947,1154.0,156.67,200.0,4.99,INACTIVE
1774901045.8247616,1154.0,156.67,200.0,4.99,INACTIVE
1774901045.8409903,1125.0,156.67,200.0,4.84,INACTIVE
1774901045.85704,1049.0,156.67,200.0,4.46,INACTIVE
1774901045.8729398,965.0,156.67,200.0,4.04,INACTIVE
1774901045.8889785,889.0,156.67,200.0,3.66,INACTIVE
1774901045.904827,858.0,156.67,200.0,3.51,INACTIVE
1774901045.9208317,832.0,156.67,200.0,3.38,INACTIVE
1774901045.937023,837.0,156.67,200.0,3.4,INACTIVE
1774901045.9528863,817.0,156.67,200.0,3.3,INACTIVE
1774901045.9688675,765.0,156.67,200.0,3.04,INACTIVE
1774901045.9851007,700.0,156.67,200.0,2.72,INACTIVE
1774901046.0009198,642.0,156.67,200.0,2.43,INACTIVE
1774901046.0169277,590.0,156.67,200.0,2.17,INACTIVE
1774901046.03288,527.0,156.67,200.0,1.85,INACTIVE
1774901046.049347,451.0,156.67,200.0,1.47,INACTIVE
1774901046.0649116,396.0,156.67,200.0,1.2,INACTIVE
1774901046.0810668,389.0,156.67,200.0,1.16,INACTIVE
1774901046.0966973,358.0,156.67,200.0,1.01,INACTIVE
1774901046.113092,328.0,156.84,200.0,0.86,INACTIVE
1774901046.1289546,329.0,157.01,200.0,0.86,INACTIVE
1774901046.144693,298.0,157.15,200.0,0.7,INACTIVE
1774901046.1608818,220.0,157.21,200.0,0.31,INACTIVE
1774901046.176954,167.0,157.22,200.0,0.05,INACTIVE
1774901046.1928177,135.0,157.2,200.0,-0.11,INACTIVE
1774901046.2088392,113.0,157.16,200.0,-0.22,INACTIVE
1774901046.2248833,103.0,157.1,200.0,-0.27,INACTIVE
1774901046.240976,102.0,157.05,200.0,-0.28,INACTIVE
1774901046.2568727,100.0,156.99,200.0,-0.28,INACTIVE
1774901046.2728004,128.0,156.96,200.0,-0.14,INACTIVE
1774901046.288906,209.0,157.01,200.0,0.26,INACTIVE
1774901046.304787,289.0,157.14,200.0,0.66,INACTIVE
1774901046.3210323,404.0,157.14,200.0,1.23,INACTIVE
1774901046.336893,522.0,157.14,200.0,1.82,INACTIVE
1774901046.3526852,590.0,157.14,200.0,2.16,INACTIVE
1774901046.3687465,615.0,157.14,200.0,2.29,INACTIVE
1774901046.3850222,646.0,157.14,200.0,2.44,INACTIVE
1774901046.4011042,641.0,157.14,200.0,2.42,INACTIVE
1774901046.4169748,623.0,157.14,200.0,2.33,INACTIVE
1774901046.433026,602.0,157.14,200.0,2.22,INACTIVE
1774901046.4487607,529.0,157.14,200.0,1.86,INACTIVE
1774901046.464889,449.0,157.14,200.0,1.46,INACTIVE
1774901046.4807053,385.0,157.14,200.0,1.14,INACTIVE
1774901046.4966493,343.0,157.33,200.0,0.93,INACTIVE
1774901046.512879,334.0,157.51,200.0,0.88,INACTIVE
1774901046.5285814,372.0,157.51,200.0,1.07,INACTIVE
1774901046.5448244,421.0,157.51,200.0,1.32,INACTIVE
1774901046.56095,460.0,157.51,200.0,1.51,INACTIVE
1774901046.576847,501.0,157.51,200.0,1.72,INACTIVE
1774901046.5930967,526.0,157.51,200.0,1.84,INACTIVE
1774901046.6085758,551.0,157.51,200.0,1.97,INACTIVE
1774901046.624846,580.0,157.51,200.0,2.11,INACTIVE
1774901046.6408324,594.0,157.51,200.0,2.18,INACTIVE
1774901046.6567113,532.0,157.51,200.0,1.87,INACTIVE
1774901046.6727362,456.0,157.51,200.0,1.49,INACTIVE
1774901046.6888092,430.0,157.51,200.0,1.36,INACTIVE
1774901046.704816,415.0,157.51,200.0,1.29,INACTIVE
1774901046.720885,398.0,157.51,200.0,1.2,INACTIVE
1774901046.736775,450.0,157.51,200.0,1.46,INACTIVE
1774901046.7533226,523.0,157.51,200.0,1.83,INACTIVE
1774901046.7691934,540.0,157.51,200.0,1.91,INACTIVE
1774901046.784961,540.0,157.51,200.0,1.91,INACTIVE
1774901046.8008757,543.0,157.51,200.0,1.93,INACTIVE
1774901046.8167715,557.0,157.51,200.0,2.0,INACTIVE
1774901046.8327587,516.0,157.51,200.0,1.79,INACTIVE
1774901046.8488214,440.0,157.51,200.0,1.41,INACTIVE
1774901046.8647645,356.0,157.71,200.0,0.99,INACTIVE
1774901046.880771,267.0,157.82,200.0,0.55,INACTIVE
1774901046.8968022,170.0,157.83,200.0,0.06,INACTIVE
1774901046.9127533,163.0,157.83,200.0,0.03,INACTIVE
1774901046.9287245,193.0,157.87,200.0,0.18,INACTIVE
1774901046.944804,239.0,157.95,200.0,0.41,INACTIVE
1774901046.9607167,310.0,158.1,200.0,0.76,INACTIVE
1774901046.976723,386.0,158.1,200.0,1.14,INACTIVE
1774901046.9927242,425.0,158.1,200.0,1.33,INACTIVE
1774901047.0087092,470.0,158.1,200.0,1.56,INACTIVE
1774901047.0248957,478.0,158.1,200.0,1.6,INACTIVE
1774901047.0408115,444.0,158.1,200.0,1.43,INACTIVE
1774901047.0567691,370.0,158.1,200.0,1.06,INACTIVE
1774901047.0731666,298.0,158.24,200.0,0.7,INACTIVE
1774901047.0889692,221.0,158.3,200.0,0.31,INACTIVE
1774901047.1051283,196.0,158.34,200.0,0.19,INACTIVE
1774901047.1211336,225.0,158.41,200.0,0.33,INACTIVE
1774901047.137001,294.0,158.54,200.0,0.68,INACTIVE
1774901047.152964,414.0,158.54,200.0,1.28,INACTIVE
1774901047.168926,582.0,158.54,200.0,2.12,INACTIVE
1774901047.185043,720.0,158.54,200.0,2.81,INACTIVE
1774901047.2009025,837.0,158.54,200.0,3.39,INACTIVE
1774901047.2168,918.0,158.54,200.0,3.8,INACTIVE
1774901047.2329013,931.0,158.54,200.0,3.86,INACTIVE
1774901047.2487302,910.0,158.54,200.0,3.76,INACTIVE
1774901047.2647936,881.0,158.54,200.0,3.61,INACTIVE
1774901047.2810016,849.0,158.54,200.0,3.45,INACTIVE
1774901047.296942,861.0,158.54,200.0,3.51,INACTIVE
1774901047.312777,904.0,158.54,200.0,3.73,INACTIVE
1774901047.328833,921.0,158.54,200.0,3.81,INACTIVE
1774901047.344897,942.0,158.54,200.0,3.92,INACTIVE
1774901047.3609118,944.0,158.54,200.0,3.93,INACTIVE
1774901047.3768332,961.0,158.54,200.0,4.01,INACTIVE
1774901047.3927262,929.0,158.54,200.0,3.85,INACTIVE
1774901047.4088395,902.0,158.54,200.0,3.72,INACTIVE
1774901047.4249494,902.0,158.54,200.0,3.72,INACTIVE
1774901047.4408395,919.0,158.54,200.0,3.8,INACTIVE
1774901047.4569635,917.0,158.54,200.0,3.79,INACTIVE
1774901047.4731672,885.0,158.54,200.0,3.63,INACTIVE
1774901047.4887345,826.0,158.54,200.0,3.34,INACTIVE
1774901047.5047867,731.0,158.54,200.0,2.86,INACTIVE
1774901047.520725,659.0,158.54,200.0,2.5,INACTIVE
1774901047.5367005,539.0,158.54,200.0,1.9,INACTIVE
1774901047.552763,467.0,158.54,200.0,1.54,INACTIVE
1774901047.5688007,428.0,158.54,200.0,1.35,INACTIVE
1774901047.584763,402.0,158.54,200.0,1.22,INACTIVE
1774901047.6007903,351.0,158.74,200.0,0.96,INACTIVE
1774901047.6167355,339.0,158.92,200.0,0.9,INACTIVE
1774901047.6326954,339.0,159.1,200.0,0.9,INACTIVE
1774901047.6487362,329.0,159.27,200.0,0.85,INACTIVE
1774901047.6648185,339.0,159.45,200.0,0.9,INACTIVE
1774901047.6810102,353.0,159.64,200.0,0.97,INACTIVE
1774901047.6970236,366.0,159.64,200.0,1.03,INACTIVE
1774901047.712961,387.0,159.64,200.0,1.14,INACTIVE
1774901047.729214,411.0,159.64,200.0,1.26,INACTIVE
1774901047.7448895,407.0,159.64,200.0,1.24,INACTIVE
1774901047.7611322,413.0,159.64,200.0,1.27,INACTIVE
1774901047.7770717,414.0,159.64,200.0,1.27,INACTIVE
1774901047.7930145,384.0,159.64,200.0,1.12,INACTIVE
1774901047.8090067,362.0,159.64,200.0,1.01,INACTIVE
1774901047.8247716,326.0,159.81,200.0,0.83,INACTIVE
1774901047.8407278,293.0,159.94,200.0,0.67,INACTIVE
1774901047.8568537,255.0,160.03,200.0,0.47,INACTIVE
1774901047.8729293,233.0,160.11,200.0,0.36,INACTIVE
1774901047.8891032,206.0,160.15,200.0,0.23,INACTIVE
1774901047.9051886,192.0,160.18,200.0,0.16,INACTIVE
1774901047.921185,166.0,160.19,200.0,0.03,INACTIVE
1774901047.936956,153.0,160.18,200.0,-0.04,INACTIVE
1774901047.9529405,150.0,160.17,200.0,-0.05,INACTIVE
1774901047.9688783,135.0,160.15,200.0,-0.13,INACTIVE
1774901047.9849792,137.0,160.12,200.0,-0.12,INACTIVE
1774901048.0009167,149.0,160.11,200.0,-0.06,INACTIVE
1774901048.0168846,198.0,160.15,200.0,0.19,INACTIVE
1774901048.0327306,234.0,160.23,200.0,0.37,INACTIVE
1774901048.0487716,277.0,160.34,200.0,0.58,MIXED
1774901048.064661,310.0,160.49,200.0,0.75,MIXED
1774901048.080745,333.0,160.66,200.0,0.86,MIXED
1774901048.0966797,305.0,160.81,200.0,0.72,MIXED
1774901048.1137416,276.0,160.92,200.0,0.58,MIXED
1774901048.128993,248.0,161.01,200.0,0.43,MIXED
1774901048.145009,215.0,161.07,200.0,0.27,MIXED
1774901048.1606045,179.0,161.08,200.0,0.09,MIXED
1774901048.1766984,148.0,161.07,200.0,-0.07,MIXED
1774901048.192887,132.0,161.04,200.0,-0.15,MIXED
1774901048.2091174,153.0,161.03,200.0,-0.04,ACTIVE
1774901048.2249413,180.0,161.05,200.0,0.09,ACTIVE
1774901048.2410066,215.0,161.11,200.0,0.27,ACTIVE
1774901048.2567248,257.0,161.2,200.0,0.48,ACTIVE
1774901048.2728188,302.0,161.34,200.0,0.7,ACTIVE
1774901048.2896273,308.0,161.49,200.0,0.73,ACTIVE
1774901048.304838,273.0,161.6,200.0,0.56,ACTIVE
1774901048.3207176,238.0,161.68,200.0,0.38,ACTIVE
1774901048.3367848,192.0,161.71,200.0,0.15,ACTIVE
1774901048.352937,153.0,161.7,200.0,-0.04,ACTIVE
1774901048.3687205,116.0,161.65,200.0,-0.23,ACTIVE
1774901048.3848138,131.0,161.62,200.0,-0.15,ACTIVE
1774901048.4005625,176.0,161.64,200.0,0.07,ACTIVE
1774901048.4167168,210.0,161.68,200.0,0.24,ACTIVE
1774901048.4327374,254.0,161.78,200.0,0.46,ACTIVE
1774901048.4488938,312.0,161.93,200.0,0.75,ACTIVE
1774901048.4653435,343.0,162.11,200.0,0.9,ACTIVE
1774901048.48081,341.0,162.29,200.0,0.89,ACTIVE
1774901048.4969976,351.0,162.48,200.0,0.94,ACTIVE
1774901048.5133345,330.0,162.64,200.0,0.84,ACTIVE
1774901048.5287187,310.0,162.79,200.0,0.74,ACTIVE
1774901048.5449395,313.0,162.94,200.0,0.75,ACTIVE
1774901048.5606794,278.0,163.06,200.0,0.57,ACTIVE
1774901048.5766542,252.0,163.15,200.0,0.44,ACTIVE
1774901048.592861,246.0,163.23,200.0,0.41,ACTIVE
1774901048.608997,236.0,163.3,200.0,0.36,ACTIVE
1774901048.6248453,218.0,163.36,200.0,0.27,ACTIVE
1774901048.6408396,242.0,163.43,200.0,0.39,ACTIVE
1774901048.6568108,266.0,163.54,200.0,0.51,ACTIVE
1774901048.6727448,276.0,163.65,200.0,0.56,ACTIVE
1774901048.6890447,285.0,163.77,200.0,0.61,ACTIVE
1774901048.7049115,298.0,163.9,200.0,0.67,ACTIVE
1774901048.7211742,295.0,164.04,200.0,0.65,ACTIVE
1774901048.7369668,263.0,164.13,200.0,0.49,ACTIVE
1774901048.752919,228.0,164.2,200.0,0.32,ACTIVE
1774901048.7688978,184.0,164.22,200.0,0.1,ACTIVE
1774901048.7846131,185.0,164.24,200.0,0.1,ACTIVE
1774901048.8007493,278.0,164.35,200.0,0.57,ACTIVE
1774901048.816881,361.0,164.55,200.0,0.98,ACTIVE
1774901048.833232,473.0,164.55,200.0,1.54,ACTIVE
1774901048.84914,592.0,164.55,200.0,2.14,ACTIVE
1774901048.8649592,669.0,164.55,200.0,2.52,ACTIVE
1774901048.8810544,668.0,164.55,200.0,2.52,ACTIVE
1774901048.8968818,679.0,164.55,200.0,2.57,ACTIVE
1774901048.9133327,669.0,164.55,200.0,2.52,ACTIVE
1774901048.928983,686.0,164.55,200.0,2.61,ACTIVE
1774901048.9447901,699.0,164.55,200.0,2.67,ACTIVE
1774901048.9609659,711.0,164.55,200.0,2.73,ACTIVE
1774901048.9777603,701.0,164.55,200.0,2.68,ACTIVE
1774901048.9929664,683.0,164.55,200.0,2.59,ACTIVE
1774901049.008788,664.0,164.55,200.0,2.5,ACTIVE
1774901049.0249755,635.0,164.55,200.0,2.35,ACTIVE
1774901049.0409334,595.0,164.55,200.0,2.15,ACTIVE
1774901049.0570095,608.0,164.55,200.0,2.22,ACTIVE
1774901049.072816,621.0,164.55,200.0,2.28,ACTIVE
1774901049.0888443,601.0,164.55,200.0,2.18,ACTIVE
1774901049.1048887,588.0,164.55,200.0,2.12,ACTIVE
1774901049.1207485,611.0,164.55,200.0,2.23,ACTIVE
1774901049.1374338,628.0,164.55,200.0,2.32,ACTIVE
1774901049.1531932,651.0,164.55,200.0,2.43,ACTIVE
1774901049.1696107,707.0,164.55,200.0,2.71,ACTIVE
1774901049.1856573,762.0,164.55,200.0,2.99,ACTIVE
1774901049.2014716,765.0,164.55,200.0,3.0,ACTIVE
1774901049.2178812,746.0,164.55,200.0,2.91,ACTIVE
1774901049.2331948,716.0,164.55,200.0,2.76,ACTIVE
1774901049.248994,643.0,164.55,200.0,2.39,ACTIVE
1774901049.265295,563.0,164.55,200.0,1.99,ACTIVE
1774901049.2808366,499.0,164.55,200.0,1.67,ACTIVE
1774901049.2968678,464.0,164.55,200.0,1.5,ACTIVE
1774901049.3129783,414.0,164.55,200.0,1.25,ACTIVE
1774901049.3287177,403.0,164.55,200.0,1.19,ACTIVE
1774901049.3449054,400.0,164.55,200.0,1.18,ACTIVE
1774901049.3606932,414.0,164.55,200.0,1.25,ACTIVE
1774901049.3768618,404.0,164.55,200.0,1.2,ACTIVE
1774901049.392705,407.0,164.55,200.0,1.21,ACTIVE
1774901049.4087808,392.0,164.55,200.0,1.14,ACTIVE
1774901049.4248536,356.0,164.74,200.0,0.96,ACTIVE
1774901049.4409103,289.0,164.87,200.0,0.62,ACTIVE
1774901049.4571767,233.0,164.93,200.0,0.34,ACTIVE
1774901049.472896,191.0,164.96,200.0,0.13,ACTIVE
1774901049.4888957,174.0,164.97,200.0,0.05,ACTIVE
1774901049.5050044,174.0,164.98,200.0,0.05,ACTIVE
1774901049.5208163,206.0,165.02,200.0,0.2,ACTIVE
1774901049.5369134,250.0,165.1,200.0,0.42,ACTIVE
1774901049.5529282,285.0,165.22,200.0,0.6,ACTIVE
1774901049.5690248,299.0,165.36,200.0,0.67,ACTIVE
1774901049.5848138,342.0,165.53,200.0,0.88,ACTIVE
1774901049.6011279,378.0,165.53,200.0,1.06,ACTIVE
1774901049.6169186,364.0,165.73,200.0,0.99,ACTIVE
1774901049.6328607,345.0,165.91,200.0,0.9,ACTIVE
1774901049.6490269,337.0,166.08,200.0,0.85,ACTIVE
1774901049.6648884,279.0,166.2,200.0,0.56,ACTIVE
1774901049.681022,225.0,166.25,200.0,0.29,ACTIVE
1774901049.697126,208.0,166.3,200.0,0.21,ACTIVE
1774901049.7127497,243.0,166.37,200.0,0.38,ACTIVE
1774901049.7289915,257.0,166.46,200.0,0.45,ACTIVE
1774901049.7449334,289.0,166.59,200.0,0.61,ACTIVE
1774901049.7610316,314.0,166.73,200.0,0.74,ACTIVE
1774901049.7768397,341.0,166.91,200.0,0.87,ACTIVE
1774901049.7929864,333.0,167.07,200.0,0.83,ACTIVE
1774901049.8091424,329.0,167.24,200.0,0.81,ACTIVE
1774901049.8249907,343.0,167.41,200.0,0.88,ACTIVE
1774901049.8412013,357.0,167.6,200.0,0.95,ACTIVE
1774901049.8568,346.0,167.78,200.0,0.89,ACTIVE
1774901049.8729825,307.0,167.92,200.0,0.7,ACTIVE
1774901049.8890915,269.0,168.02,200.0,0.5,ACTIVE
1774901049.9049938,235.0,168.09,200.0,0.33,ACTIVE
1774901049.9210474,233.0,168.15,200.0,0.32,ACTIVE
1774901049.9376879,241.0,168.22,200.0,0.36,ACTIVE
1774901049.9529994,261.0,168.32,200.0,0.46,ACTIVE
1774901049.968995,272.0,168.42,200.0,0.52,ACTIVE
1774901049.9851363,262.0,168.51,200.0,0.47,ACTIVE
1774901050.001122,218.0,168.56,200.0,0.25,ACTIVE
1774901050.017048,231.0,168.63,200.0,0.31,ACTIVE
1774901050.0326393,259.0,168.72,200.0,0.45,ACTIVE
1774901050.0491126,315.0,168.86,200.0,0.73,ACTIVE
1774901050.0649014,392.0,168.86,200.0,1.12,ACTIVE
1774901050.0809536,480.0,168.86,200.0,1.56,ACTIVE
1774901050.0968606,491.0,168.86,200.0,1.61,ACTIVE
1774901050.112854,491.0,168.86,200.0,1.61,ACTIVE
1774901050.1307323,508.0,168.86,200.0,1.7,ACTIVE
1774901050.1447806,495.0,168.86,200.0,1.63,ACTIVE
1774901050.160839,470.0,168.86,200.0,1.51,ACTIVE
1774901050.1769862,492.0,168.86,200.0,1.62,ACTIVE
1774901050.1931856,522.0,168.86,200.0,1.77,ACTIVE
1774901050.2089577,512.0,168.86,200.0,1.72,ACTIVE
1774901050.2248929,497.0,168.86,200.0,1.64,ACTIVE
1774901050.240846,485.0,168.86,200.0,1.58,ACTIVE
1774901050.2573383,432.0,168.86,200.0,1.32,ACTIVE
1774901050.273055,352.0,169.05,200.0,0.91,ACTIVE
1774901050.2890227,279.0,169.16,200.0,0.55,ACTIVE
1774901050.304747,217.0,169.2,200.0,0.24,ACTIVE
1774901050.3211179,159.0,169.19,200.0,-0.05,ACTIVE
1774901050.3369412,144.0,169.17,200.0,-0.13,ACTIVE
1774901050.3529158,160.0,169.16,200.0,-0.05,ACTIVE
1774901050.368882,173.0,169.16,200.0,0.02,ACTIVE
1774901050.3853595,215.0,169.21,200.0,0.23,ACTIVE
1774901050.4009593,245.0,169.29,200.0,0.38,ACTIVE
1774901050.4169612,262.0,169.38,200.0,0.46,ACTIVE
1774901050.433113,274.0,169.48,200.0,0.52,ACTIVE
1774901050.4490898,283.0,169.6,200.0,0.57,ACTIVE
1774901050.464981,283.0,169.71,200.0,0.57,ACTIVE
1774901050.4809074,295.0,169.83,200.0,0.63,ACTIVE
1774901050.4971423,307.0,169.97,200.0,0.69,ACTIVE
1774901050.5128286,316.0,170.12,200.0,0.73,ACTIVE
1774901050.5289583,295.0,170.24,200.0,0.62,ACTIVE
1774901050.5449042,247.0,170.32,200.0,0.38,ACTIVE
1774901050.5609019,208.0,170.36,200.0,0.19,ACTIVE
1774901050.5769396,166.0,170.35,200.0,-0.02,ACTIVE
1774901050.5932856,132.0,170.31,200.0,-0.19,ACTIVE
1774901050.6091,153.0,170.3,200.0,-0.09,ACTIVE
1774901050.624852,188.0,170.32,200.0,0.09,ACTIVE
1774901050.6408427,217.0,170.36,200.0,0.23,ACTIVE
1774901050.6570387,259.0,170.45,200.0,0.44,ACTIVE
1774901050.6730015,287.0,170.57,200.0,0.58,ACTIVE
1774901050.688804,301.0,170.7,200.0,0.65,ACTIVE
1774901050.7048721,309.0,170.84,200.0,0.69,ACTIVE
1774901050.7207565,307.0,170.97,200.0,0.68,ACTIVE
1774901050.7368724,288.0,171.09,200.0,0.58,ACTIVE
1774901050.752975,257.0,171.17,200.0,0.43,ACTIVE
1774901050.768754,215.0,171.22,200.0,0.22,ACTIVE
1774901050.784974,236.0,171.28,200.0,0.32,ACTIVE
1774901050.8012707,258.0,171.37,200.0,0.43,ACTIVE
1774901050.8170938,317.0,171.52,200.0,0.73,ACTIVE
1774901050.8329198,402.0,171.52,200.0,1.15,ACTIVE
1774901050.8489347,480.0,171.52,200.0,1.54,ACTIVE
1774901050.865413,549.0,171.52,200.0,1.89,ACTIVE
1774901050.8810377,633.0,171.52,200.0,2.31,ACTIVE
1774901050.897007,670.0,171.52,200.0,2.49,ACTIVE
1774901050.9130585,694.0,171.52,200.0,2.61,ACTIVE
1774901050.9288948,717.0,171.52,200.0,2.73,ACTIVE
1774901050.9451542,683.0,171.52,200.0,2.56,ACTIVE
1774901050.9613745,629.0,171.52,200.0,2.29,ACTIVE
1774901050.9773335,576.0,171.52,200.0,2.02,ACTIVE
1774901050.9931295,506.0,171.52,200.0,1.67,ACTIVE
1774901051.0091383,456.0,171.52,200.0,1.42,ACTIVE
1774901051.0254042,427.0,171.52,200.0,1.28,ACTIVE
1774901051.0410895,408.0,171.52,200.0,1.18,ACTIVE
1774901051.0571425,415.0,171.52,200.0,1.22,ACTIVE
1774901051.073226,454.0,171.52,200.0,1.41,ACTIVE
1774901051.089166,487.0,171.52,200.0,1.58,ACTIVE
1774901051.1050322,485.0,171.52,200.0,1.57,ACTIVE
1774901051.1210046,482.0,171.52,200.0,1.55,ACTIVE
1774901051.1371486,470.0,171.52,200.0,1.49,ACTIVE
1774901051.153189,431.0,171.52,200.0,1.3,ACTIVE
1774901051.1689348,382.0,171.52,200.0,1.05,ACTIVE
1774901051.185155,349.0,171.69,200.0,0.89,ACTIVE
1774901051.201055,320.0,171.84,200.0,0.74,ACTIVE
1774901051.2170322,292.0,171.96,200.0,0.6,ACTIVE
1774901051.232935,285.0,172.07,200.0,0.56,ACTIVE
1774901051.2490535,287.0,172.19,200.0,0.57,ACTIVE
1774901051.2651293,292.0,172.31,200.0,0.6,ACTIVE
1774901051.2814562,288.0,172.43,200.0,0.58,ACTIVE
1774901051.2972796,284.0,172.54,200.0,0.56,ACTIVE
1774901051.313129,270.0,172.63,200.0,0.49,ACTIVE
1774901051.3292136,265.0,172.73,200.0,0.46,ACTIVE
1774901051.3452015,259.0,172.81,200.0,0.43,ACTIVE
1774901051.3614817,265.0,172.91,200.0,0.46,ACTIVE
1774901051.377293,307.0,173.04,200.0,0.67,ACTIVE
1774901051.392954,368.0,173.23,200.0,0.97,ACTIVE
1774901051.409207,372.0,173.43,200.0,0.99,ACTIVE
1774901051.4250357,379.0,173.43,200.0,1.03,ACTIVE
1774901051.4409301,387.0,173.43,200.0,1.07,ACTIVE
1774901051.4572093,373.0,173.63,200.0,1.0,ACTIVE
1774901051.473114,330.0,173.79,200.0,0.78,ACTIVE
1774901051.4891338,303.0,173.92,200.0,0.65,ACTIVE
1774901051.5052204,272.0,174.02,200.0,0.49,ACTIVE
1774901051.5211911,236.0,174.08,200.0,0.31,ACTIVE
1774901051.5371108,186.0,174.09,200.0,0.06,ACTIVE
1774901051.5532112,145.0,174.06,200.0,-0.15,ACTIVE
1774901051.5691051,135.0,174.02,200.0,-0.2,ACTIVE
1774901051.584942,150.0,174.0,200.0,-0.12,ACTIVE
1774901051.600985,155.0,173.98,200.0,-0.09,ACTIVE
1774901051.6169472,154.0,173.96,200.0,-0.1,ACTIVE
1774901051.6329036,225.0,174.01,200.0,0.25,ACTIVE
1774901051.6490173,281.0,174.12,200.0,0.53,ACTIVE
1774901051.664855,316.0,174.26,200.0,0.71,ACTIVE
1774901051.6810396,345.0,174.43,200.0,0.85,ACTIVE
1774901051.696985,378.0,174.43,200.0,1.02,ACTIVE
1774901051.7128518,350.0,174.61,200.0,0.88,ACTIVE
1774901051.729117,337.0,174.77,200.0,0.81,ACTIVE
1774901051.7453802,320.0,174.91,200.0,0.73,ACTIVE
1774901051.7612357,314.0,175.05,200.0,0.69,ACTIVE
1774901051.7769337,288.0,175.16,200.0,0.56,ACTIVE
1774901051.7931929,256.0,175.25,200.0,0.4,ACTIVE
1774901051.8088863,211.0,175.28,200.0,0.18,ACTIVE
1774901051.8253517,187.0,175.29,200.0,0.06,ACTIVE
1774901051.8410418,189.0,175.31,200.0,0.07,ACTIVE
1774901051.8568938,216.0,175.35,200.0,0.2,ACTIVE
1774901051.8731105,239.0,175.41,200.0,0.32,ACTIVE
1774901051.8889036,285.0,175.52,200.0,0.55,ACTIVE
1774901051.9048526,329.0,175.67,200.0,0.77,ACTIVE
1774901051.9210594,359.0,175.86,200.0,0.92,ACTIVE
1774901051.9369957,379.0,175.86,200.0,1.02,ACTIVE
1774901051.9529824,400.0,175.86,200.0,1.12,ACTIVE
1774901051.9687738,417.0,175.86,200.0,1.21,ACTIVE
1774901051.9848995,422.0,175.86,200.0,1.23,ACTIVE
1774901052.0011132,407.0,175.86,200.0,1.16,ACTIVE
1774901052.0171113,380.0,175.86,200.0,1.02,ACTIVE
1774901052.033283,354.0,176.04,200.0,0.89,ACTIVE
1774901052.0489187,349.0,176.21,200.0,0.86,ACTIVE
1774901052.0650237,354.0,176.39,200.0,0.89,ACTIVE
1774901052.0812204,381.0,176.39,200.0,1.02,ACTIVE
1774901052.097041,402.0,176.39,200.0,1.13,ACTIVE
1774901052.113029,432.0,176.39,200.0,1.28,ACTIVE
1774901052.1293192,412.0,176.39,200.0,1.18,ACTIVE
1774901052.1453655,358.0,176.57,200.0,0.91,ACTIVE
1774901052.1610281,292.0,176.68,200.0,0.58,ACTIVE
1774901052.1771617,253.0,176.76,200.0,0.38,ACTIVE
1774901052.1932366,199.0,176.78,200.0,0.11,ACTIVE
1774901052.2091727,167.0,176.77,200.0,-0.05,ACTIVE
1774901052.2252128,158.0,176.75,200.0,-0.09,ACTIVE
1774901052.241438,151.0,176.73,200.0,-0.13,ACTIVE
1774901052.2580252,129.0,176.68,200.0,-0.24,ACTIVE
1774901052.2731237,116.0,176.62,200.0,-0.3,ACTIVE
1774901052.288911,133.0,176.58,200.0,-0.22,ACTIVE
1774901052.3050628,169.0,176.57,200.0,-0.04,ACTIVE
1774901052.3208926,209.0,176.6,200.0,0.16,ACTIVE
1774901052.3369124,269.0,176.69,200.0,0.46,ACTIVE
1774901052.3532116,320.0,176.84,200.0,0.72,ACTIVE
1774901052.3688402,344.0,177.0,200.0,0.83,ACTIVE
1774901052.3848827,351.0,177.18,200.0,0.87,ACTIVE
1774901052.4008968,345.0,177.35,200.0,0.84,ACTIVE
1774901052.4168422,338.0,177.51,200.0,0.8,ACTIVE
1774901052.4328117,337.0,177.67,200.0,0.8,ACTIVE
1774901052.4490042,310.0,177.8,200.0,0.66,ACTIVE
1774901052.4649727,279.0,177.9,200.0,0.51,ACTIVE
1774901052.4808986,279.0,178.0,200.0,0.5,ACTIVE
1774901052.4972026,325.0,178.15,200.0,0.73,ACTIVE
1774901052.513077,366.0,178.34,200.0,0.94,ACTIVE
1774901052.5291457,432.0,178.34,200.0,1.27,ACTIVE
1774901052.5450623,543.0,178.34,200.0,1.82,ACTIVE
1774901052.5611887,619.0,178.34,200.0,2.2,ACTIVE
1774901052.5770109,642.0,178.34,200.0,2.32,ACTIVE
1774901052.5930603,651.0,178.34,200.0,2.36,ACTIVE
1774901052.6090531,660.0,178.34,200.0,2.41,ACTIVE
1774901052.6252012,634.0,178.34,200.0,2.28,ACTIVE
1774901052.641147,624.0,178.34,200.0,2.23,ACTIVE
1774901052.6569457,627.0,178.34,200.0,2.24,ACTIVE
1774901052.6730177,639.0,178.34,200.0,2.3,ACTIVE
1774901052.689131,652.0,178.34,200.0,2.37,ACTIVE
1774901052.704975,661.0,178.34,200.0,2.41,ACTIVE
1774901052.7209427,642.0,178.34,200.0,2.32,ACTIVE
1774901052.7368178,614.0,178.34,200.0,2.18,ACTIVE
1774901052.7532063,575.0,178.34,200.0,1.98,ACTIVE
1774901052.7689242,521.0,178.34,200.0,1.71,ACTIVE
1774901052.7851493,466.0,178.34,200.0,1.44,ACTIVE
1774901052.8010895,447.0,178.34,200.0,1.34,ACTIVE
1774901052.817012,424.0,178.34,200.0,1.23,ACTIVE
1774901052.8329146,427.0,178.34,200.0,1.24,ACTIVE
1774901052.8487446,429.0,178.34,200.0,1.25,ACTIVE
1774901052.8649802,429.0,178.34,200.0,1.25,ACTIVE
1774901052.8811274,422.0,178.34,200.0,1.22,ACTIVE
1774901052.896926,402.0,178.34,200.0,1.12,ACTIVE
1774901052.9129734,365.0,178.52,200.0,0.93,ACTIVE
1774901052.9293768,343.0,178.69,200.0,0.82,ACTIVE
1774901052.945055,314.0,178.82,200.0,0.68,ACTIVE
1774901052.9609408,273.0,178.92,200.0,0.47,ACTIVE
1774901052.9772794,260.0,179.0,200.0,0.41,ACTIVE
1774901052.993081,248.0,179.07,200.0,0.34,ACTIVE
1774901053.0091345,238.0,179.12,200.0,0.29,ACTIVE
1774901053.0253658,230.0,179.18,200.0,0.25,ACTIVE
1774901053.041025,230.0,179.23,200.0,0.25,ACTIVE
1774901053.0570514,221.0,179.27,200.0,0.21,ACTIVE
1774901053.0730848,206.0,179.29,200.0,0.13,ACTIVE
1774901053.0891154,187.0,179.3,200.0,0.04,ACTIVE
1774901053.1053061,175.0,179.3,200.0,-0.02,ACTIVE
1774901053.1211295,152.0,179.27,200.0,-0.14,ACTIVE
1774901053.137205,127.0,179.22,200.0,-0.26,ACTIVE
1774901053.153048,113.0,179.15,200.0,-0.33,ACTIVE
1774901053.1692238,104.0,179.08,200.0,-0.38,ACTIVE
1774901053.1851244,95.0,178.99,200.0,-0.42,ACTIVE
1774901053.2009265,96.0,178.91,200.0,-0.41,ACTIVE
1774901053.2171588,94.0,178.83,200.0,-0.42,ACTIVE
1774901053.2331128,98.0,178.74,200.0,-0.4,ACTIVE
1774901053.2491317,97.0,178.66,200.0,-0.41,ACTIVE
1774901053.265154,97.0,178.58,200.0,-0.41,ACTIVE
1774901053.2811732,96.0,178.5,200.0,-0.41,ACTIVE
1774901053.2969382,94.0,178.41,200.0,-0.42,ACTIVE
1774901053.3129766,96.0,178.33,200.0,-0.41,ACTIVE
1774901053.3291883,115.0,178.27,200.0,-0.32,ACTIVE
1774901053.3449695,119.0,178.21,200.0,-0.3,ACTIVE
1774901053.3611672,123.0,178.15,200.0,-0.28,ACTIVE
1774901053.3770998,121.0,178.1,200.0,-0.29,ACTIVE
1774901053.3933754,111.0,178.03,200.0,-0.34,ACTIVE
1774901053.4094217,87.0,177.94,200.0,-0.45,ACTIVE
1774901053.425308,83.0,177.84,200.0,-0.47,ACTIVE
1774901053.4415436,83.0,177.75,200.0,-0.47,ACTIVE
1774901053.4571593,83.0,177.65,200.0,-0.47,ACTIVE
1774901053.4730918,85.0,177.56,200.0,-0.46,ACTIVE
1774901053.489187,94.0,177.48,200.0,-0.42,ACTIVE
1774901053.5054576,91.0,177.39,200.0,-0.43,ACTIVE
1774901053.521023,87.0,177.3,200.0,-0.45,ACTIVE
1774901053.5370467,91.0,177.21,200.0,-0.43,ACTIVE
1774901053.5534008,86.0,177.12,200.0,-0.46,ACTIVE
1774901053.5691411,79.0,177.03,200.0,-0.49,ACTIVE
1774901053.5852516,84.0,176.93,200.0,-0.46,ACTIVE
1774901053.6010525,87.0,176.84,200.0,-0.45,ACTIVE
1774901053.6172585,82.0,176.75,200.0,-0.47,ACTIVE
1774901053.633424,86.0,176.66,200.0,-0.45,ACTIVE
1774901053.649471,84.0,176.56,200.0,-0.46,ACTIVE
1774901053.6652339,81.0,176.47,200.0,-0.48,ACTIVE
1774901053.681211,78.0,176.37,200.0,-0.49,ACTIVE
1774901053.6998422,85.0,176.28,200.0,-0.46,ACTIVE
1774901053.713209,89.0,176.19,200.0,-0.44,ACTIVE
1774901053.7289758,94.0,176.11,200.0,-0.41,ACTIVE
1774901053.7450397,94.0,176.03,200.0,-0.41,ACTIVE
1774901053.7612476,95.0,175.95,200.0,-0.4,ACTIVE
1774901053.7768483,90.0,175.86,200.0,-0.43,ACTIVE
1774901053.79288,82.0,175.77,200.0,-0.47,ACTIVE
1774901053.8093815,79.0,175.67,200.0,-0.48,ACTIVE
1774901053.8251295,81.0,175.57,200.0,-0.47,ACTIVE
1774901053.8411415,80.0,175.48,200.0,-0.48,ACTIVE
1774901053.8572354,77.0,175.38,200.0,-0.49,ACTIVE
1774901053.8732107,104.0,175.31,200.0,-0.36,ACTIVE
1774901053.8891845,111.0,175.25,200.0,-0.32,ACTIVE
1774901053.9056902,115.0,175.18,200.0,-0.3,ACTIVE
1774901053.9211166,122.0,175.13,200.0,-0.27,ACTIVE
1774901053.9370954,148.0,175.1,200.0,-0.14,ACTIVE
1774901053.9530764,128.0,175.06,200.0,-0.24,ACTIVE
1774901053.96917,128.0,175.01,200.0,-0.24,ACTIVE
1774901053.9851289,132.0,174.97,200.0,-0.21,ACTIVE
1774901054.00107,127.0,174.92,200.0,-0.24,ACTIVE
1774901054.0171926,109.0,174.85,200.0,-0.33,ACTIVE
1774901054.0333905,101.0,174.78,200.0,-0.37,ACTIVE
1774901054.0490801,106.0,174.71,200.0,-0.34,ACTIVE
1774901054.0651379,101.0,174.64,200.0,-0.37,ACTIVE
1774901054.081414,111.0,174.57,200.0,-0.32,ACTIVE
1774901054.0974743,129.0,174.53,200.0,-0.23,ACTIVE
1774901054.1132352,132.0,174.49,200.0,-0.21,ACTIVE
1774901054.129286,126.0,174.44,200.0,-0.24,ACTIVE
1774901054.1454391,120.0,174.38,200.0,-0.27,ACTIVE
1774901054.1610677,110.0,174.32,200.0,-0.32,ACTIVE
1774901054.1769624,100.0,174.24,200.0,-0.37,ACTIVE
1774901054.1935122,108.0,174.18,200.0,-0.33,ACTIVE
1774901054.2090244,103.0,174.11,200.0,-0.36,ACTIVE
1774901054.225211,115.0,174.05,200.0,-0.3,ACTIVE
1774901054.2412457,113.0,173.99,200.0,-0.3,ACTIVE
1774901054.2573888,113.0,173.93,200.0,-0.3,ACTIVE
1774901054.273302,122.0,173.87,200.0,-0.26,ACTIVE
1774901054.2892516,128.0,173.83,200.0,-0.23,ACTIVE
1774901054.3054507,134.0,173.79,200.0,-0.2,ACTIVE
1774901054.321192,138.0,173.75,200.0,-0.18,ACTIVE
1774901054.3371751,133.0,173.71,200.0,-0.2,ACTIVE
1774901054.353153,120.0,173.66,200.0,-0.27,ACTIVE
1774901054.3691254,131.0,173.61,200.0,-0.21,ACTIVE
1774901054.384998,124.0,173.57,200.0,-0.25,ACTIVE
1774901054.4009838,126.0,173.52,200.0,-0.24,ACTIVE
1774901054.416936,121.0,173.47,200.0,-0.26,ACTIVE
1774901054.4329083,118.0,173.41,200.0,-0.28,ACTIVE
1774901054.4489877,101.0,173.34,200.0,-0.36,ACTIVE
1774901054.4651365,93.0,173.26,200.0,-0.4,ACTIVE
1774901054.4812822,88.0,173.17,200.0,-0.43,ACTIVE
1774901054.4971452,88.0,173.09,200.0,-0.43,ACTIVE
1774901054.513174,86.0,173.0,200.0,-0.43,ACTIVE
1774901054.5295799,87.0,172.91,200.0,-0.43,ACTIVE
1774901054.5454333,89.0,172.83,200.0,-0.42,ACTIVE
1774901054.561407,89.0,172.75,200.0,-0.42,ACTIVE
1774901054.577115,88.0,172.66,200.0,-0.42,ACTIVE
1774901054.5934143,92.0,172.58,200.0,-0.4,ACTIVE
1774901054.6091073,95.0,172.5,200.0,-0.39,ACTIVE
1774901054.6251807,91.0,172.42,200.0,-0.41,ACTIVE
1774901054.641375,94.0,172.34,200.0,-0.39,ACTIVE
1774901054.6573558,93.0,172.26,200.0,-0.4,ACTIVE
1774901054.6731164,89.0,172.18,200.0,-0.42,ACTIVE
1774901054.689139,93.0,172.1,200.0,-0.4,ACTIVE
1774901054.7052257,91.0,172.02,200.0,-0.41,ACTIVE
1774901054.721176,88.0,171.94,200.0,-0.42,ACTIVE
1774901054.7369523,88.0,171.85,200.0,-0.42,ACTIVE
1774901054.7529638,97.0,171.78,200.0,-0.37,ACTIVE
1774901054.7690067,89.0,171.69,200.0,-0.41,ACTIVE
1774901054.785124,92.0,171.61,200.0,-0.4,ACTIVE
1774901054.8009892,90.0,171.53,200.0,-0.41,ACTIVE
1774901054.8170207,92.0,171.45,200.0,-0.4,ACTIVE
1774901054.8330085,89.0,171.37,200.0,-0.41,ACTIVE
1774901054.849121,97.0,171.3,200.0,-0.37,ACTIVE
1774901054.864924,95.0,171.22,200.0,-0.38,ACTIVE
1774901054.8809855,93.0,171.14,200.0,-0.39,ACTIVE
1774901054.8969743,90.0,171.06,200.0,-0.41,ACTIVE
1774901054.9128518,90.0,170.98,200.0,-0.4,ACTIVE
1774901054.928929,86.0,170.9,200.0,-0.42,ACTIVE
1774901054.945204,88.0,170.81,200.0,-0.41,ACTIVE
1774901054.9607632,87.0,170.73,200.0,-0.42,ACTIVE
1774901054.9767835,92.0,170.65,200.0,-0.39,ACTIVE
1774901054.992752,88.0,170.57,200.0,-0.41,ACTIVE
1774901055.008788,82.0,170.48,200.0,-0.44,ACTIVE
1774901055.0249135,88.0,170.4,200.0,-0.41,ACTIVE
1774901055.0408654,90.0,170.32,200.0,-0.4,ACTIVE
1774901055.0568347,87.0,170.23,200.0,-0.42,ACTIVE
1774901055.0729454,82.0,170.14,200.0,-0.44,ACTIVE
1774901055.088835,80.0,170.05,200.0,-0.45,MIXED
1774901055.1047747,77.0,169.96,200.0,-0.46,MIXED
1774901055.1209362,78.0,169.87,200.0,-0.46,MIXED
1774901055.1371632,87.0,169.79,200.0,-0.41,MIXED
1774901055.1529403,96.0,169.71,200.0,-0.37,MIXED
1774901055.1692126,106.0,169.65,200.0,-0.32,MIXED
1774901055.1849594,103.0,169.58,200.0,-0.33,MIXED
1774901055.201262,102.0,169.51,200.0,-0.34,MIXED
1774901055.2172868,96.0,169.44,200.0,-0.37,MIXED
1774901055.2332513,93.0,169.36,200.0,-0.38,MIXED
1774901055.2488453,91.0,169.29,200.0,-0.39,INACTIVE
1774901055.2663136,94.0,169.21,200.0,-0.38,INACTIVE
1774901055.281004,98.0,169.14,200.0,-0.36,INACTIVE
1774901055.2968876,102.0,169.07,200.0,-0.34,INACTIVE
1774901055.3129063,127.0,169.03,200.0,-0.21,INACTIVE
1774901055.3288622,137.0,169.0,200.0,-0.16,INACTIVE
1774901055.3449285,135.0,168.96,200.0,-0.17,INACTIVE
1774901055.3609533,132.0,168.93,200.0,-0.18,INACTIVE
1774901055.3770244,123.0,168.88,200.0,-0.23,INACTIVE
1774901055.3929317,88.0,168.8,200.0,-0.4,INACTIVE
1774901055.4088788,76.0,168.71,200.0,-0.46,INACTIVE
1774901055.4252195,99.0,168.64,200.0,-0.35,INACTIVE
1774901055.440962,111.0,168.58,200.0,-0.29,INACTIVE
1774901055.4568777,153.0,168.56,200.0,-0.08,INACTIVE
1774901055.472778,198.0,168.59,200.0,0.15,INACTIVE
1774901055.488928,226.0,168.65,200.0,0.29,INACTIVE
1774901055.5048451,244.0,168.73,200.0,0.38,INACTIVE
1774901055.5208528,244.0,168.8,200.0,0.38,INACTIVE
1774901055.536963,220.0,168.85,200.0,0.26,INACTIVE
1774901055.5528967,186.0,168.87,200.0,0.09,INACTIVE
1774901055.5693038,161.0,168.86,200.0,-0.04,INACTIVE
1774901055.584888,122.0,168.82,200.0,-0.23,INACTIVE
1774901055.6011033,107.0,168.75,200.0,-0.31,INACTIVE
1774901055.616941,92.0,168.68,200.0,-0.38,INACTIVE
1774901055.632983,84.0,168.59,200.0,-0.42,INACTIVE
1774901055.6492147,83.0,168.51,200.0,-0.43,INACTIVE
1774901055.6650321,83.0,168.42,200.0,-0.43,INACTIVE
1774901055.6808228,85.0,168.34,200.0,-0.42,INACTIVE
1774901055.6968908,90.0,168.26,200.0,-0.39,INACTIVE
1774901055.713221,96.0,168.19,200.0,-0.36,INACTIVE
1774901055.7293851,100.0,168.12,200.0,-0.34,INACTIVE
1774901055.745082,103.0,168.05,200.0,-0.33,INACTIVE
1774901055.761299,103.0,167.99,200.0,-0.32,INACTIVE
1774901055.777285,103.0,167.92,200.0,-0.32,INACTIVE
1774901055.7931921,95.0,167.85,200.0,-0.36,INACTIVE
1774901055.8091934,90.0,167.77,200.0,-0.39,INACTIVE
1774901055.825432,90.0,167.7,200.0,-0.39,INACTIVE
1774901055.841192,94.0,167.62,200.0,-0.37,INACTIVE
1774901055.857183,89.0,167.54,200.0,-0.39,INACTIVE
1774901055.873318,93.0,167.47,200.0,-0.37,INACTIVE
1774901055.8889089,92.0,167.39,200.0,-0.38,INACTIVE
1774901055.905333,88.0,167.31,200.0,-0.4,INACTIVE
1774901055.921131,85.0,167.23,200.0,-0.41,INACTIVE
1774901055.9373603,91.0,167.16,200.0,-0.38,INACTIVE
1774901055.9530785,91.0,167.08,200.0,-0.38,INACTIVE
1774901055.9690268,88.0,167.0,200.0,-0.4,INACTIVE
1774901055.984931,86.0,166.92,200.0,-0.4,INACTIVE
1774901056.0010858,83.0,166.84,200.0,-0.42,INACTIVE
1774901056.017188,76.0,166.74,200.0,-0.45,INACTIVE
1774901056.032924,76.0,166.65,200.0,-0.45,INACTIVE
1774901056.0492918,85.0,166.57,200.0,-0.41,INACTIVE
1774901056.0652428,89.0,166.49,200.0,-0.39,INACTIVE
1774901056.0812864,92.0,166.42,200.0,-0.37,INACTIVE
1774901056.0972242,96.0,166.35,200.0,-0.35,INACTIVE
1774901056.1129057,98.0,166.28,200.0,-0.34,INACTIVE
1774901056.12878,94.0,166.21,200.0,-0.36,INACTIVE
1774901056.145384,92.0,166.13,200.0,-0.37,INACTIVE
1774901056.160967,92.0,166.06,200.0,-0.37,INACTIVE
1774901056.176932,92.0,165.99,200.0,-0.37,INACTIVE
1774901056.19285,88.0,165.91,200.0,-0.39,INACTIVE
1774901056.209109,86.0,165.83,200.0,-0.4,INACTIVE
1774901056.2249646,96.0,165.76,200.0,-0.35,INACTIVE
1774901056.2410767,96.0,165.69,200.0,-0.35,INACTIVE
1774901056.2570214,98.0,165.62,200.0,-0.34,INACTIVE
1774901056.2733696,102.0,165.56,200.0,-0.32,INACTIVE
1774901056.2891052,101.0,165.49,200.0,-0.32,INACTIVE
1774901056.304899,86.0,165.41,200.0,-0.4,INACTIVE
1774901056.3211586,84.0,165.33,200.0,-0.41,INACTIVE
1774901056.3371148,79.0,165.25,200.0,-0.43,INACTIVE
1774901056.3529656,88.0,165.17,200.0,-0.39,INACTIVE
1774901056.3690317,91.0,165.09,200.0,-0.37,INACTIVE
1774901056.385054,99.0,165.03,200.0,-0.33,INACTIVE
1774901056.4010448,98.0,164.96,200.0,-0.33,INACTIVE
1774901056.41712,93.0,164.89,200.0,-0.36,INACTIVE
1774901056.4329667,87.0,164.81,200.0,-0.39,INACTIVE
1774901056.449064,89.0,164.74,200.0,-0.38,INACTIVE
1774901056.4650393,84.0,164.65,200.0,-0.4,INACTIVE
1774901056.4812174,89.0,164.58,200.0,-0.38,INACTIVE
1774901056.497196,91.0,164.51,200.0,-0.37,INACTIVE
1774901056.513126,87.0,164.43,200.0,-0.39,INACTIVE
1774901056.529255,86.0,164.35,200.0,-0.39,INACTIVE
1774901056.5451007,90.0,164.28,200.0,-0.37,INACTIVE
1774901056.5612876,101.0,164.21,200.0,-0.32,INACTIVE
1774901056.5773654,116.0,164.16,200.0,-0.24,INACTIVE
1774901056.593181,124.0,164.12,200.0,-0.2,INACTIVE
1774901056.6099358,120.0,164.08,200.0,-0.22,INACTIVE
1774901056.625113,130.0,164.05,200.0,-0.17,INACTIVE
1774901056.6412714,124.0,164.01,200.0,-0.2,INACTIVE
1774901056.657095,108.0,163.95,200.0,-0.28,INACTIVE
1774901056.6731737,105.0,163.89,200.0,-0.29,INACTIVE
1774901056.689381,104.0,163.83,200.0,-0.3,INACTIVE
1774901056.7049885,104.0,163.77,200.0,-0.3,INACTIVE
1774901056.7210932,98.0,163.71,200.0,-0.33,INACTIVE
1774901056.7371368,100.0,163.64,200.0,-0.32,INACTIVE
1774901056.753088,96.0,163.57,200.0,-0.34,INACTIVE
1774901056.769002,93.0,163.5,200.0,-0.35,INACTIVE
1774901056.7851973,81.0,163.42,200.0,-0.41,INACTIVE
1774901056.8012183,86.0,163.34,200.0,-0.39,INACTIVE
1774901056.8173375,90.0,163.27,200.0,-0.37,INACTIVE
1774901056.8331149,99.0,163.21,200.0,-0.32,INACTIVE
1774901056.8489223,108.0,163.15,200.0,-0.28,INACTIVE
1774901056.865097,109.0,163.1,200.0,-0.27,INACTIVE
1774901056.8811414,107.0,163.04,200.0,-0.28,INACTIVE
1774901056.8969433,105.0,162.98,200.0,-0.29,INACTIVE
1774901056.9134011,96.0,162.92,200.0,-0.33,INACTIVE
1774901056.9291337,100.0,162.85,200.0,-0.31,INACTIVE
1774901056.945063,114.0,162.8,200.0,-0.24,INACTIVE
1774901056.9611628,127.0,162.77,200.0,-0.18,INACTIVE
1774901056.97705,162.0,162.77,200.0,-0.0,INACTIVE
1774901056.9929445,202.0,162.81,200.0,0.2,INACTIVE
1774901057.0091,265.0,162.91,200.0,0.51,INACTIVE
1774901057.0247762,356.0,163.1,200.0,0.96,INACTIVE
1774901057.041267,479.0,163.1,200.0,1.58,INACTIVE
1774901057.0572188,599.0,163.1,200.0,2.18,INACTIVE
1774901057.0733824,719.0,163.1,200.0,2.78,INACTIVE
1774901057.0891542,823.0,163.1,200.0,3.3,INACTIVE
1774901057.105157,876.0,163.1,200.0,3.56,INACTIVE
1774901057.121372,905.0,163.1,200.0,3.71,INACTIVE
1774901057.1370194,905.0,163.1,200.0,3.71,INACTIVE
1774901057.1529856,867.0,163.1,200.0,3.52,INACTIVE
1774901057.1692028,819.0,163.1,200.0,3.28,INACTIVE
1774901057.1854382,810.0,163.1,200.0,3.23,INACTIVE
1774901057.2011616,778.0,163.1,200.0,3.07,INACTIVE
1774901057.2170985,734.0,163.1,200.0,2.85,INACTIVE
1774901057.233112,695.0,163.1,200.0,2.66,INACTIVE
1774901057.2491193,661.0,163.1,200.0,2.49,INACTIVE
1774901057.2649975,628.0,163.1,200.0,2.32,INACTIVE
1774901057.2811873,572.0,163.1,200.0,2.04,INACTIVE
1774901057.297206,496.0,163.1,200.0,1.66,INACTIVE
1774901057.3132608,418.0,163.1,200.0,1.27,INACTIVE
1774901057.3290277,333.0,163.27,200.0,0.85,INACTIVE
1774901057.345318,239.0,163.35,200.0,0.38,INACTIVE
1774901057.3615758,161.0,163.34,200.0,-0.01,INACTIVE
1774901057.3773515,129.0,163.31,200.0,-0.17,INACTIVE
1774901057.3934546,150.0,163.3,200.0,-0.07,INACTIVE
1774901057.4090006,154.0,163.29,200.0,-0.05,INACTIVE
1774901057.425039,165.0,163.29,200.0,0.01,INACTIVE
1774901057.440941,204.0,163.33,200.0,0.2,INACTIVE
1774901057.4569461,246.0,163.41,200.0,0.41,INACTIVE
1774901057.4728975,273.0,163.52,200.0,0.55,INACTIVE
1774901057.4891422,313.0,163.67,200.0,0.75,INACTIVE
1774901057.5050466,320.0,163.83,200.0,0.78,INACTIVE
1774901057.5211608,318.0,163.98,200.0,0.77,INACTIVE
1774901057.5372267,308.0,164.13,200.0,0.72,INACTIVE
1774901057.55318,277.0,164.24,200.0,0.56,INACTIVE
1774901057.5690508,256.0,164.33,200.0,0.46,INACTIVE
1774901057.5848253,225.0,164.39,200.0,0.3,INACTIVE
1774901057.6010587,206.0,164.43,200.0,0.21,INACTIVE
1774901057.6170967,196.0,164.46,200.0,0.16,INACTIVE
1774901057.6329472,202.0,164.5,200.0,0.19,INACTIVE
1774901057.6490474,220.0,164.56,200.0,0.28,INACTIVE
1774901057.665143,273.0,164.67,200.0,0.54,INACTIVE
1774901057.6810637,356.0,164.86,200.0,0.96,INACTIVE
1774901057.697202,433.0,164.86,200.0,1.34,INACTIVE
1774901057.712992,509.0,164.86,200.0,1.72,INACTIVE
1774901057.7288184,590.0,164.86,200.0,2.13,INACTIVE
1774901057.745,617.0,164.86,200.0,2.26,INACTIVE
1774901057.7609067,597.0,164.86,200.0,2.16,INACTIVE
1774901057.777069,560.0,164.86,200.0,1.98,INACTIVE
1774901057.7930176,531.0,164.86,200.0,1.83,INACTIVE
1774901057.8088953,436.0,164.86,200.0,1.36,INACTIVE
1774901057.8248165,361.0,165.05,200.0,0.98,INACTIVE
1774901057.8408566,294.0,165.18,200.0,0.64,INACTIVE
1774901057.8567045,247.0,165.26,200.0,0.41,INACTIVE
1774901057.8728,209.0,165.31,200.0,0.22,INACTIVE
1774901057.88864,192.0,165.34,200.0,0.13,INACTIVE
1774901057.9046354,202.0,165.37,200.0,0.18,INACTIVE
1774901057.9208717,216.0,165.42,200.0,0.25,INACTIVE
1774901057.9367404,227.0,165.48,200.0,0.31,INACTIVE
1774901057.9527957,215.0,165.53,200.0,0.25,INACTIVE
1774901057.9691107,213.0,165.58,200.0,0.24,INACTIVE
1774901057.9847758,192.0,165.61,200.0,0.13,INACTIVE
1774901058.0009117,166.0,165.61,200.0,0.0,INACTIVE
1774901058.0176318,140.0,165.58,200.0,-0.13,INACTIVE
1774901058.0329828,117.0,165.53,200.0,-0.24,INACTIVE
1774901058.0490525,116.0,165.48,200.0,-0.25,INACTIVE
1774901058.0648246,121.0,165.44,200.0,-0.22,INACTIVE
1774901058.0808885,135.0,165.41,200.0,-0.15,INACTIVE
1774901058.0968766,170.0,165.41,200.0,0.02,INACTIVE
1774901058.11279,214.0,165.46,200.0,0.24,INACTIVE
1774901058.1288676,263.0,165.56,200.0,0.49,INACTIVE
1774901058.1446755,285.0,165.68,200.0,0.6,INACTIVE
1774901058.1611059,310.0,165.82,200.0,0.72,INACTIVE
1774901058.1767626,328.0,165.99,200.0,0.81,INACTIVE
1774901058.192834,354.0,166.17,200.0,0.94,INACTIVE
1774901058.2089703,364.0,166.37,200.0,0.99,INACTIVE
1774901058.2248456,371.0,166.37,200.0,1.02,INACTIVE
1774901058.2407672,385.0,166.37,200.0,1.09,INACTIVE
1774901058.25709,373.0,166.37,200.0,1.03,INACTIVE
1774901058.2731578,345.0,166.55,200.0,0.89,INACTIVE
1774901058.288927,310.0,166.69,200.0,0.72,INACTIVE
1774901058.3049922,314.0,166.84,200.0,0.74,INACTIVE
1774901058.3207722,296.0,166.97,200.0,0.65,INACTIVE
1774901058.3367293,306.0,167.11,200.0,0.69,INACTIVE
1774901058.3528192,316.0,167.26,200.0,0.74,INACTIVE
1774901058.3689747,329.0,167.42,200.0,0.81,INACTIVE
1774901058.3852642,334.0,167.59,200.0,0.83,INACTIVE
1774901058.4011238,361.0,167.78,200.0,0.97,INACTIVE
1774901058.4170032,354.0,167.97,200.0,0.93,INACTIVE
1774901058.4328032,351.0,168.15,200.0,0.91,INACTIVE
1774901058.4490461,378.0,168.15,200.0,1.05,INACTIVE
1774901058.4653313,385.0,168.15,200.0,1.08,INACTIVE
1774901058.4808714,391.0,168.15,200.0,1.11,INACTIVE
1774901058.4970863,408.0,168.15,200.0,1.2,INACTIVE
1774901058.5129886,419.0,168.15,200.0,1.25,INACTIVE
1774901058.5290194,398.0,168.15,200.0,1.15,INACTIVE
1774901058.5452986,392.0,168.15,200.0,1.12,INACTIVE
1774901058.5609877,376.0,168.15,200.0,1.04,INACTIVE
1774901058.5777013,365.0,168.35,200.0,0.98,INACTIVE
1774901058.5930517,366.0,168.54,200.0,0.99,INACTIVE
1774901058.6091485,399.0,168.54,200.0,1.15,INACTIVE
1774901058.624953,387.0,168.54,200.0,1.09,INACTIVE
1774901058.6411207,390.0,168.54,200.0,1.11,INACTIVE
1774901058.6572392,378.0,168.54,200.0,1.05,INACTIVE
1774901058.673303,366.0,168.74,200.0,0.99,INACTIVE
1774901058.6892993,330.0,168.9,200.0,0.81,INACTIVE
1774901058.705419,349.0,169.08,200.0,0.9,INACTIVE
1774901058.7213092,348.0,169.26,200.0,0.89,INACTIVE
1774901058.7370114,368.0,169.46,200.0,0.99,INACTIVE
1774901058.753245,351.0,169.64,200.0,0.91,INACTIVE
1774901058.7689435,326.0,169.8,200.0,0.78,INACTIVE
1774901058.7852805,286.0,169.91,200.0,0.58,INACTIVE
1774901058.8009164,249.0,169.99,200.0,0.4,INACTIVE
1774901058.8167522,203.0,170.03,200.0,0.16,INACTIVE
1774901058.8328373,181.0,170.04,200.0,0.05,INACTIVE
1774901058.849079,181.0,170.05,200.0,0.05,INACTIVE
1774901058.8653545,181.0,170.06,200.0,0.05,INACTIVE
1774901058.8809993,168.0,170.06,200.0,-0.01,INACTIVE
1774901058.897151,170.0,170.06,200.0,-0.0,INACTIVE
1774901058.9135022,156.0,170.04,200.0,-0.07,INACTIVE
1774901058.9290438,138.0,170.01,200.0,-0.16,INACTIVE
1774901058.9452,122.0,169.96,200.0,-0.24,INACTIVE
1774901058.9609725,120.0,169.91,200.0,-0.25,INACTIVE
1774901058.9771724,111.0,169.85,200.0,-0.29,INACTIVE
1774901058.99293,166.0,169.85,200.0,-0.02,INACTIVE
1774901059.0088668,218.0,169.9,200.0,0.24,INACTIVE
1774901059.0253167,259.0,169.99,200.0,0.45,INACTIVE
1774901059.041146,310.0,170.13,200.0,0.7,INACTIVE
1774901059.056993,362.0,170.32,200.0,0.96,INACTIVE
1774901059.073013,359.0,170.51,200.0,0.94,INACTIVE
1774901059.088924,339.0,170.68,200.0,0.84,INACTIVE
1774901059.1047533,339.0,170.84,200.0,0.84,INACTIVE
1774901059.1207795,341.0,171.02,200.0,0.85,INACTIVE
1774901059.1403422,349.0,171.19,200.0,0.89,INACTIVE
1774901059.1534991,343.0,171.36,200.0,0.86,INACTIVE
1774901059.168936,340.0,171.53,200.0,0.84,INACTIVE
1774901059.1847236,303.0,171.66,200.0,0.66,INACTIVE
1774901059.2008777,265.0,171.76,200.0,0.47,INACTIVE
1774901059.2167733,200.0,171.79,200.0,0.14,INACTIVE
1774901059.233265,157.0,171.77,200.0,-0.07,INACTIVE
1774901059.2501998,124.0,171.72,200.0,-0.24,INACTIVE
1774901059.2648609,130.0,171.68,200.0,-0.21,INACTIVE
1774901059.2810316,127.0,171.64,200.0,-0.22,INACTIVE
1774901059.2969804,144.0,171.61,200.0,-0.14,INACTIVE
1774901059.312868,191.0,171.63,200.0,0.1,INACTIVE
1774901059.3287606,212.0,171.67,200.0,0.2,INACTIVE
1774901059.3450956,217.0,171.72,200.0,0.23,INACTIVE
1774901059.3608828,221.0,171.76,200.0,0.25,INACTIVE
1774901059.3767467,202.0,171.79,200.0,0.15,INACTIVE
1774901059.392856,201.0,171.82,200.0,0.15,INACTIVE
1774901059.408976,255.0,171.91,200.0,0.42,INACTIVE
1774901059.4247174,356.0,172.09,200.0,0.92,INACTIVE
1774901059.4409332,423.0,172.09,200.0,1.25,INACTIVE
1774901059.4567654,502.0,172.09,200.0,1.65,INACTIVE
1774901059.4730737,497.0,172.09,200.0,1.62,INACTIVE
1774901059.4888399,464.0,172.09,200.0,1.46,INACTIVE
1774901059.5050614,389.0,172.09,200.0,1.08,INACTIVE
1774901059.5210292,338.0,172.26,200.0,0.83,INACTIVE
1774901059.5367494,262.0,172.35,200.0,0.45,INACTIVE
1774901059.5529354,221.0,172.4,200.0,0.24,INACTIVE
1774901059.5689023,177.0,172.4,200.0,0.02,INACTIVE
1774901059.5849795,135.0,172.36,200.0,-0.19,INACTIVE
1774901059.6011264,101.0,172.29,200.0,-0.36,INACTIVE
1774901059.6173873,95.0,172.21,200.0,-0.39,INACTIVE
1774901059.6329503,95.0,172.14,200.0,-0.39,INACTIVE
1774901059.6489868,101.0,172.07,200.0,-0.36,INACTIVE
1774901059.6649098,118.0,172.01,200.0,-0.27,INACTIVE
1774901059.6808972,137.0,171.98,200.0,-0.17,INACTIVE
1774901059.6968393,140.0,171.94,200.0,-0.16,INACTIVE
1774901059.7128913,135.0,171.91,200.0,-0.18,INACTIVE
1774901059.729023,133.0,171.87,200.0,-0.19,INACTIVE
1774901059.7448514,144.0,171.84,200.0,-0.14,INACTIVE
1774901059.7608333,135.0,171.8,200.0,-0.18,INACTIVE
1774901059.7768295,167.0,171.8,200.0,-0.02,INACTIVE
1774901059.7929325,172.0,171.8,200.0,0.0,INACTIVE
1774901059.8089497,190.0,171.82,200.0,0.09,INACTIVE
1774901059.824987,168.0,171.81,200.0,-0.02,INACTIVE
1774901059.8410082,161.0,171.8,200.0,-0.05,INACTIVE
1774901059.8568594,150.0,171.78,200.0,-0.11,INACTIVE
1774901059.8729615,194.0,171.8,200.0,0.11,INACTIVE
1774901059.8887174,223.0,171.85,200.0,0.26,INACTIVE
1774901059.9048104,295.0,171.98,200.0,0.62,INACTIVE
1774901059.9208767,395.0,171.98,200.0,1.12,INACTIVE
1774901059.9367383,526.0,171.98,200.0,1.77,INACTIVE
1774901059.952801,590.0,171.98,200.0,2.09,INACTIVE
1774901059.9689374,594.0,171.98,200.0,2.11,INACTIVE
1774901059.9849503,546.0,171.98,200.0,1.87,INACTIVE
1774901060.001466,479.0,171.98,200.0,1.54,INACTIVE
1774901060.017146,348.0,172.15,200.0,0.88,INACTIVE
1774901060.033014,261.0,172.24,200.0,0.44,INACTIVE
1774901060.0488439,232.0,172.3,200.0,0.3,INACTIVE
1774901060.0648677,230.0,172.36,200.0,0.29,INACTIVE
1774901060.0809944,245.0,172.43,200.0,0.36,INACTIVE
1774901060.0970266,288.0,172.55,200.0,0.58,INACTIVE
1774901060.1129472,345.0,172.72,200.0,0.86,INACTIVE
1774901060.12881,452.0,172.72,200.0,1.4,INACTIVE
1774901060.144982,523.0,172.72,200.0,1.75,INACTIVE
1774901060.1608386,570.0,172.72,200.0,1.99,INACTIVE
1774901060.1767552,579.0,172.72,200.0,2.03,INACTIVE
1774901060.192758,567.0,172.72,200.0,1.97,INACTIVE
1774901060.2088661,495.0,172.72,200.0,1.61,INACTIVE
1774901060.2249086,488.0,172.72,200.0,1.58,INACTIVE
1774901060.2409828,498.0,172.72,200.0,1.63,INACTIVE
1774901060.25696,528.0,172.72,200.0,1.78,INACTIVE
1774901060.27276,550.0,172.72,200.0,1.89,INACTIVE
1774901060.288943,574.0,172.72,200.0,2.01,INACTIVE
1774901060.3047836,547.0,172.72,200.0,1.87,INACTIVE
1774901060.3208842,512.0,172.72,200.0,1.7,INACTIVE
1774901060.3367133,464.0,172.72,200.0,1.46,INACTIVE
1774901060.3529263,409.0,172.72,200.0,1.18,INACTIVE
1774901060.3688018,371.0,172.92,200.0,0.99,INACTIVE
1774901060.384696,364.0,173.11,200.0,0.95,INACTIVE
1774901060.4009078,398.0,173.11,200.0,1.12,INACTIVE
1774901060.416961,415.0,173.11,200.0,1.21,INACTIVE
1774901060.4330513,442.0,173.11,200.0,1.34,INACTIVE
1774901060.4489243,444.0,173.11,200.0,1.35,INACTIVE
1774901060.4649715,421.0,173.11,200.0,1.24,INACTIVE
1774901060.4809413,349.0,173.29,200.0,0.88,INACTIVE
1774901060.4969473,309.0,173.42,200.0,0.68,INACTIVE
1774901060.513109,285.0,173.53,200.0,0.56,INACTIVE
1774901060.52871,268.0,173.63,200.0,0.47,INACTIVE
1774901060.5452824,236.0,173.69,200.0,0.31,INACTIVE
1774901060.5610783,205.0,173.72,200.0,0.16,INACTIVE
1774901060.5772057,174.0,173.72,200.0,0.0,INACTIVE
1774901060.5932934,129.0,173.68,200.0,-0.22,INACTIVE
1774901060.6093822,99.0,173.6,200.0,-0.37,INACTIVE
1774901060.6250105,101.0,173.53,200.0,-0.36,INACTIVE
1774901060.6408932,118.0,173.47,200.0,-0.28,INACTIVE
1774901060.65688,129.0,173.43,200.0,-0.22,INACTIVE
1774901060.6728141,139.0,173.4,200.0,-0.17,INACTIVE
1774901060.6889927,138.0,173.36,200.0,-0.18,INACTIVE
1774901060.7050948,135.0,173.32,200.0,-0.19,INACTIVE
1774901060.7208745,114.0,173.26,200.0,-0.3,INACTIVE
1774901060.7369733,106.0,173.19,200.0,-0.34,INACTIVE
1774901060.753011,102.0,173.12,200.0,-0.36,INACTIVE
1774901060.7691383,107.0,173.06,200.0,-0.33,INACTIVE
1774901060.784945,104.0,172.99,200.0,-0.34,INACTIVE
1774901060.8011558,131.0,172.95,200.0,-0.21,INACTIVE
1774901060.8168917,185.0,172.96,200.0,0.06,INACTIVE
1774901060.8331356,314.0,173.1,200.0,0.7,INACTIVE
1774901060.849002,376.0,173.1,200.0,1.01,INACTIVE
1774901060.8649127,425.0,173.1,200.0,1.26,INACTIVE
1774901060.8809536,458.0,173.1,200.0,1.42,INACTIVE
1774901060.896849,472.0,173.1,200.0,1.49,INACTIVE
1774901060.9130251,399.0,173.1,200.0,1.13,INACTIVE
1774901060.9289541,348.0,173.27,200.0,0.87,INACTIVE
1774901060.9450116,303.0,173.4,200.0,0.65,INACTIVE
1774901060.9611845,253.0,173.48,200.0,0.4,INACTIVE
1774901060.9770257,184.0,173.49,200.0,0.05,INACTIVE
1774901060.9930866,125.0,173.45,200.0,-0.24,INACTIVE
1774901061.0093079,107.0,173.38,200.0,-0.33,INACTIVE
1774901061.02511,104.0,173.31,200.0,-0.35,INACTIVE
1774901061.0415232,116.0,173.25,200.0,-0.29,INACTIVE
1774901061.0570908,143.0,173.22,200.0,-0.15,INACTIVE
1774901061.0729258,173.0,173.22,200.0,-0.0,INACTIVE
1774901061.0890157,194.0,173.24,200.0,0.1,INACTIVE
1774901061.1054816,235.0,173.3,200.0,0.31,INACTIVE
1774901061.120989,254.0,173.39,200.0,0.4,INACTIVE
1774901061.1369612,250.0,173.46,200.0,0.38,INACTIVE
1774901061.1528685,232.0,173.52,200.0,0.29,INACTIVE
1774901061.1692533,216.0,173.56,200.0,0.21,INACTIVE
1774901061.1847107,178.0,173.57,200.0,0.02,INACTIVE
1774901061.2011528,142.0,173.54,200.0,-0.16,INACTIVE
1774901061.2170956,130.0,173.49,200.0,-0.22,INACTIVE
1774901061.232982,121.0,173.44,200.0,-0.26,INACTIVE
1774901061.249137,138.0,173.4,200.0,-0.18,INACTIVE
1774901061.2649238,165.0,173.4,200.0,-0.04,INACTIVE
1774901061.2811267,202.0,173.42,200.0,0.14,INACTIVE
1774901061.2970684,239.0,173.49,200.0,0.33,INACTIVE
1774901061.312764,290.0,173.61,200.0,0.58,INACTIVE
1774901061.3289695,306.0,173.74,200.0,0.66,INACTIVE
1774901061.344804,315.0,173.88,200.0,0.71,INACTIVE
1774901061.3608665,313.0,174.02,200.0,0.69,INACTIVE
1774901061.3768814,292.0,174.14,200.0,0.59,INACTIVE
1774901061.3928227,270.0,174.23,200.0,0.48,INACTIVE
1774901061.408892,261.0,174.32,200.0,0.43,INACTIVE
1774901061.4248486,251.0,174.4,200.0,0.38,INACTIVE
1774901061.4409983,236.0,174.46,200.0,0.31,INACTIVE
1774901061.456838,213.0,174.5,200.0,0.19,INACTIVE
1774901061.4728398,200.0,174.52,200.0,0.13,INACTIVE
1774901061.4889677,198.0,174.55,200.0,0.12,INACTIVE
1774901061.5051181,191.0,174.56,200.0,0.08,INACTIVE
1774901061.5208783,197.0,174.59,200.0,0.11,INACTIVE
1774901061.5371752,207.0,174.62,200.0,0.16,INACTIVE
1774901061.5529704,188.0,174.63,200.0,0.07,INACTIVE
1774901061.5689366,169.0,174.63,200.0,-0.03,INACTIVE
1774901061.5851045,163.0,174.61,200.0,-0.06,INACTIVE
1774901061.6010063,132.0,174.57,200.0,-0.21,INACTIVE
1774901061.6171353,147.0,174.54,200.0,-0.14,INACTIVE
1774901061.6334655,152.0,174.52,200.0,-0.11,INACTIVE
1774901061.6487484,149.0,174.5,200.0,-0.13,INACTIVE
1774901061.6649468,136.0,174.46,200.0,-0.19,INACTIVE
1774901061.6807842,145.0,174.43,200.0,-0.15,INACTIVE
1774901061.6968007,149.0,174.4,200.0,-0.13,INACTIVE
1774901061.7129004,244.0,174.47,200.0,0.35,INACTIVE
1774901061.7291782,399.0,174.47,200.0,1.12,INACTIVE
1774901061.744948,566.0,174.47,200.0,1.96,INACTIVE
1774901061.7613714,686.0,174.47,200.0,2.56,INACTIVE
1774901061.77699,772.0,174.47,200.0,2.99,INACTIVE
1774901061.7931461,811.0,174.47,200.0,3.18,INACTIVE
1774901061.8088725,766.0,174.47,200.0,2.96,INACTIVE
1774901061.825098,656.0,174.47,200.0,2.41,INACTIVE
1774901061.8410156,578.0,174.47,200.0,2.02,INACTIVE
1774901061.8570468,497.0,174.47,200.0,1.61,INACTIVE
1774901061.8728533,377.0,174.47,200.0,1.01,INACTIVE
1774901061.889266,301.0,174.6,200.0,0.63,INACTIVE
1774901061.905087,288.0,174.71,200.0,0.57,INACTIVE
1774901061.9211884,296.0,174.83,200.0,0.61,INACTIVE
1774901061.9371822,332.0,174.99,200.0,0.79,INACTIVE
1774901061.9529943,358.0,175.17,200.0,0.91,INACTIVE
1774901061.9690638,389.0,175.17,200.0,1.07,INACTIVE
1774901061.9851317,418.0,175.17,200.0,1.21,INACTIVE
1774901062.0009675,409.0,175.17,200.0,1.17,INACTIVE
1774901062.0168865,375.0,175.37,200.0,1.0,INACTIVE
1774901062.0329838,365.0,175.56,200.0,0.95,INACTIVE
1774901062.0491102,330.0,175.72,200.0,0.77,INACTIVE
1774901062.0651045,280.0,175.82,200.0,0.52,INACTIVE
1774901062.0810304,261.0,175.91,200.0,0.43,INACTIVE
1774901062.0968227,237.0,175.97,200.0,0.31,INACTIVE
1774901062.112943,221.0,176.01,200.0,0.22,INACTIVE
1774901062.1288369,192.0,176.03,200.0,0.08,INACTIVE
1774901062.1451118,170.0,176.02,200.0,-0.03,INACTIVE
1774901062.1609907,145.0,175.99,200.0,-0.15,INACTIVE
1774901062.1773293,129.0,175.94,200.0,-0.23,INACTIVE
1774901062.1931438,111.0,175.88,200.0,-0.32,INACTIVE
1774901062.2089882,107.0,175.81,200.0,-0.34,INACTIVE
1774901062.2254272,103.0,175.74,200.0,-0.36,INACTIVE
1774901062.2411277,96.0,175.66,200.0,-0.4,INACTIVE
1774901062.2571092,94.0,175.58,200.0,-0.41,INACTIVE
1774901062.2730017,88.0,175.49,200.0,-0.44,INACTIVE
1774901062.2889757,84.0,175.4,200.0,-0.46,INACTIVE
1774901062.304976,85.0,175.31,200.0,-0.45,INACTIVE
1774901062.3208396,91.0,175.22,200.0,-0.42,INACTIVE
1774901062.3370407,91.0,175.14,200.0,-0.42,INACTIVE
1774901062.353354,97.0,175.06,200.0,-0.39,INACTIVE
1774901062.3689191,96.0,174.98,200.0,-0.39,INACTIVE
1774901062.3853364,94.0,174.9,200.0,-0.4,INACTIVE
1774901062.4012847,110.0,174.84,200.0,-0.32,INACTIVE
1774901062.417256,163.0,174.82,200.0,-0.06,INACTIVE
1774901062.4328454,257.0,174.91,200.0,0.41,INACTIVE
1774901062.449011,375.0,174.91,200.0,1.0,INACTIVE
1774901062.4648874,505.0,174.91,200.0,1.65,INACTIVE
1774901062.4813101,612.0,174.91,200.0,2.19,INACTIVE
1774901062.4969194,692.0,174.91,200.0,2.59,INACTIVE
1774901062.5129628,717.0,174.91,200.0,2.71,INACTIVE
1774901062.5288198,635.0,174.91,200.0,2.3,INACTIVE
1774901062.5451531,508.0,174.91,200.0,1.67,INACTIVE
1774901062.5610197,383.0,174.91,200.0,1.04,INACTIVE
1774901062.5771048,256.0,174.99,200.0,0.41,INACTIVE
1774901062.593405,152.0,174.96,200.0,-0.11,INACTIVE
1774901062.6091287,131.0,174.92,200.0,-0.22,INACTIVE
1774901062.6251404,160.0,174.9,200.0,-0.07,INACTIVE
1774901062.641137,266.0,175.0,200.0,0.46,INACTIVE
1774901062.6569564,421.0,175.0,200.0,1.23,INACTIVE
1774901062.6730778,549.0,175.0,200.0,1.87,INACTIVE
1774901062.6889958,646.0,175.0,200.0,2.36,INACTIVE
1774901062.704816,718.0,175.0,200.0,2.72,INACTIVE
1774901062.7207766,709.0,175.0,200.0,2.67,INACTIVE
1774901062.737472,616.0,175.0,200.0,2.21,INACTIVE
1774901062.7529783,538.0,175.0,200.0,1.82,INACTIVE
1774901062.7689905,460.0,175.0,200.0,1.43,INACTIVE
1774901062.7848947,365.0,175.19,200.0,0.95,INACTIVE
1774901062.801055,299.0,175.31,200.0,0.62,INACTIVE
1774901062.8169956,240.0,175.37,200.0,0.32,INACTIVE
1774901062.8329191,210.0,175.41,200.0,0.17,INACTIVE
1774901062.8490343,243.0,175.48,200.0,0.34,INACTIVE
1774901062.864818,337.0,175.64,200.0,0.81,INACTIVE
1774901062.8812191,346.0,175.81,200.0,0.85,INACTIVE
1774901062.8972113,380.0,175.81,200.0,1.02,INACTIVE
1774901062.9130347,387.0,175.81,200.0,1.06,INACTIVE
1774901062.9288733,369.0,176.0,200.0,0.96,INACTIVE
1774901062.9449644,338.0,176.16,200.0,0.81,INACTIVE
1774901062.960808,346.0,176.33,200.0,0.85,INACTIVE
1774901062.9771476,320.0,176.48,200.0,0.72,INACTIVE
1774901062.9929707,291.0,176.59,200.0,0.57,INACTIVE
1774901063.0091481,251.0,176.67,200.0,0.37,INACTIVE
1774901063.0249243,179.0,176.67,200.0,0.01,INACTIVE
1774901063.0411844,138.0,176.63,200.0,-0.19,INACTIVE
1774901063.0572572,149.0,176.6,200.0,-0.14,INACTIVE
1774901063.0731819,154.0,176.58,200.0,-0.11,INACTIVE
1774901063.0889847,230.0,176.63,200.0,0.27,INACTIVE
1774901063.1050007,348.0,176.8,200.0,0.86,INACTIVE
1774901063.1210332,453.0,176.8,200.0,1.38,INACTIVE
1774901063.1368976,533.0,176.8,200.0,1.78,INACTIVE
1774901063.152927,578.0,176.8,200.0,2.01,INACTIVE
1774901063.16883,545.0,176.8,200.0,1.84,INACTIVE
1774901063.1849644,453.0,176.8,200.0,1.38,INACTIVE
1774901063.2008832,361.0,176.99,200.0,0.92,INACTIVE
1774901063.216987,279.0,177.09,200.0,0.51,INACTIVE
1774901063.2329128,237.0,177.15,200.0,0.3,INACTIVE
1774901063.2488964,207.0,177.18,200.0,0.15,INACTIVE
1774901063.2648392,184.0,177.19,200.0,0.03,INACTIVE
1774901063.2811155,166.0,177.18,200.0,-0.06,INACTIVE
1774901063.2970912,163.0,177.16,200.0,-0.07,INACTIVE
1774901063.3129504,212.0,177.2,200.0,0.17,INACTIVE
1774901063.328998,240.0,177.26,200.0,0.31,INACTIVE
1774901063.3449156,268.0,177.35,200.0,0.45,INACTIVE
1774901063.360982,307.0,177.48,200.0,0.65,INACTIVE
1774901063.377121,331.0,177.63,200.0,0.77,INACTIVE
1774901063.3929622,315.0,177.77,200.0,0.69,INACTIVE
1774901063.4092467,305.0,177.9,200.0,0.64,INACTIVE
1774901063.4248025,282.0,178.0,200.0,0.52,INACTIVE
1774901063.4409664,247.0,178.07,200.0,0.34,INACTIVE
1774901063.4568937,205.0,178.1,200.0,0.13,INACTIVE
1774901063.4732034,161.0,178.08,200.0,-0.09,INACTIVE
1774901063.4892042,131.0,178.03,200.0,-0.24,INACTIVE
1774901063.505197,120.0,177.98,200.0,-0.29,INACTIVE
1774901063.5211122,116.0,177.91,200.0,-0.31,INACTIVE
1774901063.5373006,112.0,177.85,200.0,-0.33,INACTIVE
1774901063.5553222,111.0,177.78,200.0,-0.33,INACTIVE
1774901063.5691862,128.0,177.73,200.0,-0.25,INACTIVE
1774901063.585072,164.0,177.72,200.0,-0.07,INACTIVE
1774901063.6009624,193.0,177.73,200.0,0.08,INACTIVE
1774901063.6169758,207.0,177.76,200.0,0.15,INACTIVE
1774901063.6332319,224.0,177.81,200.0,0.23,INACTIVE
1774901063.648995,210.0,177.84,200.0,0.16,INACTIVE
1774901063.6650279,179.0,177.84,200.0,0.01,INACTIVE
1774901063.6811538,148.0,177.81,200.0,-0.15,INACTIVE
1774901063.6970577,131.0,177.77,200.0,-0.23,INACTIVE
1774901063.7127643,105.0,177.69,200.0,-0.36,INACTIVE
1774901063.7293537,101.0,177.62,200.0,-0.38,INACTIVE
1774901063.7449956,116.0,177.55,200.0,-0.31,INACTIVE
1774901063.7608855,140.0,177.52,200.0,-0.19,INACTIVE
1774901063.7771113,164.0,177.5,200.0,-0.07,INACTIVE
1774901063.792971,203.0,177.53,200.0,0.13,INACTIVE
1774901063.8088548,280.0,177.63,200.0,0.51,INACTIVE
1774901063.8247542,372.0,177.83,200.0,0.97,INACTIVE
1774901063.8411055,453.0,177.83,200.0,1.38,INACTIVE
1774901063.8571048,494.0,177.83,200.0,1.58,INACTIVE
1774901063.8727517,520.0,177.83,200.0,1.71,INACTIVE
1774901063.8896878,489.0,177.83,200.0,1.56,INACTIVE
1774901063.9057107,392.0,177.83,200.0,1.07,INACTIVE
1774901063.921021,297.0,177.94,200.0,0.6,INACTIVE
1774901063.9369042,236.0,178.0,200.0,0.29,INACTIVE
1774901063.95276,171.0,178.0,200.0,-0.03,INACTIVE
1774901063.9693575,126.0,177.94,200.0,-0.26,INACTIVE
1774901063.9851584,119.0,177.88,200.0,-0.29,INACTIVE
1774901064.001501,125.0,177.83,200.0,-0.26,INACTIVE
1774901064.0173452,141.0,177.79,200.0,-0.18,INACTIVE
1774901064.0335202,156.0,177.77,200.0,-0.11,INACTIVE
1774901064.049434,172.0,177.77,200.0,-0.03,INACTIVE
1774901064.0651104,184.0,177.77,200.0,0.03,INACTIVE
1774901064.0814211,184.0,177.78,200.0,0.03,INACTIVE
1774901064.0972319,181.0,177.78,200.0,0.02,INACTIVE
1774901064.1130726,176.0,177.78,200.0,-0.01,INACTIVE
1774901064.1291018,171.0,177.77,200.0,-0.03,INACTIVE
1774901064.14513,156.0,177.75,200.0,-0.11,INACTIVE
1774901064.161106,149.0,177.72,200.0,-0.14,INACTIVE
1774901064.1771245,139.0,177.69,200.0,-0.19,INACTIVE
1774901064.1933491,131.0,177.64,200.0,-0.23,INACTIVE
1774901064.209232,118.0,177.58,200.0,-0.3,INACTIVE
1774901064.2250216,121.0,177.52,200.0,-0.28,INACTIVE
1774901064.2414584,138.0,177.48,200.0,-0.2,INACTIVE
1774901064.2571096,157.0,177.46,200.0,-0.1,INACTIVE
1774901064.2731757,203.0,177.49,200.0,0.13,INACTIVE
1774901064.2895005,256.0,177.57,200.0,0.39,INACTIVE
1774901064.3050666,306.0,177.69,200.0,0.64,INACTIVE
1774901064.3211067,292.0,177.81,200.0,0.57,INACTIVE
1774901064.33727,270.0,177.9,200.0,0.46,INACTIVE
1774901064.3532183,230.0,177.95,200.0,0.26,INACTIVE
1774901064.368913,206.0,177.98,200.0,0.14,INACTIVE
1774901064.3851044,161.0,177.96,200.0,-0.08,INACTIVE
1774901064.4010851,154.0,177.94,200.0,-0.12,INACTIVE
1774901064.417092,174.0,177.94,200.0,-0.02,INACTIVE
1774901064.4332025,176.0,177.93,200.0,-0.01,INACTIVE
1774901064.449279,183.0,177.94,200.0,0.03,INACTIVE
1774901064.464897,204.0,177.97,200.0,0.13,INACTIVE
1774901064.4809294,233.0,178.02,200.0,0.27,INACTIVE
1774901064.4967675,243.0,178.09,200.0,0.32,INACTIVE
1774901064.5130076,267.0,178.17,200.0,0.44,INACTIVE
1774901064.5290024,265.0,178.26,200.0,0.43,INACTIVE
1774901064.5448582,281.0,178.36,200.0,0.51,INACTIVE
1774901064.560859,292.0,178.48,200.0,0.57,INACTIVE
1774901064.5768676,302.0,178.6,200.0,0.62,INACTIVE
1774901064.592774,319.0,178.74,200.0,0.7,INACTIVE
1774901064.6087253,295.0,178.86,200.0,0.58,INACTIVE
1774901064.624839,259.0,178.94,200.0,0.4,INACTIVE
1774901064.6407416,223.0,178.98,200.0,0.22,INACTIVE
1774901064.656777,211.0,179.01,200.0,0.16,INACTIVE
1774901064.672841,277.0,179.11,200.0,0.49,INACTIVE
1774901064.6889348,430.0,179.11,200.0,1.25,INACTIVE
1774901064.7051575,483.0,179.11,200.0,1.52,INACTIVE
1774901064.721083,527.0,179.11,200.0,1.74,INACTIVE
1774901064.7370298,531.0,179.11,200.0,1.76,INACTIVE
1774901064.7532127,439.0,179.11,200.0,1.3,INACTIVE
1774901064.7690475,303.0,179.24,200.0,0.62,INACTIVE
1774901064.784856,241.0,179.3,200.0,0.31,INACTIVE
1774901064.801328,191.0,179.31,200.0,0.06,INACTIVE
1774901064.8171146,152.0,179.28,200.0,-0.14,INACTIVE
1774901064.8330925,122.0,179.23,200.0,-0.29,INACTIVE
1774901064.8490224,97.0,179.14,200.0,-0.41,INACTIVE
1774901064.8651195,89.0,179.05,200.0,-0.45,INACTIVE
1774901064.881355,82.0,178.96,200.0,-0.48,INACTIVE
1774901064.897109,75.0,178.85,200.0,-0.52,INACTIVE
1774901064.9131439,74.0,178.75,200.0,-0.52,INACTIVE
1774901064.9291391,72.0,178.64,200.0,-0.53,INACTIVE
1774901064.9449267,72.0,178.53,200.0,-0.53,INACTIVE
1774901064.9612532,68.0,178.42,200.0,-0.55,INACTIVE
1774901064.977001,75.0,178.32,200.0,-0.52,INACTIVE
1774901064.992918,79.0,178.22,200.0,-0.5,INACTIVE
1774901065.0090077,76.0,178.12,200.0,-0.51,INACTIVE
1774901065.0252836,74.0,178.01,200.0,-0.52,INACTIVE
1774901065.0413,86.0,177.92,200.0,-0.46,INACTIVE
1774901065.0571148,82.0,177.83,200.0,-0.48,INACTIVE
1774901065.0734563,81.0,177.73,200.0,-0.48,INACTIVE
1774901065.0893726,88.0,177.64,200.0,-0.45,INACTIVE
1774901065.105425,92.0,177.55,200.0,-0.43,INACTIVE
1774901065.1217372,94.0,177.47,200.0,-0.42,INACTIVE
1774901065.1378112,95.0,177.39,200.0,-0.41,INACTIVE
1774901065.1532652,117.0,177.33,200.0,-0.3,INACTIVE
1774901065.1692357,121.0,177.27,200.0,-0.28,INACTIVE
1774901065.1852667,132.0,177.23,200.0,-0.23,INACTIVE
1774901065.201144,149.0,177.2,200.0,-0.14,INACTIVE
1774901065.2173731,161.0,177.18,200.0,-0.08,INACTIVE
1774901065.2333508,144.0,177.15,200.0,-0.17,INACTIVE
1774901065.2492392,137.0,177.11,200.0,-0.2,INACTIVE
1774901065.2651575,128.0,177.06,200.0,-0.25,INACTIVE
1774901065.281474,104.0,176.99,200.0,-0.36,INACTIVE
1774901065.2974117,106.0,176.91,200.0,-0.35,INACTIVE
1774901065.3132274,99.0,176.84,200.0,-0.39,INACTIVE
1774901065.3291025,106.0,176.77,200.0,-0.35,INACTIVE
1774901065.345085,141.0,176.73,200.0,-0.18,INACTIVE
1774901065.3610957,255.0,176.81,200.0,0.39,INACTIVE
1774901065.3771503,486.0,176.81,200.0,1.55,INACTIVE
1774901065.3929157,721.0,176.81,200.0,2.72,INACTIVE
1774901065.4088948,920.0,176.81,200.0,3.72,INACTIVE
1774901065.4249582,1141.0,176.81,200.0,4.82,INACTIVE
1774901065.4409683,1387.0,176.81,200.0,6.05,INACTIVE
1774901065.4571254,1453.0,176.81,200.0,6.38,INACTIVE
1774901065.4732351,1635.0,176.81,200.0,7.29,INACTIVE
1774901065.489242,1694.0,176.81,200.0,7.59,INACTIVE
1774901065.5050168,1521.0,176.81,200.0,6.72,INACTIVE
1774901065.5209448,1228.0,176.81,200.0,5.26,INACTIVE
1774901065.536931,962.0,176.81,200.0,3.93,INACTIVE
1774901065.5528696,573.0,176.81,200.0,1.98,INACTIVE
1774901065.5691433,317.0,176.95,200.0,0.7,INACTIVE
1774901065.585162,258.0,177.03,200.0,0.4,INACTIVE
1774901065.6014104,204.0,177.06,200.0,0.13,INACTIVE
1774901065.61752,182.0,177.06,200.0,0.02,INACTIVE
1774901065.633224,275.0,177.16,200.0,0.49,INACTIVE
1774901065.6491406,525.0,177.16,200.0,1.74,INACTIVE
1774901065.6653523,739.0,177.16,200.0,2.81,INACTIVE
1774901065.6810179,989.0,177.16,200.0,4.06,INACTIVE
1774901065.697075,1200.0,177.16,200.0,5.11,INACTIVE
1774901065.7136269,1267.0,177.16,200.0,5.45,INACTIVE
1774901065.7291777,1155.0,177.16,200.0,4.89,INACTIVE
1774901065.7453868,1027.0,177.16,200.0,4.25,INACTIVE
1774901065.7613153,807.0,177.16,200.0,3.15,INACTIVE
1774901065.7771137,666.0,177.16,200.0,2.44,INACTIVE
1774901065.793031,726.0,177.16,200.0,2.74,INACTIVE
1774901065.8091168,800.0,177.16,200.0,3.11,INACTIVE
1774901065.8254435,901.0,177.16,200.0,3.62,INACTIVE
1774901065.8412168,1065.0,177.16,200.0,4.44,INACTIVE
1774901065.8568842,1156.0,177.16,200.0,4.89,INACTIVE
1774901065.8729095,964.0,177.16,200.0,3.93,INACTIVE
1774901065.8888953,773.0,177.16,200.0,2.98,INACTIVE
1774901065.9049253,581.0,177.16,200.0,2.02,INACTIVE
1774901065.9209373,386.0,177.16,200.0,1.04,INACTIVE
1774901065.9369156,229.0,177.21,200.0,0.26,INACTIVE
1774901065.9528263,181.0,177.22,200.0,0.02,INACTIVE
1774901065.9690917,160.0,177.2,200.0,-0.09,INACTIVE
1774901065.984987,157.0,177.18,200.0,-0.1,INACTIVE
1774901066.0011094,166.0,177.17,200.0,-0.06,INACTIVE
1774901066.0169253,212.0,177.2,200.0,0.17,INACTIVE
1774901066.0329375,428.0,177.2,200.0,1.25,INACTIVE
1774901066.049363,745.0,177.2,200.0,2.84,INACTIVE
1774901066.065131,996.0,177.2,200.0,4.09,INACTIVE
1774901066.0813565,1208.0,177.2,200.0,5.15,INACTIVE
1774901066.0970988,1325.0,177.2,200.0,5.74,INACTIVE
1774901066.1130433,1315.0,177.2,200.0,5.69,INACTIVE
1774901066.1293175,1238.0,177.2,200.0,5.3,INACTIVE
1774901066.1449883,1047.0,177.2,200.0,4.35,INACTIVE
1774901066.1609316,881.0,177.2,200.0,3.52,INACTIVE
1774901066.1770566,816.0,177.2,200.0,3.19,INACTIVE
1774901066.1931186,699.0,177.2,200.0,2.61,INACTIVE
1774901066.2090094,548.0,177.2,200.0,1.85,INACTIVE
1774901066.2250574,574.0,177.2,200.0,1.98,INACTIVE
1774901066.2415574,621.0,177.2,200.0,2.22,INACTIVE
1774901066.2570534,631.0,177.2,200.0,2.27,INACTIVE
1774901066.2728605,685.0,177.2,200.0,2.54,INACTIVE
1774901066.2890484,727.0,177.2,200.0,2.75,INACTIVE
1774901066.3048952,799.0,177.2,200.0,3.11,INACTIVE
1774901066.3216436,897.0,177.2,200.0,3.6,INACTIVE
1774901066.337386,885.0,177.2,200.0,3.54,INACTIVE
1774901066.3531983,798.0,177.2,200.0,3.1,INACTIVE
1774901066.369602,706.0,177.2,200.0,2.64,INACTIVE
1774901066.3850856,560.0,177.2,200.0,1.91,INACTIVE
1774901066.401103,354.0,177.38,200.0,0.88,INACTIVE
1774901066.4169629,251.0,177.45,200.0,0.37,INACTIVE
1774901066.4327645,192.0,177.47,200.0,0.07,INACTIVE
1774901066.4492638,151.0,177.44,200.0,-0.13,INACTIVE
1774901066.465232,131.0,177.39,200.0,-0.23,INACTIVE
1774901066.481322,203.0,177.42,200.0,0.13,INACTIVE
1774901066.4970434,364.0,177.61,200.0,0.93,INACTIVE
1774901066.5133872,584.0,177.61,200.0,2.03,INACTIVE
1774901066.5292332,784.0,177.61,200.0,3.03,INACTIVE
1774901066.5454981,958.0,177.61,200.0,3.9,INACTIVE
1774901066.561924,1078.0,177.61,200.0,4.5,INACTIVE
1774901066.5772321,1082.0,177.61,200.0,4.52,INACTIVE
1774901066.5932574,1010.0,177.61,200.0,4.16,INACTIVE
1774901066.609114,983.0,177.61,200.0,4.03,INACTIVE
1774901066.6253545,972.0,177.61,200.0,3.97,INACTIVE
1774901066.6414638,877.0,177.61,200.0,3.5,INACTIVE
1774901066.6573164,745.0,177.61,200.0,2.84,INACTIVE
1774901066.6732633,650.0,177.61,200.0,2.36,INACTIVE
1774901066.6897256,536.0,177.61,200.0,1.79,INACTIVE
1774901066.70546,486.0,177.61,200.0,1.54,INACTIVE
1774901066.7211041,503.0,177.61,200.0,1.63,INACTIVE
1774901066.7374415,523.0,177.61,200.0,1.73,INACTIVE
1774901066.753507,510.0,177.61,200.0,1.66,INACTIVE
1774901066.7693007,537.0,177.61,200.0,1.8,INACTIVE
1774901066.7851124,507.0,177.61,200.0,1.65,INACTIVE
1774901066.8014917,453.0,177.61,200.0,1.38,INACTIVE
1774901066.8174849,483.0,177.61,200.0,1.53,INACTIVE
1774901066.8333154,591.0,177.61,200.0,2.07,INACTIVE
1774901066.8491523,745.0,177.61,200.0,2.84,INACTIVE
1774901066.8651755,843.0,177.61,200.0,3.33,INACTIVE
1774901066.8812008,927.0,177.61,200.0,3.75,INACTIVE
1774901066.897252,993.0,177.61,200.0,4.08,INACTIVE
1774901066.9134135,1136.0,177.61,200.0,4.79,INACTIVE
1774901066.9303126,1200.0,177.61,200.0,5.11,INACTIVE
1774901066.9453762,1280.0,177.61,200.0,5.51,INACTIVE
1774901066.9612875,1368.0,177.61,200.0,5.95,INACTIVE
1774901066.9773302,1423.0,177.61,200.0,6.23,INACTIVE
1774901066.9932716,1305.0,177.61,200.0,5.64,INACTIVE
1774901067.0092385,1117.0,177.61,200.0,4.7,INACTIVE
1774901067.0262418,1019.0,177.61,200.0,4.21,INACTIVE
1774901067.0414069,957.0,177.61,200.0,3.9,INACTIVE
1774901067.05714,948.0,177.61,200.0,3.85,INACTIVE
1774901067.0733738,1023.0,177.61,200.0,4.23,INACTIVE
1774901067.088988,1135.0,177.61,200.0,4.79,INACTIVE
1774901067.1051552,1121.0,177.61,200.0,4.72,INACTIVE
1774901067.1211298,996.0,177.61,200.0,4.09,INACTIVE
1774901067.1374264,806.0,177.61,200.0,3.14,INACTIVE
1774901067.1532118,577.0,177.61,200.0,2.0,INACTIVE
1774901067.1691177,362.0,177.79,200.0,0.92,INACTIVE
1774901067.1859145,210.0,177.82,200.0,0.16,INACTIVE
1774901067.2014923,168.0,177.81,200.0,-0.05,INACTIVE
1774901067.2175877,154.0,177.79,200.0,-0.12,INACTIVE
1774901067.2334142,145.0,177.76,200.0,-0.16,INACTIVE
1774901067.2494633,139.0,177.72,200.0,-0.19,INACTIVE
1774901067.265182,142.0,177.68,200.0,-0.18,INACTIVE
1774901067.2810974,137.0,177.64,200.0,-0.2,INACTIVE
1774901067.2971346,134.0,177.6,200.0,-0.22,INACTIVE
1774901067.3134665,121.0,177.54,200.0,-0.28,INACTIVE
1774901067.3293433,112.0,177.48,200.0,-0.33,INACTIVE
1774901067.3453996,105.0,177.4,200.0,-0.36,INACTIVE
1774901067.3614726,123.0,177.35,200.0,-0.27,INACTIVE
1774901067.3772101,150.0,177.32,200.0,-0.14,INACTIVE
1774901067.3930955,191.0,177.33,200.0,0.07,INACTIVE
1774901067.409283,231.0,177.39,200.0,0.27,INACTIVE
1774901067.4252357,276.0,177.49,200.0,0.49,INACTIVE
1774901067.4412026,316.0,177.63,200.0,0.69,INACTIVE
1774901067.4572163,343.0,177.79,200.0,0.83,INACTIVE
1774901067.4729712,356.0,177.97,200.0,0.89,INACTIVE
1774901067.489422,361.0,178.15,200.0,0.91,INACTIVE
1774901067.5054998,323.0,178.3,200.0,0.72,INACTIVE
1774901067.5207522,269.0,178.39,200.0,0.45,INACTIVE
1774901067.5371044,216.0,178.43,200.0,0.19,INACTIVE
1774901067.5530932,180.0,178.43,200.0,0.01,INACTIVE
1774901067.5689654,185.0,178.43,200.0,0.03,INACTIVE
1774901067.5849943,275.0,178.53,200.0,0.48,INACTIVE
1774901067.6009624,352.0,178.7,200.0,0.87,INACTIVE
1774901067.6172323,431.0,178.7,200.0,1.26,INACTIVE
1774901067.6332703,603.0,178.7,200.0,2.12,INACTIVE
1774901067.649409,801.0,178.7,200.0,3.11,INACTIVE
1774901067.6654458,936.0,178.7,200.0,3.79,INACTIVE
1774901067.681411,1069.0,178.7,200.0,4.45,INACTIVE
1774901067.6970148,1237.0,178.7,200.0,5.29,INACTIVE
1774901067.7129807,1329.0,178.7,200.0,5.75,INACTIVE
1774901067.7291174,1378.0,178.7,200.0,6.0,INACTIVE
1774901067.7451637,1441.0,178.7,200.0,6.31,INACTIVE
1774901067.7613301,1544.0,178.7,200.0,6.83,INACTIVE
1774901067.7771018,1647.0,178.7,200.0,7.34,INACTIVE
1774901067.7933123,1762.0,178.7,200.0,7.92,INACTIVE
1774901067.8091373,1813.0,178.7,200.0,8.17,INACTIVE
1774901067.824963,1824.0,178.7,200.0,8.23,INACTIVE
1774901067.8409996,1753.0,178.7,200.0,7.87,INACTIVE
1774901067.8571904,1580.0,178.7,200.0,7.01,INACTIVE
1774901067.8731618,1311.0,178.7,200.0,5.66,INACTIVE
1774901067.8892083,1019.0,178.7,200.0,4.2,INACTIVE
1774901067.905063,740.0,178.7,200.0,2.81,INACTIVE
1774901067.921288,514.0,178.7,200.0,1.68,INACTIVE
1774901067.9373415,361.0,178.89,200.0,0.91,INACTIVE
1774901067.9533474,244.0,178.95,200.0,0.33,INACTIVE
1774901067.9691234,216.0,178.99,200.0,0.19,INACTIVE
1774901067.9852626,200.0,179.01,200.0,0.1,INACTIVE
1774901068.0014486,175.0,179.0,200.0,-0.02,INACTIVE
1774901068.0171525,147.0,178.97,200.0,-0.16,INACTIVE
1774901068.0331085,136.0,178.93,200.0,-0.21,INACTIVE
1774901068.0491178,104.0,178.86,200.0,-0.37,INACTIVE
1774901068.0655644,87.0,178.76,200.0,-0.46,INACTIVE
1774901068.0813358,86.0,178.67,200.0,-0.46,INACTIVE
1774901068.0973434,88.0,178.58,200.0,-0.45,INACTIVE
1774901068.113447,89.0,178.49,200.0,-0.45,INACTIVE
1774901068.129243,98.0,178.41,200.0,-0.4,INACTIVE
1774901068.14529,118.0,178.35,200.0,-0.3,INACTIVE
1774901068.1612246,144.0,178.31,200.0,-0.17,INACTIVE
1774901068.1776426,146.0,178.28,200.0,-0.16,INACTIVE
1774901068.1932726,148.0,178.25,200.0,-0.15,INACTIVE
1774901068.20919,145.0,178.22,200.0,-0.17,INACTIVE
1774901068.2253618,125.0,178.17,200.0,-0.27,INACTIVE
1774901068.241103,103.0,178.09,200.0,-0.38,INACTIVE
1774901068.2571473,94.0,178.01,200.0,-0.42,INACTIVE
1774901068.2731686,89.0,177.92,200.0,-0.44,INACTIVE
1774901068.2894192,93.0,177.83,200.0,-0.42,INACTIVE
1774901068.305791,115.0,177.77,200.0,-0.31,INACTIVE
1774901068.3214335,184.0,177.78,200.0,0.03,INACTIVE
1774901068.3372362,317.0,177.92,200.0,0.7,INACTIVE
1774901068.3533518,498.0,177.92,200.0,1.6,INACTIVE
1774901068.3691075,703.0,177.92,200.0,2.63,INACTIVE
1774901068.3851569,956.0,177.92,200.0,3.89,INACTIVE
1774901068.4012418,1156.0,177.92,200.0,4.89,INACTIVE
1774901068.4170725,1221.0,177.92,200.0,5.22,INACTIVE
1774901068.4336884,1255.0,177.92,200.0,5.39,INACTIVE
1774901068.4493425,1188.0,177.92,200.0,5.05,INACTIVE
1774901068.4652712,947.0,177.92,200.0,3.85,INACTIVE
1774901068.4811702,713.0,177.92,200.0,2.68,INACTIVE
1774901068.497295,553.0,177.92,200.0,1.88,INACTIVE
1774901068.5136023,354.0,178.09,200.0,0.88,INACTIVE
1774901068.5293298,225.0,178.14,200.0,0.23,INACTIVE
1774901068.5450702,249.0,178.21,200.0,0.35,INACTIVE
1774901068.5614228,293.0,178.32,200.0,0.57,INACTIVE
1774901068.5772562,306.0,178.45,200.0,0.64,INACTIVE
1774901068.59289,320.0,178.59,200.0,0.71,INACTIVE
1774901068.6096482,341.0,178.76,200.0,0.81,INACTIVE
1774901068.625376,326.0,178.9,200.0,0.74,INACTIVE
1774901068.6411307,298.0,179.02,200.0,0.59,INACTIVE
1774901068.6572962,317.0,179.16,200.0,0.69,INACTIVE
1774901068.6730473,360.0,179.34,200.0,0.9,INACTIVE
1774901068.689114,383.0,179.34,200.0,1.02,INACTIVE
1774901068.7050064,369.0,179.53,200.0,0.95,INACTIVE
1774901068.7211428,349.0,179.7,200.0,0.85,INACTIVE
1774901068.737394,430.0,179.7,200.0,1.25,INACTIVE
1774901068.7532067,509.0,179.7,200.0,1.65,INACTIVE
1774901068.7690744,673.0,179.7,200.0,2.47,INACTIVE
1774901068.7851863,986.0,179.7,200.0,4.03,INACTIVE
1774901068.8011549,1161.0,179.7,200.0,4.91,INACTIVE
1774901068.817033,1162.0,179.7,200.0,4.91,INACTIVE
1774901068.8330934,1102.0,179.7,200.0,4.61,INACTIVE
1774901068.8489518,970.0,179.7,200.0,3.95,INACTIVE
1774901068.86513,734.0,179.7,200.0,2.77,INACTIVE
1774901068.8811288,634.0,179.7,200.0,2.27,INACTIVE
1774901068.8975277,546.0,179.7,200.0,1.83,INACTIVE
1774901068.9133599,490.0,179.7,200.0,1.55,INACTIVE
1774901068.9293125,417.0,179.7,200.0,1.19,INACTIVE
1774901068.9453776,322.0,179.84,200.0,0.71,INACTIVE
1774901068.9614127,223.0,179.89,200.0,0.22,INACTIVE
1774901068.977264,169.0,179.87,200.0,-0.05,INACTIVE
1774901068.9930384,169.0,179.86,200.0,-0.05,INACTIVE
1774901069.0093157,203.0,179.89,200.0,0.12,INACTIVE
1774901069.0249715,221.0,179.93,200.0,0.21,INACTIVE
1774901069.041318,226.0,179.97,200.0,0.23,INACTIVE
1774901069.0569637,223.0,180.02,200.0,0.21,INACTIVE
1774901069.0732334,189.0,180.03,200.0,0.04,INACTIVE
1774901069.0893402,136.0,179.98,200.0,-0.22,INACTIVE
1774901069.1052253,107.0,179.91,200.0,-0.36,INACTIVE
1774901069.1213667,94.0,179.82,200.0,-0.43,INACTIVE
1774901069.1373734,96.0,179.74,200.0,-0.42,INACTIVE
1774901069.1536887,95.0,179.65,200.0,-0.42,INACTIVE
1774901069.1692412,130.0,179.6,200.0,-0.25,INACTIVE
1774901069.1851563,334.0,179.76,200.0,0.77,INACTIVE
1774901069.201209,604.0,179.76,200.0,2.12,INACTIVE
1774901069.2170093,769.0,179.76,200.0,2.95,INACTIVE
1774901069.233056,800.0,179.76,200.0,3.1,INACTIVE
1774901069.2490957,805.0,179.76,200.0,3.13,INACTIVE
1774901069.2653327,691.0,179.76,200.0,2.56,INACTIVE
1774901069.280929,593.0,179.76,200.0,2.07,INACTIVE
1774901069.2972717,647.0,179.76,200.0,2.34,INACTIVE
1774901069.3132386,876.0,179.76,200.0,3.48,INACTIVE
1774901069.3291347,1162.0,179.76,200.0,4.91,INACTIVE
1774901069.345441,1383.0,179.76,200.0,6.02,INACTIVE
1774901069.361949,1370.0,179.76,200.0,5.95,INACTIVE
1774901069.3773944,1253.0,179.76,200.0,5.37,INACTIVE
1774901069.39314,1117.0,179.76,200.0,4.69,INACTIVE
1774901069.4092042,979.0,179.76,200.0,4.0,INACTIVE
1774901069.4254107,835.0,179.76,200.0,3.28,INACTIVE
1774901069.4411101,827.0,179.76,200.0,3.24,INACTIVE
1774901069.4572933,844.0,179.76,200.0,3.32,INACTIVE
1774901069.4729674,842.0,179.76,200.0,3.31,INACTIVE
1774901069.4996727,789.0,179.76,200.0,3.05,INACTIVE
1774901069.5051856,690.0,179.76,200.0,2.55,INACTIVE
1774901069.5211701,577.0,179.76,200.0,1.99,INACTIVE
1774901069.5375264,522.0,179.76,200.0,1.71,INACTIVE
1774901069.5533154,646.0,179.76,200.0,2.33,INACTIVE
1774901069.5690262,800.0,179.76,200.0,3.1,INACTIVE
1774901069.585183,1047.0,179.76,200.0,4.34,INACTIVE
1774901069.6020834,1367.0,179.76,200.0,5.94,INACTIVE
1774901069.6173415,1690.0,179.76,200.0,7.55,INACTIVE
1774901069.633292,1797.0,179.76,200.0,8.09,INACTIVE
1774901069.6491919,1766.0,179.76,200.0,7.93,INACTIVE
1774901069.6651816,1677.0,179.76,200.0,7.49,INACTIVE
1774901069.681202,1578.0,179.76,200.0,6.99,INACTIVE
1774901069.697194,1510.0,179.76,200.0,6.65,INACTIVE
1774901069.7131765,1540.0,179.76,200.0,6.8,INACTIVE
1774901069.7290995,1692.0,179.76,200.0,7.56,INACTIVE
1774901069.7451124,1889.0,179.76,200.0,8.55,INACTIVE
1774901069.7613606,2038.0,179.76,200.0,9.29,INACTIVE
1774901069.7774422,2062.0,179.76,200.0,9.41,INACTIVE
1774901069.7932518,1964.0,179.76,200.0,8.92,INACTIVE
1774901069.8089519,1785.0,179.76,200.0,8.03,INACTIVE
1774901069.8251226,1603.0,179.76,200.0,7.12,INACTIVE
1774901069.8412054,1493.0,179.76,200.0,6.57,INACTIVE
1774901069.858739,1405.0,179.76,200.0,6.13,INACTIVE
1774901069.8730862,1263.0,179.76,200.0,5.42,INACTIVE
1774901069.8889089,1066.0,179.76,200.0,4.43,INACTIVE
1774901069.9051356,844.0,179.76,200.0,3.32,INACTIVE
1774901069.9211314,591.0,179.76,200.0,2.06,INACTIVE
1774901069.937106,343.0,179.92,200.0,0.82,INACTIVE
1774901069.9532504,216.0,179.96,200.0,0.18,INACTIVE
1774901069.9689426,237.0,180.02,200.0,0.28,INACTIVE
1774901069.9853144,300.0,180.14,200.0,0.6,INACTIVE
1774901070.0013568,320.0,180.28,200.0,0.7,INACTIVE
1774901070.0170324,340.0,180.44,200.0,0.8,INACTIVE
1774901070.0332155,337.0,180.59,200.0,0.78,INACTIVE
1774901070.049201,289.0,180.7,200.0,0.54,INACTIVE
1774901070.065458,210.0,180.73,200.0,0.15,INACTIVE
1774901070.081446,161.0,180.71,200.0,-0.1,INACTIVE
1774901070.0974874,137.0,180.67,200.0,-0.22,INACTIVE
1774901070.1130514,205.0,180.69,200.0,0.12,INACTIVE
1774901070.1290944,389.0,180.69,200.0,1.04,INACTIVE
1774901070.1452775,602.0,180.69,200.0,2.11,INACTIVE
1774901070.1611114,803.0,180.69,200.0,3.11,INACTIVE
1774901070.177338,894.0,180.69,200.0,3.57,INACTIVE
1774901070.1929753,862.0,180.69,200.0,3.41,INACTIVE
1774901070.2093458,699.0,180.69,200.0,2.59,INACTIVE
1774901070.225289,510.0,180.69,200.0,1.65,INACTIVE
1774901070.2412467,338.0,180.85,200.0,0.79,INACTIVE
1774901070.257389,276.0,180.94,200.0,0.48,INACTIVE
1774901070.2731686,256.0,181.02,200.0,0.37,INACTIVE
1774901070.2891932,248.0,181.08,200.0,0.33,INACTIVE
1774901070.30518,228.0,181.13,200.0,0.23,INACTIVE
1774901070.321296,195.0,181.15,200.0,0.07,INACTIVE
1774901070.337341,267.0,181.23,200.0,0.43,INACTIVE
1774901070.3532865,396.0,181.23,200.0,1.07,INACTIVE
1774901070.3693295,518.0,181.23,200.0,1.68,INACTIVE
1774901070.3852146,612.0,181.23,200.0,2.15,INACTIVE
1774901070.4011774,622.0,181.23,200.0,2.2,INACTIVE
1774901070.4171906,531.0,181.23,200.0,1.75,INACTIVE
1774901070.4336548,391.0,181.23,200.0,1.05,INACTIVE
1774901070.4500349,264.0,181.31,200.0,0.41,INACTIVE
1774901070.465585,237.0,181.37,200.0,0.28,INACTIVE
1774901070.4812043,379.0,181.57,200.0,0.99,INACTIVE
1774901070.497154,545.0,181.57,200.0,1.82,INACTIVE
1774901070.5131328,676.0,181.57,200.0,2.47,INACTIVE
1774901070.5298095,716.0,181.57,200.0,2.67,INACTIVE
1774901070.545279,665.0,181.57,200.0,2.42,INACTIVE
1774901070.56163,520.0,181.57,200.0,1.69,INACTIVE
1774901070.5774364,357.0,181.74,200.0,0.88,INACTIVE
1774901070.5932696,356.0,181.92,200.0,0.87,INACTIVE
1774901070.6092634,528.0,181.92,200.0,1.73,MIXED
1774901070.625103,661.0,181.92,200.0,2.4,MIXED
1774901070.6412375,752.0,181.92,200.0,2.85,MIXED
1774901070.657133,864.0,181.92,200.0,3.41,MIXED
1774901070.6731694,812.0,181.92,200.0,3.15,MIXED
1774901070.6893256,610.0,181.92,200.0,2.14,MIXED
1774901070.7051694,473.0,181.92,200.0,1.46,MIXED
1774901070.7211602,376.0,182.11,200.0,0.97,MIXED
1774901070.7371857,256.0,182.19,200.0,0.37,MIXED
1774901070.7534232,273.0,182.28,200.0,0.45,MIXED
1774901070.7694874,383.0,182.28,200.0,1.0,ACTIVE
1774901070.7853665,518.0,182.28,200.0,1.68,ACTIVE
1774901070.8013947,667.0,182.28,200.0,2.42,ACTIVE
1774901070.817002,781.0,182.28,200.0,2.99,ACTIVE
1774901070.8332534,831.0,182.28,200.0,3.24,ACTIVE
1774901070.8494155,807.0,182.28,200.0,3.12,ACTIVE
1774901070.8666258,764.0,182.28,200.0,2.91,ACTIVE
1774901070.8816338,748.0,182.28,200.0,2.83,ACTIVE
1774901070.8973775,818.0,182.28,200.0,3.18,ACTIVE
1774901070.913673,879.0,182.28,200.0,3.48,ACTIVE
1774901070.9291945,986.0,182.28,200.0,4.02,ACTIVE
1774901070.9454792,1050.0,182.28,200.0,4.34,ACTIVE
1774901070.961232,940.0,182.28,200.0,3.79,ACTIVE
1774901070.9773574,765.0,182.28,200.0,2.91,ACTIVE
1774901070.9936547,557.0,182.28,200.0,1.87,ACTIVE
1774901071.0093212,351.0,182.44,200.0,0.84,ACTIVE
1774901071.025208,261.0,182.52,200.0,0.39,ACTIVE
1774901071.0413907,346.0,182.69,200.0,0.82,ACTIVE
1774901071.0573225,469.0,182.69,200.0,1.43,ACTIVE
1774901071.0732915,630.0,182.69,200.0,2.24,ACTIVE
1774901071.089457,797.0,182.69,200.0,3.07,ACTIVE
1774901071.1053653,874.0,182.69,200.0,3.46,ACTIVE
1774901071.1212566,863.0,182.69,200.0,3.4,ACTIVE
1774901071.137153,783.0,182.69,200.0,3.0,ACTIVE
1774901071.1531944,687.0,182.69,200.0,2.52,ACTIVE
1774901071.1692228,615.0,182.69,200.0,2.16,ACTIVE
1774901071.1850963,532.0,182.69,200.0,1.75,ACTIVE
1774901071.2011068,512.0,182.69,200.0,1.65,ACTIVE
1774901071.217303,553.0,182.69,200.0,1.85,ACTIVE
1774901071.2333345,588.0,182.69,200.0,2.03,ACTIVE
1774901071.2491932,529.0,182.69,200.0,1.73,ACTIVE
1774901071.2651293,473.0,182.69,200.0,1.45,ACTIVE
1774901071.281197,387.0,182.69,200.0,1.02,ACTIVE
1774901071.297095,280.0,182.78,200.0,0.49,ACTIVE
1774901071.313351,171.0,182.77,200.0,-0.06,ACTIVE
1774901071.3291903,127.0,182.72,200.0,-0.28,ACTIVE
1774901071.3451881,106.0,182.64,200.0,-0.38,ACTIVE
1774901071.3613431,106.0,182.56,200.0,-0.38,ACTIVE
1774901071.377552,111.0,182.49,200.0,-0.36,ACTIVE
1774901071.3933153,123.0,182.43,200.0,-0.3,ACTIVE
1774901071.4094946,152.0,182.4,200.0,-0.15,ACTIVE
1774901071.425575,175.0,182.39,200.0,-0.04,ACTIVE
1774901071.4412658,201.0,182.41,200.0,0.09,ACTIVE
1774901071.4571862,273.0,182.5,200.0,0.45,ACTIVE
1774901071.4732456,459.0,182.5,200.0,1.38,ACTIVE
1774901071.4893188,778.0,182.5,200.0,2.98,ACTIVE
1774901071.5051434,1153.0,182.5,200.0,4.85,ACTIVE
1774901071.5211017,1503.0,182.5,200.0,6.6,ACTIVE
1774901071.537303,1790.0,182.5,200.0,8.04,ACTIVE
1774901071.553368,1966.0,182.5,200.0,8.92,ACTIVE
1774901071.5691707,1983.0,182.5,200.0,9.0,ACTIVE
1774901071.5852292,1922.0,182.5,200.0,8.7,ACTIVE
1774901071.601203,1859.0,182.5,200.0,8.38,ACTIVE
1774901071.617235,1816.0,182.5,200.0,8.17,ACTIVE
1774901071.6333146,1756.0,182.5,200.0,7.87,ACTIVE
1774901071.649209,1689.0,182.5,200.0,7.53,ACTIVE
1774901071.6652966,1635.0,182.5,200.0,7.26,ACTIVE
1774901071.6813495,1569.0,182.5,200.0,6.93,ACTIVE
1774901071.6972878,1490.0,182.5,200.0,6.54,ACTIVE
1774901071.7132456,1398.0,182.5,200.0,6.08,ACTIVE
1774901071.7293417,1314.0,182.5,200.0,5.66,ACTIVE
1774901071.745128,1223.0,182.5,200.0,5.2,ACTIVE
1774901071.761388,1156.0,182.5,200.0,4.87,ACTIVE
1774901071.7772365,1093.0,182.5,200.0,4.55,ACTIVE
1774901071.7932637,1068.0,182.5,200.0,4.43,ACTIVE
1774901071.8091247,1074.0,182.5,200.0,4.46,ACTIVE
1774901071.8251133,1136.0,182.5,200.0,4.77,ACTIVE
1774901071.8411846,1203.0,182.5,200.0,5.1,ACTIVE
1774901071.857383,1275.0,182.5,200.0,5.46,ACTIVE
1774901071.8735096,1349.0,182.5,200.0,5.83,ACTIVE
1774901071.8892312,1404.0,182.5,200.0,6.11,ACTIVE
1774901071.9052455,1402.0,182.5,200.0,6.1,ACTIVE
1774901071.9214835,1423.0,182.5,200.0,6.2,ACTIVE
1774901071.9373224,1433.0,182.5,200.0,6.25,ACTIVE
1774901071.95327,1363.0,182.5,200.0,5.9,ACTIVE
1774901071.9694524,1259.0,182.5,200.0,5.38,ACTIVE
1774901071.9853249,1174.0,182.5,200.0,4.96,ACTIVE
1774901072.0015287,1084.0,182.5,200.0,4.51,ACTIVE
1774901072.0172005,972.0,182.5,200.0,3.95,ACTIVE
1774901072.0331316,909.0,182.5,200.0,3.63,ACTIVE
1774901072.049289,910.0,182.5,200.0,3.64,ACTIVE
1774901072.0652053,911.0,182.5,200.0,3.64,ACTIVE
1774901072.0812116,821.0,182.5,200.0,3.19,ACTIVE
1774901072.0975053,737.0,182.5,200.0,2.77,ACTIVE
1774901072.113156,675.0,182.5,200.0,2.46,ACTIVE
1774901072.129376,586.0,182.5,200.0,2.02,ACTIVE
1774901072.1452565,469.0,182.5,200.0,1.43,ACTIVE
1774901072.1616373,443.0,182.5,200.0,1.3,ACTIVE
1774901072.177507,400.0,182.5,200.0,1.09,ACTIVE
1774901072.1936483,345.0,182.67,200.0,0.81,ACTIVE
1774901072.2094529,275.0,182.76,200.0,0.46,ACTIVE
1774901072.2251804,230.0,182.81,200.0,0.24,ACTIVE
1774901072.2413907,167.0,182.79,200.0,-0.08,ACTIVE
1774901072.2573678,138.0,182.75,200.0,-0.22,ACTIVE
1774901072.273293,116.0,182.68,200.0,-0.33,ACTIVE
1774901072.2894635,97.0,182.59,200.0,-0.43,ACTIVE
1774901072.305658,93.0,182.5,200.0,-0.45,ACTIVE
1774901072.3214996,88.0,182.41,200.0,-0.47,ACTIVE
1774901072.3373885,89.0,182.32,200.0,-0.47,ACTIVE
1774901072.3536499,92.0,182.22,200.0,-0.45,ACTIVE
1774901072.3693368,97.0,182.14,200.0,-0.43,ACTIVE
1774901072.3851302,92.0,182.05,200.0,-0.45,ACTIVE
1774901072.4014263,94.0,181.96,200.0,-0.44,ACTIVE
1774901072.417337,94.0,181.87,200.0,-0.44,ACTIVE
1774901072.4334104,94.0,181.79,200.0,-0.44,ACTIVE
1774901072.4493277,86.0,181.69,200.0,-0.48,ACTIVE
1774901072.4653635,89.0,181.6,200.0,-0.46,ACTIVE
1774901072.4811497,86.0,181.5,200.0,-0.48,ACTIVE
1774901072.4969528,89.0,181.41,200.0,-0.46,ACTIVE
1774901072.5130422,89.0,181.32,200.0,-0.46,ACTIVE
1774901072.5293603,94.0,181.23,200.0,-0.44,ACTIVE
1774901072.545507,92.0,181.14,200.0,-0.45,ACTIVE
1774901072.5610378,93.0,181.05,200.0,-0.44,ACTIVE
1774901072.5770717,96.0,180.97,200.0,-0.42,ACTIVE
1774901072.593291,95.0,180.88,200.0,-0.43,ACTIVE
1774901072.6092281,93.0,180.79,200.0,-0.44,ACTIVE
1774901072.625386,91.0,180.7,200.0,-0.45,ACTIVE
1774901072.6411724,89.0,180.61,200.0,-0.46,ACTIVE
1774901072.6573803,84.0,180.52,200.0,-0.48,ACTIVE
1774901072.6730125,82.0,180.42,200.0,-0.49,ACTIVE
1774901072.6891198,80.0,180.32,200.0,-0.5,ACTIVE
1774901072.7051048,83.0,180.22,200.0,-0.49,ACTIVE
1774901072.7211766,84.0,180.12,200.0,-0.48,ACTIVE
1774901072.7372851,88.0,180.03,200.0,-0.46,ACTIVE
1774901072.7530687,88.0,179.94,200.0,-0.46,ACTIVE
1774901072.7693524,90.0,179.85,200.0,-0.45,ACTIVE
1774901072.785219,86.0,179.75,200.0,-0.47,ACTIVE
1774901072.8012497,88.0,179.66,200.0,-0.46,ACTIVE
1774901072.8170946,84.0,179.57,200.0,-0.48,ACTIVE
1774901072.8330889,87.0,179.47,200.0,-0.46,ACTIVE
1774901072.8493478,87.0,179.38,200.0,-0.46,ACTIVE
1774901072.8653073,95.0,179.3,200.0,-0.42,ACTIVE
1774901072.881184,92.0,179.21,200.0,-0.44,ACTIVE
1774901072.8974884,96.0,179.13,200.0,-0.42,ACTIVE
1774901072.9132702,89.0,179.04,200.0,-0.45,ACTIVE
1774901072.9293797,91.0,178.95,200.0,-0.44,ACTIVE
1774901072.9461918,91.0,178.86,200.0,-0.44,ACTIVE
1774901072.9613202,98.0,178.78,200.0,-0.4,ACTIVE
1774901072.9774659,95.0,178.7,200.0,-0.42,ACTIVE
1774901072.9935007,95.0,178.61,200.0,-0.42,ACTIVE
1774901073.0094364,92.0,178.53,200.0,-0.43,ACTIVE
1774901073.025326,84.0,178.43,200.0,-0.47,ACTIVE
1774901073.0413628,76.0,178.33,200.0,-0.51,ACTIVE
1774901073.0572655,78.0,178.23,200.0,-0.5,ACTIVE
1774901073.0732105,80.0,178.13,200.0,-0.49,ACTIVE
1774901073.0893607,84.0,178.04,200.0,-0.47,ACTIVE
1774901073.1052947,89.0,177.95,200.0,-0.44,ACTIVE
1774901073.1213272,90.0,177.86,200.0,-0.44,ACTIVE
1774901073.1375391,89.0,177.77,200.0,-0.44,ACTIVE
1774901073.1536076,92.0,177.69,200.0,-0.43,ACTIVE
1774901073.1694245,90.0,177.6,200.0,-0.44,ACTIVE
1774901073.1852949,100.0,177.52,200.0,-0.39,ACTIVE
1774901073.2013602,113.0,177.46,200.0,-0.32,ACTIVE
1774901073.217178,120.0,177.4,200.0,-0.29,ACTIVE
1774901073.2331789,122.0,177.34,200.0,-0.28,ACTIVE
1774901073.2494016,121.0,177.29,200.0,-0.28,ACTIVE
1774901073.2655225,122.0,177.23,200.0,-0.28,ACTIVE
1774901073.2813601,118.0,177.17,200.0,-0.3,ACTIVE
1774901073.29733,105.0,177.1,200.0,-0.36,ACTIVE
1774901073.31323,105.0,177.03,200.0,-0.36,ACTIVE
1774901073.329303,104.0,176.95,200.0,-0.36,ACTIVE
1774901073.3455062,91.0,176.87,200.0,-0.43,ACTIVE
1774901073.3619032,82.0,176.77,200.0,-0.47,ACTIVE
1774901073.3773282,89.0,176.69,200.0,-0.44,ACTIVE
1774901073.3931801,89.0,176.6,200.0,-0.44,ACTIVE
1774901073.4093661,93.0,176.51,200.0,-0.42,ACTIVE
1774901073.425402,90.0,176.43,200.0,-0.43,ACTIVE
1774901073.4413671,93.0,176.34,200.0,-0.42,ACTIVE
1774901073.45726,95.0,176.26,200.0,-0.41,ACTIVE
1774901073.4734027,97.0,176.18,200.0,-0.4,ACTIVE
1774901073.489232,101.0,176.11,200.0,-0.38,ACTIVE
1774901073.5053582,115.0,176.05,200.0,-0.31,ACTIVE
1774901073.5212173,122.0,175.99,200.0,-0.27,ACTIVE
1774901073.5374053,125.0,175.94,200.0,-0.25,ACTIVE
1774901073.5533748,130.0,175.9,200.0,-0.23,ACTIVE
1774901073.5696461,139.0,175.86,200.0,-0.18,ACTIVE
1774901073.5856624,130.0,175.81,200.0,-0.23,ACTIVE
1774901073.601342,148.0,175.79,200.0,-0.14,ACTIVE
1774901073.618106,150.0,175.76,200.0,-0.13,ACTIVE
1774901073.6331291,157.0,175.74,200.0,-0.09,ACTIVE
1774901073.6492004,154.0,175.72,200.0,-0.11,ACTIVE
1774901073.6651983,159.0,175.7,200.0,-0.08,ACTIVE
1774901073.6812491,134.0,175.66,200.0,-0.21,ACTIVE
1774901073.697277,128.0,175.61,200.0,-0.24,ACTIVE
1774901073.7134562,107.0,175.55,200.0,-0.34,ACTIVE
1774901073.7291727,95.0,175.46,200.0,-0.4,ACTIVE
1774901073.7452726,89.0,175.38,200.0,-0.43,ACTIVE
1774901073.7615244,90.0,175.29,200.0,-0.43,ACTIVE
1774901073.77739,88.0,175.21,200.0,-0.44,ACTIVE
1774901073.7935665,92.0,175.12,200.0,-0.42,ACTIVE
1774901073.809464,97.0,175.04,200.0,-0.39,ACTIVE
1774901073.8255038,93.0,174.96,200.0,-0.41,ACTIVE
1774901073.8411279,91.0,174.88,200.0,-0.42,ACTIVE
1774901073.8571446,86.0,174.79,200.0,-0.44,ACTIVE
1774901073.8733182,83.0,174.7,200.0,-0.46,ACTIVE
1774901073.8892963,81.0,174.6,200.0,-0.47,ACTIVE
1774901073.9052298,86.0,174.52,200.0,-0.44,ACTIVE
1774901073.921371,97.0,174.44,200.0,-0.39,ACTIVE
1774901073.9371412,102.0,174.37,200.0,-0.36,ACTIVE
1774901073.9533691,112.0,174.3,200.0,-0.31,ACTIVE
1774901073.969413,111.0,174.24,200.0,-0.32,ACTIVE
1774901073.9853857,112.0,174.18,200.0,-0.31,ACTIVE
1774901074.001177,102.0,174.11,200.0,-0.36,ACTIVE
1774901074.0174491,102.0,174.03,200.0,-0.36,ACTIVE
1774901074.0336168,95.0,173.95,200.0,-0.39,ACTIVE
1774901074.049718,93.0,173.87,200.0,-0.4,ACTIVE
1774901074.0654912,91.0,173.79,200.0,-0.41,ACTIVE
1774901074.0813837,96.0,173.71,200.0,-0.39,ACTIVE
1774901074.0977774,91.0,173.63,200.0,-0.41,ACTIVE
1774901074.1134086,90.0,173.55,200.0,-0.42,ACTIVE
1774901074.129538,93.0,173.47,200.0,-0.4,ACTIVE
1774901074.1455724,92.0,173.38,200.0,-0.41,ACTIVE
1774901074.1615546,86.0,173.3,200.0,-0.44,ACTIVE
1774901074.1775227,87.0,173.21,200.0,-0.43,ACTIVE
1774901074.1936646,89.0,173.13,200.0,-0.42,ACTIVE
1774901074.2095463,89.0,173.04,200.0,-0.42,ACTIVE
1774901074.2253964,85.0,172.95,200.0,-0.44,ACTIVE
1774901074.2414837,119.0,172.9,200.0,-0.27,ACTIVE
1774901074.2571526,131.0,172.86,200.0,-0.21,ACTIVE
1774901074.2731612,134.0,172.82,200.0,-0.19,ACTIVE
1774901074.2895577,169.0,172.82,200.0,-0.02,ACTIVE
1774901074.305277,178.0,172.82,200.0,0.03,ACTIVE
1774901074.321548,146.0,172.79,200.0,-0.13,ACTIVE
1774901074.3371232,140.0,172.76,200.0,-0.16,ACTIVE
1774901074.3538003,134.0,172.72,200.0,-0.19,ACTIVE
1774901074.369935,126.0,172.68,200.0,-0.23,ACTIVE
1774901074.3856332,121.0,172.62,200.0,-0.26,ACTIVE
1774901074.4014292,117.0,172.57,200.0,-0.28,ACTIVE
1774901074.417548,111.0,172.51,200.0,-0.31,ACTIVE
1774901074.4332888,118.0,172.45,200.0,-0.27,ACTIVE
1774901074.4493322,92.0,172.37,200.0,-0.4,ACTIVE
1774901074.4655054,91.0,172.29,200.0,-0.41,ACTIVE
1774901074.4816072,92.0,172.21,200.0,-0.4,ACTIVE
1774901074.497136,90.0,172.13,200.0,-0.41,ACTIVE
1774901074.513342,90.0,172.05,200.0,-0.41,ACTIVE
1774901074.529492,96.0,171.97,200.0,-0.38,ACTIVE
1774901074.5451033,93.0,171.89,200.0,-0.39,ACTIVE
1774901074.5613713,96.0,171.81,200.0,-0.38,ACTIVE
1774901074.5772727,97.0,171.74,200.0,-0.37,ACTIVE
1774901074.5935302,93.0,171.66,200.0,-0.39,ACTIVE
1774901074.6094232,87.0,171.58,200.0,-0.42,ACTIVE
1774901074.6252558,88.0,171.49,200.0,-0.42,ACTIVE
1774901074.6411405,82.0,171.4,200.0,-0.45,ACTIVE
1774901074.657483,79.0,171.31,200.0,-0.46,ACTIVE
1774901074.6733215,76.0,171.22,200.0,-0.48,ACTIVE
1774901074.6895084,84.0,171.13,200.0,-0.44,ACTIVE
1774901074.705364,87.0,171.04,200.0,-0.42,ACTIVE
1774901074.7213633,95.0,170.97,200.0,-0.38,ACTIVE
1774901074.7372036,98.0,170.9,200.0,-0.36,ACTIVE
1774901074.7533386,104.0,170.83,200.0,-0.33,ACTIVE
1774901074.7692313,92.0,170.75,200.0,-0.39,ACTIVE
1774901074.7855053,90.0,170.67,200.0,-0.4,ACTIVE
1774901074.8016422,89.0,170.59,200.0,-0.41,ACTIVE
1774901074.8176014,93.0,170.51,200.0,-0.39,ACTIVE
1774901074.8338933,106.0,170.45,200.0,-0.32,ACTIVE
1774901074.8492858,112.0,170.39,200.0,-0.29,ACTIVE
1774901074.865542,146.0,170.36,200.0,-0.12,ACTIVE
1774901074.881489,144.0,170.34,200.0,-0.13,ACTIVE
1774901074.8971796,141.0,170.31,200.0,-0.15,ACTIVE
1774901074.913371,133.0,170.27,200.0,-0.19,ACTIVE
1774901074.9299002,139.0,170.24,200.0,-0.16,ACTIVE
1774901074.9454117,104.0,170.17,200.0,-0.33,ACTIVE
1774901074.9612513,102.0,170.1,200.0,-0.34,ACTIVE
1774901074.9772336,104.0,170.04,200.0,-0.33,ACTIVE
1774901074.9933002,99.0,169.97,200.0,-0.35,ACTIVE
1774901075.009269,95.0,169.89,200.0,-0.37,ACTIVE
1774901075.0252037,101.0,169.82,200.0,-0.34,ACTIVE
1774901075.0415688,103.0,169.76,200.0,-0.33,ACTIVE
1774901075.0572333,98.0,169.68,200.0,-0.36,ACTIVE
1774901075.073299,96.0,169.61,200.0,-0.37,ACTIVE
1774901075.0893934,95.0,169.54,200.0,-0.37,ACTIVE
1774901075.105447,106.0,169.47,200.0,-0.32,ACTIVE
1774901075.1214032,110.0,169.41,200.0,-0.3,ACTIVE
1774901075.1373727,113.0,169.36,200.0,-0.28,ACTIVE
1774901075.153284,112.0,169.3,200.0,-0.29,ACTIVE
1774901075.169217,105.0,169.23,200.0,-0.32,ACTIVE
1774901075.1855412,90.0,169.16,200.0,-0.4,ACTIVE
1774901075.2015505,83.0,169.07,200.0,-0.43,ACTIVE
1774901075.2172794,79.0,168.98,200.0,-0.45,ACTIVE
1774901075.2334237,79.0,168.89,200.0,-0.45,ACTIVE
1774901075.2494416,83.0,168.8,200.0,-0.43,ACTIVE
1774901075.2665048,87.0,168.72,200.0,-0.41,ACTIVE
1774901075.2815647,84.0,168.64,200.0,-0.42,ACTIVE
1774901075.297351,88.0,168.56,200.0,-0.4,ACTIVE
1774901075.313846,92.0,168.48,200.0,-0.38,ACTIVE
1774901075.3297367,99.0,168.41,200.0,-0.35,ACTIVE
1774901075.3455317,98.0,168.34,200.0,-0.35,ACTIVE
1774901075.3612914,100.0,168.27,200.0,-0.34,ACTIVE
1774901075.3773167,105.0,168.21,200.0,-0.32,ACTIVE
1774901075.393163,106.0,168.15,200.0,-0.31,ACTIVE
1774901075.4091573,99.0,168.08,200.0,-0.35,ACTIVE
1774901075.4253778,96.0,168.0,200.0,-0.36,ACTIVE
1774901075.4415228,98.0,167.93,200.0,-0.35,ACTIVE
1774901075.457544,102.0,167.87,200.0,-0.33,ACTIVE
1774901075.4732945,116.0,167.82,200.0,-0.26,ACTIVE
1774901075.4891872,109.0,167.76,200.0,-0.29,ACTIVE
1774901075.5050628,114.0,167.7,200.0,-0.27,ACTIVE
1774901075.5223098,132.0,167.67,200.0,-0.18,ACTIVE
1774901075.5378597,124.0,167.63,200.0,-0.22,ACTIVE
1774901075.553507,111.0,167.57,200.0,-0.28,ACTIVE
1774901075.5692418,119.0,167.52,200.0,-0.24,ACTIVE
1774901075.5855963,121.0,167.47,200.0,-0.23,ACTIVE
1774901075.6018012,100.0,167.41,200.0,-0.34,ACTIVE
1774901075.6177964,94.0,167.33,200.0,-0.37,ACTIVE
1774901075.6340988,87.0,167.25,200.0,-0.4,ACTIVE
1774901075.650012,85.0,167.17,200.0,-0.41,ACTIVE
1774901075.6662428,85.0,167.09,200.0,-0.41,ACTIVE
1774901075.6815255,93.0,167.01,200.0,-0.37,ACTIVE
1774901075.69733,105.0,166.95,200.0,-0.31,ACTIVE
1774901075.713391,108.0,166.89,200.0,-0.29,ACTIVE
1774901075.7294385,118.0,166.84,200.0,-0.24,ACTIVE
1774901075.7454705,117.0,166.79,200.0,-0.25,ACTIVE
1774901075.7620685,113.0,166.74,200.0,-0.27,ACTIVE
1774901075.7770984,105.0,166.68,200.0,-0.31,ACTIVE
1774901075.7933042,105.0,166.62,200.0,-0.31,ACTIVE
1774901075.8094068,97.0,166.55,200.0,-0.35,ACTIVE
1774901075.8254187,91.0,166.47,200.0,-0.38,ACTIVE
1774901075.8413584,91.0,166.4,200.0,-0.38,ACTIVE
1774901075.8572822,88.0,166.32,200.0,-0.39,ACTIVE
1774901075.8732672,88.0,166.24,200.0,-0.39,ACTIVE
1774901075.889264,85.0,166.16,200.0,-0.41,ACTIVE
1774901075.9054086,85.0,166.08,200.0,-0.41,ACTIVE
1774901075.9213467,80.0,165.99,200.0,-0.43,ACTIVE
1774901075.9371963,78.0,165.9,200.0,-0.44,ACTIVE
1774901075.9538457,86.0,165.82,200.0,-0.4,ACTIVE
1774901075.9692407,90.0,165.75,200.0,-0.38,ACTIVE
1774901075.985413,89.0,165.67,200.0,-0.38,ACTIVE
1774901076.001178,97.0,165.6,200.0,-0.34,ACTIVE
1774901076.0172365,101.0,165.54,200.0,-0.32,ACTIVE
1774901076.0330877,92.0,165.46,200.0,-0.37,ACTIVE
1774901076.049956,88.0,165.39,200.0,-0.39,MIXED
1774901076.0652142,92.0,165.31,200.0,-0.37,MIXED
1774901076.0812352,84.0,165.23,200.0,-0.41,MIXED
1774901076.0974686,81.0,165.15,200.0,-0.42,MIXED
1774901076.113335,86.0,165.07,200.0,-0.4,MIXED
1774901076.1294827,87.0,164.99,200.0,-0.39,MIXED
1774901076.1452515,88.0,164.91,200.0,-0.38,MIXED
1774901076.1614497,90.0,164.84,200.0,-0.37,MIXED
1774901076.17719,91.0,164.76,200.0,-0.37,MIXED
1774901076.1931305,89.0,164.69,200.0,-0.38,MIXED
1774901076.2093446,89.0,164.61,200.0,-0.38,INACTIVE
1774901076.2253284,84.0,164.53,200.0,-0.4,INACTIVE
1774901076.2413957,83.0,164.45,200.0,-0.41,INACTIVE
1774901076.2573678,82.0,164.37,200.0,-0.41,INACTIVE
1774901076.2735074,76.0,164.28,200.0,-0.44,INACTIVE
1774901076.2892768,78.0,164.19,200.0,-0.43,INACTIVE
1774901076.3053627,82.0,164.11,200.0,-0.41,INACTIVE
1774901076.3213003,81.0,164.03,200.0,-0.42,INACTIVE
1774901076.33717,84.0,163.95,200.0,-0.4,INACTIVE
1774901076.353293,95.0,163.88,200.0,-0.34,INACTIVE
1774901076.369262,97.0,163.81,200.0,-0.33,INACTIVE
1774901076.385263,98.0,163.75,200.0,-0.33,INACTIVE
1774901076.4012835,103.0,163.69,200.0,-0.3,INACTIVE
1774901076.4173605,99.0,163.62,200.0,-0.32,INACTIVE
1774901076.4335234,89.0,163.55,200.0,-0.37,INACTIVE
1774901076.4491935,80.0,163.46,200.0,-0.42,INACTIVE
1774901076.4655876,75.0,163.37,200.0,-0.44,INACTIVE
1774901076.4811845,74.0,163.29,200.0,-0.45,INACTIVE
1774901076.4975128,76.0,163.2,200.0,-0.44,INACTIVE
1774901076.5131679,79.0,163.11,200.0,-0.42,INACTIVE
1774901076.52939,85.0,163.04,200.0,-0.39,INACTIVE
1774901076.5453136,87.0,162.96,200.0,-0.38,INACTIVE
1774901076.5612772,87.0,162.88,200.0,-0.38,INACTIVE
1774901076.5773115,91.0,162.81,200.0,-0.36,INACTIVE
1774901076.5932066,94.0,162.74,200.0,-0.34,INACTIVE
1774901076.6092947,95.0,162.68,200.0,-0.34,INACTIVE
1774901076.6253128,95.0,162.61,200.0,-0.34,INACTIVE
1774901076.6413507,93.0,162.54,200.0,-0.35,INACTIVE
1774901076.657302,93.0,162.47,200.0,-0.35,INACTIVE
1774901076.6731067,91.0,162.4,200.0,-0.36,INACTIVE
1774901076.6891851,88.0,162.32,200.0,-0.37,INACTIVE
1774901076.705281,90.0,162.25,200.0,-0.36,INACTIVE
1774901076.7211978,89.0,162.18,200.0,-0.37,INACTIVE
1774901076.737341,84.0,162.1,200.0,-0.39,INACTIVE
1774901076.7535748,88.0,162.02,200.0,-0.37,INACTIVE
1774901076.7693472,97.0,161.96,200.0,-0.32,INACTIVE
1774901076.7852376,94.0,161.89,200.0,-0.34,INACTIVE
1774901076.80129,91.0,161.82,200.0,-0.35,INACTIVE
1774901076.8171852,94.0,161.75,200.0,-0.34,INACTIVE
1774901076.8333597,91.0,161.68,200.0,-0.35,INACTIVE
1774901076.8493776,81.0,161.6,200.0,-0.4,INACTIVE
1774901076.865317,84.0,161.52,200.0,-0.39,INACTIVE
1774901076.8813374,92.0,161.45,200.0,-0.35,INACTIVE
1774901076.8973618,88.0,161.38,200.0,-0.37,INACTIVE
1774901076.9132755,88.0,161.31,200.0,-0.37,INACTIVE
1774901076.929426,93.0,161.24,200.0,-0.34,INACTIVE
1774901076.9453323,91.0,161.17,200.0,-0.35,INACTIVE
1774901076.9614344,90.0,161.1,200.0,-0.36,INACTIVE
1774901076.9770916,95.0,161.03,200.0,-0.33,INACTIVE
1774901076.993369,96.0,160.97,200.0,-0.32,INACTIVE
1774901077.009321,91.0,160.9,200.0,-0.35,INACTIVE
1774901077.0252666,89.0,160.83,200.0,-0.36,INACTIVE
1774901077.0411947,83.0,160.75,200.0,-0.39,INACTIVE
1774901077.0573015,77.0,160.66,200.0,-0.42,INACTIVE
1774901077.0738301,72.0,160.57,200.0,-0.44,INACTIVE
1774901077.089292,72.0,160.49,200.0,-0.44,INACTIVE
1774901077.1051865,79.0,160.4,200.0,-0.41,INACTIVE
1774901077.1214767,88.0,160.33,200.0,-0.36,INACTIVE
1774901077.1372082,92.0,160.26,200.0,-0.34,INACTIVE
1774901077.1532876,95.0,160.2,200.0,-0.33,INACTIVE
1774901077.1690438,96.0,160.13,200.0,-0.32,INACTIVE
1774901077.1853313,94.0,160.07,200.0,-0.33,INACTIVE
1774901077.2012346,89.0,160.0,200.0,-0.35,INACTIVE
1774901077.2173302,91.0,159.93,200.0,-0.34,INACTIVE
1774901077.2332711,91.0,159.86,200.0,-0.34,INACTIVE
1774901077.2493744,92.0,159.79,200.0,-0.34,INACTIVE
1774901077.2655854,90.0,159.72,200.0,-0.35,INACTIVE
1774901077.281179,90.0,159.65,200.0,-0.35,INACTIVE
1774901077.297334,94.0,159.59,200.0,-0.33,INACTIVE
1774901077.3131928,93.0,159.52,200.0,-0.33,INACTIVE
1774901077.3292847,93.0,159.45,200.0,-0.33,INACTIVE
1774901077.345381,96.0,159.39,200.0,-0.32,INACTIVE
1774901077.3614244,100.0,159.33,200.0,-0.3,INACTIVE
1774901077.3772686,95.0,159.27,200.0,-0.32,INACTIVE
1774901077.3935797,98.0,159.2,200.0,-0.31,INACTIVE
1774901077.4097707,99.0,159.14,200.0,-0.3,INACTIVE
1774901077.425642,99.0,159.08,200.0,-0.3,INACTIVE
1774901077.4414296,94.0,159.02,200.0,-0.33,INACTIVE
1774901077.4572923,102.0,158.96,200.0,-0.28,INACTIVE
1774901077.4735913,105.0,158.91,200.0,-0.27,INACTIVE
1774901077.489417,111.0,158.86,200.0,-0.24,INACTIVE
1774901077.5053813,105.0,158.81,200.0,-0.27,INACTIVE
1774901077.521479,102.0,158.75,200.0,-0.28,INACTIVE
1774901077.5375552,95.0,158.69,200.0,-0.32,INACTIVE
1774901077.5535028,87.0,158.61,200.0,-0.36,INACTIVE
1774901077.5696347,79.0,158.53,200.0,-0.4,INACTIVE
1774901077.5855508,81.0,158.46,200.0,-0.39,INACTIVE
1774901077.6015635,84.0,158.38,200.0,-0.37,INACTIVE
1774901077.6184256,82.0,158.31,200.0,-0.38,INACTIVE
1774901077.6336668,83.0,158.23,200.0,-0.38,INACTIVE
1774901077.6497204,84.0,158.16,200.0,-0.37,INACTIVE
1774901077.6658785,85.0,158.08,200.0,-0.37,INACTIVE
1774901077.6817997,88.0,158.01,200.0,-0.35,INACTIVE
1774901077.697434,93.0,157.95,200.0,-0.32,INACTIVE
1774901077.7134814,100.0,157.89,200.0,-0.29,INACTIVE
1774901077.729551,116.0,157.85,200.0,-0.21,INACTIVE
1774901077.745791,122.0,157.81,200.0,-0.18,INACTIVE
1774901077.761121,129.0,157.78,200.0,-0.14,INACTIVE
1774901077.7776217,140.0,157.77,200.0,-0.09,INACTIVE
1774901077.7934213,137.0,157.75,200.0,-0.1,INACTIVE
1774901077.809561,125.0,157.71,200.0,-0.16,INACTIVE
1774901077.8254323,121.0,157.68,200.0,-0.18,INACTIVE
1774901077.8416693,112.0,157.63,200.0,-0.23,INACTIVE
1774901077.8582168,97.0,157.57,200.0,-0.3,INACTIVE
1774901077.8735003,89.0,157.5,200.0,-0.34,INACTIVE
1774901077.88945,82.0,157.43,200.0,-0.38,INACTIVE
1774901077.9051573,76.0,157.34,200.0,-0.41,INACTIVE
1774901077.9213145,74.0,157.26,200.0,-0.42,INACTIVE
1774901077.9372902,78.0,157.18,200.0,-0.4,INACTIVE
1774901077.9536302,83.0,157.11,200.0,-0.37,INACTIVE
1774901077.9692926,81.0,157.03,200.0,-0.38,INACTIVE
1774901077.985378,83.0,156.96,200.0,-0.37,INACTIVE
1774901078.001382,87.0,156.89,200.0,-0.35,INACTIVE
1774901078.0173752,83.0,156.81,200.0,-0.37,INACTIVE
1774901078.033464,80.0,156.74,200.0,-0.38,INACTIVE
1774901078.0495458,88.0,156.67,200.0,-0.34,INACTIVE
1774901078.0657437,84.0,156.6,200.0,-0.36,INACTIVE
1774901078.0811799,82.0,156.52,200.0,-0.37,INACTIVE
1774901078.0973976,87.0,156.45,200.0,-0.35,INACTIVE
1774901078.1134174,91.0,156.39,200.0,-0.33,INACTIVE
1774901078.129426,90.0,156.32,200.0,-0.33,INACTIVE
1774901078.1453233,96.0,156.26,200.0,-0.3,INACTIVE
1774901078.161096,96.0,156.2,200.0,-0.3,INACTIVE
1774901078.1774044,103.0,156.15,200.0,-0.27,INACTIVE
1774901078.193206,106.0,156.1,200.0,-0.25,INACTIVE
1774901078.209184,107.0,156.05,200.0,-0.25,INACTIVE
1774901078.2253466,106.0,156.0,200.0,-0.25,INACTIVE
1774901078.2411141,108.0,155.95,200.0,-0.24,INACTIVE
1774901078.2574685,97.0,155.89,200.0,-0.29,INACTIVE
1774901078.2734385,91.0,155.82,200.0,-0.32,INACTIVE
1774901078.289331,87.0,155.76,200.0,-0.34,INACTIVE
1774901078.3051262,87.0,155.69,200.0,-0.34,INACTIVE
1774901078.3217995,83.0,155.61,200.0,-0.36,INACTIVE
1774901078.337297,90.0,155.55,200.0,-0.33,INACTIVE
1774901078.3536763,90.0,155.48,200.0,-0.33,INACTIVE
1774901078.3694286,93.0,155.42,200.0,-0.31,INACTIVE
1774901078.3858635,97.0,155.36,200.0,-0.29,INACTIVE
1774901078.4016373,106.0,155.31,200.0,-0.25,INACTIVE
1774901078.417334,107.0,155.26,200.0,-0.24,INACTIVE
1774901078.433439,106.0,155.22,200.0,-0.25,INACTIVE
1774901078.4496486,100.0,155.16,200.0,-0.28,INACTIVE
1774901078.4653883,95.0,155.1,200.0,-0.3,INACTIVE
1774901078.4815576,85.0,155.03,200.0,-0.35,INACTIVE
1774901078.497939,75.0,154.95,200.0,-0.4,INACTIVE
1774901078.5133479,78.0,154.87,200.0,-0.38,INACTIVE
1774901078.52938,83.0,154.8,200.0,-0.36,INACTIVE
1774901078.5458782,86.0,154.73,200.0,-0.34,INACTIVE
1774901078.5614254,93.0,154.67,200.0,-0.31,INACTIVE
1774901078.5771549,95.0,154.61,200.0,-0.3,INACTIVE
1774901078.593211,95.0,154.55,200.0,-0.3,INACTIVE
1774901078.6092336,90.0,154.49,200.0,-0.32,INACTIVE
1774901078.625481,84.0,154.42,200.0,-0.35,INACTIVE
1774901078.6413887,81.0,154.34,200.0,-0.37,INACTIVE
1774901078.6573493,80.0,154.27,200.0,-0.37,INACTIVE
1774901078.673106,77.0,154.19,200.0,-0.39,INACTIVE
1774901078.6894655,86.0,154.12,200.0,-0.34,INACTIVE
1774901078.7052562,91.0,154.06,200.0,-0.32,INACTIVE
1774901078.7217069,90.0,154.0,200.0,-0.32,INACTIVE
1774901078.7372012,96.0,153.94,200.0,-0.29,INACTIVE
1774901078.75323,98.0,153.88,200.0,-0.28,INACTIVE
1774901078.7693412,88.0,153.82,200.0,-0.33,INACTIVE
1774901078.7853332,97.0,153.76,200.0,-0.28,INACTIVE
1774901078.8013985,102.0,153.71,200.0,-0.26,INACTIVE
1774901078.8173885,98.0,153.65,200.0,-0.28,INACTIVE
1774901078.8349006,111.0,153.61,200.0,-0.21,INACTIVE
1774901078.8494596,114.0,153.57,200.0,-0.2,INACTIVE
1774901078.8658803,107.0,153.52,200.0,-0.23,INACTIVE
1774901078.881209,116.0,153.49,200.0,-0.19,INACTIVE
1774901078.897624,119.0,153.45,200.0,-0.17,INACTIVE
1774901078.9134014,108.0,153.41,200.0,-0.23,INACTIVE
1774901078.9295337,108.0,153.36,200.0,-0.23,INACTIVE
1774901078.945421,107.0,153.31,200.0,-0.23,INACTIVE
1774901078.961718,87.0,153.25,200.0,-0.33,INACTIVE
1774901078.9773803,86.0,153.18,200.0,-0.34,INACTIVE
1774901078.9934242,86.0,153.11,200.0,-0.34,INACTIVE
1774901079.009366,88.0,153.05,200.0,-0.33,INACTIVE
1774901079.0256524,88.0,152.98,200.0,-0.32,INACTIVE
1774901079.0412903,92.0,152.92,200.0,-0.3,INACTIVE
1774901079.0576017,92.0,152.86,200.0,-0.3,INACTIVE
1774901079.0732338,94.0,152.8,200.0,-0.29,INACTIVE
1774901079.089194,94.0,152.74,200.0,-0.29,INACTIVE
1774901079.105533,96.0,152.69,200.0,-0.28,INACTIVE
1774901079.1213424,106.0,152.64,200.0,-0.23,INACTIVE
1774901079.137487,102.0,152.59,200.0,-0.25,INACTIVE
1774901079.1533325,101.0,152.54,200.0,-0.26,INACTIVE
1774901079.1696215,99.0,152.48,200.0,-0.27,INACTIVE
1774901079.1857634,93.0,152.42,200.0,-0.3,INACTIVE
1774901079.201647,81.0,152.35,200.0,-0.36,INACTIVE
1774901079.217458,83.0,152.28,200.0,-0.35,INACTIVE
1774901079.2331538,81.0,152.21,200.0,-0.36,INACTIVE
1774901079.24923,78.0,152.14,200.0,-0.37,INACTIVE
1774901079.2655463,84.0,152.07,200.0,-0.34,INACTIVE
1774901079.2816389,87.0,152.01,200.0,-0.33,INACTIVE
1774901079.2976284,85.0,151.94,200.0,-0.33,INACTIVE
1774901079.3141136,83.0,151.87,200.0,-0.34,INACTIVE
1774901079.3295648,85.0,151.8,200.0,-0.33,INACTIVE
1774901079.3455129,79.0,151.73,200.0,-0.36,INACTIVE
1774901079.361866,78.0,151.66,200.0,-0.37,INACTIVE
1774901079.377493,86.0,151.59,200.0,-0.33,INACTIVE
1774901079.393476,91.0,151.53,200.0,-0.3,INACTIVE
1774901079.4096255,93.0,151.47,200.0,-0.29,INACTIVE
1774901079.4258046,132.0,151.45,200.0,-0.1,INACTIVE
1774901079.4415479,155.0,151.46,200.0,0.02,INACTIVE
1774901079.4571123,166.0,151.47,200.0,0.07,INACTIVE
1774901079.4731996,174.0,151.49,200.0,0.11,INACTIVE
1774901079.4893203,186.0,151.53,200.0,0.17,INACTIVE
1774901079.5056357,155.0,151.53,200.0,0.02,INACTIVE
1774901079.521232,138.0,151.52,200.0,-0.07,INACTIVE
1774901079.537486,126.0,151.49,200.0,-0.13,INACTIVE
1774901079.55337,120.0,151.46,200.0,-0.16,INACTIVE
1774901079.5697687,114.0,151.42,200.0,-0.19,INACTIVE
1774901079.5856626,104.0,151.37,200.0,-0.24,INACTIVE
1774901079.6015325,114.0,151.34,200.0,-0.19,INACTIVE
1774901079.617717,133.0,151.32,200.0,-0.09,INACTIVE
1774901079.6334982,173.0,151.34,200.0,0.11,INACTIVE
1774901079.6497214,172.0,151.36,200.0,0.1,INACTIVE
1774901079.6659074,199.0,151.41,200.0,0.24,INACTIVE
1774901079.6815126,204.0,151.46,200.0,0.26,INACTIVE
1774901079.6975415,181.0,151.49,200.0,0.15,INACTIVE
1774901079.7141042,144.0,151.48,200.0,-0.04,INACTIVE
1774901079.729489,142.0,151.47,200.0,-0.05,INACTIVE
1774901079.7458894,118.0,151.44,200.0,-0.17,INACTIVE
1774901079.7621691,96.0,151.39,200.0,-0.28,INACTIVE
1774901079.777472,95.0,151.33,200.0,-0.28,INACTIVE
1774901079.7934706,97.0,151.27,200.0,-0.27,INACTIVE
1774901079.8093512,97.0,151.22,200.0,-0.27,INACTIVE
1774901079.8255684,104.0,151.17,200.0,-0.24,INACTIVE
1774901079.8424103,116.0,151.14,200.0,-0.18,INACTIVE
1774901079.857971,117.0,151.1,200.0,-0.17,INACTIVE
1774901079.8734689,111.0,151.06,200.0,-0.2,INACTIVE
1774901079.8890948,111.0,151.02,200.0,-0.2,INACTIVE
1774901079.9052672,115.0,150.99,200.0,-0.18,INACTIVE
1774901079.9213092,102.0,150.94,200.0,-0.24,INACTIVE
1774901079.9370792,103.0,150.89,200.0,-0.24,INACTIVE
1774901079.953365,97.0,150.84,200.0,-0.27,INACTIVE
1774901079.969367,98.0,150.78,200.0,-0.26,INACTIVE
1774901079.9853876,93.0,150.73,200.0,-0.29,INACTIVE
1774901080.0016222,98.0,150.67,200.0,-0.26,INACTIVE
1774901080.0175438,105.0,150.63,200.0,-0.23,INACTIVE
1774901080.0334544,115.0,150.59,200.0,-0.18,INACTIVE
1774901080.0496988,109.0,150.55,200.0,-0.21,INACTIVE
1774901080.0655406,106.0,150.51,200.0,-0.22,INACTIVE
1774901080.0814264,104.0,150.46,200.0,-0.23,INACTIVE
1774901080.0974517,98.0,150.41,200.0,-0.26,INACTIVE
1774901080.1141715,108.0,150.36,200.0,-0.21,INACTIVE
1774901080.12988,109.0,150.32,200.0,-0.21,INACTIVE
1774901080.1454642,122.0,150.29,200.0,-0.14,INACTIVE
1774901080.1616356,123.0,150.27,200.0,-0.14,INACTIVE
1774901080.1773403,117.0,150.23,200.0,-0.17,INACTIVE
1774901080.1937304,101.0,150.19,200.0,-0.25,INACTIVE
1774901080.2094738,99.0,150.13,200.0,-0.26,INACTIVE
1774901080.2255433,113.0,150.1,200.0,-0.19,INACTIVE
1774901080.2414308,115.0,150.06,200.0,-0.18,INACTIVE
1774901080.2571647,122.0,150.03,200.0,-0.14,INACTIVE
1774901080.27349,122.0,150.01,200.0,-0.14,INACTIVE
1774901080.290013,129.0,149.98,200.0,-0.1,INACTIVE
1774901080.305694,130.0,149.96,200.0,-0.1,INACTIVE
1774901080.3218668,132.0,149.95,200.0,-0.09,INACTIVE
1774901080.3378797,136.0,149.93,200.0,-0.07,INACTIVE
1774901080.3541083,136.0,149.92,200.0,-0.07,INACTIVE
1774901080.3698611,139.0,149.91,200.0,-0.05,INACTIVE
1774901080.3854358,110.0,149.87,200.0,-0.2,INACTIVE
1774901080.4013562,107.0,149.83,200.0,-0.21,INACTIVE
1774901080.4177077,101.0,149.78,200.0,-0.24,INACTIVE
1774901080.433607,97.0,149.72,200.0,-0.26,INACTIVE
1774901080.4498253,92.0,149.67,200.0,-0.29,INACTIVE
1774901080.4661276,94.0,149.61,200.0,-0.28,INACTIVE
1774901080.482279,84.0,149.54,200.0,-0.33,INACTIVE
1774901080.4990046,83.0,149.48,200.0,-0.33,INACTIVE
1774901080.514663,84.0,149.41,200.0,-0.33,INACTIVE
1774901080.5301228,78.0,149.34,200.0,-0.36,INACTIVE
1774901080.5462377,77.0,149.27,200.0,-0.36,INACTIVE
1774901080.5617936,93.0,149.21,200.0,-0.28,INACTIVE
1774901080.5791068,95.0,149.16,200.0,-0.27,INACTIVE
1774901080.595807,95.0,149.1,200.0,-0.27,INACTIVE
1774901080.6112843,96.0,149.05,200.0,-0.27,INACTIVE
1774901080.627153,100.0,149.0,200.0,-0.25,INACTIVE
1774901080.6420228,111.0,148.96,200.0,-0.19,INACTIVE
1774901080.6579518,112.0,148.93,200.0,-0.18,INACTIVE
1774901080.6751127,122.0,148.9,200.0,-0.13,INACTIVE
1774901080.690975,122.0,148.87,200.0,-0.13,INACTIVE
1774901080.705638,119.0,148.84,200.0,-0.15,INACTIVE
1774901080.7226799,97.0,148.79,200.0,-0.26,INACTIVE
1774901080.7393744,98.0,148.74,200.0,-0.25,INACTIVE
1774901080.7542503,94.0,148.69,200.0,-0.27,INACTIVE
1774901080.77091,96.0,148.63,200.0,-0.26,INACTIVE
1774901080.7871435,101.0,148.59,200.0,-0.24,INACTIVE
1774901080.803403,102.0,148.54,200.0,-0.23,INACTIVE
1774901080.8173141,98.0,148.49,200.0,-0.25,INACTIVE
1774901080.8334448,95.0,148.43,200.0,-0.27,INACTIVE
1774901080.8495882,95.0,148.38,200.0,-0.27,INACTIVE
1774901080.8653133,88.0,148.32,200.0,-0.3,INACTIVE
1774901080.8814209,88.0,148.26,200.0,-0.3,INACTIVE
1774901080.8975325,88.0,148.2,200.0,-0.3,INACTIVE
1774901080.9132588,87.0,148.14,200.0,-0.31,INACTIVE
1774901080.9293847,89.0,148.08,200.0,-0.3,INACTIVE
1774901080.9453547,89.0,148.02,200.0,-0.3,INACTIVE
1774901080.9618647,89.0,147.96,200.0,-0.29,INACTIVE
1774901080.9774454,89.0,147.9,200.0,-0.29,INACTIVE
1774901080.9935603,85.0,147.84,200.0,-0.31,INACTIVE
1774901081.0095222,80.0,147.77,200.0,-0.34,INACTIVE
1774901081.025824,78.0,147.7,200.0,-0.35,INACTIVE
1774901081.0416393,78.0,147.63,200.0,-0.35,INACTIVE
1774901081.0578055,73.0,147.56,200.0,-0.37,INACTIVE
1774901081.074102,80.0,147.49,200.0,-0.34,INACTIVE
1774901081.0897217,89.0,147.43,200.0,-0.29,INACTIVE
1774901081.105539,90.0,147.37,200.0,-0.29,INACTIVE
1774901081.1215444,89.0,147.32,200.0,-0.29,INACTIVE
1774901081.1374571,90.0,147.26,200.0,-0.29,INACTIVE
1774901081.153561,86.0,147.2,200.0,-0.31,INACTIVE
1774901081.1696143,81.0,147.13,200.0,-0.33,INACTIVE
1774901081.185428,81.0,147.07,200.0,-0.33,INACTIVE
1774901081.2015917,92.0,147.01,200.0,-0.28,INACTIVE
1774901081.2173712,96.0,146.96,200.0,-0.25,INACTIVE
1774901081.2333946,94.0,146.91,200.0,-0.26,INACTIVE
1774901081.2498717,90.0,146.85,200.0,-0.28,INACTIVE
1774901081.2653527,90.0,146.79,200.0,-0.28,INACTIVE
1774901081.2811406,85.0,146.73,200.0,-0.31,INACTIVE
1774901081.2974567,79.0,146.66,200.0,-0.34,INACTIVE
1774901081.314186,81.0,146.6,200.0,-0.33,INACTIVE
1774901081.3299913,79.0,146.53,200.0,-0.34,INACTIVE
1774901081.3457382,82.0,146.47,200.0,-0.32,INACTIVE
1774901081.3616505,79.0,146.4,200.0,-0.34,INACTIVE
1774901081.3777204,90.0,146.34,200.0,-0.28,INACTIVE
1774901081.3936844,88.0,146.28,200.0,-0.29,INACTIVE
1774901081.4094048,93.0,146.23,200.0,-0.27,INACTIVE
1774901081.425445,95.0,146.18,200.0,-0.26,INACTIVE
1774901081.4415958,95.0,146.13,200.0,-0.26,INACTIVE
1774901081.4573562,93.0,146.07,200.0,-0.27,INACTIVE
1774901081.4734216,97.0,146.03,200.0,-0.25,INACTIVE
1774901081.4897768,93.0,145.97,200.0,-0.26,INACTIVE
1774901081.5055175,90.0,145.92,200.0,-0.28,INACTIVE
1774901081.5215862,94.0,145.86,200.0,-0.26,INACTIVE
1774901081.5376291,91.0,145.81,200.0,-0.27,INACTIVE
1774901081.5536175,90.0,145.75,200.0,-0.28,INACTIVE
1774901081.56995,93.0,145.7,200.0,-0.26,INACTIVE
1774901081.5856144,95.0,145.65,200.0,-0.25,INACTIVE
1774901081.6014578,90.0,145.59,200.0,-0.28,INACTIVE
1774901081.6177998,88.0,145.54,200.0,-0.29,INACTIVE
1774901081.6336415,85.0,145.48,200.0,-0.3,INACTIVE
1774901081.6494775,95.0,145.43,200.0,-0.25,INACTIVE
1774901081.6653824,96.0,145.38,200.0,-0.25,INACTIVE
1774901081.6813989,102.0,145.33,200.0,-0.22,INACTIVE
1774901081.6980567,100.0,145.29,200.0,-0.23,INACTIVE
1774901081.7141666,106.0,145.25,200.0,-0.2,INACTIVE
1774901081.729824,98.0,145.2,200.0,-0.24,INACTIVE
1774901081.745551,95.0,145.15,200.0,-0.25,INACTIVE
1774901081.7613378,90.0,145.1,200.0,-0.28,INACTIVE
1774901081.7778826,86.0,145.04,200.0,-0.3,INACTIVE
1774901081.7938554,81.0,144.97,200.0,-0.32,INACTIVE
1774901081.8097289,82.0,144.91,200.0,-0.31,INACTIVE
1774901081.82583,82.0,144.85,200.0,-0.31,INACTIVE
1774901081.8419979,81.0,144.78,200.0,-0.32,INACTIVE
1774901081.857965,88.0,144.73,200.0,-0.28,INACTIVE
1774901081.8740518,89.0,144.67,200.0,-0.28,INACTIVE
1774901081.889502,82.0,144.61,200.0,-0.31,INACTIVE
1774901081.9056344,86.0,144.55,200.0,-0.29,INACTIVE
1774901081.9219823,86.0,144.49,200.0,-0.29,INACTIVE
1774901081.937641,85.0,144.43,200.0,-0.3,INACTIVE
1774901081.95379,86.0,144.37,200.0,-0.29,INACTIVE
1774901081.9696732,92.0,144.32,200.0,-0.26,INACTIVE
1774901081.985443,90.0,144.27,200.0,-0.27,INACTIVE
1774901082.0014396,90.0,144.21,200.0,-0.27,INACTIVE
1774901082.0173485,89.0,144.16,200.0,-0.28,INACTIVE
1774901082.0333006,84.0,144.1,200.0,-0.3,INACTIVE
1774901082.0496132,84.0,144.04,200.0,-0.3,INACTIVE
1774901082.065453,89.0,143.98,200.0,-0.27,INACTIVE
1774901082.0815015,89.0,143.93,200.0,-0.27,INACTIVE
1774901082.0973988,87.0,143.87,200.0,-0.28,INACTIVE
1774901082.1134074,89.0,143.81,200.0,-0.27,INACTIVE
1774901082.130083,87.0,143.76,200.0,-0.28,INACTIVE
1774901082.146593,79.0,143.69,200.0,-0.32,INACTIVE
1774901082.1620328,78.0,143.63,200.0,-0.33,INACTIVE
1774901082.1795597,81.0,143.56,200.0,-0.31,INACTIVE
1774901082.1943684,85.0,143.51,200.0,-0.29,INACTIVE
1774901082.2103868,85.0,143.45,200.0,-0.29,INACTIVE
1774901082.2272866,90.0,143.39,200.0,-0.27,INACTIVE
1774901082.2418096,92.0,143.34,200.0,-0.26,INACTIVE
1774901082.25777,92.0,143.29,200.0,-0.26,INACTIVE
1774901082.2738783,86.0,143.23,200.0,-0.29,INACTIVE
1774901082.290096,87.0,143.18,200.0,-0.28,INACTIVE
1774901082.3062906,82.0,143.12,200.0,-0.31,INACTIVE
1774901082.3225553,79.0,143.05,200.0,-0.32,INACTIVE
1774901082.3384988,75.0,142.98,200.0,-0.34,INACTIVE
1774901082.3535142,75.0,142.92,200.0,-0.34,INACTIVE
1774901082.3693683,75.0,142.85,200.0,-0.34,INACTIVE
1774901082.3856514,77.0,142.78,200.0,-0.33,INACTIVE
1774901082.4015522,77.0,142.72,200.0,-0.33,INACTIVE
1774901082.4176896,81.0,142.66,200.0,-0.31,INACTIVE
1774901082.4338808,84.0,142.6,200.0,-0.29,INACTIVE
1774901082.4494395,81.0,142.54,200.0,-0.31,INACTIVE
1774901082.4654794,84.0,142.48,200.0,-0.29,INACTIVE
1774901082.4816048,85.0,142.42,200.0,-0.29,INACTIVE
1774901082.4977932,84.0,142.36,200.0,-0.29,INACTIVE
1774901082.5136085,81.0,142.3,200.0,-0.31,INACTIVE
1774901082.5293941,85.0,142.24,200.0,-0.29,INACTIVE
1774901082.5457473,82.0,142.18,200.0,-0.3,INACTIVE
1774901082.562104,83.0,142.12,200.0,-0.3,INACTIVE
1774901082.577443,80.0,142.06,200.0,-0.31,INACTIVE
1774901082.5937438,82.0,142.0,200.0,-0.3,INACTIVE
1774901082.609477,79.0,141.94,200.0,-0.31,INACTIVE
1774901082.6252367,75.0,141.87,200.0,-0.33,INACTIVE
1774901082.6414135,74.0,141.8,200.0,-0.34,INACTIVE
1774901082.6582053,75.0,141.74,200.0,-0.33,INACTIVE
1774901082.6733656,77.0,141.67,200.0,-0.32,INACTIVE
1774901082.6899822,76.0,141.61,200.0,-0.33,INACTIVE
1774901082.705487,79.0,141.54,200.0,-0.31,INACTIVE
1774901082.7220461,82.0,141.48,200.0,-0.3,INACTIVE
1774901082.7379916,82.0,141.42,200.0,-0.3,INACTIVE
1774901082.75364,86.0,141.37,200.0,-0.28,INACTIVE
1774901082.7694833,89.0,141.32,200.0,-0.26,INACTIVE
1774901082.7855308,90.0,141.26,200.0,-0.26,INACTIVE
1774901082.8015213,87.0,141.21,200.0,-0.27,INACTIVE
1774901082.8174505,87.0,141.16,200.0,-0.27,INACTIVE
1774901082.8334024,79.0,141.09,200.0,-0.31,INACTIVE
1774901082.8495238,78.0,141.03,200.0,-0.32,INACTIVE
1774901082.8655694,77.0,140.97,200.0,-0.32,INACTIVE
1774901082.881552,79.0,140.91,200.0,-0.31,INACTIVE
1774901082.8978162,79.0,140.84,200.0,-0.31,INACTIVE
1774901082.9140022,80.0,140.78,200.0,-0.3,INACTIVE
1774901082.9295995,79.0,140.72,200.0,-0.31,INACTIVE
1774901082.9459188,79.0,140.66,200.0,-0.31,INACTIVE
1774901082.9617376,77.0,140.6,200.0,-0.32,INACTIVE
1774901082.977731,78.0,140.53,200.0,-0.31,INACTIVE
1774901082.9941335,82.0,140.47,200.0,-0.29,INACTIVE
1774901083.0095603,87.0,140.42,200.0,-0.27,INACTIVE
1774901083.0262685,93.0,140.37,200.0,-0.24,INACTIVE
1774901083.0413444,97.0,140.33,200.0,-0.22,INACTIVE
1774901083.0573618,98.0,140.29,200.0,-0.21,INACTIVE
1774901083.0733232,101.0,140.25,200.0,-0.2,INACTIVE
1774901083.090015,96.0,140.2,200.0,-0.22,INACTIVE
1774901083.1055677,94.0,140.16,200.0,-0.23,INACTIVE
1774901083.1215334,94.0,140.11,200.0,-0.23,INACTIVE
1774901083.1376336,91.0,140.06,200.0,-0.25,INACTIVE
1774901083.153405,86.0,140.01,200.0,-0.27,INACTIVE
1774901083.169479,84.0,139.95,200.0,-0.28,INACTIVE
1774901083.1854649,81.0,139.89,200.0,-0.29,INACTIVE
1774901083.2014441,76.0,139.83,200.0,-0.32,INACTIVE
1774901083.2175088,74.0,139.76,200.0,-0.33,INACTIVE
1774901083.2334042,71.0,139.7,200.0,-0.34,INACTIVE
1774901083.2502518,73.0,139.63,200.0,-0.33,INACTIVE
1774901083.2656388,73.0,139.56,200.0,-0.33,INACTIVE
1774901083.281688,73.0,139.5,200.0,-0.33,INACTIVE
1774901083.2974691,76.0,139.43,200.0,-0.32,INACTIVE
1774901083.3135705,79.0,139.37,200.0,-0.3,INACTIVE
1774901083.329902,79.0,139.31,200.0,-0.3,INACTIVE
1774901083.3456798,79.0,139.25,200.0,-0.3,INACTIVE
1774901083.3619397,77.0,139.19,200.0,-0.31,INACTIVE
1774901083.3783638,76.0,139.13,200.0,-0.32,INACTIVE
1774901083.3936725,77.0,139.06,200.0,-0.31,INACTIVE
1774901083.4101572,78.0,139.0,200.0,-0.31,INACTIVE
1774901083.4260283,79.0,138.94,200.0,-0.3,INACTIVE
1774901083.4424078,79.0,138.88,200.0,-0.3,INACTIVE
1774901083.4586246,86.0,138.83,200.0,-0.26,INACTIVE
1774901083.4736712,83.0,138.77,200.0,-0.28,INACTIVE
1774901083.490893,87.0,138.72,200.0,-0.26,INACTIVE
1774901083.5052466,89.0,138.67,200.0,-0.25,INACTIVE
1774901083.5218496,91.0,138.62,200.0,-0.24,INACTIVE
1774901083.537834,93.0,138.58,200.0,-0.23,INACTIVE
1774901083.5534863,93.0,138.53,200.0,-0.23,INACTIVE
1774901083.5691912,99.0,138.49,200.0,-0.2,INACTIVE
1774901083.585265,102.0,138.46,200.0,-0.18,INACTIVE
1774901083.601887,107.0,138.43,200.0,-0.16,INACTIVE
1774901083.6172223,104.0,138.39,200.0,-0.17,INACTIVE
1774901083.6334403,115.0,138.37,200.0,-0.12,INACTIVE
1774901083.6494172,117.0,138.35,200.0,-0.11,INACTIVE
1774901083.6654453,111.0,138.32,200.0,-0.14,INACTIVE
1774901083.6816359,108.0,138.29,200.0,-0.15,INACTIVE
1774901083.6974015,112.0,138.26,200.0,-0.13,INACTIVE
1774901083.7141685,106.0,138.23,200.0,-0.16,INACTIVE
1774901083.7308192,110.0,138.2,200.0,-0.14,INACTIVE
1774901083.7463923,115.0,138.18,200.0,-0.12,INACTIVE
1774901083.7622912,117.0,138.16,200.0,-0.11,INACTIVE
1774901083.7786286,120.0,138.14,200.0,-0.09,INACTIVE
1774901083.7949386,121.0,138.12,200.0,-0.09,INACTIVE
1774901083.8102632,120.0,138.1,200.0,-0.09,INACTIVE
1774901083.8255775,131.0,138.1,200.0,-0.04,INACTIVE
1774901083.8415167,130.0,138.09,200.0,-0.04,INACTIVE
1774901083.8579776,124.0,138.07,200.0,-0.07,INACTIVE
1774901083.8736362,122.0,138.06,200.0,-0.08,INACTIVE
1774901083.889416,110.0,138.03,200.0,-0.14,INACTIVE
1774901083.905411,95.0,137.99,200.0,-0.21,INACTIVE
1774901083.9215913,91.0,137.94,200.0,-0.23,INACTIVE
1774901083.9378061,84.0,137.89,200.0,-0.27,INACTIVE
1774901083.9533868,84.0,137.83,200.0,-0.27,INACTIVE
1774901083.969762,85.0,137.78,200.0,-0.26,INACTIVE
1774901083.9856393,84.0,137.73,200.0,-0.27,INACTIVE
1774901084.0018983,95.0,137.68,200.0,-0.21,INACTIVE
1774901084.017523,101.0,137.65,200.0,-0.18,INACTIVE
1774901084.0334446,107.0,137.62,200.0,-0.15,INACTIVE
1774901084.049848,112.0,137.59,200.0,-0.13,INACTIVE
1774901084.0654182,113.0,137.57,200.0,-0.12,INACTIVE
1774901084.0813732,104.0,137.53,200.0,-0.17,INACTIVE
1774901084.0976768,103.0,137.5,200.0,-0.17,INACTIVE
1774901084.1133986,131.0,137.49,200.0,-0.03,INACTIVE
1774901084.1294255,148.0,137.5,200.0,0.05,INACTIVE
1774901084.1454601,154.0,137.52,200.0,0.08,INACTIVE
1774901084.1612294,160.0,137.54,200.0,0.11,INACTIVE
1774901084.177378,174.0,137.58,200.0,0.18,INACTIVE
1774901084.193284,153.0,137.59,200.0,0.08,INACTIVE
1774901084.2092178,126.0,137.58,200.0,-0.06,INACTIVE
1774901084.2250977,127.0,137.57,200.0,-0.05,INACTIVE
1774901084.241202,117.0,137.55,200.0,-0.1,INACTIVE
1774901084.2574124,98.0,137.51,200.0,-0.2,INACTIVE
1774901084.2735004,79.0,137.45,200.0,-0.29,INACTIVE
1774901084.28938,78.0,137.39,200.0,-0.3,INACTIVE
1774901084.3051684,65.0,137.32,200.0,-0.36,INACTIVE
1774901084.3211286,69.0,137.25,200.0,-0.34,INACTIVE
1774901084.3374355,81.0,137.2,200.0,-0.28,INACTIVE
1774901084.3530898,89.0,137.15,200.0,-0.24,INACTIVE
1774901084.3691342,90.0,137.1,200.0,-0.24,INACTIVE
1774901084.3850784,103.0,137.07,200.0,-0.17,INACTIVE
1774901084.4015543,104.0,137.03,200.0,-0.17,INACTIVE
1774901084.4173613,96.0,136.99,200.0,-0.2,INACTIVE
1774901084.4334645,90.0,136.95,200.0,-0.23,INACTIVE
1774901084.449343,90.0,136.9,200.0,-0.23,INACTIVE
1774901084.4656293,79.0,136.84,200.0,-0.29,INACTIVE
1774901084.4813466,74.0,136.78,200.0,-0.31,INACTIVE
1774901084.4974458,75.0,136.72,200.0,-0.31,INACTIVE
1774901084.5135043,80.0,136.66,200.0,-0.28,INACTIVE
1774901084.529571,82.0,136.6,200.0,-0.27,INACTIVE
1774901084.545527,90.0,136.56,200.0,-0.23,INACTIVE
1774901084.5613487,99.0,136.52,200.0,-0.19,INACTIVE
1774901084.5773418,95.0,136.48,200.0,-0.21,INACTIVE
1774901084.593337,99.0,136.44,200.0,-0.19,INACTIVE
1774901084.6094923,97.0,136.4,200.0,-0.2,INACTIVE
1774901084.6253564,90.0,136.36,200.0,-0.23,INACTIVE
1774901084.6413176,83.0,136.3,200.0,-0.27,INACTIVE
1774901084.657474,83.0,136.25,200.0,-0.27,INACTIVE
1774901084.673329,72.0,136.18,200.0,-0.32,INACTIVE
1774901084.6893888,74.0,136.12,200.0,-0.31,INACTIVE
1774901084.7053263,76.0,136.06,200.0,-0.3,INACTIVE
1774901084.721329,75.0,136.0,200.0,-0.31,INACTIVE
1774901084.7372546,73.0,135.94,200.0,-0.31,INACTIVE
1774901084.7532763,75.0,135.88,200.0,-0.3,INACTIVE
1774901084.769425,73.0,135.81,200.0,-0.31,INACTIVE
1774901084.785661,73.0,135.75,200.0,-0.31,INACTIVE
1774901084.8013346,72.0,135.69,200.0,-0.32,INACTIVE
1774901084.8173707,76.0,135.63,200.0,-0.3,INACTIVE
1774901084.8333719,82.0,135.57,200.0,-0.27,INACTIVE
1774901084.849607,89.0,135.53,200.0,-0.23,INACTIVE
1774901084.8655858,100.0,135.49,200.0,-0.18,INACTIVE
1774901084.881759,117.0,135.47,200.0,-0.09,INACTIVE
1774901084.8973453,115.0,135.45,200.0,-0.1,INACTIVE
1774901084.9134948,117.0,135.43,200.0,-0.09,INACTIVE
1774901084.9299042,126.0,135.43,200.0,-0.05,INACTIVE
1774901084.9456034,126.0,135.42,200.0,-0.05,INACTIVE
1774901084.961463,133.0,135.41,200.0,-0.01,INACTIVE
1774901084.977688,138.0,135.42,200.0,0.01,INACTIVE
1774901084.993727,133.0,135.41,200.0,-0.01,INACTIVE
1774901085.0098586,118.0,135.4,200.0,-0.09,INACTIVE
1774901085.0256922,108.0,135.37,200.0,-0.14,INACTIVE
1774901085.0415177,121.0,135.35,200.0,-0.07,INACTIVE
1774901085.0573943,130.0,135.35,200.0,-0.03,INACTIVE
1774901085.0741768,127.0,135.34,200.0,-0.04,INACTIVE
1774901085.0894446,126.0,135.33,200.0,-0.05,INACTIVE
1774901085.1057959,129.0,135.33,200.0,-0.03,INACTIVE
1774901085.1217856,103.0,135.29,200.0,-0.16,INACTIVE
1774901085.1379185,91.0,135.25,200.0,-0.22,INACTIVE
1774901085.153835,101.0,135.21,200.0,-0.17,INACTIVE
1774901085.1698844,106.0,135.19,200.0,-0.15,INACTIVE
1774901085.1854668,98.0,135.15,200.0,-0.19,INACTIVE
1774901085.2015738,132.0,135.14,200.0,-0.02,INACTIVE
1774901085.2174084,135.0,135.14,200.0,-0.0,INACTIVE
1774901085.233377,139.0,135.15,200.0,0.02,INACTIVE
1774901085.251299,146.0,135.16,200.0,0.05,INACTIVE
1774901085.2873178,157.0,135.18,200.0,0.11,INACTIVE
1774901085.2925012,122.0,135.17,200.0,-0.07,INACTIVE
1774901085.2977948,136.0,135.17,200.0,0.0,INACTIVE
1774901085.3138325,132.0,135.17,200.0,-0.02,INACTIVE
1774901085.329823,126.0,135.16,200.0,-0.05,INACTIVE
1774901085.3459551,122.0,135.14,200.0,-0.07,INACTIVE
1774901085.3621948,115.0,135.12,200.0,-0.1,INACTIVE
1774901085.3779368,105.0,135.09,200.0,-0.15,INACTIVE
1774901085.3937354,96.0,135.05,200.0,-0.2,INACTIVE
1774901085.409782,87.0,135.01,200.0,-0.24,INACTIVE
1774901085.4256525,81.0,134.95,200.0,-0.27,INACTIVE
1774901085.4418378,85.0,134.9,200.0,-0.25,INACTIVE
1774901085.458016,86.0,134.85,200.0,-0.24,INACTIVE
1774901085.4744945,94.0,134.81,200.0,-0.2,INACTIVE
1774901085.4904873,96.0,134.77,200.0,-0.19,INACTIVE
1774901085.505924,99.0,134.74,200.0,-0.18,INACTIVE
1774901085.5217335,89.0,134.69,200.0,-0.23,INACTIVE
1774901085.5381062,89.0,134.65,200.0,-0.23,INACTIVE
1774901085.554268,88.0,134.6,200.0,-0.23,INACTIVE
1774901085.5700605,91.0,134.56,200.0,-0.22,INACTIVE
1774901085.5853684,90.0,134.51,200.0,-0.22,INACTIVE
1774901085.602337,101.0,134.48,200.0,-0.17,INACTIVE
1774901085.6174645,93.0,134.44,200.0,-0.21,INACTIVE
1774901085.6337726,94.0,134.4,200.0,-0.2,INACTIVE
1774901085.6499648,95.0,134.36,200.0,-0.2,INACTIVE
1774901085.6662283,104.0,134.33,200.0,-0.15,INACTIVE
1774901085.6817598,98.0,134.29,200.0,-0.18,INACTIVE
1774901085.6975849,97.0,134.25,200.0,-0.19,INACTIVE
1774901085.7140422,89.0,134.21,200.0,-0.23,INACTIVE
1774901085.7299206,86.0,134.16,200.0,-0.24,INACTIVE
1774901085.7457998,76.0,134.1,200.0,-0.29,INACTIVE
1774901085.7617657,75.0,134.04,200.0,-0.3,INACTIVE
1774901085.7779534,79.0,133.99,200.0,-0.27,INACTIVE
1774901085.7936347,77.0,133.93,200.0,-0.28,INACTIVE
1774901085.8093624,80.0,133.88,200.0,-0.27,INACTIVE
1774901085.8262131,82.0,133.82,200.0,-0.26,INACTIVE
1774901085.841668,80.0,133.77,200.0,-0.27,INACTIVE
1774901085.857648,77.0,133.71,200.0,-0.28,INACTIVE
1774901085.8737795,80.0,133.66,200.0,-0.27,INACTIVE
1774901085.8901005,79.0,133.61,200.0,-0.27,INACTIVE
1774901085.9056365,76.0,133.55,200.0,-0.29,INACTIVE
1774901085.9217808,81.0,133.49,200.0,-0.26,INACTIVE
1774901085.9379745,83.0,133.44,200.0,-0.25,INACTIVE
1774901085.954035,83.0,133.39,200.0,-0.25,INACTIVE
1774901085.9698079,86.0,133.35,200.0,-0.24,INACTIVE
1774901085.9857287,88.0,133.3,200.0,-0.23,INACTIVE
1774901086.0017436,88.0,133.26,200.0,-0.23,INACTIVE
1774901086.0181262,85.0,133.21,200.0,-0.24,INACTIVE
1774901086.0340226,83.0,133.16,200.0,-0.25,INACTIVE
1774901086.0501747,78.0,133.1,200.0,-0.28,INACTIVE
1774901086.0658364,78.0,133.05,200.0,-0.28,INACTIVE
1774901086.0822575,76.0,132.99,200.0,-0.28,INACTIVE
1774901086.0978847,77.0,132.93,200.0,-0.28,INACTIVE
1774901086.113597,78.0,132.88,200.0,-0.27,INACTIVE
1774901086.1297505,84.0,132.83,200.0,-0.24,INACTIVE
1774901086.145634,87.0,132.78,200.0,-0.23,INACTIVE
1774901086.1618972,88.0,132.74,200.0,-0.22,INACTIVE
1774901086.1784284,89.0,132.7,200.0,-0.22,INACTIVE
1774901086.1942546,86.0,132.65,200.0,-0.23,INACTIVE
1774901086.2099295,82.0,132.6,200.0,-0.25,INACTIVE
1774901086.2257464,77.0,132.54,200.0,-0.28,INACTIVE
1774901086.2422588,77.0,132.49,200.0,-0.28,INACTIVE
1774901086.2577336,78.0,132.43,200.0,-0.27,INACTIVE
1774901086.2737117,85.0,132.39,200.0,-0.24,INACTIVE
1774901086.2898998,89.0,132.34,200.0,-0.22,INACTIVE
1774901086.3056262,91.0,132.3,200.0,-0.21,INACTIVE
1774901086.3219047,89.0,132.26,200.0,-0.22,INACTIVE
1774901086.3374588,84.0,132.21,200.0,-0.24,INACTIVE
1774901086.3537736,79.0,132.16,200.0,-0.27,INACTIVE
1774901086.3694854,78.0,132.1,200.0,-0.27,INACTIVE
1774901086.3857386,83.0,132.05,200.0,-0.25,INACTIVE
1774901086.4015799,89.0,132.01,200.0,-0.22,INACTIVE
1774901086.4175045,92.0,131.97,200.0,-0.2,INACTIVE
1774901086.4339693,91.0,131.93,200.0,-0.2,INACTIVE
1774901086.4497187,98.0,131.9,200.0,-0.17,INACTIVE
1774901086.4657257,108.0,131.87,200.0,-0.12,INACTIVE
1774901086.4817522,123.0,131.86,200.0,-0.04,INACTIVE
1774901086.4977512,133.0,131.86,200.0,0.01,INACTIVE
1774901086.5138266,135.0,131.87,200.0,0.02,INACTIVE
1774901086.5295012,133.0,131.87,200.0,0.01,INACTIVE
1774901086.5459204,122.0,131.86,200.0,-0.05,INACTIVE
1774901086.561677,103.0,131.83,200.0,-0.14,INACTIVE
1774901086.5776756,93.0,131.79,200.0,-0.19,INACTIVE
1774901086.5937147,100.0,131.76,200.0,-0.16,INACTIVE
1774901086.6096575,98.0,131.72,200.0,-0.17,INACTIVE
1774901086.6255603,95.0,131.69,200.0,-0.18,INACTIVE
1774901086.6417158,97.0,131.65,200.0,-0.17,INACTIVE
1774901086.657728,100.0,131.62,200.0,-0.16,INACTIVE
1774901086.674251,97.0,131.59,200.0,-0.17,INACTIVE
1774901086.690261,94.0,131.55,200.0,-0.19,INACTIVE
1774901086.7058957,97.0,131.51,200.0,-0.17,INACTIVE
1774901086.7216792,100.0,131.48,200.0,-0.16,INACTIVE
1774901086.737537,100.0,131.45,200.0,-0.16,INACTIVE
1774901086.753676,97.0,131.42,200.0,-0.17,INACTIVE
1774901086.769809,99.0,131.38,200.0,-0.16,INACTIVE
1774901086.786473,99.0,131.35,200.0,-0.16,INACTIVE
1774901086.8019142,93.0,131.31,200.0,-0.19,INACTIVE
1774901086.8185997,89.0,131.27,200.0,-0.21,INACTIVE
1774901086.8338056,87.0,131.23,200.0,-0.22,INACTIVE
1774901086.849784,83.0,131.18,200.0,-0.24,INACTIVE
1774901086.86569,86.0,131.13,200.0,-0.23,INACTIVE
1774901086.882012,86.0,131.09,200.0,-0.23,INACTIVE
1774901086.8975608,88.0,131.05,200.0,-0.22,INACTIVE
1774901086.914326,88.0,131.0,200.0,-0.22,INACTIVE
1774901086.930693,91.0,130.96,200.0,-0.2,INACTIVE
1774901086.9455347,89.0,130.92,200.0,-0.21,INACTIVE
1774901086.961389,88.0,130.88,200.0,-0.21,INACTIVE
1774901086.9778192,89.0,130.84,200.0,-0.21,INACTIVE
1774901086.9939454,90.0,130.8,200.0,-0.2,INACTIVE
1774901087.010405,97.0,130.76,200.0,-0.17,INACTIVE
1774901087.0257812,91.0,130.72,200.0,-0.2,INACTIVE
1774901087.0417328,90.0,130.68,200.0,-0.2,INACTIVE
1774901087.057716,90.0,130.64,200.0,-0.2,INACTIVE
1774901087.0736628,102.0,130.61,200.0,-0.14,INACTIVE
1774901087.0897396,95.0,130.58,200.0,-0.18,INACTIVE
1774901087.105508,106.0,130.55,200.0,-0.12,INACTIVE
1774901087.121758,108.0,130.53,200.0,-0.11,INACTIVE
1774901087.137609,120.0,130.52,200.0,-0.05,INACTIVE
1774901087.153863,107.0,130.49,200.0,-0.12,INACTIVE
1774901087.170055,106.0,130.47,200.0,-0.12,INACTIVE
1774901087.185968,100.0,130.44,200.0,-0.15,INACTIVE
1774901087.2017896,102.0,130.41,200.0,-0.14,INACTIVE
1774901087.217787,91.0,130.37,200.0,-0.2,INACTIVE
1774901087.2337189,103.0,130.34,200.0,-0.14,INACTIVE
1774901087.249815,101.0,130.32,200.0,-0.15,INACTIVE
1774901087.265811,99.0,130.28,200.0,-0.16,INACTIVE
1774901087.281804,127.0,130.28,200.0,-0.02,INACTIVE
1774901087.2978497,128.0,130.28,200.0,-0.01,INACTIVE
1774901087.3136501,161.0,130.31,200.0,0.15,INACTIVE
1774901087.3297992,179.0,130.36,200.0,0.24,INACTIVE
1774901087.3460279,179.0,130.41,200.0,0.24,INACTIVE
1774901087.361509,160.0,130.44,200.0,0.15,INACTIVE
1774901087.3778064,158.0,130.46,200.0,0.14,INACTIVE
1774901087.3938873,111.0,130.44,200.0,-0.1,INACTIVE
1774901087.4097114,93.0,130.41,200.0,-0.19,INACTIVE
1774901087.425796,89.0,130.37,200.0,-0.21,INACTIVE
1774901087.4417663,82.0,130.32,200.0,-0.24,INACTIVE
1774901087.457795,82.0,130.27,200.0,-0.24,INACTIVE
1774901087.473963,80.0,130.22,200.0,-0.25,INACTIVE
1774901087.4894712,84.0,130.17,200.0,-0.23,INACTIVE
1774901087.5055795,99.0,130.14,200.0,-0.16,INACTIVE
1774901087.5217018,100.0,130.11,200.0,-0.15,INACTIVE
1774901087.5376987,100.0,130.08,200.0,-0.15,INACTIVE
1774901087.5552278,113.0,130.06,200.0,-0.09,INACTIVE
1774901087.5705447,131.0,130.06,200.0,0.0,INACTIVE
1774901087.5856304,126.0,130.06,200.0,-0.02,INACTIVE
1774901087.601892,119.0,130.05,200.0,-0.06,INACTIVE
1774901087.6178153,143.0,130.06,200.0,0.06,INACTIVE
1774901087.6338427,177.0,130.11,200.0,0.23,INACTIVE
1774901087.6497529,167.0,130.15,200.0,0.18,INACTIVE
1774901087.6657577,210.0,130.23,200.0,0.4,INACTIVE
1774901087.6817167,239.0,130.34,200.0,0.54,INACTIVE
1774901087.697809,226.0,130.43,200.0,0.48,INACTIVE
1774901087.7138174,189.0,130.49,200.0,0.29,INACTIVE
1774901087.7299173,184.0,130.54,200.0,0.27,INACTIVE
1774901087.745683,136.0,130.55,200.0,0.03,INACTIVE
1774901087.761966,128.0,130.55,200.0,-0.01,INACTIVE
1774901087.7776086,142.0,130.56,200.0,0.06,INACTIVE
1774901087.7934716,160.0,130.59,200.0,0.15,INACTIVE
1774901087.8094962,159.0,130.62,200.0,0.14,INACTIVE
1774901087.8254995,160.0,130.64,200.0,0.15,INACTIVE
1774901087.8418698,151.0,130.66,200.0,0.1,INACTIVE
1774901087.8576572,131.0,130.67,200.0,0.0,INACTIVE
1774901087.8738008,113.0,130.65,200.0,-0.09,INACTIVE
1774901087.8898332,113.0,130.63,200.0,-0.09,INACTIVE
1774901087.9062703,109.0,130.61,200.0,-0.11,INACTIVE
1774901087.9217079,109.0,130.59,200.0,-0.11,INACTIVE
1774901087.9377408,105.0,130.56,200.0,-0.13,INACTIVE
1774901087.9536483,97.0,130.53,200.0,-0.17,INACTIVE
1774901087.9698374,92.0,130.49,200.0,-0.19,INACTIVE
1774901087.9859684,92.0,130.45,200.0,-0.19,INACTIVE
1774901088.0022726,85.0,130.4,200.0,-0.23,INACTIVE
1774901088.0182867,87.0,130.36,200.0,-0.22,INACTIVE
1774901088.0340555,93.0,130.32,200.0,-0.19,INACTIVE
1774901088.0505967,95.0,130.29,200.0,-0.18,INACTIVE
1774901088.0656843,93.0,130.25,200.0,-0.19,INACTIVE
1774901088.0840042,89.0,130.21,200.0,-0.21,INACTIVE
1774901088.0984406,84.0,130.16,200.0,-0.23,INACTIVE
1774901088.11377,75.0,130.11,200.0,-0.28,INACTIVE
1774901088.130524,69.0,130.05,200.0,-0.31,INACTIVE
1774901088.1463304,73.0,129.99,200.0,-0.28,INACTIVE
1774901088.1623,75.0,129.94,200.0,-0.27,INACTIVE
1774901088.1775858,79.0,129.88,200.0,-0.25,INACTIVE
1774901088.193925,87.0,129.84,200.0,-0.21,INACTIVE
1774901088.2093859,87.0,129.8,200.0,-0.21,INACTIVE
1774901088.225814,83.0,129.75,200.0,-0.23,INACTIVE
1774901088.242058,82.0,129.7,200.0,-0.24,INACTIVE
1774901088.258235,80.0,129.65,200.0,-0.25,INACTIVE
1774901088.2739775,73.0,129.6,200.0,-0.28,INACTIVE
1774901088.290019,76.0,129.54,200.0,-0.27,INACTIVE
1774901088.3066216,80.0,129.5,200.0,-0.25,INACTIVE
1774901088.3217902,86.0,129.45,200.0,-0.22,INACTIVE
1774901088.3379579,86.0,129.41,200.0,-0.22,INACTIVE
1774901088.3542967,90.0,129.37,200.0,-0.2,INACTIVE
1774901088.369974,88.0,129.33,200.0,-0.21,INACTIVE
1774901088.3861713,82.0,129.28,200.0,-0.24,INACTIVE
1774901088.4017065,75.0,129.23,200.0,-0.27,INACTIVE
1774901088.4175227,76.0,129.17,200.0,-0.27,INACTIVE
1774901088.4336479,75.0,129.12,200.0,-0.27,INACTIVE
1774901088.4496474,83.0,129.07,200.0,-0.23,INACTIVE
1774901088.4656641,96.0,129.04,200.0,-0.17,INACTIVE
1774901088.4815023,97.0,129.01,200.0,-0.16,INACTIVE
1774901088.4976494,97.0,128.98,200.0,-0.16,INACTIVE
1774901088.5138717,92.0,128.94,200.0,-0.18,INACTIVE
1774901088.5295167,89.0,128.9,200.0,-0.2,INACTIVE
1774901088.5455112,79.0,128.85,200.0,-0.25,INACTIVE
1774901088.5617106,83.0,128.8,200.0,-0.23,INACTIVE
1774901088.577976,83.0,128.76,200.0,-0.23,INACTIVE
1774901088.5938678,89.0,128.72,200.0,-0.2,INACTIVE
1774901088.6097882,89.0,128.68,200.0,-0.2,INACTIVE
1774901088.6256168,89.0,128.64,200.0,-0.2,INACTIVE
1774901088.6418655,84.0,128.59,200.0,-0.22,INACTIVE
1774901088.6577682,82.0,128.55,200.0,-0.23,INACTIVE
1774901088.6736035,76.0,128.49,200.0,-0.26,INACTIVE
1774901088.6894505,76.0,128.44,200.0,-0.26,INACTIVE
1774901088.7059963,78.0,128.39,200.0,-0.25,INACTIVE
1774901088.721656,84.0,128.35,200.0,-0.22,INACTIVE
1774901088.737693,87.0,128.31,200.0,-0.21,INACTIVE
1774901088.7537827,91.0,128.27,200.0,-0.19,INACTIVE
1774901088.770077,93.0,128.23,200.0,-0.18,INACTIVE
1774901088.7854908,92.0,128.2,200.0,-0.18,INACTIVE
1774901088.8019118,88.0,128.16,200.0,-0.2,INACTIVE
1774901088.818345,88.0,128.12,200.0,-0.2,INACTIVE
1774901088.8342493,87.0,128.07,200.0,-0.21,INACTIVE
1774901088.8498166,89.0,128.04,200.0,-0.2,INACTIVE
1774901088.8656552,99.0,128.01,200.0,-0.15,INACTIVE
1774901088.8822796,98.0,127.98,200.0,-0.15,INACTIVE
1774901088.8979704,97.0,127.95,200.0,-0.15,INACTIVE
1774901088.9138467,100.0,127.92,200.0,-0.14,INACTIVE
1774901088.9295454,102.0,127.89,200.0,-0.13,INACTIVE
1774901088.9457734,99.0,127.86,200.0,-0.14,INACTIVE
1774901088.9621518,97.0,127.83,200.0,-0.15,INACTIVE
1774901088.9775324,99.0,127.8,200.0,-0.14,INACTIVE
1774901088.9945297,98.0,127.77,200.0,-0.15,INACTIVE
1774901089.0097098,100.0,127.75,200.0,-0.14,INACTIVE
1774901089.0257049,109.0,127.73,200.0,-0.09,INACTIVE
1774901089.0414171,113.0,127.71,200.0,-0.07,INACTIVE
1774901089.057371,122.0,127.71,200.0,-0.03,INACTIVE
1774901089.0735698,130.0,127.71,200.0,0.01,INACTIVE
1774901089.0897284,142.0,127.72,200.0,0.07,INACTIVE
1774901089.105311,138.0,127.73,200.0,0.05,INACTIVE
1774901089.1231048,145.0,127.75,200.0,0.09,INACTIVE
1774901089.1376777,136.0,127.76,200.0,0.04,INACTIVE
1774901089.1536784,126.0,127.76,200.0,-0.01,INACTIVE
1774901089.1694396,105.0,127.73,200.0,-0.11,INACTIVE
1774901089.185772,92.0,127.7,200.0,-0.18,INACTIVE
1774901089.201506,86.0,127.66,200.0,-0.21,INACTIVE
1774901089.217935,82.0,127.61,200.0,-0.23,INACTIVE
1774901089.2342582,79.0,127.56,200.0,-0.24,INACTIVE
1774901089.249888,80.0,127.52,200.0,-0.24,INACTIVE
1774901089.265716,79.0,127.47,200.0,-0.24,INACTIVE
1774901089.28144,77.0,127.42,200.0,-0.25,INACTIVE
1774901089.2977414,84.0,127.37,200.0,-0.22,INACTIVE
1774901089.314174,94.0,127.34,200.0,-0.17,INACTIVE
1774901089.3298306,99.0,127.31,200.0,-0.14,INACTIVE
1774901089.3457122,104.0,127.29,200.0,-0.12,INACTIVE
1774901089.3620431,106.0,127.27,200.0,-0.11,INACTIVE
1774901089.3775988,106.0,127.25,200.0,-0.11,INACTIVE
1774901089.3938513,96.0,127.21,200.0,-0.16,INACTIVE
1774901089.4098582,88.0,127.17,200.0,-0.2,INACTIVE
1774901089.42636,81.0,127.13,200.0,-0.23,INACTIVE
1774901089.4421427,81.0,127.08,200.0,-0.23,INACTIVE
1774901089.4581904,76.0,127.03,200.0,-0.26,INACTIVE
1774901089.4748359,73.0,126.98,200.0,-0.27,INACTIVE
1774901089.4898987,78.0,126.93,200.0,-0.24,INACTIVE
1774901089.5056896,82.0,126.88,200.0,-0.22,INACTIVE
1774901089.522053,86.0,126.84,200.0,-0.2,INACTIVE
1774901089.5381818,88.0,126.8,200.0,-0.19,INACTIVE
1774901089.5542154,96.0,126.77,200.0,-0.15,INACTIVE
1774901089.5704744,101.0,126.75,200.0,-0.13,INACTIVE
1774901089.5858629,103.0,126.72,200.0,-0.12,INACTIVE
1774901089.601463,103.0,126.7,200.0,-0.12,INACTIVE
1774901089.6179736,112.0,126.68,200.0,-0.07,INACTIVE
1774901089.6340835,134.0,126.69,200.0,0.04,INACTIVE
1774901089.650012,138.0,126.7,200.0,0.06,INACTIVE
1774901089.6656396,135.0,126.71,200.0,0.04,INACTIVE
1774901089.6827872,129.0,126.71,200.0,0.01,INACTIVE
1774901089.6981473,124.0,126.71,200.0,-0.01,INACTIVE
1774901089.7140353,107.0,126.69,200.0,-0.1,INACTIVE
1774901089.729738,93.0,126.66,200.0,-0.17,INACTIVE
1774901089.7458632,90.0,126.62,200.0,-0.18,INACTIVE
1774901089.7619805,85.0,126.58,200.0,-0.21,INACTIVE
1774901089.777695,78.0,126.53,200.0,-0.24,INACTIVE
1774901089.793616,68.0,126.47,200.0,-0.29,INACTIVE
1774901089.8096523,73.0,126.42,200.0,-0.27,INACTIVE
1774901089.8258119,75.0,126.37,200.0,-0.26,INACTIVE
1774901089.8432288,76.0,126.32,200.0,-0.25,INACTIVE
1774901089.8576343,77.0,126.27,200.0,-0.25,INACTIVE
1774901089.873731,77.0,126.22,200.0,-0.25,INACTIVE
1774901089.8901877,76.0,126.17,200.0,-0.25,INACTIVE
1774901089.9059446,75.0,126.12,200.0,-0.26,INACTIVE
1774901089.9217176,76.0,126.07,200.0,-0.25,INACTIVE
1774901089.9376976,78.0,126.02,200.0,-0.24,INACTIVE
1774901089.9536867,79.0,125.97,200.0,-0.23,INACTIVE
1774901089.9697263,78.0,125.92,200.0,-0.24,INACTIVE
1774901089.9858773,79.0,125.88,200.0,-0.23,INACTIVE
1774901090.0015662,79.0,125.83,200.0,-0.23,INACTIVE
1774901090.01795,75.0,125.78,200.0,-0.25,INACTIVE
1774901090.0343227,78.0,125.73,200.0,-0.24,INACTIVE
1774901090.0501006,75.0,125.68,200.0,-0.25,INACTIVE
1774901090.066131,76.0,125.63,200.0,-0.25,INACTIVE
1774901090.082747,74.0,125.58,200.0,-0.26,INACTIVE
1774901090.0977602,75.0,125.53,200.0,-0.25,INACTIVE
1774901090.1139276,75.0,125.48,200.0,-0.25,INACTIVE
1774901090.1295483,77.0,125.43,200.0,-0.24,INACTIVE
1774901090.1458116,75.0,125.38,200.0,-0.25,INACTIVE
1774901090.1624632,79.0,125.33,200.0,-0.23,INACTIVE
1774901090.177695,78.0,125.29,200.0,-0.24,INACTIVE
1774901090.1940343,74.0,125.23,200.0,-0.26,INACTIVE
1774901090.2104301,73.0,125.18,200.0,-0.26,INACTIVE
1774901090.2264364,75.0,125.13,200.0,-0.25,INACTIVE
1774901090.2421024,74.0,125.08,200.0,-0.26,INACTIVE
1774901090.2580254,75.0,125.03,200.0,-0.25,INACTIVE
1774901090.2744331,77.0,124.98,200.0,-0.24,INACTIVE
1774901090.2897606,80.0,124.94,200.0,-0.22,INACTIVE
1774901090.306418,77.0,124.89,200.0,-0.24,INACTIVE
1774901090.322261,74.0,124.84,200.0,-0.25,INACTIVE
1774901090.3378835,75.0,124.79,200.0,-0.25,INACTIVE
1774901090.3538384,75.0,124.74,200.0,-0.25,INACTIVE
1774901090.3705888,73.0,124.69,200.0,-0.26,INACTIVE
1774901090.3867648,79.0,124.64,200.0,-0.23,INACTIVE
1774901090.4026337,83.0,124.6,200.0,-0.21,INACTIVE
1774901090.4189298,85.0,124.56,200.0,-0.2,INACTIVE
1774901090.4351203,86.0,124.52,200.0,-0.19,INACTIVE
1774901090.450721,89.0,124.49,200.0,-0.18,INACTIVE
1774901090.4666615,88.0,124.45,200.0,-0.18,INACTIVE
1774901090.4825659,90.0,124.42,200.0,-0.17,INACTIVE
1774901090.4987392,88.0,124.38,200.0,-0.18,INACTIVE
1774901090.5146074,84.0,124.34,200.0,-0.2,INACTIVE
1774901090.5303063,82.0,124.3,200.0,-0.21,INACTIVE
1774901090.54652,83.0,124.26,200.0,-0.21,INACTIVE
1774901090.5618324,80.0,124.21,200.0,-0.22,INACTIVE
1774901090.5777547,85.0,124.17,200.0,-0.2,INACTIVE
1774901090.594641,88.0,124.14,200.0,-0.18,INACTIVE
1774901090.6107752,86.0,124.1,200.0,-0.19,INACTIVE
1774901090.626273,89.0,124.06,200.0,-0.18,INACTIVE
1774901090.6423113,97.0,124.04,200.0,-0.14,INACTIVE
1774901090.6581187,98.0,124.01,200.0,-0.13,INACTIVE
1774901090.6743064,112.0,124.0,200.0,-0.06,INACTIVE
1774901090.6900437,117.0,123.99,200.0,-0.03,INACTIVE
1774901090.7072744,114.0,123.98,200.0,-0.05,INACTIVE
1774901090.7217417,119.0,123.98,200.0,-0.02,INACTIVE
1774901090.7377243,137.0,123.99,200.0,0.07,INACTIVE
1774901090.7536526,172.0,124.04,200.0,0.24,INACTIVE
1774901090.7695215,183.0,124.1,200.0,0.29,INACTIVE
1774901090.7861056,187.0,124.16,200.0,0.31,INACTIVE
1774901090.801734,183.0,124.22,200.0,0.29,INACTIVE
1774901090.8175318,167.0,124.26,200.0,0.21,INACTIVE
1774901090.8349006,123.0,124.26,200.0,-0.01,INACTIVE
1774901090.849919,112.0,124.25,200.0,-0.06,INACTIVE
1774901090.8657613,108.0,124.23,200.0,-0.08,INACTIVE
1774901090.881986,107.0,124.21,200.0,-0.09,INACTIVE
1774901090.8980894,112.0,124.2,200.0,-0.06,INACTIVE
1774901090.91366,151.0,124.23,200.0,0.13,INACTIVE
1774901090.9297292,161.0,124.26,200.0,0.18,INACTIVE
1774901090.9454174,160.0,124.3,200.0,0.18,INACTIVE
1774901090.9615173,153.0,124.33,200.0,0.14,INACTIVE
1774901090.9777286,143.0,124.35,200.0,0.09,INACTIVE
1774901090.9936733,100.0,124.32,200.0,-0.12,INACTIVE
1774901091.0114014,86.0,124.29,200.0,-0.19,INACTIVE
1774901091.0256002,83.0,124.24,200.0,-0.21,INACTIVE
1774901091.0420845,84.0,124.2,200.0,-0.2,INACTIVE
1774901091.0577977,84.0,124.16,200.0,-0.2,INACTIVE
1774901091.0739782,78.0,124.12,200.0,-0.23,INACTIVE
1774901091.0895662,77.0,124.07,200.0,-0.24,INACTIVE
1774901091.1054623,86.0,124.03,200.0,-0.19,INACTIVE
1774901091.1216042,91.0,124.0,200.0,-0.16,INACTIVE
1774901091.1373622,103.0,123.98,200.0,-0.1,INACTIVE
1774901091.153371,116.0,123.97,200.0,-0.04,INACTIVE
1774901091.1694098,137.0,123.98,200.0,0.07,INACTIVE
1774901091.1854908,133.0,123.99,200.0,0.05,INACTIVE
1774901091.2015698,158.0,124.03,200.0,0.17,INACTIVE
1774901091.2177224,166.0,124.07,200.0,0.21,INACTIVE
1774901091.2332783,164.0,124.11,200.0,0.2,INACTIVE
1774901091.2498462,144.0,124.13,200.0,0.1,INACTIVE
1774901091.2653115,144.0,124.15,200.0,0.1,INACTIVE
1774901091.281273,123.0,124.15,200.0,-0.01,INACTIVE
1774901091.2974987,103.0,124.13,200.0,-0.11,INACTIVE
1774901091.313555,97.0,124.1,200.0,-0.14,INACTIVE
1774901091.3308961,101.0,124.08,200.0,-0.12,INACTIVE
1774901091.345412,95.0,124.05,200.0,-0.15,INACTIVE
1774901091.3613427,91.0,124.01,200.0,-0.17,INACTIVE
1774901091.3780205,88.0,123.98,200.0,-0.18,INACTIVE
1774901091.393255,86.0,123.94,200.0,-0.19,INACTIVE
1774901091.4094143,80.0,123.9,200.0,-0.22,INACTIVE
1774901091.4258966,81.0,123.85,200.0,-0.21,INACTIVE
1774901091.4414504,75.0,123.8,200.0,-0.24,INACTIVE
1774901091.4575288,76.0,123.76,200.0,-0.24,INACTIVE
1774901091.4733696,75.0,123.71,200.0,-0.24,INACTIVE
1774901091.4894185,77.0,123.66,200.0,-0.23,INACTIVE
1774901091.5053434,87.0,123.62,200.0,-0.18,INACTIVE
1774901091.5219338,96.0,123.6,200.0,-0.14,INACTIVE
1774901091.5375113,98.0,123.57,200.0,-0.13,INACTIVE
1774901091.553347,96.0,123.54,200.0,-0.14,INACTIVE
1774901091.5694485,96.0,123.52,200.0,-0.14,INACTIVE
1774901091.585496,93.0,123.48,200.0,-0.15,INACTIVE
1774901091.601373,86.0,123.45,200.0,-0.19,INACTIVE
1774901091.6174774,85.0,123.41,200.0,-0.19,INACTIVE
1774901091.6334162,90.0,123.38,200.0,-0.17,INACTIVE
1774901091.6493998,87.0,123.34,200.0,-0.18,INACTIVE
1774901091.6657286,84.0,123.3,200.0,-0.2,INACTIVE
1774901091.6814265,85.0,123.26,200.0,-0.19,INACTIVE
1774901091.6977577,82.0,123.22,200.0,-0.21,INACTIVE
1774901091.7133894,78.0,123.17,200.0,-0.23,INACTIVE
1774901091.7299263,82.0,123.13,200.0,-0.21,INACTIVE
1774901091.7456982,74.0,123.08,200.0,-0.25,INACTIVE
1774901091.7615113,75.0,123.04,200.0,-0.24,INACTIVE
1774901091.777685,74.0,122.99,200.0,-0.24,INACTIVE
1774901091.7937448,78.0,122.94,200.0,-0.22,INACTIVE
1774901091.8120883,80.0,122.9,200.0,-0.21,INACTIVE
1774901091.825443,81.0,122.86,200.0,-0.21,INACTIVE
1774901091.8418946,87.0,122.82,200.0,-0.18,INACTIVE
1774901091.8576868,99.0,122.8,200.0,-0.12,INACTIVE
1774901091.8738902,99.0,122.77,200.0,-0.12,INACTIVE
1774901091.8896732,95.0,122.75,200.0,-0.14,INACTIVE
1774901091.9059403,101.0,122.72,200.0,-0.11,INACTIVE
1774901091.9218638,97.0,122.7,200.0,-0.13,INACTIVE
1774901091.9384377,92.0,122.67,200.0,-0.15,INACTIVE
1774901091.9538777,92.0,122.64,200.0,-0.15,INACTIVE
1774901091.9697132,97.0,122.61,200.0,-0.13,INACTIVE
1774901091.9861553,96.0,122.59,200.0,-0.13,INACTIVE
1774901092.0020826,92.0,122.55,200.0,-0.15,INACTIVE
1774901092.0179036,88.0,122.52,200.0,-0.17,INACTIVE
1774901092.0346227,90.0,122.49,200.0,-0.16,INACTIVE
1774901092.0500908,86.0,122.45,200.0,-0.18,INACTIVE
1774901092.065756,86.0,122.41,200.0,-0.18,INACTIVE
1774901092.0819721,87.0,122.38,200.0,-0.18,INACTIVE
1774901092.0973375,82.0,122.34,200.0,-0.2,INACTIVE
1774901092.1143315,75.0,122.29,200.0,-0.24,INACTIVE
1774901092.129718,81.0,122.25,200.0,-0.21,INACTIVE
1774901092.1457078,80.0,122.21,200.0,-0.21,INACTIVE
1774901092.161484,78.0,122.16,200.0,-0.22,INACTIVE
1774901092.1784627,78.0,122.12,200.0,-0.22,INACTIVE
1774901092.1939573,83.0,122.08,200.0,-0.2,INACTIVE
1774901092.2101228,80.0,122.04,200.0,-0.21,INACTIVE
1774901092.2256024,78.0,121.99,200.0,-0.22,INACTIVE
1774901092.241964,82.0,121.95,200.0,-0.2,INACTIVE
1774901092.2579556,85.0,121.92,200.0,-0.18,INACTIVE
1774901092.2740357,87.0,121.88,200.0,-0.17,INACTIVE
1774901092.2900503,86.0,121.85,200.0,-0.18,INACTIVE
1774901092.3061311,89.0,121.81,200.0,-0.16,INACTIVE
1774901092.3223965,89.0,121.78,200.0,-0.16,INACTIVE
1774901092.3382795,94.0,121.75,200.0,-0.14,INACTIVE
1774901092.3549056,85.0,121.72,200.0,-0.18,INACTIVE
1774901092.3704298,90.0,121.68,200.0,-0.16,INACTIVE
1774901092.3865414,89.0,121.65,200.0,-0.16,INACTIVE
1774901092.4019203,93.0,121.62,200.0,-0.14,INACTIVE
1774901092.4176931,95.0,121.6,200.0,-0.13,INACTIVE
1774901092.4349954,121.0,121.6,200.0,-0.0,INACTIVE
1774901092.4499652,136.0,121.61,200.0,0.07,INACTIVE
1774901092.4660583,181.0,121.67,200.0,0.3,INACTIVE
1774901092.4820151,220.0,121.77,200.0,0.49,INACTIVE
1774901092.497843,260.0,121.91,200.0,0.69,INACTIVE
1774901092.513611,244.0,122.03,200.0,0.61,INACTIVE
1774901092.5295415,233.0,122.14,200.0,0.55,INACTIVE
1774901092.5458186,189.0,122.21,200.0,0.33,INACTIVE
1774901092.5618725,146.0,122.23,200.0,0.12,INACTIVE
1774901092.5781546,105.0,122.21,200.0,-0.09,INACTIVE
1774901092.593742,106.0,122.2,200.0,-0.08,INACTIVE
1774901092.6101763,98.0,122.17,200.0,-0.12,INACTIVE
1774901092.626191,94.0,122.14,200.0,-0.14,INACTIVE
1774901092.641881,91.0,122.11,200.0,-0.16,INACTIVE
1774901092.6580267,83.0,122.07,200.0,-0.2,INACTIVE
1774901092.6743176,75.0,122.03,200.0,-0.24,INACTIVE
1774901092.690002,73.0,121.98,200.0,-0.24,INACTIVE
1774901092.7059188,74.0,121.93,200.0,-0.24,INACTIVE
1774901092.7219436,79.0,121.89,200.0,-0.21,INACTIVE
1774901092.7386696,94.0,121.86,200.0,-0.14,INACTIVE
1774901092.7548423,104.0,121.84,200.0,-0.09,INACTIVE
1774901092.7711692,115.0,121.83,200.0,-0.03,INACTIVE
1774901092.7865894,128.0,121.84,200.0,0.03,INACTIVE
1774901092.8023436,139.0,121.86,200.0,0.09,INACTIVE
1774901092.817728,134.0,121.87,200.0,0.06,INACTIVE
1774901092.8335323,130.0,121.88,200.0,0.04,INACTIVE
1774901092.850142,129.0,121.89,200.0,0.04,INACTIVE
1774901092.8662467,114.0,121.88,200.0,-0.04,INACTIVE
1774901092.8821182,100.0,121.86,200.0,-0.11,INACTIVE
1774901092.8989134,89.0,121.82,200.0,-0.16,INACTIVE
1774901092.914237,85.0,121.79,200.0,-0.18,INACTIVE
1774901092.9310865,76.0,121.74,200.0,-0.23,INACTIVE
1774901092.9463067,78.0,121.7,200.0,-0.22,INACTIVE
1774901092.962225,77.0,121.65,200.0,-0.22,INACTIVE
1774901092.9780009,81.0,121.61,200.0,-0.2,INACTIVE
1774901092.9943352,83.0,121.57,200.0,-0.19,INACTIVE
1774901093.0101647,87.0,121.54,200.0,-0.17,INACTIVE
1774901093.026412,89.0,121.51,200.0,-0.16,INACTIVE
1774901093.0420938,113.0,121.5,200.0,-0.04,INACTIVE
1774901093.0582256,120.0,121.5,200.0,-0.01,INACTIVE
1774901093.073987,121.0,121.49,200.0,-0.0,INACTIVE
1774901093.0899973,123.0,121.5,200.0,0.01,INACTIVE
1774901093.105771,136.0,121.51,200.0,0.07,INACTIVE
1774901093.1216388,113.0,121.5,200.0,-0.04,INACTIVE
1774901093.1376493,120.0,121.5,200.0,-0.01,INACTIVE
1774901093.1540558,125.0,121.5,200.0,0.02,INACTIVE
1774901093.1696255,122.0,121.5,200.0,0.0,INACTIVE
1774901093.1855466,107.0,121.49,200.0,-0.07,INACTIVE
1774901093.201394,127.0,121.5,200.0,0.03,INACTIVE
1774901093.2174778,111.0,121.49,200.0,-0.05,INACTIVE
1774901093.2335768,101.0,121.46,200.0,-0.1,INACTIVE
1774901093.2497425,95.0,121.44,200.0,-0.13,INACTIVE
1774901093.2656536,95.0,121.41,200.0,-0.13,INACTIVE
1774901093.2823722,81.0,121.37,200.0,-0.2,INACTIVE
1774901093.298195,81.0,121.33,200.0,-0.2,INACTIVE
1774901093.3143408,83.0,121.29,200.0,-0.19,INACTIVE
1774901093.3303266,86.0,121.26,200.0,-0.18,INACTIVE
1774901093.3466635,84.0,121.22,200.0,-0.19,INACTIVE
1774901093.3625615,78.0,121.18,200.0,-0.22,INACTIVE
1774901093.3776996,81.0,121.14,200.0,-0.2,INACTIVE
1774901093.394179,84.0,121.1,200.0,-0.19,INACTIVE
1774901093.4102066,85.0,121.06,200.0,-0.18,INACTIVE
1774901093.4257662,93.0,121.04,200.0,-0.14,INACTIVE
1774901093.4417236,94.0,121.01,200.0,-0.14,INACTIVE
1774901093.457523,94.0,120.98,200.0,-0.13,INACTIVE
1774901093.4739978,92.0,120.95,200.0,-0.14,INACTIVE
1774901093.4897249,93.0,120.92,200.0,-0.14,INACTIVE
1774901093.5055616,92.0,120.9,200.0,-0.14,INACTIVE
1774901093.5214689,93.0,120.87,200.0,-0.14,INACTIVE
1774901093.5374172,94.0,120.84,200.0,-0.13,INACTIVE
1774901093.553486,94.0,120.81,200.0,-0.13,INACTIVE
1774901093.5695689,98.0,120.79,200.0,-0.11,INACTIVE
1774901093.5863512,96.0,120.77,200.0,-0.12,INACTIVE
1774901093.6015582,100.0,120.75,200.0,-0.1,INACTIVE
1774901093.617523,99.0,120.72,200.0,-0.11,INACTIVE
1774901093.634043,98.0,120.7,200.0,-0.11,INACTIVE
1774901093.6497157,91.0,120.67,200.0,-0.15,INACTIVE
1774901093.6659489,105.0,120.66,200.0,-0.08,INACTIVE
1774901093.6821842,105.0,120.64,200.0,-0.08,INACTIVE
1774901093.69791,117.0,120.64,200.0,-0.02,INACTIVE
1774901093.7140193,119.0,120.64,200.0,-0.01,INACTIVE
1774901093.7298675,127.0,120.64,200.0,0.03,INACTIVE
1774901093.745926,121.0,120.64,200.0,0.0,INACTIVE
1774901093.761721,124.0,120.65,200.0,0.02,INACTIVE
1774901093.7780905,117.0,120.64,200.0,-0.02,INACTIVE
1774901093.794121,123.0,120.64,200.0,0.01,INACTIVE
1774901093.8094146,123.0,120.65,200.0,0.01,INACTIVE
1774901093.8253725,113.0,120.64,200.0,-0.04,INACTIVE
1774901093.8420708,103.0,120.62,200.0,-0.09,INACTIVE
1774901093.8575373,99.0,120.6,200.0,-0.11,INACTIVE
1774901093.8736093,88.0,120.57,200.0,-0.16,INACTIVE
1774901093.8899522,80.0,120.53,200.0,-0.2,INACTIVE
1774901093.9053416,79.0,120.48,200.0,-0.21,INACTIVE
1774901093.9223928,77.0,120.44,200.0,-0.22,INACTIVE
1774901093.9379315,70.0,120.39,200.0,-0.25,INACTIVE
1774901093.9538643,73.0,120.34,200.0,-0.24,INACTIVE
1774901093.9699042,75.0,120.3,200.0,-0.23,INACTIVE
1774901093.9855494,75.0,120.25,200.0,-0.23,INACTIVE
1774901094.0017161,84.0,120.22,200.0,-0.18,INACTIVE
1774901094.0179346,94.0,120.19,200.0,-0.13,INACTIVE
1774901094.0337665,115.0,120.19,200.0,-0.03,INACTIVE
1774901094.049775,161.0,120.23,200.0,0.2,INACTIVE
1774901094.0656219,168.0,120.27,200.0,0.24,INACTIVE
1774901094.081529,169.0,120.32,200.0,0.24,INACTIVE
1774901094.0975325,164.0,120.37,200.0,0.22,INACTIVE
1774901094.1134126,146.0,120.39,200.0,0.13,INACTIVE
1774901094.1293135,100.0,120.37,200.0,-0.1,INACTIVE
1774901094.145755,99.0,120.35,200.0,-0.11,INACTIVE
1774901094.1625414,99.0,120.33,200.0,-0.11,INACTIVE
1774901094.1780782,115.0,120.32,200.0,-0.03,INACTIVE
1774901094.1939547,114.0,120.32,200.0,-0.03,INACTIVE
1774901094.2099557,115.0,120.31,200.0,-0.03,INACTIVE
1774901094.2256873,109.0,120.3,200.0,-0.06,INACTIVE
1774901094.24143,101.0,120.28,200.0,-0.1,INACTIVE
1774901094.2576175,85.0,120.25,200.0,-0.18,INACTIVE
1774901094.2736893,91.0,120.22,200.0,-0.15,INACTIVE
1774901094.2896302,88.0,120.18,200.0,-0.16,INACTIVE
1774901094.3059072,90.0,120.15,200.0,-0.15,INACTIVE
1774901094.3220417,89.0,120.12,200.0,-0.16,INACTIVE
1774901094.3379796,85.0,120.09,200.0,-0.18,INACTIVE
1774901094.3534734,76.0,120.04,200.0,-0.22,INACTIVE
1774901094.3697543,77.0,120.0,200.0,-0.22,INACTIVE
1774901094.3869452,93.0,119.97,200.0,-0.13,INACTIVE
1774901094.4028764,155.0,120.01,200.0,0.17,INACTIVE
1774901094.4185307,200.0,120.09,200.0,0.4,INACTIVE
1774901094.4335842,202.0,120.17,200.0,0.41,INACTIVE
1774901094.449744,215.0,120.27,200.0,0.47,INACTIVE
1774901094.465715,222.0,120.37,200.0,0.51,INACTIVE
1774901094.4823937,181.0,120.43,200.0,0.3,INACTIVE
1774901094.4975276,151.0,120.46,200.0,0.15,INACTIVE
1774901094.5134652,154.0,120.49,200.0,0.17,INACTIVE
1774901094.52994,195.0,120.57,200.0,0.37,INACTIVE
1774901094.5455236,234.0,120.68,200.0,0.57,INACTIVE
1774901094.561831,225.0,120.78,200.0,0.52,INACTIVE
1774901094.5778224,224.0,120.89,200.0,0.52,INACTIVE
1774901094.5940895,256.0,121.02,200.0,0.67,INACTIVE
1774901094.609969,216.0,121.12,200.0,0.47,INACTIVE
1774901094.625618,180.0,121.18,200.0,0.29,INACTIVE
1774901094.641774,196.0,121.25,200.0,0.37,INACTIVE
1774901094.6577728,203.0,121.33,200.0,0.41,INACTIVE
1774901094.6738348,168.0,121.38,200.0,0.23,INACTIVE
1774901094.6897523,169.0,121.43,200.0,0.24,INACTIVE
1774901094.7062285,154.0,121.46,200.0,0.16,INACTIVE
1774901094.7213454,151.0,121.49,200.0,0.15,INACTIVE
1774901094.7378576,146.0,121.51,200.0,0.12,INACTIVE
1774901094.7538786,156.0,121.55,200.0,0.17,INACTIVE
1774901094.7694352,145.0,121.57,200.0,0.12,INACTIVE
1774901094.7862623,138.0,121.59,200.0,0.08,INACTIVE
1774901094.802358,115.0,121.58,200.0,-0.03,INACTIVE
1774901094.8179252,105.0,121.57,200.0,-0.08,INACTIVE
1774901094.8337882,93.0,121.54,200.0,-0.14,INACTIVE
1774901094.8495698,87.0,121.5,200.0,-0.17,INACTIVE
1774901094.8655431,85.0,121.47,200.0,-0.18,INACTIVE
1774901094.8813288,88.0,121.43,200.0,-0.17,INACTIVE
1774901094.8974574,87.0,121.4,200.0,-0.17,INACTIVE
1774901094.9136035,90.0,121.37,200.0,-0.16,INACTIVE
1774901094.929673,108.0,121.35,200.0,-0.07,INACTIVE
1774901094.9456758,144.0,121.38,200.0,0.11,INACTIVE
1774901094.9613883,153.0,121.41,200.0,0.16,INACTIVE
1774901094.9778416,159.0,121.44,200.0,0.19,INACTIVE
1774901094.993441,160.0,121.48,200.0,0.19,INACTIVE
1774901095.0096645,147.0,121.51,200.0,0.13,INACTIVE
1774901095.0259328,113.0,121.5,200.0,-0.04,INACTIVE
1774901095.0414853,110.0,121.49,200.0,-0.06,INACTIVE
1774901095.057667,118.0,121.49,200.0,-0.02,INACTIVE
1774901095.0735264,120.0,121.48,200.0,-0.01,INACTIVE
1774901095.08977,117.0,121.48,200.0,-0.02,INACTIVE
1774901095.1055727,112.0,121.47,200.0,-0.05,INACTIVE
1774901095.1215947,108.0,121.46,200.0,-0.07,INACTIVE
1774901095.1374938,105.0,121.44,200.0,-0.08,INACTIVE
1774901095.1535826,107.0,121.43,200.0,-0.07,INACTIVE
1774901095.1696203,133.0,121.44,200.0,0.06,INACTIVE
1774901095.1855388,141.0,121.46,200.0,0.1,INACTIVE
1774901095.2015953,162.0,121.5,200.0,0.2,INACTIVE
1774901095.2174277,169.0,121.54,200.0,0.24,INACTIVE
1774901095.2335799,168.0,121.59,200.0,0.23,INACTIVE
1774901095.249963,145.0,121.61,200.0,0.12,INACTIVE
1774901095.265324,159.0,121.65,200.0,0.19,INACTIVE
1774901095.2815278,131.0,121.66,200.0,0.05,INACTIVE
1774901095.2977014,123.0,121.66,200.0,0.01,INACTIVE
1774901095.3135254,123.0,121.66,200.0,0.01,INACTIVE
1774901095.3297153,123.0,121.67,200.0,0.01,INACTIVE
1774901095.3457925,108.0,121.65,200.0,-0.07,INACTIVE
1774901095.3615205,124.0,121.65,200.0,0.01,INACTIVE
1774901095.3777351,125.0,121.66,200.0,0.02,INACTIVE
1774901095.393525,124.0,121.66,200.0,0.01,INACTIVE
1774901095.409774,126.0,121.66,200.0,0.02,INACTIVE
1774901095.4258547,124.0,121.67,200.0,0.01,INACTIVE
1774901095.441651,108.0,121.65,200.0,-0.07,INACTIVE
1774901095.4574776,110.0,121.64,200.0,-0.06,INACTIVE
1774901095.4733658,115.0,121.63,200.0,-0.03,INACTIVE
1774901095.489485,119.0,121.63,200.0,-0.01,INACTIVE
1774901095.5057452,116.0,121.63,200.0,-0.03,INACTIVE
1774901095.521438,126.0,121.63,200.0,0.02,INACTIVE
1774901095.5378978,121.0,121.63,200.0,-0.0,INACTIVE
1774901095.5539865,115.0,121.62,200.0,-0.03,INACTIVE
1774901095.5697088,107.0,121.61,200.0,-0.07,INACTIVE
1774901095.5857577,108.0,121.6,200.0,-0.07,INACTIVE
1774901095.6017745,100.0,121.57,200.0,-0.11,INACTIVE
1774901095.6176958,91.0,121.54,200.0,-0.15,INACTIVE
1774901095.6335516,92.0,121.51,200.0,-0.15,INACTIVE
1774901095.6494894,91.0,121.48,200.0,-0.15,INACTIVE
1774901095.6656687,96.0,121.46,200.0,-0.13,INACTIVE
1774901095.6815717,94.0,121.43,200.0,-0.14,INACTIVE
1774901095.6976705,91.0,121.4,200.0,-0.15,INACTIVE
1774901095.7138932,85.0,121.36,200.0,-0.18,INACTIVE
1774901095.7294693,84.0,121.33,200.0,-0.19,INACTIVE
1774901095.7455661,80.0,121.28,200.0,-0.21,INACTIVE
1774901095.7616177,82.0,121.25,200.0,-0.2,INACTIVE
1774901095.7776864,86.0,121.21,200.0,-0.18,INACTIVE
1774901095.7943885,86.0,121.17,200.0,-0.18,INACTIVE
1774901095.809958,90.0,121.14,200.0,-0.16,INACTIVE
1774901095.8253522,94.0,121.12,200.0,-0.14,INACTIVE
1774901095.8418076,95.0,121.09,200.0,-0.13,INACTIVE
1774901095.8578103,97.0,121.07,200.0,-0.12,INACTIVE
1774901095.8736937,101.0,121.05,200.0,-0.1,INACTIVE
1774901095.890104,97.0,121.02,200.0,-0.12,INACTIVE
1774901095.9058466,91.0,120.99,200.0,-0.15,INACTIVE
1774901095.9223251,87.0,120.96,200.0,-0.17,INACTIVE
1774901095.9379337,85.0,120.92,200.0,-0.18,INACTIVE
1774901095.9536414,87.0,120.89,200.0,-0.17,INACTIVE
1774901095.969804,88.0,120.86,200.0,-0.16,INACTIVE
1774901095.9860241,87.0,120.82,200.0,-0.17,INACTIVE
1774901096.0026286,91.0,120.79,200.0,-0.15,INACTIVE
1774901096.017841,90.0,120.76,200.0,-0.15,INACTIVE
1774901096.0346127,83.0,120.72,200.0,-0.19,INACTIVE
1774901096.0500402,82.0,120.68,200.0,-0.19,INACTIVE
1774901096.0658824,83.0,120.65,200.0,-0.19,INACTIVE
1774901096.0823252,78.0,120.6,200.0,-0.21,INACTIVE
1774901096.0977898,78.0,120.56,200.0,-0.21,INACTIVE
1774901096.1139717,80.0,120.52,200.0,-0.2,INACTIVE
1774901096.130532,75.0,120.48,200.0,-0.23,INACTIVE
1774901096.1459007,75.0,120.43,200.0,-0.23,INACTIVE
1774901096.162099,75.0,120.38,200.0,-0.23,INACTIVE
1774901096.1782315,79.0,120.34,200.0,-0.21,INACTIVE
1774901096.1944191,80.0,120.3,200.0,-0.2,INACTIVE
1774901096.2106783,88.0,120.27,200.0,-0.16,INACTIVE
1774901096.2257183,88.0,120.24,200.0,-0.16,INACTIVE
1774901096.2422462,91.0,120.21,200.0,-0.15,INACTIVE
1774901096.2586107,87.0,120.18,200.0,-0.17,INACTIVE
1774901096.274565,85.0,120.14,200.0,-0.18,INACTIVE
1774901096.2901354,80.0,120.1,200.0,-0.2,INACTIVE
1774901096.3061707,82.0,120.06,200.0,-0.19,INACTIVE
1774901096.322373,81.0,120.02,200.0,-0.2,INACTIVE
1774901096.338336,86.0,119.99,200.0,-0.17,INACTIVE
1774901096.3543925,89.0,119.96,200.0,-0.15,INACTIVE
1774901096.370571,87.0,119.93,200.0,-0.16,INACTIVE
1774901096.3861253,86.0,119.89,200.0,-0.17,INACTIVE
1774901096.4028072,90.0,119.86,200.0,-0.15,INACTIVE
1774901096.4183426,94.0,119.84,200.0,-0.13,INACTIVE
1774901096.434648,95.0,119.81,200.0,-0.12,INACTIVE
1774901096.449791,101.0,119.79,200.0,-0.09,INACTIVE
1774901096.4676182,111.0,119.78,200.0,-0.04,INACTIVE
1774901096.482979,113.0,119.78,200.0,-0.03,INACTIVE
1774901096.4975708,127.0,119.78,200.0,0.04,INACTIVE
1774901096.513599,141.0,119.8,200.0,0.11,INACTIVE
1774901096.5297716,144.0,119.83,200.0,0.12,INACTIVE
1774901096.5471845,137.0,119.85,200.0,0.09,INACTIVE
1774901096.5620964,132.0,119.86,200.0,0.06,INACTIVE
1774901096.578651,117.0,119.86,200.0,-0.01,INACTIVE
1774901096.5936675,113.0,119.85,200.0,-0.03,INACTIVE
1774901096.6102204,106.0,119.83,200.0,-0.07,INACTIVE
1774901096.6256258,106.0,119.82,200.0,-0.07,INACTIVE
1774901096.6419814,105.0,119.81,200.0,-0.07,INACTIVE
1774901096.6578293,108.0,119.79,200.0,-0.06,INACTIVE
1774901096.6743922,111.0,119.79,200.0,-0.04,INACTIVE
1774901096.6899815,111.0,119.78,200.0,-0.04,INACTIVE
1774901096.7058458,109.0,119.77,200.0,-0.05,INACTIVE
1774901096.7218502,116.0,119.76,200.0,-0.02,INACTIVE
1774901096.737605,128.0,119.77,200.0,0.04,INACTIVE
1774901096.7545583,123.0,119.77,200.0,0.02,INACTIVE
1774901096.7699096,155.0,119.81,200.0,0.18,INACTIVE
1774901096.7855847,156.0,119.85,200.0,0.18,INACTIVE
1774901096.8014235,153.0,119.88,200.0,0.17,INACTIVE
1774901096.8177965,137.0,119.9,200.0,0.09,INACTIVE
1774901096.8340654,131.0,119.91,200.0,0.06,INACTIVE
1774901096.84971,99.0,119.89,200.0,-0.1,INACTIVE
1774901096.865765,100.0,119.87,200.0,-0.1,INACTIVE
1774901096.8819396,95.0,119.84,200.0,-0.12,INACTIVE
1774901096.8978732,91.0,119.81,200.0,-0.14,INACTIVE
1774901096.9139514,89.0,119.78,200.0,-0.15,INACTIVE
1774901096.9297655,85.0,119.75,200.0,-0.17,INACTIVE
1774901096.9469519,81.0,119.71,200.0,-0.19,INACTIVE
1774901096.9618382,79.0,119.67,200.0,-0.2,INACTIVE
1774901096.978185,78.0,119.63,200.0,-0.21,INACTIVE
1774901096.9943116,80.0,119.59,200.0,-0.2,INACTIVE
1774901097.0101812,87.0,119.55,200.0,-0.16,INACTIVE
1774901097.026046,91.0,119.52,200.0,-0.14,INACTIVE
1774901097.0418441,92.0,119.5,200.0,-0.14,INACTIVE
1774901097.0578682,93.0,119.47,200.0,-0.13,INACTIVE
1774901097.07428,91.0,119.44,200.0,-0.14,INACTIVE
1774901097.0900452,95.0,119.42,200.0,-0.12,INACTIVE
1774901097.105397,94.0,119.39,200.0,-0.13,INACTIVE
1774901097.1220596,96.0,119.37,200.0,-0.12,INACTIVE
1774901097.1380634,112.0,119.36,200.0,-0.04,INACTIVE
1774901097.1537066,131.0,119.37,200.0,0.06,INACTIVE
1774901097.1693187,139.0,119.39,200.0,0.1,INACTIVE
1774901097.1856375,144.0,119.42,200.0,0.12,INACTIVE
1774901097.2018304,158.0,119.46,200.0,0.19,INACTIVE
1774901097.2177587,146.0,119.48,200.0,0.13,INACTIVE
1774901097.23453,132.0,119.49,200.0,0.06,INACTIVE
1774901097.250626,112.0,119.49,200.0,-0.04,INACTIVE
1774901097.2667198,112.0,119.48,200.0,-0.04,INACTIVE
1774901097.2819583,99.0,119.46,200.0,-0.1,INACTIVE
1774901097.2975602,95.0,119.43,200.0,-0.12,INACTIVE
1774901097.3140578,98.0,119.41,200.0,-0.11,INACTIVE
1774901097.3317087,108.0,119.4,200.0,-0.06,INACTIVE
1774901097.3457153,105.0,119.39,200.0,-0.07,INACTIVE
1774901097.3622422,114.0,119.38,200.0,-0.03,INACTIVE
1774901097.377873,119.0,119.38,200.0,-0.0,INACTIVE
1774901097.3937945,117.0,119.38,200.0,-0.01,INACTIVE
1774901097.4099398,118.0,119.38,200.0,-0.01,INACTIVE
1774901097.4257634,116.0,119.37,200.0,-0.02,INACTIVE
1774901097.442055,114.0,119.37,200.0,-0.03,INACTIVE
1774901097.4581115,111.0,119.36,200.0,-0.04,INACTIVE
1774901097.4737318,115.0,119.36,200.0,-0.02,INACTIVE
1774901097.4899018,108.0,119.35,200.0,-0.06,INACTIVE
1774901097.506079,115.0,119.34,200.0,-0.02,INACTIVE
1774901097.5222714,108.0,119.33,200.0,-0.06,INACTIVE
1774901097.5380316,103.0,119.31,200.0,-0.08,INACTIVE
1774901097.5544014,92.0,119.29,200.0,-0.14,INACTIVE
1774901097.5701659,102.0,119.27,200.0,-0.09,INACTIVE
1774901097.5862284,96.0,119.25,200.0,-0.12,INACTIVE
1774901097.601501,99.0,119.23,200.0,-0.1,INACTIVE
1774901097.6179228,106.0,119.21,200.0,-0.07,INACTIVE
1774901097.6339607,107.0,119.2,200.0,-0.06,INACTIVE
1774901097.6498337,95.0,119.18,200.0,-0.12,INACTIVE
1774901097.6658063,88.0,119.14,200.0,-0.16,INACTIVE
1774901097.6817138,87.0,119.11,200.0,-0.16,INACTIVE
1774901097.697589,84.0,119.08,200.0,-0.18,INACTIVE
1774901097.7136662,87.0,119.05,200.0,-0.16,INACTIVE
1774901097.7297394,94.0,119.02,200.0,-0.13,INACTIVE
1774901097.7460194,99.0,119.0,200.0,-0.1,INACTIVE
1774901097.7625911,94.0,118.98,200.0,-0.12,INACTIVE
1774901097.7778685,95.0,118.95,200.0,-0.12,INACTIVE
1774901097.7937338,91.0,118.92,200.0,-0.14,INACTIVE
1774901097.810048,86.0,118.89,200.0,-0.16,INACTIVE
1774901097.825889,89.0,118.86,200.0,-0.15,INACTIVE
1774901097.842196,97.0,118.84,200.0,-0.11,INACTIVE
1774901097.8576717,100.0,118.82,200.0,-0.09,INACTIVE
1774901097.8736496,118.0,118.82,200.0,-0.0,INACTIVE
1774901097.8901672,117.0,118.82,200.0,-0.01,INACTIVE
1774901097.905601,118.0,118.82,200.0,-0.0,INACTIVE
1774901097.9216278,109.0,118.81,200.0,-0.05,INACTIVE
1774901097.9380484,104.0,118.79,200.0,-0.07,INACTIVE
1774901097.9542398,87.0,118.76,200.0,-0.16,INACTIVE
1774901097.9699516,94.0,118.74,200.0,-0.12,INACTIVE
1774901097.9860082,90.0,118.71,200.0,-0.14,INACTIVE
1774901098.001452,93.0,118.68,200.0,-0.13,INACTIVE
1774901098.0182009,94.0,118.66,200.0,-0.12,INACTIVE
1774901098.0336704,103.0,118.64,200.0,-0.08,INACTIVE
1774901098.0495734,98.0,118.62,200.0,-0.1,INACTIVE
1774901098.0657544,107.0,118.61,200.0,-0.06,INACTIVE
1774901098.0821052,107.0,118.6,200.0,-0.06,INACTIVE
1774901098.097613,106.0,118.58,200.0,-0.06,INACTIVE
1774901098.1139398,97.0,118.56,200.0,-0.11,INACTIVE
1774901098.1297429,97.0,118.54,200.0,-0.11,INACTIVE
1774901098.1456425,102.0,118.52,200.0,-0.08,INACTIVE
1774901098.1620705,147.0,118.55,200.0,0.14,INACTIVE
1774901098.1777036,168.0,118.6,200.0,0.25,INACTIVE
1774901098.193664,199.0,118.68,200.0,0.4,INACTIVE
1774901098.209464,229.0,118.79,200.0,0.55,INACTIVE
1774901098.2259574,247.0,118.92,200.0,0.64,INACTIVE
1774901098.2416086,227.0,119.03,200.0,0.54,INACTIVE
1774901098.2576528,234.0,119.14,200.0,0.57,INACTIVE
1774901098.2736714,226.0,119.25,200.0,0.53,INACTIVE
1774901098.289785,219.0,119.35,200.0,0.5,INACTIVE
1774901098.3057287,227.0,119.46,200.0,0.54,INACTIVE
1774901098.3217874,226.0,119.56,200.0,0.53,INACTIVE
1774901098.3375344,211.0,119.66,200.0,0.46,INACTIVE
1774901098.3536932,206.0,119.74,200.0,0.43,INACTIVE
1774901098.370207,235.0,119.86,200.0,0.58,INACTIVE
1774901098.385797,237.0,119.98,200.0,0.59,INACTIVE
1774901098.401814,232.0,120.09,200.0,0.56,INACTIVE
1774901098.4180148,238.0,120.2,200.0,0.59,INACTIVE
1774901098.4339182,224.0,120.31,200.0,0.52,INACTIVE
1774901098.449781,182.0,120.37,200.0,0.31,INACTIVE
1774901098.465753,200.0,120.45,200.0,0.4,INACTIVE
1774901098.48191,252.0,120.58,200.0,0.66,INACTIVE
1774901098.4978824,328.0,120.58,200.0,1.04,INACTIVE
1774901098.5138922,422.0,120.58,200.0,1.51,INACTIVE
1774901098.529808,508.0,120.58,200.0,1.94,INACTIVE
1774901098.5456347,526.0,120.58,200.0,2.03,INACTIVE
1774901098.5617666,485.0,120.58,200.0,1.82,INACTIVE
1774901098.5781374,403.0,120.58,200.0,1.41,INACTIVE
1774901098.593477,308.0,120.77,200.0,0.94,INACTIVE
1774901098.6103458,219.0,120.87,200.0,0.49,INACTIVE
1774901098.6262686,142.0,120.89,200.0,0.11,INACTIVE
1774901098.6421409,113.0,120.88,200.0,-0.04,INACTIVE
1774901098.65788,102.0,120.86,200.0,-0.09,INACTIVE
1774901098.6751797,114.0,120.85,200.0,-0.03,INACTIVE
1774901098.690021,183.0,120.92,200.0,0.31,INACTIVE
1774901098.7056777,247.0,121.04,200.0,0.63,INACTIVE
1774901098.7216797,326.0,121.04,200.0,1.02,INACTIVE
1774901098.7375183,379.0,121.04,200.0,1.29,INACTIVE
1774901098.7541645,412.0,121.04,200.0,1.45,INACTIVE
1774901098.770008,383.0,121.04,200.0,1.31,INACTIVE
1774901098.7854645,329.0,121.04,200.0,1.04,INACTIVE
1774901098.8018563,259.0,121.18,200.0,0.69,INACTIVE
1774901098.8174822,216.0,121.28,200.0,0.47,INACTIVE
1774901098.8339632,169.0,121.32,200.0,0.24,INACTIVE
1774901098.8496459,129.0,121.33,200.0,0.04,INACTIVE
1774901098.8656538,127.0,121.34,200.0,0.03,INACTIVE
1774901098.8823934,142.0,121.36,200.0,0.1,INACTIVE
1774901098.8980386,155.0,121.39,200.0,0.17,INACTIVE
1774901098.913641,158.0,121.43,200.0,0.18,INACTIVE
1774901098.929667,157.0,121.46,200.0,0.18,INACTIVE
1774901098.9455173,162.0,121.5,200.0,0.2,INACTIVE
1774901098.9627266,144.0,121.53,200.0,0.11,INACTIVE
1774901098.977655,138.0,121.54,200.0,0.08,INACTIVE
1774901098.9933538,143.0,121.56,200.0,0.11,INACTIVE
1774901099.009642,212.0,121.65,200.0,0.45,INACTIVE
1774901099.0268857,294.0,121.83,200.0,0.86,INACTIVE
1774901099.0416727,357.0,121.83,200.0,1.18,INACTIVE
1774901099.0576878,360.0,121.83,200.0,1.19,INACTIVE
1774901099.073475,365.0,121.83,200.0,1.22,INACTIVE
1774901099.0898337,341.0,121.83,200.0,1.1,INACTIVE
1774901099.1057668,284.0,121.99,200.0,0.81,INACTIVE
1774901099.1224174,254.0,122.12,200.0,0.66,INACTIVE
1774901099.1377547,258.0,122.26,200.0,0.68,INACTIVE
1774901099.15391,273.0,122.41,200.0,0.75,INACTIVE
1774901099.169888,241.0,122.53,200.0,0.59,INACTIVE
1774901099.1855903,209.0,122.61,200.0,0.43,INACTIVE
1774901099.20176,177.0,122.67,200.0,0.27,INACTIVE
1774901099.217669,162.0,122.71,200.0,0.2,INACTIVE
1774901099.233566,138.0,122.72,200.0,0.08,INACTIVE
1774901099.2496393,132.0,122.73,200.0,0.05,INACTIVE
1774901099.2659965,131.0,122.74,200.0,0.04,INACTIVE
1774901099.2821271,139.0,122.76,200.0,0.08,INACTIVE
1774901099.2989898,140.0,122.77,200.0,0.09,INACTIVE
1774901099.31403,149.0,122.8,200.0,0.13,INACTIVE
1774901099.3299894,145.0,122.82,200.0,0.11,INACTIVE
1774901099.3460715,149.0,122.85,200.0,0.13,INACTIVE
1774901099.3619003,133.0,122.86,200.0,0.05,INACTIVE
1774901099.3781965,121.0,122.86,200.0,-0.01,INACTIVE
1774901099.3937347,107.0,122.84,200.0,-0.08,INACTIVE
1774901099.410502,96.0,122.81,200.0,-0.13,INACTIVE
1774901099.426217,92.0,122.78,200.0,-0.15,INACTIVE
1774901099.4417222,92.0,122.75,200.0,-0.15,INACTIVE
1774901099.4582827,98.0,122.73,200.0,-0.12,INACTIVE
1774901099.4736965,95.0,122.7,200.0,-0.14,INACTIVE
1774901099.4897668,96.0,122.67,200.0,-0.13,INACTIVE
1774901099.5067408,91.0,122.64,200.0,-0.16,INACTIVE
1774901099.5222044,90.0,122.61,200.0,-0.16,INACTIVE
1774901099.5388963,90.0,122.58,200.0,-0.16,INACTIVE
1774901099.5548215,99.0,122.55,200.0,-0.12,INACTIVE
1774901099.5698423,109.0,122.54,200.0,-0.07,INACTIVE
1774901099.58588,112.0,122.53,200.0,-0.05,INACTIVE
1774901099.6018984,110.0,122.52,200.0,-0.06,INACTIVE
1774901099.617931,110.0,122.5,200.0,-0.06,INACTIVE
1774901099.634015,105.0,122.49,200.0,-0.09,INACTIVE
1774901099.6495693,101.0,122.46,200.0,-0.11,INACTIVE
1774901099.6656175,126.0,122.47,200.0,0.02,INACTIVE
1774901099.681593,131.0,122.48,200.0,0.04,INACTIVE
1774901099.6975853,135.0,122.49,200.0,0.06,INACTIVE
1774901099.7144861,137.0,122.5,200.0,0.07,INACTIVE
1774901099.7305703,136.0,122.52,200.0,0.07,INACTIVE
1774901099.745717,109.0,122.5,200.0,-0.07,INACTIVE
1774901099.761973,104.0,122.48,200.0,-0.09,INACTIVE
1774901099.7780297,94.0,122.46,200.0,-0.14,INACTIVE
1774901099.7943003,89.0,122.42,200.0,-0.17,INACTIVE
1774901099.809827,85.0,122.39,200.0,-0.19,INACTIVE
1774901099.8264139,83.0,122.35,200.0,-0.2,INACTIVE
1774901099.8415654,106.0,122.33,200.0,-0.08,INACTIVE
1774901099.8585186,195.0,122.4,200.0,0.36,INACTIVE
1774901099.8739548,310.0,122.59,200.0,0.94,INACTIVE
1774901099.8897207,365.0,122.59,200.0,1.21,INACTIVE
1774901099.9053738,405.0,122.59,200.0,1.41,INACTIVE
1774901099.9220989,416.0,122.59,200.0,1.47,INACTIVE
1774901099.938144,353.0,122.59,200.0,1.15,INACTIVE
1774901099.953541,256.0,122.72,200.0,0.67,INACTIVE
1774901099.9694989,227.0,122.83,200.0,0.52,INACTIVE
1774901099.9858654,206.0,122.91,200.0,0.42,INACTIVE
1774901100.0018148,198.0,122.99,200.0,0.38,INACTIVE
1774901100.0191686,191.0,123.05,200.0,0.34,INACTIVE
1774901100.0350838,186.0,123.12,200.0,0.31,INACTIVE
1774901100.0497537,184.0,123.18,200.0,0.3,INACTIVE
1774901100.0657043,181.0,123.24,200.0,0.29,INACTIVE
1774901100.0816157,193.0,123.31,200.0,0.35,INACTIVE
1774901100.0979009,230.0,123.41,200.0,0.53,INACTIVE
1774901100.1135948,314.0,123.6,200.0,0.95,INACTIVE
1774901100.129591,342.0,123.6,200.0,1.09,INACTIVE
1774901100.1458106,345.0,123.6,200.0,1.11,INACTIVE
1774901100.161778,355.0,123.6,200.0,1.16,INACTIVE
1774901100.1779602,322.0,123.8,200.0,0.99,INACTIVE
1774901100.19348,253.0,123.93,200.0,0.65,INACTIVE
1774901100.2095287,260.0,124.07,200.0,0.68,INACTIVE
1774901100.2254982,286.0,124.23,200.0,0.81,INACTIVE
1774901100.2420638,283.0,124.39,200.0,0.79,INACTIVE
1774901100.2577195,339.0,124.39,200.0,1.07,INACTIVE
1774901100.2737482,337.0,124.39,200.0,1.06,INACTIVE
1774901100.2896628,314.0,124.58,200.0,0.95,INACTIVE
1774901100.3054602,297.0,124.75,200.0,0.86,INACTIVE
1774901100.321721,268.0,124.89,200.0,0.72,INACTIVE
1774901100.338064,217.0,124.98,200.0,0.46,INACTIVE
1774901100.353802,202.0,125.06,200.0,0.38,INACTIVE
1774901100.369828,173.0,125.11,200.0,0.24,INACTIVE
1774901100.3857977,149.0,125.13,200.0,0.12,INACTIVE
1774901100.4017115,139.0,125.15,200.0,0.07,INACTIVE
1774901100.4177651,115.0,125.14,200.0,-0.05,INACTIVE
1774901100.4341128,100.0,125.11,200.0,-0.13,INACTIVE
1774901100.4497373,92.0,125.08,200.0,-0.17,INACTIVE
1774901100.4657571,89.0,125.04,200.0,-0.18,INACTIVE
1774901100.4817896,92.0,125.01,200.0,-0.17,INACTIVE
1774901100.497911,95.0,124.98,200.0,-0.15,INACTIVE
1774901100.5137007,101.0,124.96,200.0,-0.12,INACTIVE
1774901100.5298135,130.0,124.96,200.0,0.03,INACTIVE
1774901100.5456796,181.0,125.02,200.0,0.28,INACTIVE
1774901100.561704,248.0,125.14,200.0,0.61,INACTIVE
1774901100.5778542,264.0,125.28,200.0,0.69,INACTIVE
1774901100.5940733,274.0,125.43,200.0,0.74,INACTIVE
1774901100.6097882,268.0,125.57,200.0,0.71,INACTIVE
1774901100.6257436,248.0,125.69,200.0,0.61,INACTIVE
1774901100.6416614,204.0,125.77,200.0,0.39,INACTIVE
1774901100.6581018,213.0,125.86,200.0,0.44,INACTIVE
1774901100.6735072,229.0,125.96,200.0,0.52,INACTIVE
1774901100.6898417,224.0,126.06,200.0,0.49,INACTIVE
1774901100.7060726,218.0,126.15,200.0,0.46,INACTIVE
1774901100.7216263,221.0,126.25,200.0,0.47,INACTIVE
1774901100.7380645,224.0,126.34,200.0,0.49,INACTIVE
1774901100.753826,208.0,126.42,200.0,0.41,INACTIVE
1774901100.7701046,208.0,126.51,200.0,0.41,INACTIVE
1774901100.7857854,193.0,126.57,200.0,0.33,INACTIVE
1774901100.8016982,180.0,126.63,200.0,0.27,INACTIVE
1774901100.8174157,168.0,126.67,200.0,0.21,INACTIVE
1774901100.834149,161.0,126.7,200.0,0.17,INACTIVE
1774901100.8496425,159.0,126.73,200.0,0.16,INACTIVE
1774901100.8656535,153.0,126.76,200.0,0.13,INACTIVE
1774901100.881542,145.0,126.78,200.0,0.09,INACTIVE
1774901100.8978808,132.0,126.78,200.0,0.03,INACTIVE
1774901100.9140453,128.0,126.79,200.0,0.01,INACTIVE
1774901100.9301002,124.0,126.78,200.0,-0.01,INACTIVE
1774901100.9455507,128.0,126.78,200.0,0.01,INACTIVE
1774901100.9618335,120.0,126.78,200.0,-0.03,INACTIVE
1774901100.9779959,111.0,126.76,200.0,-0.08,INACTIVE
1774901100.9939609,107.0,126.74,200.0,-0.1,INACTIVE
1774901101.010556,99.0,126.71,200.0,-0.14,INACTIVE
1774901101.0261884,93.0,126.68,200.0,-0.17,INACTIVE
1774901101.042279,91.0,126.64,200.0,-0.18,INACTIVE
1774901101.0580993,94.0,126.61,200.0,-0.16,INACTIVE
1774901101.0744352,96.0,126.58,200.0,-0.15,INACTIVE
1774901101.0895982,90.0,126.54,200.0,-0.18,INACTIVE
1774901101.1069913,89.0,126.51,200.0,-0.19,INACTIVE
1774901101.1220784,90.0,126.47,200.0,-0.18,INACTIVE
1774901101.1383135,92.0,126.44,200.0,-0.17,INACTIVE
1774901101.1544423,95.0,126.4,200.0,-0.16,INACTIVE
1774901101.1702504,100.0,126.38,200.0,-0.13,INACTIVE
1774901101.185804,99.0,126.35,200.0,-0.14,INACTIVE
1774901101.2018955,104.0,126.33,200.0,-0.11,INACTIVE
1774901101.218114,102.0,126.3,200.0,-0.12,INACTIVE
1774901101.2340827,94.0,126.27,200.0,-0.16,INACTIVE
1774901101.250705,93.0,126.24,200.0,-0.17,INACTIVE
1774901101.265766,91.0,126.2,200.0,-0.18,INACTIVE
1774901101.282091,86.0,126.16,200.0,-0.2,INACTIVE
1774901101.2981312,96.0,126.13,200.0,-0.15,INACTIVE
1774901101.3140938,99.0,126.11,200.0,-0.14,INACTIVE
1774901101.3298867,103.0,126.08,200.0,-0.12,INACTIVE
1774901101.3457675,113.0,126.07,200.0,-0.07,INACTIVE
1774901101.3618805,125.0,126.07,200.0,-0.01,INACTIVE
1774901101.3778908,122.0,126.06,200.0,-0.02,INACTIVE
1774901101.3936093,127.0,126.07,200.0,0.0,INACTIVE
1774901101.4097447,130.0,126.07,200.0,0.02,INACTIVE
1774901101.4258475,144.0,126.09,200.0,0.09,INACTIVE
1774901101.4420714,140.0,126.1,200.0,0.07,INACTIVE
1774901101.4578085,137.0,126.11,200.0,0.05,INACTIVE
1774901101.473895,149.0,126.14,200.0,0.11,INACTIVE
1774901101.4898756,223.0,126.23,200.0,0.48,INACTIVE
1774901101.5060017,269.0,126.37,200.0,0.71,INACTIVE
1774901101.521773,327.0,126.37,200.0,1.0,INACTIVE
1774901101.5376627,390.0,126.37,200.0,1.32,INACTIVE
1774901101.554271,435.0,126.37,200.0,1.54,INACTIVE
1774901101.5698252,425.0,126.37,200.0,1.49,INACTIVE
1774901101.585687,430.0,126.37,200.0,1.52,INACTIVE
1774901101.6015027,420.0,126.37,200.0,1.47,INACTIVE
1774901101.6174884,402.0,126.37,200.0,1.38,INACTIVE
1774901101.6337714,395.0,126.37,200.0,1.34,INACTIVE
1774901101.6502967,345.0,126.37,200.0,1.09,INACTIVE
1774901101.666304,282.0,126.53,200.0,0.78,INACTIVE
1774901101.6816823,228.0,126.63,200.0,0.51,INACTIVE
1774901101.6982877,190.0,126.7,200.0,0.32,INACTIVE
1774901101.713549,143.0,126.71,200.0,0.08,INACTIVE
1774901101.7295682,132.0,126.72,200.0,0.03,INACTIVE
1774901101.7455907,127.0,126.72,200.0,0.0,INACTIVE
1774901101.761728,125.0,126.72,200.0,-0.01,INACTIVE
1774901101.7779138,117.0,126.71,200.0,-0.05,INACTIVE
1774901101.7943184,112.0,126.69,200.0,-0.07,INACTIVE
1774901101.8103175,114.0,126.68,200.0,-0.06,INACTIVE
1774901101.825721,145.0,126.7,200.0,0.09,INACTIVE
1774901101.8418305,164.0,126.73,200.0,0.19,INACTIVE
1774901101.8582225,178.0,126.79,200.0,0.26,INACTIVE
1774901101.873991,210.0,126.87,200.0,0.42,INACTIVE
1774901101.8901513,223.0,126.96,200.0,0.48,INACTIVE
1774901101.906421,214.0,127.05,200.0,0.43,INACTIVE
1774901101.9221754,203.0,127.13,200.0,0.38,INACTIVE
1774901101.937664,208.0,127.21,200.0,0.4,INACTIVE
1774901101.9532332,180.0,127.26,200.0,0.26,INACTIVE
1774901101.969439,161.0,127.29,200.0,0.17,INACTIVE
1774901101.985425,143.0,127.31,200.0,0.08,INACTIVE
1774901102.0013971,138.0,127.32,200.0,0.05,INACTIVE
1774901102.0174923,126.0,127.32,200.0,-0.01,INACTIVE
1774901102.034229,121.0,127.31,200.0,-0.03,INACTIVE
1774901102.0502777,114.0,127.3,200.0,-0.07,INACTIVE
1774901102.065425,104.0,127.28,200.0,-0.12,INACTIVE
1774901102.0814335,94.0,127.24,200.0,-0.17,INACTIVE
1774901102.097409,85.0,127.2,200.0,-0.21,INACTIVE
1774901102.1136816,84.0,127.16,200.0,-0.22,INACTIVE
1774901102.1294568,86.0,127.12,200.0,-0.21,INACTIVE
1774901102.1455112,86.0,127.08,200.0,-0.21,INACTIVE
1774901102.1614447,89.0,127.04,200.0,-0.19,INACTIVE
1774901102.1777651,87.0,127.0,200.0,-0.2,INACTIVE
1774901102.1934247,84.0,126.95,200.0,-0.21,INACTIVE
1774901102.2094364,80.0,126.91,200.0,-0.23,INACTIVE
1774901102.2253375,79.0,126.86,200.0,-0.24,INACTIVE
1774901102.2416005,81.0,126.81,200.0,-0.23,INACTIVE
1774901102.2574348,86.0,126.77,200.0,-0.2,INACTIVE
1774901102.2736814,87.0,126.73,200.0,-0.2,INACTIVE
1774901102.2897778,97.0,126.7,200.0,-0.15,INACTIVE
1774901102.3057797,112.0,126.69,200.0,-0.07,INACTIVE
1774901102.3216045,174.0,126.74,200.0,0.24,INACTIVE
1774901102.3373349,223.0,126.83,200.0,0.48,INACTIVE
1774901102.3534558,285.0,126.99,200.0,0.79,INACTIVE
1774901102.3693366,306.0,127.17,200.0,0.89,INACTIVE
1774901102.38538,301.0,127.34,200.0,0.87,INACTIVE
1774901102.4013944,244.0,127.46,200.0,0.58,INACTIVE
1774901102.4176068,208.0,127.54,200.0,0.4,INACTIVE
1774901102.4335449,152.0,127.57,200.0,0.12,INACTIVE
1774901102.4495854,151.0,127.59,200.0,0.12,INACTIVE
1774901102.4661565,153.0,127.61,200.0,0.13,INACTIVE
1774901102.4818106,155.0,127.64,200.0,0.14,INACTIVE
1774901102.4976459,149.0,127.66,200.0,0.11,INACTIVE
1774901102.5142343,147.0,127.68,200.0,0.1,INACTIVE
1774901102.5298324,148.0,127.7,200.0,0.1,INACTIVE
1774901102.5458043,179.0,127.75,200.0,0.26,INACTIVE
1774901102.5614233,205.0,127.83,200.0,0.39,INACTIVE
1774901102.5784366,220.0,127.92,200.0,0.46,INACTIVE
1774901102.5938559,248.0,128.04,200.0,0.6,INACTIVE
1774901102.6094284,251.0,128.17,200.0,0.61,INACTIVE
1774901102.6254387,232.0,128.27,200.0,0.52,INACTIVE
1774901102.6419795,208.0,128.35,200.0,0.4,INACTIVE
1774901102.657724,210.0,128.43,200.0,0.41,INACTIVE
1774901102.6736147,217.0,128.52,200.0,0.44,INACTIVE
1774901102.6896386,222.0,128.61,200.0,0.47,INACTIVE
1774901102.7059155,228.0,128.71,200.0,0.5,INACTIVE
1774901102.7215543,245.0,128.83,200.0,0.58,INACTIVE
1774901102.7373364,238.0,128.94,200.0,0.55,INACTIVE
1774901102.753327,235.0,129.04,200.0,0.53,INACTIVE
1774901102.7694297,224.0,129.14,200.0,0.47,INACTIVE
1774901102.7856338,214.0,129.22,200.0,0.42,INACTIVE
1774901102.801535,212.0,129.31,200.0,0.41,INACTIVE
1774901102.8174307,218.0,129.4,200.0,0.44,INACTIVE
1774901102.8335412,201.0,129.47,200.0,0.36,INACTIVE
1774901102.8496,195.0,129.53,200.0,0.33,INACTIVE
1774901102.8655274,211.0,129.61,199.98,0.41,INACTIVE
1774901102.8813367,217.0,129.7,199.9,0.44,INACTIVE
1774901102.8974013,230.0,129.8,199.82,0.5,INACTIVE
1774901102.9138103,250.0,129.92,199.76,0.6,INACTIVE
1774901102.9293745,270.0,130.06,199.71,0.7,INACTIVE
1774901102.9454288,256.0,130.19,199.65,0.63,INACTIVE
1774901102.961392,248.0,130.31,199.58,0.59,INACTIVE
1774901102.9776256,241.0,130.42,199.51,0.55,INACTIVE
1774901102.9935389,218.0,130.5,199.43,0.44,INACTIVE
1774901103.0093005,193.0,130.57,199.34,0.31,INACTIVE
1774901103.025427,196.0,130.63,199.25,0.33,INACTIVE
1774901103.0413694,183.0,130.68,199.16,0.26,INACTIVE
1774901103.0578918,152.0,130.71,199.06,0.11,INACTIVE
1774901103.0735404,146.0,130.72,198.96,0.08,INACTIVE
1774901103.089319,156.0,130.75,198.87,0.13,INACTIVE
1774901103.1053383,149.0,130.76,198.77,0.09,INACTIVE
1774901103.1215987,177.0,130.81,198.67,0.23,INACTIVE
1774901103.1374075,204.0,130.88,198.59,0.37,INACTIVE
1774901103.1534045,202.0,130.96,198.5,0.36,INACTIVE
1774901103.1693113,181.0,131.01,198.41,0.25,INACTIVE
1774901103.1857471,166.0,131.04,198.31,0.18,INACTIVE
1774901103.201892,129.0,131.04,198.21,-0.01,INACTIVE
1774901103.217417,103.0,131.01,198.12,-0.14,INACTIVE
1774901103.234775,100.0,130.98,198.02,-0.16,INACTIVE
1774901103.2497714,101.0,130.95,197.92,-0.15,INACTIVE
1774901103.265687,104.0,130.92,197.82,-0.14,INACTIVE
1774901103.2816865,102.0,130.89,197.73,-0.15,INACTIVE
1774901103.2976608,108.0,130.87,197.63,-0.12,INACTIVE
1774901103.3138056,120.0,130.86,197.53,-0.05,INACTIVE
1774901103.3296235,121.0,130.85,197.43,-0.05,INACTIVE
1774901103.3454776,120.0,130.84,197.33,-0.05,INACTIVE
1774901103.3617034,121.0,130.83,197.24,-0.05,INACTIVE
1774901103.3776238,118.0,130.82,197.14,-0.07,INACTIVE
1774901103.394181,103.0,130.79,197.04,-0.14,INACTIVE
1774901103.4099858,99.0,130.76,196.95,-0.16,INACTIVE
1774901103.4259245,93.0,130.72,196.85,-0.19,INACTIVE
1774901103.4415972,94.0,130.68,196.76,-0.19,INACTIVE
1774901103.4576812,97.0,130.65,196.66,-0.17,INACTIVE
1774901103.4737623,100.0,130.62,196.56,-0.16,INACTIVE
1774901103.4902532,115.0,130.6,196.47,-0.08,INACTIVE
1774901103.5058277,123.0,130.59,196.37,-0.04,INACTIVE
1774901103.522111,118.0,130.58,196.27,-0.06,INACTIVE
1774901103.5379968,111.0,130.56,196.17,-0.1,INACTIVE
1774901103.5535178,107.0,130.54,196.08,-0.12,INACTIVE
1774901103.5702946,94.0,130.5,195.98,-0.19,INACTIVE
1774901103.5858653,93.0,130.47,195.89,-0.19,INACTIVE
1774901103.6020374,101.0,130.44,195.79,-0.15,INACTIVE
1774901103.6181614,115.0,130.42,195.69,-0.08,INACTIVE
1774901103.6334043,110.0,130.4,195.6,-0.1,INACTIVE
1774901103.6496983,106.0,130.38,195.5,-0.12,INACTIVE
1774901103.665907,104.0,130.35,195.41,-0.13,INACTIVE
1774901103.681684,97.0,130.32,195.31,-0.17,INACTIVE
1774901103.697867,80.0,130.27,195.22,-0.26,INACTIVE
1774901103.7141528,80.0,130.22,195.13,-0.26,INACTIVE
1774901103.7296932,81.0,130.17,195.04,-0.25,INACTIVE
1774901103.745546,80.0,130.12,194.95,-0.26,INACTIVE
1774901103.7620704,78.0,130.06,194.86,-0.27,INACTIVE
1774901103.7778568,80.0,130.01,194.76,-0.26,INACTIVE
1774901103.79388,80.0,129.96,194.67,-0.26,INACTIVE
1774901103.8106616,77.0,129.91,194.58,-0.27,INACTIVE
1774901103.8256779,73.0,129.85,194.49,-0.29,INACTIVE
1774901103.8420563,69.0,129.79,194.41,-0.31,INACTIVE
1774901103.8575132,68.0,129.73,194.32,-0.32,INACTIVE
1774901103.873466,68.0,129.67,194.23,-0.32,INACTIVE
1774901103.889547,66.0,129.61,194.14,-0.33,INACTIVE
1774901103.9054263,71.0,129.55,194.06,-0.3,INACTIVE
1774901103.9214282,78.0,129.5,193.97,-0.27,INACTIVE
1774901103.9375372,83.0,129.45,193.87,-0.24,INACTIVE
1774901103.953487,86.0,129.41,193.78,-0.22,INACTIVE
1774901103.9696946,95.0,129.37,193.69,-0.18,INACTIVE
1774901103.9854262,94.0,129.34,193.6,-0.18,INACTIVE
1774901104.0016973,89.0,129.3,193.5,-0.21,INACTIVE
1774901104.0175667,97.0,129.26,193.41,-0.17,INACTIVE
1774901104.0337389,102.0,129.24,193.31,-0.14,INACTIVE
1774901104.0500765,97.0,129.2,193.22,-0.17,INACTIVE
1774901104.0657945,102.0,129.18,193.13,-0.14,INACTIVE
1774901104.0817404,109.0,129.16,193.03,-0.1,INACTIVE
1774901104.0978844,97.0,129.12,192.94,-0.17,INACTIVE
1774901104.1134212,89.0,129.08,192.84,-0.21,INACTIVE
1774901104.1299756,90.0,129.04,192.75,-0.2,INACTIVE
1774901104.1459582,85.0,129.0,192.66,-0.23,INACTIVE
1774901104.16182,80.0,128.95,192.57,-0.25,INACTIVE
1774901104.1784627,82.0,128.9,192.48,-0.24,INACTIVE
1774901104.1944878,84.0,128.86,192.39,-0.23,INACTIVE
1774901104.2098677,86.0,128.82,192.3,-0.22,INACTIVE
1774901104.2262383,88.0,128.78,192.2,-0.21,INACTIVE
1774901104.2416403,119.0,128.77,192.11,-0.05,INACTIVE
1774901104.2578154,178.0,128.82,192.02,0.26,INACTIVE
1774901104.2733896,223.0,128.91,191.95,0.49,INACTIVE
1774901104.2899384,285.0,129.07,191.91,0.81,INACTIVE
1774901104.305902,363.0,129.07,191.96,1.22,INACTIVE
1774901104.3217547,414.0,129.07,192.08,1.48,INACTIVE
1774901104.3381631,428.0,129.07,192.21,1.56,INACTIVE
1774901104.3540912,463.0,129.07,192.41,1.74,INACTIVE
1774901104.3704007,473.0,129.07,192.62,1.79,INACTIVE
1774901104.385319,462.0,129.07,192.81,1.73,INACTIVE
1774901104.4017303,441.0,129.07,192.96,1.62,INACTIVE
1774901104.4176896,405.0,129.07,193.06,1.43,INACTIVE
1774901104.4335845,358.0,129.07,193.1,1.19,INACTIVE
1774901104.4498918,319.0,129.26,193.1,0.98,INACTIVE
1774901104.465508,280.0,129.41,193.06,0.78,INACTIVE
1774901104.4816678,248.0,129.53,193.0,0.61,INACTIVE
1774901104.4978821,256.0,129.65,192.95,0.65,INACTIVE
1774901104.5138576,279.0,129.8,192.91,0.77,INACTIVE
1774901104.5297658,308.0,129.98,192.9,0.92,INACTIVE
1774901104.5463815,316.0,130.17,192.89,0.96,INACTIVE
1774901104.5614848,329.0,130.17,192.89,1.03,INACTIVE
1774901104.577793,303.0,130.34,192.88,0.9,INACTIVE
1774901104.5935996,275.0,130.48,192.83,0.75,INACTIVE
1774901104.6094096,248.0,130.6,192.77,0.61,INACTIVE
1774901104.6258445,244.0,130.71,192.71,0.59,INACTIVE
1774901104.6418097,245.0,130.83,192.65,0.59,INACTIVE
1774901104.6573353,271.0,130.97,192.6,0.73,INACTIVE
1774901104.6736176,296.0,131.13,192.58,0.86,INACTIVE
1774901104.6896646,302.0,131.3,192.56,0.89,INACTIVE
1774901104.7061067,317.0,131.49,192.55,0.96,INACTIVE
1774901104.7217271,321.0,131.68,192.55,0.98,INACTIVE
1774901104.737977,311.0,131.86,192.53,0.93,INACTIVE
1774901104.7544255,298.0,132.02,192.51,0.86,INACTIVE
1774901104.7699628,281.0,132.17,192.47,0.77,INACTIVE
1774901104.7860825,266.0,132.31,192.42,0.69,INACTIVE
1774901104.8017013,234.0,132.41,192.35,0.53,INACTIVE
1774901104.8176556,196.0,132.47,192.27,0.33,INACTIVE
1774901104.8337564,165.0,132.51,192.17,0.17,INACTIVE
1774901104.8493583,190.0,132.56,192.08,0.3,INACTIVE
1774901104.8655705,194.0,132.62,192.0,0.32,INACTIVE
1774901104.881761,232.0,132.72,191.93,0.52,INACTIVE
1774901104.8978515,269.0,132.86,191.88,0.71,INACTIVE
1774901104.9138222,299.0,133.03,191.86,0.87,INACTIVE
1774901104.9297006,286.0,133.18,191.82,0.8,INACTIVE
1774901104.9455044,281.0,133.33,191.78,0.77,INACTIVE
1774901104.961617,242.0,133.44,191.72,0.57,INACTIVE
1774901104.977789,214.0,133.52,191.64,0.42,INACTIVE
1774901104.9933197,185.0,133.57,191.55,0.27,INACTIVE
1774901105.009657,151.0,133.59,191.45,0.09,INACTIVE
1774901105.0253427,122.0,133.57,191.36,-0.06,INACTIVE
1774901105.0414743,114.0,133.55,191.26,-0.1,INACTIVE
1774901105.0574305,108.0,133.53,191.17,-0.13,INACTIVE
1774901105.0733578,103.0,133.5,191.08,-0.16,INACTIVE
1774901105.0893607,99.0,133.46,190.98,-0.18,INACTIVE
1774901105.1064005,100.0,133.43,190.89,-0.18,INACTIVE
1774901105.1220422,96.0,133.39,190.8,-0.2,INACTIVE
1774901105.1379914,99.0,133.36,190.71,-0.18,INACTIVE
1774901105.1536973,124.0,133.35,190.61,-0.05,INACTIVE
1774901105.1698375,149.0,133.36,190.52,0.08,INACTIVE
1774901105.1857119,173.0,133.4,190.43,0.21,INACTIVE
1774901105.2024379,185.0,133.46,190.34,0.27,INACTIVE
1774901105.2182546,207.0,133.53,190.26,0.39,INACTIVE
1774901105.2336202,195.0,133.59,190.17,0.32,INACTIVE
1774901105.2497566,185.0,133.64,190.08,0.27,INACTIVE
1774901105.2666018,173.0,133.68,189.99,0.21,INACTIVE
1774901105.2822382,176.0,133.72,189.9,0.22,INACTIVE
1774901105.298255,174.0,133.76,189.81,0.21,INACTIVE
1774901105.3145394,194.0,133.82,189.73,0.32,INACTIVE
1774901105.3299124,230.0,133.92,189.66,0.51,INACTIVE
1774901105.3460248,248.0,134.03,189.6,0.6,INACTIVE
1774901105.362342,268.0,134.17,189.55,0.71,INACTIVE
1774901105.37926,278.0,134.31,189.51,0.76,INACTIVE
1774901105.3938682,278.0,134.46,189.47,0.76,INACTIVE
1774901105.4101737,274.0,134.6,189.42,0.74,INACTIVE
1774901105.4270916,266.0,134.73,189.38,0.69,INACTIVE
1774901105.4421034,239.0,134.83,189.31,0.55,INACTIVE
1774901105.45737,208.0,134.9,189.23,0.39,INACTIVE
1774901105.4740438,189.0,134.96,189.14,0.29,INACTIVE
1774901105.4905245,162.0,134.99,189.05,0.14,INACTIVE
1774901105.5071833,175.0,135.03,188.96,0.21,INACTIVE
1774901105.5221348,198.0,135.09,188.88,0.33,INACTIVE
1774901105.5380833,203.0,135.16,188.79,0.36,INACTIVE
1774901105.5545437,188.0,135.21,188.71,0.28,INACTIVE
1774901105.5702646,174.0,135.25,188.62,0.21,INACTIVE
1774901105.5863886,136.0,135.25,188.52,0.0,INACTIVE
1774901105.602426,110.0,135.22,188.43,-0.13,INACTIVE
1774901105.619138,109.0,135.2,188.34,-0.14,INACTIVE
1774901105.6334994,119.0,135.18,188.24,-0.09,INACTIVE
1774901105.6499398,136.0,135.18,188.15,0.0,INACTIVE
1774901105.6658752,166.0,135.21,188.06,0.16,INACTIVE
1774901105.6823184,188.0,135.27,187.97,0.28,INACTIVE
1774901105.6985292,208.0,135.34,187.89,0.39,INACTIVE
1774901105.7143872,204.0,135.41,187.81,0.37,INACTIVE
1774901105.7300534,185.0,135.46,187.72,0.26,INACTIVE
1774901105.7465327,164.0,135.49,187.63,0.15,INACTIVE
1774901105.7633908,142.0,135.49,187.54,0.03,INACTIVE
1774901105.7785163,137.0,135.49,187.44,0.01,INACTIVE
1774901105.7953887,130.0,135.49,187.35,-0.03,INACTIVE
1774901105.8102334,136.0,135.49,187.26,0.0,INACTIVE
1774901105.8261507,134.0,135.49,187.16,-0.01,INACTIVE
1774901105.8414228,160.0,135.51,187.07,0.13,INACTIVE
1774901105.859086,170.0,135.55,186.98,0.18,INACTIVE
1774901105.874654,208.0,135.62,186.9,0.39,INACTIVE
1774901105.8901763,246.0,135.73,186.84,0.59,INACTIVE
1774901105.905657,283.0,135.88,186.8,0.79,INACTIVE
1774901105.9219282,287.0,136.03,186.77,0.81,INACTIVE
1774901105.9383447,287.0,136.18,186.74,0.81,INACTIVE
1774901105.9536207,278.0,136.32,186.7,0.76,INACTIVE
1774901105.9703462,274.0,136.46,186.66,0.74,INACTIVE
1774901105.9857528,265.0,136.59,186.61,0.69,INACTIVE
1774901106.001578,250.0,136.7,186.55,0.61,INACTIVE
1774901106.017979,249.0,136.81,186.49,0.6,INACTIVE
1774901106.0335402,248.0,136.92,186.43,0.6,INACTIVE
1774901106.0498102,210.0,137.0,186.35,0.39,INACTIVE
1774901106.0654788,185.0,137.04,186.26,0.26,INACTIVE
1774901106.0817416,203.0,137.11,186.18,0.35,INACTIVE
1774901106.0973518,215.0,137.19,186.1,0.42,INACTIVE
1774901106.113503,208.0,137.26,186.03,0.38,INACTIVE
1774901106.1313875,205.0,137.33,185.94,0.36,INACTIVE
1774901106.1469543,197.0,137.39,185.86,0.32,INACTIVE
1774901106.162053,159.0,137.41,185.77,0.12,INACTIVE
1774901106.1784549,115.0,137.39,185.68,-0.12,INACTIVE
1774901106.1950076,100.0,137.35,185.59,-0.2,INACTIVE
1774901106.210386,103.0,137.31,185.5,-0.18,INACTIVE
1774901106.2269611,121.0,137.3,185.41,-0.09,INACTIVE
1774901106.2424328,125.0,137.29,185.31,-0.07,INACTIVE
1774901106.258943,126.0,137.27,185.22,-0.06,INACTIVE
1774901106.2740953,124.0,137.26,185.13,-0.07,INACTIVE
1774901106.2909412,119.0,137.24,185.04,-0.1,INACTIVE
1774901106.3065052,101.0,137.21,184.95,-0.2,INACTIVE
1774901106.322382,159.0,137.23,184.86,0.12,INACTIVE
1774901106.3390183,204.0,137.29,184.78,0.36,INACTIVE
1774901106.354072,271.0,137.43,184.73,0.72,INACTIVE
1774901106.371401,329.0,137.43,184.74,1.04,INACTIVE
1774901106.3864272,356.0,137.43,184.78,1.18,INACTIVE
1774901106.4019442,304.0,137.59,184.76,0.9,INACTIVE
1774901106.4186404,266.0,137.72,184.71,0.69,INACTIVE
1774901106.4335306,197.0,137.78,184.63,0.32,INACTIVE
1774901106.4496772,161.0,137.81,184.54,0.13,INACTIVE
1774901106.4659588,144.0,137.81,184.45,0.03,INACTIVE
1774901106.482143,156.0,137.83,184.36,0.1,INACTIVE
1774901106.497818,156.0,137.85,184.26,0.1,INACTIVE
1774901106.5140023,158.0,137.87,184.17,0.11,INACTIVE
1774901106.5301218,139.0,137.87,184.08,0.01,INACTIVE
1774901106.5470648,152.0,137.88,183.99,0.08,INACTIVE
1774901106.5626042,190.0,137.94,183.91,0.28,INACTIVE
1774901106.5785456,236.0,138.03,183.84,0.53,INACTIVE
1774901106.5946097,298.0,138.19,183.82,0.87,INACTIVE
1774901106.6103046,370.0,138.19,183.87,1.26,INACTIVE
1774901106.6260934,419.0,138.19,183.99,1.53,INACTIVE
1774901106.6420708,392.0,138.19,184.08,1.38,INACTIVE
1774901106.6580245,344.0,138.19,184.1,1.12,INACTIVE
1774901106.6739905,277.0,138.33,184.06,0.75,INACTIVE
1774901106.6906176,201.0,138.4,183.98,0.34,INACTIVE
1774901106.705861,127.0,138.38,183.89,-0.06,INACTIVE
1774901106.7222474,94.0,138.34,183.8,-0.24,INACTIVE
1774901106.7376559,88.0,138.29,183.72,-0.27,INACTIVE
1774901106.753831,92.0,138.24,183.63,-0.25,INACTIVE
1774901106.7699902,112.0,138.22,183.54,-0.14,INACTIVE
1774901106.785361,150.0,138.23,183.45,0.06,INACTIVE
1774901106.8018634,213.0,138.3,183.37,0.41,INACTIVE
1774901106.8177505,251.0,138.42,183.31,0.61,INACTIVE
1774901106.8338892,274.0,138.55,183.27,0.74,INACTIVE
1774901106.849856,284.0,138.7,183.24,0.79,INACTIVE
1774901106.8655207,262.0,138.82,183.19,0.67,INACTIVE
1774901106.8818657,214.0,138.9,183.11,0.41,INACTIVE
1774901106.8974183,189.0,138.95,183.03,0.27,INACTIVE
1774901106.9135218,175.0,138.98,182.94,0.2,INACTIVE
1774901106.929421,150.0,138.99,182.85,0.06,INACTIVE
1774901106.9456837,151.0,139.0,182.76,0.07,INACTIVE
1774901106.9617054,143.0,139.01,182.67,0.02,INACTIVE
1774901106.9773521,144.0,139.01,182.57,0.03,INACTIVE
1774901106.9933589,141.0,139.02,182.48,0.01,INACTIVE
1774901107.0093098,150.0,139.03,182.39,0.06,INACTIVE
1774901107.0252926,152.0,139.04,182.3,0.07,INACTIVE
1774901107.041643,154.0,139.05,182.21,0.08,INACTIVE
1774901107.0576355,143.0,139.06,182.12,0.02,INACTIVE
1774901107.0734847,134.0,139.05,182.03,-0.03,INACTIVE
1774901107.089781,116.0,139.03,181.94,-0.13,INACTIVE
1774901107.1056757,102.0,138.99,181.85,-0.2,INACTIVE
1774901107.1215003,96.0,138.95,181.77,-0.24,INACTIVE
1774901107.1378205,94.0,138.91,181.68,-0.25,INACTIVE
1774901107.154029,92.0,138.86,181.6,-0.26,INACTIVE
1774901107.169536,98.0,138.82,181.51,-0.22,INACTIVE
1774901107.1856437,95.0,138.77,181.42,-0.24,INACTIVE
1774901107.2014775,88.0,138.72,181.34,-0.28,INACTIVE
1774901107.2183778,98.0,138.68,181.26,-0.22,INACTIVE
1774901107.2335718,96.0,138.64,181.17,-0.24,INACTIVE
1774901107.2496479,88.0,138.59,181.09,-0.28,INACTIVE
1774901107.2655663,89.0,138.54,181.0,-0.27,INACTIVE
1774901107.2814636,89.0,138.49,180.92,-0.27,INACTIVE
1774901107.2979002,74.0,138.43,180.84,-0.36,INACTIVE
1774901107.3136942,75.0,138.36,180.76,-0.35,INACTIVE
1774901107.3301458,79.0,138.3,180.68,-0.33,INACTIVE
1774901107.3455393,78.0,138.24,180.6,-0.33,INACTIVE
1774901107.3618016,82.0,138.19,180.52,-0.31,INACTIVE
1774901107.3777244,82.0,138.13,180.44,-0.31,INACTIVE
1774901107.3935447,79.0,138.07,180.36,-0.33,INACTIVE
1774901107.4102433,77.0,138.01,180.28,-0.34,INACTIVE
1774901107.4259176,78.0,137.95,180.2,-0.33,INACTIVE
1774901107.4417431,72.0,137.88,180.12,-0.37,INACTIVE
1774901107.4581203,74.0,137.82,180.04,-0.35,INACTIVE
1774901107.473856,76.0,137.76,179.96,-0.34,INACTIVE
1774901107.4899502,75.0,137.7,179.88,-0.35,INACTIVE
1774901107.505656,78.0,137.64,179.8,-0.33,INACTIVE
1774901107.5218408,80.0,137.58,179.72,-0.32,INACTIVE
1774901107.5380538,83.0,137.52,179.64,-0.3,INACTIVE
1774901107.553787,92.0,137.48,179.55,-0.25,INACTIVE
1774901107.5698805,96.0,137.44,179.47,-0.23,INACTIVE
1774901107.5855632,92.0,137.39,179.38,-0.25,INACTIVE
1774901107.6018999,97.0,137.35,179.3,-0.23,INACTIVE
1774901107.6177597,91.0,137.3,179.22,-0.26,INACTIVE
1774901107.633572,84.0,137.25,179.13,-0.3,INACTIVE
1774901107.6497989,82.0,137.2,179.05,-0.31,INACTIVE
1774901107.6655605,85.0,137.14,178.97,-0.29,INACTIVE
1774901107.6817927,80.0,137.09,178.89,-0.32,INACTIVE
1774901107.6977718,83.0,137.03,178.81,-0.3,INACTIVE
1774901107.7137074,87.0,136.98,178.73,-0.28,INACTIVE
1774901107.7297113,92.0,136.94,178.64,-0.25,INACTIVE
1774901107.7465742,90.0,136.89,178.56,-0.26,INACTIVE
1774901107.7618084,98.0,136.85,178.48,-0.22,INACTIVE
1774901107.7777157,95.0,136.81,178.39,-0.23,INACTIVE
1774901107.7935216,92.0,136.76,178.31,-0.25,INACTIVE
1774901107.8096588,94.0,136.72,178.22,-0.24,INACTIVE
1774901107.825957,92.0,136.68,178.14,-0.25,INACTIVE
1774901107.8417659,89.0,136.63,178.06,-0.27,INACTIVE
1774901107.8577497,93.0,136.59,177.97,-0.24,INACTIVE
1774901107.874414,95.0,136.54,177.89,-0.23,INACTIVE
1774901107.88976,94.0,136.5,177.81,-0.24,INACTIVE
1774901107.9056263,94.0,136.46,177.72,-0.24,INACTIVE
1774901107.921927,100.0,136.42,177.64,-0.21,INACTIVE
1774901107.938001,102.0,136.39,177.55,-0.19,INACTIVE
1774901107.9540715,104.0,136.36,177.46,-0.18,INACTIVE
1774901107.9700503,102.0,136.32,177.38,-0.19,INACTIVE
1774901107.9860373,105.0,136.29,177.29,-0.18,INACTIVE
1774901108.0015469,97.0,136.25,177.21,-0.22,INACTIVE
1774901108.0181873,95.0,136.21,177.13,-0.23,INACTIVE
1774901108.0339375,89.0,136.16,177.04,-0.27,INACTIVE
1774901108.0495715,91.0,136.12,176.96,-0.25,INACTIVE
1774901108.0657456,96.0,136.08,176.88,-0.23,INACTIVE
1774901108.0820408,99.0,136.04,176.79,-0.21,INACTIVE
1774901108.0977626,124.0,136.03,176.7,-0.07,INACTIVE
1774901108.1133819,140.0,136.03,176.62,0.02,INACTIVE
1774901108.1305938,157.0,136.05,176.53,0.12,INACTIVE
1774901108.146046,164.0,136.08,176.44,0.16,INACTIVE
1774901108.1618927,162.0,136.11,176.36,0.15,INACTIVE
1774901108.1777034,138.0,136.11,176.27,0.01,INACTIVE
1774901108.1935601,124.0,136.1,176.18,-0.07,INACTIVE
1774901108.2102153,105.0,136.07,176.09,-0.18,INACTIVE
1774901108.2258954,91.0,136.02,176.01,-0.26,INACTIVE
1774901108.2422335,89.0,135.97,175.93,-0.27,INACTIVE
1774901108.2580974,83.0,135.92,175.85,-0.3,INACTIVE
1774901108.2734637,82.0,135.87,175.77,-0.31,INACTIVE
1774901108.2895448,85.0,135.82,175.69,-0.29,INACTIVE
1774901108.3059425,85.0,135.77,175.61,-0.29,INACTIVE
1774901108.3219252,84.0,135.71,175.53,-0.29,INACTIVE
1774901108.3376725,87.0,135.66,175.45,-0.28,INACTIVE
1774901108.3537698,86.0,135.61,175.37,-0.28,INACTIVE
1774901108.3701658,79.0,135.56,175.29,-0.32,INACTIVE
1774901108.385747,75.0,135.5,175.21,-0.35,INACTIVE
1774901108.4025707,70.0,135.43,175.14,-0.37,INACTIVE
1774901108.4180214,71.0,135.37,175.06,-0.37,INACTIVE
1774901108.4341438,73.0,135.31,174.98,-0.36,INACTIVE
1774901108.4499366,75.0,135.25,174.91,-0.34,INACTIVE
1774901108.4666002,81.0,135.19,174.83,-0.31,INACTIVE
1774901108.4827478,83.0,135.14,174.75,-0.3,INACTIVE
1774901108.4977381,79.0,135.08,174.67,-0.32,INACTIVE
1774901108.5138433,78.0,135.03,174.59,-0.33,INACTIVE
1774901108.5298252,74.0,134.96,174.52,-0.35,INACTIVE
1774901108.5465949,75.0,134.9,174.44,-0.34,INACTIVE
1774901108.5621736,76.0,134.85,174.36,-0.34,INACTIVE
1774901108.578342,80.0,134.79,174.28,-0.31,INACTIVE
1774901108.59419,79.0,134.74,174.2,-0.32,INACTIVE
1774901108.6099353,80.0,134.68,174.13,-0.31,INACTIVE
1774901108.6263237,79.0,134.62,174.05,-0.32,INACTIVE
1774901108.6419353,82.0,134.57,173.97,-0.3,INACTIVE
1774901108.6576543,80.0,134.52,173.89,-0.31,INACTIVE
1774901108.6745992,84.0,134.47,173.81,-0.29,INACTIVE
1774901108.6898339,87.0,134.42,173.73,-0.27,INACTIVE
1774901108.7056892,97.0,134.38,173.65,-0.22,INACTIVE
1774901108.722129,106.0,134.35,173.56,-0.16,INACTIVE
1774901108.7376237,108.0,134.33,173.48,-0.15,INACTIVE
1774901108.754425,105.0,134.3,173.39,-0.17,INACTIVE
1774901108.7698348,106.0,134.27,173.31,-0.16,INACTIVE
1774901108.7855656,94.0,134.23,173.23,-0.23,INACTIVE
1774901108.8016927,88.0,134.18,173.15,-0.27,INACTIVE
1774901108.817558,90.0,134.14,173.07,-0.26,INACTIVE
1774901108.8343594,115.0,134.12,172.98,-0.11,INACTIVE
1774901108.8495712,177.0,134.16,172.9,0.25,INACTIVE
1774901108.8655138,215.0,134.24,172.83,0.47,INACTIVE
1774901108.8821468,235.0,134.34,172.77,0.58,INACTIVE
1774901108.8973732,256.0,134.47,172.73,0.7,INACTIVE
1774901108.913603,243.0,134.57,172.68,0.63,INACTIVE
1774901108.9294517,190.0,134.63,172.6,0.32,INACTIVE
1774901108.9454381,200.0,134.7,172.53,0.38,INACTIVE
1774901108.9615703,200.0,134.76,172.45,0.38,INACTIVE
1774901108.977811,181.0,134.81,172.37,0.27,INACTIVE
1774901108.9937162,168.0,134.84,172.29,0.19,INACTIVE
1774901109.010107,166.0,134.87,172.21,0.18,INACTIVE
1774901109.0254529,145.0,134.88,172.12,0.06,INACTIVE
1774901109.0417905,151.0,134.9,172.04,0.09,INACTIVE
1774901109.058268,179.0,134.94,171.96,0.26,INACTIVE
1774901109.0736682,186.0,134.99,171.88,0.3,INACTIVE
1774901109.089464,180.0,135.04,171.8,0.26,INACTIVE
1774901109.1055555,160.0,135.06,171.71,0.15,INACTIVE
1774901109.1214633,131.0,135.06,171.63,-0.02,INACTIVE
1774901109.137985,102.0,135.03,171.54,-0.19,INACTIVE
1774901109.154006,94.0,134.98,171.46,-0.24,INACTIVE
1774901109.1697214,93.0,134.94,171.38,-0.24,INACTIVE
1774901109.1857302,86.0,134.89,171.3,-0.29,INACTIVE
1774901109.2019694,86.0,134.84,171.23,-0.29,INACTIVE
1774901109.217708,108.0,134.82,171.14,-0.16,INACTIVE
1774901109.2336843,133.0,134.82,171.06,-0.01,INACTIVE
1774901109.249633,140.0,134.82,170.97,0.03,INACTIVE
1774901109.2655194,149.0,134.84,170.89,0.08,INACTIVE
1774901109.281578,152.0,134.85,170.8,0.1,INACTIVE
1774901109.297585,125.0,134.84,170.72,-0.06,INACTIVE
1774901109.3139074,98.0,134.81,170.64,-0.22,INACTIVE
1774901109.3306193,91.0,134.76,170.56,-0.26,INACTIVE
1774901109.3464289,83.0,134.71,170.48,-0.3,INACTIVE
1774901109.3619804,77.0,134.65,170.4,-0.34,INACTIVE
1774901109.3789818,77.0,134.59,170.33,-0.34,INACTIVE
1774901109.3936782,80.0,134.54,170.25,-0.32,INACTIVE
1774901109.4097848,80.0,134.49,170.17,-0.32,INACTIVE
1774901109.4257715,83.0,134.43,170.1,-0.3,INACTIVE
1774901109.442066,83.0,134.38,170.02,-0.3,INACTIVE
1774901109.4578962,82.0,134.33,169.94,-0.31,INACTIVE
1774901109.4735188,80.0,134.28,169.87,-0.32,INACTIVE
1774901109.4895682,73.0,134.21,169.79,-0.36,INACTIVE
1774901109.5055628,66.0,134.15,169.72,-0.4,INACTIVE
1774901109.5214763,73.0,134.09,169.65,-0.36,INACTIVE
1774901109.5376086,75.0,134.03,169.57,-0.35,INACTIVE
1774901109.5536854,82.0,133.97,169.5,-0.31,INACTIVE
1774901109.5696528,88.0,133.93,169.42,-0.27,INACTIVE
1774901109.585657,114.0,133.91,169.33,-0.12,INACTIVE
1774901109.6017394,143.0,133.92,169.25,0.05,INACTIVE
1774901109.6173015,168.0,133.95,169.17,0.2,INACTIVE
1774901109.6334321,188.0,134.01,169.09,0.32,INACTIVE
1774901109.6494288,198.0,134.07,169.02,0.38,INACTIVE
1774901109.6657286,181.0,134.12,168.94,0.28,INACTIVE
1774901109.6817641,147.0,134.13,168.86,0.08,INACTIVE
1774901109.6978216,129.0,134.12,168.77,-0.03,INACTIVE
1774901109.7135983,111.0,134.1,168.69,-0.14,INACTIVE
1774901109.729965,103.0,134.07,168.61,-0.18,INACTIVE
1774901109.7460241,104.0,134.04,168.53,-0.18,INACTIVE
1774901109.76196,110.0,134.02,168.45,-0.14,INACTIVE
1774901109.7781568,111.0,133.99,168.36,-0.14,INACTIVE
1774901109.7940366,135.0,133.99,168.28,0.01,INACTIVE
1774901109.8103917,130.0,133.99,168.19,-0.02,INACTIVE
1774901109.8256974,132.0,133.99,168.11,-0.01,INACTIVE
1774901109.8419,131.0,133.99,168.03,-0.02,INACTIVE
1774901109.857779,129.0,133.98,167.94,-0.03,INACTIVE
1774901109.874358,105.0,133.95,167.86,-0.17,INACTIVE
1774901109.89024,117.0,133.93,167.78,-0.1,INACTIVE
1774901109.9062674,109.0,133.91,167.7,-0.15,INACTIVE
1774901109.9221256,112.0,133.89,167.61,-0.13,INACTIVE
1774901109.938348,110.0,133.86,167.53,-0.14,INACTIVE
1774901109.9543114,109.0,133.84,167.45,-0.15,INACTIVE
1774901109.9702477,107.0,133.81,167.37,-0.16,INACTIVE
1774901109.9864607,109.0,133.79,167.29,-0.15,INACTIVE
1774901110.0025818,100.0,133.75,167.21,-0.2,INACTIVE
1774901110.0185695,92.0,133.71,167.13,-0.25,INACTIVE
1774901110.0345469,91.0,133.67,167.05,-0.26,INACTIVE
1774901110.0496416,81.0,133.62,166.97,-0.32,INACTIVE
1774901110.0655222,83.0,133.57,166.9,-0.3,INACTIVE
1774901110.0816388,93.0,133.52,166.82,-0.24,INACTIVE
1774901110.0976853,99.0,133.49,166.74,-0.21,INACTIVE
1774901110.1136851,97.0,133.45,166.66,-0.22,INACTIVE
1774901110.1297882,95.0,133.42,166.58,-0.23,INACTIVE
1774901110.1460745,91.0,133.37,166.5,-0.25,INACTIVE
1774901110.1617196,85.0,133.32,166.43,-0.29,INACTIVE
1774901110.177934,85.0,133.28,166.35,-0.29,INACTIVE
1774901110.1937048,85.0,133.23,166.27,-0.29,INACTIVE
1774901110.209805,90.0,133.18,166.2,-0.26,INACTIVE
1774901110.2256372,90.0,133.14,166.12,-0.26,INACTIVE
1774901110.241461,93.0,133.1,166.04,-0.24,INACTIVE
1774901110.2585316,90.0,133.06,165.96,-0.26,INACTIVE
1774901110.2740846,90.0,133.02,165.89,-0.26,INACTIVE
1774901110.2899914,86.0,132.97,165.81,-0.28,INACTIVE
1774901110.3056726,88.0,132.92,165.73,-0.27,INACTIVE
1774901110.3216052,86.0,132.88,165.66,-0.28,INACTIVE
1774901110.338412,128.0,132.87,165.57,-0.03,INACTIVE
1774901110.353748,176.0,132.91,165.5,0.26,INACTIVE
1774901110.3701062,216.0,133.0,165.43,0.5,INACTIVE
1774901110.385569,239.0,133.1,165.39,0.64,INACTIVE
1774901110.4016387,246.0,133.22,165.34,0.68,INACTIVE
1774901110.4181678,222.0,133.31,165.28,0.54,INACTIVE
1774901110.4340324,184.0,133.36,165.21,0.31,INACTIVE
1774901110.4498045,150.0,133.37,165.13,0.1,INACTIVE
1774901110.4661617,132.0,133.37,165.04,-0.01,INACTIVE
1774901110.4818532,125.0,133.36,164.96,-0.05,INACTIVE
1774901110.4979858,111.0,133.34,164.88,-0.14,INACTIVE
1774901110.51354,106.0,133.31,164.8,-0.17,INACTIVE
1774901110.529525,111.0,133.29,164.72,-0.14,INACTIVE
1774901110.5458317,119.0,133.28,164.64,-0.09,INACTIVE
1774901110.5616906,132.0,133.28,164.56,-0.01,INACTIVE
1774901110.5778754,137.0,133.28,164.47,0.02,INACTIVE
1774901110.5938578,142.0,133.29,164.39,0.05,INACTIVE
1774901110.6099238,136.0,133.29,164.31,0.02,INACTIVE
1774901110.6255808,126.0,133.28,164.23,-0.04,INACTIVE
1774901110.6422362,110.0,133.26,164.15,-0.14,INACTIVE
1774901110.6578918,106.0,133.23,164.07,-0.17,INACTIVE
1774901110.675479,94.0,133.19,163.99,-0.24,INACTIVE
1774901110.6902318,94.0,133.15,163.91,-0.24,INACTIVE
1774901110.7063663,88.0,133.11,163.84,-0.28,INACTIVE
1774901110.7220638,88.0,133.06,163.76,-0.28,INACTIVE
1774901110.7379153,88.0,133.02,163.68,-0.28,INACTIVE
1774901110.7540004,97.0,132.98,163.61,-0.22,INACTIVE
1774901110.7698007,102.0,132.95,163.53,-0.19,INACTIVE
1774901110.7864256,122.0,132.94,163.45,-0.07,INACTIVE
1774901110.8015466,126.0,132.93,163.36,-0.04,INACTIVE
1774901110.8176653,119.0,132.92,163.28,-0.09,INACTIVE
1774901110.8338242,108.0,132.9,163.2,-0.15,INACTIVE
1774901110.849894,97.0,132.86,163.13,-0.22,INACTIVE
1774901110.8655882,85.0,132.81,163.05,-0.29,INACTIVE
1774901110.8816354,87.0,132.77,162.98,-0.28,INACTIVE
1774901110.8974695,94.0,132.73,162.9,-0.24,INACTIVE
1774901110.913437,96.0,132.69,162.82,-0.23,INACTIVE
1774901110.9295168,101.0,132.66,162.74,-0.19,INACTIVE
1774901110.9459436,95.0,132.62,162.67,-0.23,INACTIVE
1774901110.9618702,83.0,132.57,162.59,-0.3,INACTIVE
1774901110.9777656,83.0,132.52,162.52,-0.3,INACTIVE
1774901110.9938009,82.0,132.47,162.45,-0.31,INACTIVE
1774901111.0098693,85.0,132.42,162.37,-0.29,INACTIVE
1774901111.026026,84.0,132.38,162.3,-0.3,INACTIVE
1774901111.0419548,88.0,132.33,162.22,-0.27,INACTIVE
1774901111.057876,84.0,132.28,162.15,-0.3,INACTIVE
1774901111.073609,87.0,132.24,162.07,-0.28,INACTIVE
1774901111.089518,114.0,132.22,161.99,-0.11,INACTIVE
1774901111.1057072,147.0,132.23,161.91,0.09,INACTIVE
1774901111.1217,174.0,132.28,161.84,0.26,INACTIVE
1774901111.137769,198.0,132.34,161.77,0.41,INACTIVE
1774901111.1534274,207.0,132.42,161.71,0.46,INACTIVE
1774901111.169447,188.0,132.47,161.64,0.34,INACTIVE
1774901111.1854348,167.0,132.51,161.56,0.21,INACTIVE
1774901111.2020764,155.0,132.53,161.48,0.14,INACTIVE
1774901111.2175796,137.0,132.53,161.4,0.03,INACTIVE
1774901111.2337136,139.0,132.54,161.32,0.04,INACTIVE
1774901111.2497485,134.0,132.54,161.24,0.01,INACTIVE
1774901111.265446,135.0,132.54,161.16,0.02,INACTIVE
1774901111.281565,127.0,132.54,161.08,-0.03,INACTIVE
1774901111.2975807,133.0,132.54,161.0,0.0,INACTIVE
1774901111.3134878,135.0,132.54,160.92,0.02,INACTIVE
1774901111.3297532,142.0,132.55,160.83,0.06,INACTIVE
1774901111.345738,148.0,132.57,160.76,0.1,INACTIVE
1774901111.3614738,157.0,132.59,160.68,0.15,INACTIVE
1774901111.3774126,158.0,132.62,160.6,0.16,INACTIVE
1774901111.3935192,157.0,132.64,160.52,0.15,INACTIVE
1774901111.4095483,178.0,132.69,160.45,0.28,INACTIVE
1774901111.4255693,172.0,132.72,160.37,0.24,INACTIVE
1774901111.4419334,172.0,132.76,160.3,0.24,INACTIVE
1774901111.4574432,179.0,132.81,160.22,0.29,INACTIVE
1774901111.4734704,195.0,132.87,160.15,0.39,INACTIVE
1774901111.4896572,177.0,132.92,160.08,0.28,INACTIVE
1774901111.5055182,187.0,132.97,160.01,0.34,INACTIVE
1774901111.5214844,190.0,133.03,159.94,0.36,INACTIVE
1774901111.537601,179.0,133.07,159.87,0.29,INACTIVE
1774901111.553336,156.0,133.1,159.79,0.14,INACTIVE
1774901111.5693057,153.0,133.12,159.71,0.12,INACTIVE
1774901111.585492,153.0,133.14,159.63,0.12,INACTIVE
1774901111.6013358,151.0,133.15,159.55,0.11,INACTIVE
1774901111.6175148,158.0,133.18,159.47,0.16,INACTIVE
1774901111.6334796,164.0,133.21,159.4,0.19,INACTIVE
1774901111.6498299,165.0,133.24,159.32,0.2,INACTIVE
1774901111.665477,150.0,133.26,159.24,0.11,INACTIVE
1774901111.6816027,143.0,133.27,159.16,0.06,INACTIVE
1774901111.6978624,142.0,133.28,159.08,0.05,INACTIVE
1774901111.7133708,138.0,133.28,159.0,0.03,INACTIVE
1774901111.729373,135.0,133.28,158.92,0.01,INACTIVE
1774901111.7453282,140.0,133.29,158.84,0.04,INACTIVE
1774901111.7614932,146.0,133.3,158.76,0.08,INACTIVE
1774901111.7774425,136.0,133.31,158.69,0.02,INACTIVE
1774901111.7935255,141.0,133.31,158.61,0.05,INACTIVE
1774901111.8093894,137.0,133.32,158.53,0.02,INACTIVE
1774901111.8253634,138.0,133.32,158.45,0.03,INACTIVE
1774901111.841343,173.0,133.36,158.37,0.25,INACTIVE
1774901111.8572862,207.0,133.43,158.31,0.46,INACTIVE
1774901111.8733928,227.0,133.53,158.26,0.59,INACTIVE
1774901111.8894246,243.0,133.64,158.22,0.69,INACTIVE
1774901111.90557,246.0,133.75,158.18,0.71,INACTIVE
1774901111.9215508,209.0,133.83,158.12,0.48,INACTIVE
1774901111.9374535,175.0,133.87,158.04,0.26,INACTIVE
1774901111.9535308,148.0,133.88,157.97,0.09,INACTIVE
1774901111.9698272,129.0,133.88,157.89,-0.03,INACTIVE
1774901111.9855168,123.0,133.87,157.81,-0.07,INACTIVE
1774901112.0017085,119.0,133.85,157.73,-0.09,INACTIVE
1774901112.0175316,129.0,133.85,157.65,-0.03,INACTIVE
1774901112.033875,132.0,133.84,157.57,-0.01,INACTIVE
1774901112.0494492,148.0,133.86,157.49,0.09,INACTIVE
1774901112.0655963,156.0,133.88,157.42,0.14,INACTIVE
1774901112.0816169,160.0,133.91,157.34,0.17,INACTIVE
1774901112.0974662,150.0,133.92,157.26,0.1,INACTIVE
1774901112.1136286,155.0,133.94,157.19,0.13,INACTIVE
1774901112.1297185,142.0,133.95,157.11,0.05,INACTIVE
1774901112.1456294,136.0,133.95,157.03,0.01,INACTIVE
1774901112.1619315,132.0,133.95,156.95,-0.01,INACTIVE
1774901112.1776395,145.0,133.96,156.87,0.07,INACTIVE
1774901112.1935556,141.0,133.97,156.79,0.04,INACTIVE
1774901112.2094998,156.0,133.99,156.72,0.14,INACTIVE
1774901112.2253947,171.0,134.03,156.64,0.24,INACTIVE
1774901112.241579,202.0,134.1,156.58,0.43,INACTIVE
1774901112.2573833,202.0,134.16,156.52,0.43,INACTIVE
1774901112.2732809,206.0,134.24,156.45,0.46,INACTIVE
1774901112.2893343,192.0,134.29,156.39,0.37,INACTIVE
1774901112.3080804,188.0,134.35,156.32,0.34,INACTIVE
1774901112.3222635,161.0,134.37,156.24,0.17,INACTIVE
1774901112.3377886,159.0,134.4,156.17,0.16,INACTIVE
1774901112.3536725,162.0,134.43,156.09,0.18,INACTIVE
1774901112.3697805,176.0,134.47,156.02,0.27,INACTIVE
1774901112.3856232,168.0,134.5,155.94,0.21,INACTIVE
1774901112.40148,166.0,134.53,155.87,0.2,INACTIVE
1774901112.417386,155.0,134.55,155.79,0.13,INACTIVE
1774901112.4333713,148.0,134.57,155.71,0.09,INACTIVE
1774901112.4494698,131.0,134.56,155.64,-0.02,INACTIVE
1774901112.4654808,131.0,134.56,155.56,-0.02,INACTIVE
1774901112.4815693,131.0,134.56,155.48,-0.02,INACTIVE
1774901112.4973323,141.0,134.56,155.4,0.04,INACTIVE
1774901112.513543,133.0,134.56,155.33,-0.01,INACTIVE
1774901112.529492,140.0,134.57,155.25,0.03,INACTIVE
1774901112.5453823,137.0,134.57,155.17,0.02,INACTIVE
1774901112.5614147,136.0,134.57,155.09,0.01,INACTIVE
1774901112.577728,119.0,134.56,155.02,-0.1,INACTIVE
1774901112.5934973,139.0,134.56,154.94,0.03,INACTIVE
1774901112.609577,152.0,134.58,154.86,0.11,INACTIVE
1774901112.6254377,167.0,134.61,154.79,0.21,INACTIVE
1774901112.6418622,181.0,134.66,154.72,0.3,INACTIVE
1774901112.65752,193.0,134.71,154.65,0.38,INACTIVE
1774901112.6738431,184.0,134.76,154.58,0.32,INACTIVE
1774901112.6896732,173.0,134.8,154.51,0.25,INACTIVE
1774901112.7058113,174.0,134.84,154.44,0.25,INACTIVE
1774901112.721564,161.0,134.87,154.36,0.17,INACTIVE
1774901112.7375202,160.0,134.89,154.29,0.16,INACTIVE
1774901112.753532,157.0,134.91,154.21,0.14,INACTIVE
1774901112.7694283,164.0,134.94,154.14,0.19,INACTIVE
1774901112.7853792,155.0,134.96,154.06,0.13,INACTIVE
1774901112.8014624,160.0,134.99,153.99,0.16,INACTIVE
1774901112.8174345,161.0,135.01,153.91,0.17,INACTIVE
1774901112.833427,164.0,135.04,153.84,0.19,INACTIVE
1774901112.849859,157.0,135.07,153.76,0.14,INACTIVE
1774901112.8653293,160.0,135.09,153.69,0.16,INACTIVE
1774901112.881504,171.0,135.13,153.61,0.23,INACTIVE
1774901112.8974905,180.0,135.17,153.54,0.29,INACTIVE
1774901112.913414,186.0,135.22,153.48,0.33,INACTIVE
1774901112.9296317,193.0,135.28,153.41,0.38,INACTIVE
1774901112.9454582,186.0,135.33,153.34,0.33,INACTIVE
1774901112.9616554,177.0,135.37,153.27,0.27,INACTIVE
1774901112.9775877,181.0,135.42,153.2,0.3,INACTIVE
1774901112.9940486,196.0,135.48,153.14,0.4,INACTIVE
1774901113.0097454,207.0,135.55,153.08,0.47,INACTIVE
1774901113.025951,231.0,135.65,153.03,0.62,INACTIVE
1774901113.0416403,257.0,135.77,153.0,0.79,INACTIVE
1774901113.0574837,268.0,135.9,152.98,0.86,INACTIVE
1774901113.0736637,263.0,136.03,152.96,0.83,INACTIVE
1774901113.089512,267.0,136.16,152.94,0.86,INACTIVE
1774901113.105462,255.0,136.28,152.91,0.78,INACTIVE
1774901113.1216471,239.0,136.38,152.86,0.67,INACTIVE
1774901113.1374848,218.0,136.46,152.81,0.53,INACTIVE
1774901113.1536782,210.0,136.53,152.75,0.48,INACTIVE
1774901113.169907,203.0,136.6,152.69,0.43,INACTIVE
1774901113.185824,199.0,136.66,152.63,0.41,INACTIVE
1774901113.2014751,197.0,136.72,152.56,0.4,INACTIVE
1774901113.2176385,198.0,136.78,152.5,0.4,INACTIVE
1774901113.2336512,199.0,136.85,152.43,0.41,INACTIVE
1774901113.249631,196.0,136.91,152.37,0.39,INACTIVE
1774901113.2657776,206.0,136.97,152.31,0.45,INACTIVE
1774901113.281944,198.0,137.04,152.24,0.4,INACTIVE
1774901113.297658,203.0,137.1,152.18,0.43,INACTIVE
1774901113.313466,192.0,137.16,152.12,0.36,INACTIVE
1774901113.329484,175.0,137.19,152.05,0.25,INACTIVE
1774901113.3457067,202.0,137.26,151.98,0.43,INACTIVE
1774901113.3614752,234.0,137.36,151.94,0.64,INACTIVE
1774901113.3777423,239.0,137.46,151.9,0.67,INACTIVE
1774901113.3934426,264.0,137.58,151.87,0.83,INACTIVE
1774901113.4097471,287.0,137.73,151.87,0.98,INACTIVE
1774901113.4255168,258.0,137.85,151.84,0.79,INACTIVE
1774901113.4414837,230.0,137.95,151.79,0.61,INACTIVE
1774901113.4575145,225.0,138.03,151.74,0.57,INACTIVE
1774901113.4734786,215.0,138.11,151.69,0.51,INACTIVE
1774901113.4894722,202.0,138.17,151.62,0.42,INACTIVE
1774901113.5055182,179.0,138.21,151.55,0.27,INACTIVE
1774901113.5214748,174.0,138.25,151.48,0.24,INACTIVE
1774901113.5375004,167.0,138.28,151.41,0.19,INACTIVE
1774901113.553427,158.0,138.3,151.33,0.13,INACTIVE
1774901113.5694752,150.0,138.31,151.26,0.08,INACTIVE
1774901113.5855486,155.0,138.33,151.18,0.11,INACTIVE
1774901113.6014292,147.0,138.34,151.11,0.06,INACTIVE
1774901113.6173956,151.0,138.35,151.03,0.08,INACTIVE
1774901113.633666,151.0,138.36,150.96,0.08,INACTIVE
1774901113.6494172,150.0,138.37,150.88,0.08,INACTIVE
1774901113.6655567,160.0,138.39,150.81,0.14,INACTIVE
1774901113.6814432,158.0,138.41,150.74,0.13,INACTIVE
1774901113.6973932,149.0,138.42,150.66,0.07,INACTIVE
1774901113.7133884,157.0,138.44,150.59,0.12,INACTIVE
1774901113.729576,168.0,138.47,150.51,0.2,INACTIVE
1774901113.7454548,182.0,138.52,150.45,0.29,INACTIVE
1774901113.7614756,199.0,138.58,150.38,0.4,INACTIVE
1774901113.7773588,227.0,138.67,150.33,0.59,INACTIVE
1774901113.7937272,233.0,138.76,150.29,0.63,INACTIVE
1774901113.8095129,245.0,138.87,150.25,0.71,INACTIVE
1774901113.8254938,237.0,138.96,150.21,0.65,INACTIVE
1774901113.8416972,238.0,139.06,150.16,0.66,INACTIVE
1774901113.8576941,223.0,139.15,150.11,0.56,INACTIVE
1774901113.8734918,208.0,139.22,150.05,0.46,INACTIVE
1774901113.8896105,195.0,139.27,149.99,0.37,INACTIVE
1774901113.9058535,184.0,139.32,149.92,0.3,INACTIVE
1774901113.92155,191.0,139.37,149.85,0.34,INACTIVE
1774901113.937536,186.0,139.41,149.79,0.31,INACTIVE
1774901113.9533663,177.0,139.45,149.72,0.25,INACTIVE
1774901113.9694993,165.0,139.48,149.64,0.17,INACTIVE
1774901113.985477,167.0,139.51,149.57,0.18,INACTIVE
1774901114.002182,145.0,139.51,149.5,0.04,INACTIVE
1774901114.0177097,146.0,139.52,149.42,0.04,INACTIVE
1774901114.0338237,149.0,139.53,149.35,0.06,INACTIVE
1774901114.0495043,162.0,139.55,149.27,0.15,INACTIVE
1774901114.0654876,152.0,139.56,149.2,0.08,INACTIVE
1774901114.0818226,159.0,139.58,149.13,0.13,INACTIVE
1774901114.0976756,167.0,139.61,149.06,0.18,INACTIVE
1774901114.1138163,200.0,139.67,148.99,0.4,INACTIVE
1774901114.1296906,231.0,139.76,148.95,0.61,INACTIVE
1774901114.1456084,300.0,139.76,148.96,1.08,INACTIVE
1774901114.1615133,319.0,139.76,148.99,1.2,INACTIVE
1774901114.1776853,327.0,139.76,149.03,1.26,INACTIVE
1774901114.1937106,318.0,139.76,149.07,1.2,INACTIVE
1774901114.2095623,306.0,139.76,149.09,1.12,INACTIVE
1774901114.2256274,270.0,139.89,149.07,0.87,INACTIVE
1774901114.2416084,275.0,140.03,149.05,0.91,INACTIVE
1774901114.257584,276.0,140.16,149.04,0.91,INACTIVE
1774901114.273888,268.0,140.29,149.02,0.86,INACTIVE
1774901114.2897453,248.0,140.4,148.99,0.72,INACTIVE
1774901114.3055236,237.0,140.49,148.94,0.65,INACTIVE
1774901114.3216434,222.0,140.58,148.89,0.55,INACTIVE
1774901114.3375316,206.0,140.64,148.83,0.44,INACTIVE
1774901114.353647,222.0,140.72,148.78,0.55,INACTIVE
1774901114.3694785,228.0,140.81,148.73,0.59,INACTIVE
1774901114.3854666,225.0,140.89,148.68,0.57,INACTIVE
1774901114.401611,222.0,140.97,148.63,0.55,INACTIVE
1774901114.4174197,220.0,141.05,148.57,0.53,INACTIVE
1774901114.4340425,207.0,141.12,148.51,0.44,INACTIVE
1774901114.4495826,198.0,141.18,148.45,0.38,INACTIVE
1774901114.4654152,205.0,141.24,148.39,0.43,INACTIVE
1774901114.481399,203.0,141.3,148.33,0.42,INACTIVE
1774901114.4973342,206.0,141.37,148.27,0.44,INACTIVE
1774901114.513552,194.0,141.42,148.2,0.35,INACTIVE
1774901114.5295174,199.0,141.48,148.14,0.39,INACTIVE
1774901114.545637,187.0,141.52,148.07,0.31,INACTIVE
1774901114.561412,189.0,141.57,148.01,0.32,INACTIVE
1774901114.5774925,179.0,141.61,147.94,0.25,INACTIVE
1774901114.5938916,172.0,141.64,147.87,0.21,INACTIVE
1774901114.6097422,162.0,141.66,147.79,0.14,INACTIVE
1774901114.6255205,155.0,141.67,147.72,0.09,INACTIVE
1774901114.6420257,153.0,141.68,147.65,0.08,INACTIVE
1774901114.6577957,164.0,141.71,147.58,0.15,INACTIVE
1774901114.6734302,175.0,141.74,147.51,0.23,INACTIVE
1774901114.6897624,173.0,141.77,147.44,0.21,INACTIVE
1774901114.70563,179.0,141.81,147.37,0.25,INACTIVE
1774901114.7215796,177.0,141.84,147.3,0.24,INACTIVE
1774901114.7377253,171.0,141.87,147.23,0.2,INACTIVE
1774901114.7534559,179.0,141.91,147.16,0.25,INACTIVE
1774901114.7694144,192.0,141.96,147.09,0.34,INACTIVE
1774901114.7854497,192.0,142.01,147.03,0.34,INACTIVE
1774901114.8016572,185.0,142.05,146.96,0.29,INACTIVE
1774901114.8174286,180.0,142.09,146.89,0.26,INACTIVE
1774901114.8338256,179.0,142.13,146.82,0.25,INACTIVE
1774901114.8495245,203.0,142.19,146.76,0.41,INACTIVE
1774901114.8654284,226.0,142.27,146.71,0.57,INACTIVE
1774901114.8815155,251.0,142.38,146.68,0.74,INACTIVE
1774901114.8974383,260.0,142.5,146.65,0.8,INACTIVE
1774901114.913353,256.0,142.61,146.62,0.77,INACTIVE
1774901114.9298122,224.0,142.69,146.57,0.55,INACTIVE
1774901114.945565,203.0,142.75,146.51,0.41,INACTIVE
1774901114.9615371,186.0,142.8,146.44,0.3,INACTIVE
1774901114.9773986,178.0,142.83,146.38,0.24,INACTIVE
1774901114.9933574,177.0,142.87,146.31,0.23,INACTIVE
1774901115.009322,177.0,142.9,146.24,0.23,INACTIVE
1774901115.0255568,167.0,142.92,146.17,0.16,INACTIVE
1774901115.0415473,160.0,142.94,146.09,0.12,INACTIVE
1774901115.0573804,157.0,142.95,146.02,0.1,INACTIVE
1774901115.0738459,151.0,142.96,145.95,0.06,INACTIVE
1774901115.0894883,140.0,142.96,145.88,-0.02,INACTIVE
1774901115.1059008,143.0,142.96,145.8,0.0,INACTIVE
1774901115.121511,139.0,142.96,145.73,-0.03,INACTIVE
1774901115.1381044,138.0,142.95,145.66,-0.03,INACTIVE
1774901115.1536787,133.0,142.94,145.59,-0.07,INACTIVE
1774901115.169471,140.0,142.94,145.51,-0.02,INACTIVE
1774901115.1854491,129.0,142.92,145.44,-0.1,INACTIVE
1774901115.2016077,134.0,142.92,145.37,-0.06,INACTIVE
1774901115.2175126,156.0,142.93,145.3,0.09,INACTIVE
1774901115.2336862,187.0,142.97,145.23,0.3,INACTIVE
1774901115.2495003,212.0,143.04,145.17,0.48,INACTIVE
1774901115.2657537,260.0,143.16,145.15,0.8,INACTIVE
1774901115.281884,263.0,143.28,145.12,0.82,INACTIVE
1774901115.297884,241.0,143.38,145.09,0.67,INACTIVE
1774901115.3137412,215.0,143.45,145.03,0.49,INACTIVE
1774901115.3293178,187.0,143.49,144.96,0.3,INACTIVE
1774901115.3453777,150.0,143.5,144.89,0.04,INACTIVE
1774901115.3613045,146.0,143.5,144.82,0.02,INACTIVE
1774901115.3779278,156.0,143.51,144.75,0.09,INACTIVE
1774901115.393675,157.0,143.53,144.68,0.09,INACTIVE
1774901115.409894,155.0,143.54,144.6,0.08,INACTIVE
1774901115.4254518,153.0,143.55,144.53,0.07,INACTIVE
1774901115.4415586,153.0,143.56,144.46,0.07,INACTIVE
1774901115.4577448,143.0,143.56,144.39,-0.0,INACTIVE
1774901115.473704,140.0,143.55,144.32,-0.02,INACTIVE
1774901115.4897757,131.0,143.54,144.24,-0.09,INACTIVE
1774901115.5055516,127.0,143.52,144.17,-0.11,INACTIVE
1774901115.5215642,120.0,143.5,144.1,-0.16,INACTIVE
1774901115.5376008,117.0,143.47,144.03,-0.18,INACTIVE
1774901115.5536315,112.0,143.44,143.96,-0.22,INACTIVE
1774901115.5695758,120.0,143.42,143.89,-0.16,INACTIVE
1774901115.5859532,138.0,143.41,143.82,-0.04,INACTIVE
1774901115.6018393,154.0,143.42,143.75,0.07,INACTIVE
1774901115.6176908,161.0,143.44,143.68,0.12,INACTIVE
1774901115.634181,174.0,143.47,143.61,0.21,INACTIVE
1774901115.649813,198.0,143.53,143.55,0.38,INACTIVE
1774901115.6659102,218.0,143.6,143.5,0.52,INACTIVE
1774901115.6818953,237.0,143.69,143.46,0.65,INACTIVE
1774901115.697681,258.0,143.81,143.43,0.8,INACTIVE
1774901115.7135885,286.0,143.95,143.43,0.99,INACTIVE
1774901115.7295992,298.0,143.95,143.44,1.07,INACTIVE
1774901115.7454853,299.0,143.95,143.45,1.08,INACTIVE
1774901115.7614691,315.0,143.95,143.48,1.19,INACTIVE
1774901115.7777073,314.0,143.95,143.51,1.18,INACTIVE
1774901115.793818,301.0,143.95,143.53,1.09,INACTIVE
1774901115.8097174,303.0,143.95,143.54,1.11,INACTIVE
1774901115.8258584,300.0,143.95,143.55,1.09,INACTIVE
1774901115.8416708,275.0,144.08,143.54,0.91,INACTIVE
1774901115.8578386,281.0,144.22,143.54,0.95,INACTIVE
1774901115.8735268,280.0,144.35,143.53,0.95,INACTIVE
1774901115.8896651,276.0,144.49,143.52,0.92,INACTIVE
1774901115.9056077,269.0,144.61,143.5,0.87,INACTIVE
1774901115.921618,258.0,144.72,143.47,0.79,INACTIVE
1774901115.9373918,236.0,144.82,143.43,0.64,INACTIVE
1774901115.9534125,219.0,144.89,143.38,0.52,INACTIVE
1774901115.9695048,196.0,144.94,143.31,0.36,INACTIVE
1774901115.9858963,182.0,144.98,143.25,0.26,INACTIVE
1774901116.0014825,223.0,145.06,143.2,0.54,INACTIVE
1774901116.0180569,257.0,145.17,143.17,0.78,INACTIVE
1774901116.033454,275.0,145.3,143.16,0.91,INACTIVE
1774901116.0495286,291.0,145.3,143.16,1.02,INACTIVE
1774901116.0654562,307.0,145.3,143.18,1.13,INACTIVE
1774901116.0814526,274.0,145.43,143.17,0.9,INACTIVE
1774901116.0974789,247.0,145.53,143.13,0.71,INACTIVE
1774901116.1135566,233.0,145.62,143.09,0.61,INACTIVE
1774901116.1294792,212.0,145.68,143.03,0.46,INACTIVE
1774901116.1456385,201.0,145.74,142.97,0.39,INACTIVE
1774901116.1614492,183.0,145.77,142.9,0.26,INACTIVE
1774901116.1774447,176.0,145.8,142.83,0.21,INACTIVE
1774901116.1934645,164.0,145.82,142.76,0.13,INACTIVE
1774901116.2098355,164.0,145.84,142.69,0.13,INACTIVE
1774901116.2254984,174.0,145.87,142.62,0.2,INACTIVE
1774901116.2414546,178.0,145.9,142.56,0.23,INACTIVE
1774901116.2577481,175.0,145.93,142.49,0.2,INACTIVE
1774901116.2738838,181.0,145.97,142.42,0.25,INACTIVE
1774901116.2897413,179.0,146.0,142.35,0.23,INACTIVE
1774901116.3057792,155.0,146.01,142.28,0.06,INACTIVE
1774901116.3220503,160.0,146.02,142.21,0.1,INACTIVE
1774901116.3375137,185.0,146.06,142.15,0.27,INACTIVE
1774901116.3534055,218.0,146.13,142.09,0.51,INACTIVE
1774901116.3694007,259.0,146.24,142.07,0.79,INACTIVE
1774901116.3858597,299.0,146.24,142.08,1.08,INACTIVE
1774901116.4018447,322.0,146.24,142.12,1.24,INACTIVE
1774901116.4181333,314.0,146.24,142.14,1.18,INACTIVE
1774901116.4337904,285.0,146.38,142.14,0.98,INACTIVE
1774901116.4501019,257.0,146.49,142.11,0.78,INACTIVE
1774901116.4657419,228.0,146.58,142.07,0.57,INACTIVE
1774901116.4820561,198.0,146.63,142.0,0.36,INACTIVE
1774901116.4979365,187.0,146.67,141.94,0.28,INACTIVE
1774901116.5135484,174.0,146.69,141.87,0.19,INACTIVE
1774901116.5296056,162.0,146.71,141.8,0.11,INACTIVE
1774901116.5457187,151.0,146.71,141.73,0.03,INACTIVE
1774901116.5617967,153.0,146.72,141.66,0.04,INACTIVE
1774901116.577726,141.0,146.72,141.59,-0.04,INACTIVE
1774901116.5935934,147.0,146.72,141.52,0.0,INACTIVE
1774901116.6096728,149.0,146.72,141.45,0.02,INACTIVE
1774901116.625679,143.0,146.71,141.38,-0.03,INACTIVE
1774901116.6415796,130.0,146.7,141.31,-0.12,INACTIVE
1774901116.657965,126.0,146.68,141.24,-0.15,INACTIVE
1774901116.6741047,119.0,146.65,141.17,-0.2,INACTIVE
1774901116.6897342,114.0,146.62,141.1,-0.23,INACTIVE
1774901116.7058733,125.0,146.59,141.03,-0.15,INACTIVE
1774901116.7216763,190.0,146.64,140.97,0.31,INACTIVE
1774901116.737587,237.0,146.73,140.93,0.64,INACTIVE
1774901116.7545314,297.0,146.73,140.94,1.07,INACTIVE
1774901116.7700846,352.0,146.73,141.02,1.46,INACTIVE
1774901116.7859912,385.0,146.73,141.15,1.69,INACTIVE
1774901116.801597,374.0,146.73,141.26,1.61,INACTIVE
1774901116.818086,379.0,146.73,141.38,1.64,INACTIVE
1774901116.8337803,351.0,146.73,141.46,1.44,INACTIVE
1774901116.849422,309.0,146.73,141.48,1.15,INACTIVE
1774901116.865494,286.0,146.87,141.48,0.98,INACTIVE
1774901116.8816464,254.0,146.97,141.45,0.76,INACTIVE
1774901116.8974025,226.0,147.05,141.4,0.56,INACTIVE
1774901116.913484,224.0,147.13,141.35,0.54,INACTIVE
1774901116.9293437,226.0,147.21,141.3,0.56,INACTIVE
1774901116.9453402,225.0,147.29,141.25,0.55,INACTIVE
1774901116.9614234,233.0,147.37,141.21,0.61,INACTIVE
1774901116.9774938,228.0,147.45,141.16,0.57,INACTIVE
1774901116.993421,211.0,147.52,141.1,0.45,INACTIVE
1774901117.009469,212.0,147.58,141.05,0.46,INACTIVE
1774901117.0255935,206.0,147.64,140.99,0.41,INACTIVE
1774901117.0414782,199.0,147.69,140.93,0.36,INACTIVE
1774901117.057342,194.0,147.74,140.86,0.33,INACTIVE
1774901117.073513,188.0,147.78,140.8,0.29,INACTIVE
1774901117.0894842,200.0,147.83,140.74,0.37,INACTIVE
1774901117.1054375,216.0,147.9,140.68,0.48,INACTIVE
1774901117.1214418,225.0,147.98,140.63,0.55,INACTIVE
1774901117.1373568,237.0,148.06,140.59,0.63,INACTIVE
1774901117.1534235,252.0,148.17,140.56,0.74,INACTIVE
1774901117.1694343,245.0,148.27,140.52,0.69,INACTIVE
1774901117.1853852,244.0,148.36,140.49,0.68,INACTIVE
1774901117.2014098,248.0,148.46,140.45,0.71,INACTIVE
1774901117.2176342,276.0,148.59,140.44,0.91,INACTIVE
1774901117.233813,287.0,148.73,140.44,0.98,INACTIVE
1774901117.2494164,287.0,148.87,140.43,0.98,INACTIVE
1774901117.265512,303.0,148.87,140.45,1.1,INACTIVE
1774901117.281731,320.0,148.87,140.48,1.22,INACTIVE
1774901117.297823,297.0,148.87,140.49,1.05,INACTIVE
1774901117.3136744,288.0,149.0,140.49,0.99,INACTIVE
1774901117.3299603,300.0,149.0,140.5,1.07,INACTIVE
1774901117.3456624,299.0,149.0,140.51,1.07,INACTIVE
1774901117.3627644,301.0,149.0,140.52,1.08,INACTIVE
1774901117.3777444,313.0,149.0,140.55,1.17,INACTIVE
1774901117.3934684,336.0,149.0,140.6,1.33,INACTIVE
1774901117.4094784,357.0,149.0,140.69,1.48,INACTIVE
1774901117.4254925,366.0,149.0,140.78,1.54,INACTIVE
1774901117.441476,379.0,149.0,140.9,1.63,INACTIVE
1774901117.4576979,380.0,149.0,141.02,1.64,INACTIVE
1774901117.4737327,391.0,149.0,141.16,1.71,INACTIVE
1774901117.4895275,367.0,149.0,141.25,1.54,INACTIVE
1774901117.5056212,336.0,149.0,141.31,1.32,INACTIVE
1774901117.5215304,316.0,149.0,141.33,1.18,INACTIVE
1774901117.5377443,305.0,149.0,141.35,1.1,INACTIVE
1774901117.5539067,274.0,149.13,141.33,0.88,INACTIVE
1774901117.5699575,266.0,149.25,141.31,0.83,INACTIVE
1774901117.586294,272.0,149.37,141.29,0.87,INACTIVE
1774901117.6016152,260.0,149.48,141.27,0.78,INACTIVE
1774901117.6180573,259.0,149.59,141.24,0.77,INACTIVE
1774901117.6340752,249.0,149.69,141.2,0.7,INACTIVE
1774901117.6497397,253.0,149.79,141.17,0.73,INACTIVE
1774901117.6655622,245.0,149.89,141.13,0.67,INACTIVE
1774901117.681542,236.0,149.97,141.09,0.61,INACTIVE
1774901117.697835,216.0,150.04,141.03,0.47,INACTIVE
1774901117.7135885,223.0,150.11,140.98,0.52,INACTIVE
1774901117.7295122,223.0,150.18,140.93,0.52,INACTIVE
1774901117.7455475,212.0,150.25,140.87,0.44,INACTIVE
1774901117.7623441,204.0,150.3,140.81,0.38,INACTIVE
1774901117.7776766,214.0,150.36,140.76,0.45,INACTIVE
1774901117.7939317,210.0,150.42,140.7,0.42,INACTIVE
1774901117.809528,193.0,150.47,140.63,0.3,INACTIVE
1774901117.8255708,203.0,150.52,140.57,0.37,INACTIVE
1774901117.841585,245.0,150.61,140.54,0.67,INACTIVE
1774901117.8579204,258.0,150.72,140.51,0.76,INACTIVE
1774901117.873436,269.0,150.84,140.49,0.84,INACTIVE
1774901117.8895168,283.0,150.97,140.48,0.94,INACTIVE
1774901117.9056008,290.0,151.11,140.48,0.99,INACTIVE
1774901117.9218893,261.0,151.22,140.45,0.78,INACTIVE
1774901117.9384274,254.0,151.32,140.42,0.73,INACTIVE
1774901117.9541714,232.0,151.4,140.37,0.57,INACTIVE
1774901117.9704154,220.0,151.47,140.32,0.49,INACTIVE
1774901117.9863458,199.0,151.52,140.25,0.34,INACTIVE
1774901118.002406,177.0,151.55,140.19,0.18,INACTIVE
1774901118.0190883,160.0,151.55,140.12,0.06,INACTIVE
1774901118.0343802,156.0,151.56,140.05,0.03,INACTIVE
1774901118.0505614,149.0,151.56,139.98,-0.02,INACTIVE
1774901118.0658631,152.0,151.56,139.91,0.0,INACTIVE
1774901118.0822446,150.0,151.55,139.84,-0.01,INACTIVE
1774901118.0989063,159.0,151.56,139.77,0.05,INACTIVE
1774901118.1137938,166.0,151.58,139.7,0.1,INACTIVE
1774901118.130189,160.0,151.58,139.63,0.06,INACTIVE
1774901118.145737,150.0,151.58,139.56,-0.01,INACTIVE
1774901118.1620715,153.0,151.58,139.49,0.01,INACTIVE
1774901118.1777313,139.0,151.57,139.42,-0.09,INACTIVE
1774901118.1938767,135.0,151.56,139.35,-0.12,INACTIVE
1774901118.2095153,157.0,151.56,139.28,0.04,INACTIVE
1774901118.2257285,175.0,151.58,139.21,0.17,INACTIVE
1774901118.2416337,194.0,151.63,139.15,0.3,INACTIVE
1774901118.2576647,225.0,151.7,139.1,0.53,INACTIVE
1774901118.2734075,235.0,151.78,139.05,0.6,INACTIVE
1774901118.2896733,227.0,151.86,139.01,0.54,INACTIVE
1774901118.3054676,211.0,151.92,138.95,0.43,INACTIVE
1774901118.3218265,186.0,151.95,138.88,0.25,INACTIVE
1774901118.3376267,152.0,151.95,138.81,0.0,INACTIVE
1774901118.3537467,131.0,151.93,138.75,-0.15,INACTIVE
1774901118.3702753,118.0,151.9,138.68,-0.24,INACTIVE
1774901118.3864725,114.0,151.86,138.62,-0.27,INACTIVE
1774901118.402185,123.0,151.83,138.55,-0.21,INACTIVE
1774901118.4180403,131.0,151.81,138.48,-0.15,INACTIVE
1774901118.4346926,134.0,151.79,138.41,-0.13,INACTIVE
1774901118.4507053,137.0,151.78,138.35,-0.11,INACTIVE
1774901118.466309,142.0,151.77,138.28,-0.07,INACTIVE
1774901118.4825141,133.0,151.75,138.21,-0.14,INACTIVE
1774901118.4982421,126.0,151.72,138.14,-0.19,INACTIVE
1774901118.5145931,126.0,151.7,138.08,-0.19,INACTIVE
1774901118.530759,125.0,151.67,138.01,-0.19,INACTIVE
1774901118.5468538,130.0,151.65,137.94,-0.16,INACTIVE
1774901118.562153,141.0,151.64,137.87,-0.08,INACTIVE
1774901118.5786684,149.0,151.64,137.8,-0.02,INACTIVE
1774901118.5943248,170.0,151.65,137.74,0.13,INACTIVE
1774901118.610442,177.0,151.68,137.67,0.18,INACTIVE
1774901118.6265388,198.0,151.73,137.61,0.34,INACTIVE
1774901118.6422267,208.0,151.78,137.55,0.41,INACTIVE
1774901118.65828,213.0,151.84,137.5,0.44,INACTIVE
1774901118.6747842,211.0,151.9,137.44,0.43,INACTIVE
1774901118.6909022,208.0,151.96,137.38,0.41,INACTIVE
1774901118.7061596,178.0,151.98,137.32,0.19,INACTIVE
1774901118.7222319,168.0,152.0,137.25,0.12,INACTIVE
1774901118.7386189,153.0,152.0,137.18,0.01,INACTIVE
1774901118.7537372,139.0,151.99,137.11,-0.09,INACTIVE
1774901118.7702513,143.0,151.98,137.04,-0.07,INACTIVE
1774901118.7865102,150.0,151.98,136.98,-0.01,INACTIVE
1774901118.8022425,149.0,151.97,136.91,-0.02,INACTIVE
1774901118.8175738,157.0,151.98,136.84,0.04,INACTIVE
1774901118.8335092,153.0,151.98,136.77,0.01,INACTIVE
1774901118.84961,149.0,151.98,136.7,-0.02,INACTIVE
1774901118.8655775,151.0,151.98,136.63,-0.01,INACTIVE
1774901118.881946,148.0,151.97,136.57,-0.03,INACTIVE
1774901118.8982155,151.0,151.97,136.5,-0.01,INACTIVE
1774901118.9142797,158.0,151.98,136.43,0.04,INACTIVE
1774901118.9299972,160.0,151.99,136.36,0.06,INACTIVE
1774901118.9458218,169.0,152.0,136.29,0.12,INACTIVE
1774901118.962071,165.0,152.02,136.23,0.1,INACTIVE
1774901118.9783337,175.0,152.04,136.16,0.17,INACTIVE
1774901118.9940703,188.0,152.07,136.1,0.26,INACTIVE
1774901119.0099466,193.0,152.12,136.04,0.3,INACTIVE
1774901119.0266004,191.0,152.15,135.97,0.29,INACTIVE
1774901119.0422974,215.0,152.22,135.92,0.46,INACTIVE
1774901119.0587664,217.0,152.28,135.87,0.48,INACTIVE
1774901119.0746686,211.0,152.34,135.81,0.43,INACTIVE
1774901119.0903697,204.0,152.39,135.75,0.38,INACTIVE
1774901119.1059573,191.0,152.43,135.69,0.28,INACTIVE
1774901119.1221185,166.0,152.44,135.62,0.1,INACTIVE
1774901119.1382163,147.0,152.44,135.56,-0.04,INACTIVE
1774901119.1539474,139.0,152.43,135.49,-0.1,INACTIVE
1774901119.1698775,138.0,152.41,135.42,-0.11,INACTIVE
1774901119.1859365,151.0,152.41,135.35,-0.01,INACTIVE
1774901119.2020638,166.0,152.42,135.29,0.1,INACTIVE
1774901119.2179437,169.0,152.44,135.22,0.12,INACTIVE
1774901119.2342327,167.0,152.45,135.15,0.11,INACTIVE
1774901119.2503512,165.0,152.47,135.09,0.09,INACTIVE
1774901119.2666693,183.0,152.5,135.02,0.23,INACTIVE
1774901119.2821984,182.0,152.53,134.96,0.22,INACTIVE
1774901119.2986798,183.0,152.56,134.89,0.23,INACTIVE
1774901119.3148725,201.0,152.61,134.84,0.36,INACTIVE
1774901119.3301086,205.0,152.66,134.78,0.39,INACTIVE
1774901119.3458655,222.0,152.73,134.73,0.51,INACTIVE
1774901119.3619206,239.0,152.81,134.69,0.64,INACTIVE
1774901119.3790102,248.0,152.91,134.66,0.71,INACTIVE
1774901119.3941245,237.0,152.99,134.61,0.62,INACTIVE
1774901119.409711,244.0,153.08,134.58,0.68,INACTIVE
1774901119.425873,200.0,153.13,134.52,0.35,INACTIVE
1774901119.4421108,174.0,153.15,134.45,0.16,INACTIVE
1774901119.4579058,159.0,153.16,134.39,0.04,INACTIVE
1774901119.473887,162.0,153.17,134.32,0.07,INACTIVE
1774901119.4897509,166.0,153.18,134.25,0.1,INACTIVE
1774901119.5062299,186.0,153.21,134.19,0.24,INACTIVE
1774901119.5219426,192.0,153.25,134.13,0.29,INACTIVE
1774901119.5378437,197.0,153.29,134.07,0.33,INACTIVE
1774901119.5542405,199.0,153.34,134.01,0.34,INACTIVE
1774901119.5700135,196.0,153.38,133.95,0.32,INACTIVE
1774901119.5862098,194.0,153.42,133.89,0.3,INACTIVE
1774901119.601636,192.0,153.46,133.83,0.29,INACTIVE
1774901119.6176941,200.0,153.51,133.77,0.35,INACTIVE
1774901119.6337688,192.0,153.55,133.71,0.29,INACTIVE
1774901119.6501453,182.0,153.58,133.64,0.21,INACTIVE
1774901119.666225,164.0,153.59,133.58,0.08,INACTIVE
1774901119.6819336,156.0,153.59,133.51,0.02,INACTIVE
1774901119.6982067,143.0,153.58,133.44,-0.08,INACTIVE
1774901119.7139134,156.0,153.58,133.38,0.02,INACTIVE
1774901119.7298846,160.0,153.59,133.31,0.05,INACTIVE
1774901119.7458346,161.0,153.59,133.24,0.06,INACTIVE
1774901119.7621343,175.0,153.62,133.18,0.16,INACTIVE
1774901119.7776253,176.0,153.64,133.11,0.17,INACTIVE
1774901119.7937434,160.0,153.64,133.05,0.05,INACTIVE
1774901119.809879,155.0,153.65,132.98,0.01,INACTIVE
1774901119.826059,148.0,153.64,132.91,-0.04,INACTIVE
1774901119.8417566,128.0,153.61,132.85,-0.19,INACTIVE
1774901119.8577793,133.0,153.59,132.78,-0.16,INACTIVE
1774901119.8737779,140.0,153.58,132.72,-0.1,INACTIVE
1774901119.8898492,136.0,153.56,132.65,-0.13,INACTIVE
1774901119.9059231,146.0,153.56,132.59,-0.06,INACTIVE
1774901119.9218273,150.0,153.55,132.52,-0.03,INACTIVE
1774901119.9377964,147.0,153.55,132.46,-0.05,INACTIVE
1774901119.953705,138.0,153.53,132.39,-0.12,INACTIVE
1774901119.9697974,137.0,153.51,132.33,-0.12,INACTIVE
1774901119.9858503,138.0,153.5,132.26,-0.12,INACTIVE
1774901120.0018094,132.0,153.48,132.2,-0.16,INACTIVE
1774901120.0178685,143.0,153.47,132.13,-0.08,INACTIVE
1774901120.03384,145.0,153.46,132.06,-0.06,INACTIVE
1774901120.0502322,150.0,153.45,132.0,-0.03,INACTIVE
1774901120.0658014,147.0,153.45,131.93,-0.05,INACTIVE
1774901120.0821724,168.0,153.46,131.87,0.11,INACTIVE
1774901120.0981634,183.0,153.49,131.8,0.22,INACTIVE
1774901120.1142464,200.0,153.54,131.75,0.35,INACTIVE
1774901120.1300592,214.0,153.6,131.69,0.46,INACTIVE
1774901120.1456053,227.0,153.67,131.65,0.56,INACTIVE
1774901120.1618886,217.0,153.74,131.6,0.48,INACTIVE
1774901120.1778393,198.0,153.78,131.54,0.34,INACTIVE
1774901120.1938531,187.0,153.81,131.48,0.25,INACTIVE
1774901120.2098515,181.0,153.84,131.42,0.21,INACTIVE
1774901120.2259264,162.0,153.85,131.35,0.06,INACTIVE
1774901120.2422535,158.0,153.85,131.28,0.03,INACTIVE
1774901120.258337,147.0,153.85,131.22,-0.05,INACTIVE
1774901120.2738945,136.0,153.83,131.15,-0.14,INACTIVE
1774901120.2897472,123.0,153.8,131.09,-0.23,INACTIVE
1774901120.305774,122.0,153.76,131.03,-0.24,INACTIVE
1774901120.3222044,124.0,153.74,130.97,-0.23,INACTIVE
1774901120.337956,133.0,153.71,130.9,-0.16,INACTIVE
1774901120.353766,133.0,153.69,130.84,-0.16,INACTIVE
1774901120.3699408,129.0,153.67,130.78,-0.19,INACTIVE
1774901120.3859577,131.0,153.65,130.71,-0.17,INACTIVE
1774901120.401672,121.0,153.61,130.65,-0.25,INACTIVE
1774901120.4177268,113.0,153.57,130.59,-0.31,INACTIVE
1774901120.4339814,112.0,153.53,130.54,-0.32,INACTIVE
1774901120.4497588,117.0,153.49,130.48,-0.28,INACTIVE
1774901120.4659445,137.0,153.48,130.41,-0.13,INACTIVE
1774901120.4816635,152.0,153.48,130.35,-0.01,INACTIVE
1774901120.4977286,162.0,153.49,130.28,0.07,INACTIVE
1774901120.5137303,177.0,153.51,130.22,0.18,INACTIVE
1774901120.5296237,190.0,153.55,130.16,0.28,INACTIVE
1774901120.545615,172.0,153.56,130.09,0.14,INACTIVE
1774901120.5616126,165.0,153.58,130.03,0.09,INACTIVE
1774901120.577761,168.0,153.59,129.97,0.11,INACTIVE
1774901120.5937152,157.0,153.59,129.9,0.03,INACTIVE
1774901120.609726,141.0,153.58,129.84,-0.1,INACTIVE
1774901120.6257179,148.0,153.57,129.77,-0.04,INACTIVE
1774901120.641686,150.0,153.57,129.71,-0.03,INACTIVE
1774901120.6577897,135.0,153.55,129.64,-0.14,INACTIVE
1774901120.6740658,137.0,153.54,129.58,-0.13,INACTIVE
1774901120.6905248,136.0,153.52,129.52,-0.14,INACTIVE
1774901120.7066536,127.0,153.49,129.45,-0.2,INACTIVE
1774901120.7222836,122.0,153.46,129.39,-0.24,INACTIVE
1774901120.7385585,121.0,153.43,129.33,-0.25,INACTIVE
1774901120.7546363,109.0,153.38,129.27,-0.34,INACTIVE
1774901120.7715821,109.0,153.34,129.22,-0.34,INACTIVE
1774901120.7860353,103.0,153.29,129.16,-0.39,INACTIVE
1774901120.8021572,105.0,153.24,129.11,-0.37,INACTIVE
1774901120.8186622,116.0,153.2,129.05,-0.29,INACTIVE
1774901120.833856,148.0,153.2,128.98,-0.04,INACTIVE
1774901120.8512619,197.0,153.24,128.93,0.34,INACTIVE
1774901120.8670132,251.0,153.34,128.9,0.76,INACTIVE
1774901120.8821461,300.0,153.34,128.92,1.14,INACTIVE
1774901120.8978238,336.0,153.34,128.98,1.42,INACTIVE
1774901120.9137483,330.0,153.34,129.04,1.37,INACTIVE
1774901120.9298837,293.0,153.34,129.05,1.08,INACTIVE
1774901120.945592,248.0,153.43,129.02,0.73,INACTIVE
1774901120.9621754,200.0,153.48,128.96,0.36,INACTIVE
1774901120.9790483,150.0,153.48,128.9,-0.03,INACTIVE
1774901120.9950643,144.0,153.47,128.84,-0.07,INACTIVE
1774901121.0103362,148.0,153.46,128.77,-0.04,INACTIVE
1774901121.0269573,150.0,153.46,128.71,-0.03,INACTIVE
1774901121.0425837,149.0,153.45,128.64,-0.03,INACTIVE
1774901121.058583,155.0,153.46,128.58,0.01,INACTIVE
1774901121.0749412,140.0,153.44,128.52,-0.1,INACTIVE
1774901121.0899782,125.0,153.41,128.45,-0.22,INACTIVE
1774901121.1062183,120.0,153.38,128.39,-0.26,INACTIVE
1774901121.1226537,119.0,153.35,128.33,-0.27,INACTIVE
1774901121.1393816,130.0,153.32,128.27,-0.18,INACTIVE
1774901121.154005,146.0,153.32,128.21,-0.06,INACTIVE
1774901121.1700623,157.0,153.32,128.14,0.03,INACTIVE
1774901121.1860523,164.0,153.33,128.08,0.08,INACTIVE
1774901121.2018697,166.0,153.34,128.02,0.1,INACTIVE
1774901121.2179105,160.0,153.35,127.95,0.05,INACTIVE
1774901121.2340364,152.0,153.35,127.89,-0.01,INACTIVE
1774901121.250147,153.0,153.35,127.83,-0.0,INACTIVE
1774901121.266025,158.0,153.35,127.76,0.04,INACTIVE
1774901121.2825975,173.0,153.37,127.7,0.15,INACTIVE
1774901121.2981327,175.0,153.39,127.64,0.17,INACTIVE
1774901121.3139796,185.0,153.43,127.58,0.25,INACTIVE
1774901121.3301108,183.0,153.46,127.52,0.23,INACTIVE
1774901121.345889,173.0,153.47,127.46,0.15,INACTIVE
1774901121.3619876,162.0,153.48,127.39,0.07,INACTIVE
1774901121.3779862,151.0,153.48,127.33,-0.02,INACTIVE
1774901121.39466,136.0,153.46,127.27,-0.14,INACTIVE
1774901121.410372,130.0,153.44,127.2,-0.18,INACTIVE
1774901121.4266603,135.0,153.42,127.14,-0.14,INACTIVE
1774901121.441934,132.0,153.4,127.08,-0.17,INACTIVE
1774901121.458046,139.0,153.39,127.02,-0.11,INACTIVE
1774901121.474127,136.0,153.37,126.95,-0.14,INACTIVE
1774901121.4908469,131.0,153.35,126.89,-0.18,INACTIVE
1774901121.5066442,120.0,153.31,126.83,-0.26,INACTIVE
1774901121.5222757,120.0,153.28,126.78,-0.26,INACTIVE
1774901121.5382743,120.0,153.25,126.72,-0.26,INACTIVE
1774901121.554534,126.0,153.22,126.66,-0.21,INACTIVE
1774901121.571073,132.0,153.2,126.59,-0.17,INACTIVE
1774901121.5866141,152.0,153.2,126.53,-0.01,INACTIVE
1774901121.602314,183.0,153.23,126.47,0.24,INACTIVE
1774901121.6183279,216.0,153.29,126.42,0.5,INACTIVE
1774901121.6338892,241.0,153.38,126.39,0.69,INACTIVE
1774901121.6497335,273.0,153.5,126.38,0.95,INACTIVE
1774901121.6655967,287.0,153.5,126.39,1.06,INACTIVE
1774901121.6815462,281.0,153.5,126.39,1.01,INACTIVE
1774901121.6987245,273.0,153.62,126.39,0.94,INACTIVE
1774901121.7145965,264.0,153.73,126.37,0.87,INACTIVE
1774901121.7296147,245.0,153.82,126.34,0.72,INACTIVE
1774901121.7468898,229.0,153.89,126.3,0.59,INACTIVE
1774901121.7623076,212.0,153.95,126.25,0.46,INACTIVE
1774901121.77857,219.0,154.02,126.2,0.51,INACTIVE
1774901121.7951105,228.0,154.09,126.16,0.59,INACTIVE
1774901121.8101673,238.0,154.17,126.13,0.66,INACTIVE
1774901121.8257391,245.0,154.26,126.1,0.72,INACTIVE
1774901121.8427482,251.0,154.36,126.07,0.77,INACTIVE
1774901121.8591766,225.0,154.43,126.03,0.56,INACTIVE
1774901121.8746774,196.0,154.47,125.97,0.33,INACTIVE
1774901121.8908906,172.0,154.49,125.91,0.14,INACTIVE
1774901121.9070656,152.0,154.49,125.85,-0.02,INACTIVE
1774901121.921977,131.0,154.46,125.79,-0.19,INACTIVE
1774901121.9379985,115.0,154.43,125.73,-0.31,INACTIVE
1774901121.9539926,116.0,154.39,125.67,-0.31,INACTIVE
1774901121.9699445,120.0,154.35,125.61,-0.27,INACTIVE
1774901121.9859676,129.0,154.33,125.55,-0.2,INACTIVE
1774901122.0024176,147.0,154.32,125.49,-0.06,INACTIVE
1774901122.0188677,173.0,154.34,125.43,0.15,INACTIVE
1774901122.0346174,186.0,154.37,125.37,0.25,INACTIVE
1774901122.0498657,183.0,154.4,125.31,0.23,INACTIVE
1774901122.0661156,179.0,154.42,125.25,0.2,INACTIVE
1774901122.0825217,172.0,154.44,125.19,0.14,INACTIVE
1774901122.0983627,163.0,154.45,125.13,0.07,INACTIVE
1774901122.1140969,162.0,154.46,125.07,0.06,INACTIVE
1774901122.1302574,165.0,154.47,125.0,0.08,INACTIVE
1774901122.145762,173.0,154.49,124.94,0.15,INACTIVE
1774901122.162372,189.0,154.52,124.88,0.28,INACTIVE
1774901122.1787927,180.0,154.55,124.82,0.2,INACTIVE
1774901122.194554,168.0,154.56,124.76,0.11,INACTIVE
1774901122.2108755,159.0,154.56,124.7,0.04,INACTIVE
1774901122.2271125,148.0,154.56,124.64,-0.05,INACTIVE
1774901122.2433708,127.0,154.53,124.58,-0.22,INACTIVE
1774901122.2587225,133.0,154.51,124.52,-0.17,INACTIVE
1774901122.2740862,140.0,154.49,124.46,-0.12,INACTIVE
1774901122.2900324,160.0,154.5,124.39,0.04,INACTIVE
1774901122.3061004,165.0,154.51,124.33,0.08,INACTIVE
1774901122.3219793,181.0,154.54,124.27,0.21,INACTIVE
1774901122.338317,246.0,154.63,124.25,0.74,INACTIVE
1774901122.3542385,326.0,154.63,124.3,1.38,INACTIVE
1774901122.3704295,379.0,154.63,124.44,1.8,INACTIVE
1774901122.3865433,442.0,154.63,124.71,2.3,INACTIVE
1774901122.4025457,486.0,154.63,125.09,2.65,INACTIVE
1774901122.4181497,482.0,154.63,125.45,2.61,INACTIVE
1774901122.4338748,464.0,154.63,125.77,2.46,INACTIVE
1774901122.450301,464.0,154.63,126.09,2.45,INACTIVE
1774901122.4666595,467.0,154.63,126.41,2.47,INACTIVE
1774901122.4824116,465.0,154.63,126.73,2.45,INACTIVE
1774901122.4979293,457.0,154.63,127.03,2.38,INACTIVE
1774901122.514053,437.0,154.63,127.28,2.22,INACTIVE
1774901122.5307055,415.0,154.63,127.48,2.04,INACTIVE
1774901122.5467384,405.0,154.63,127.66,1.96,INACTIVE
1774901122.5626125,401.0,154.63,127.84,1.93,INACTIVE
1774901122.5786216,398.0,154.63,128.0,1.9,INACTIVE
1774901122.5943248,406.0,154.63,128.19,1.96,INACTIVE
1774901122.6103275,418.0,154.63,128.39,2.05,INACTIVE
1774901122.6257486,415.0,154.63,128.59,2.02,INACTIVE
1774901122.641829,402.0,154.63,128.77,1.92,INACTIVE
1774901122.6577873,379.0,154.63,128.9,1.74,INACTIVE
1774901122.6738834,343.0,154.63,128.97,1.46,INACTIVE
1774901122.689922,303.0,154.63,128.99,1.15,INACTIVE
1774901122.7057269,273.0,154.75,128.98,0.92,INACTIVE
1774901122.7226899,269.0,154.86,128.97,0.89,INACTIVE
1774901122.7378378,268.0,154.97,128.95,0.88,INACTIVE
1774901122.7534943,288.0,154.97,128.96,1.03,INACTIVE
1774901122.7699895,290.0,154.97,128.96,1.05,INACTIVE
1774901122.7856407,299.0,154.97,128.98,1.12,INACTIVE
1774901122.8018086,283.0,155.1,128.98,0.99,INACTIVE
1774901122.8179939,270.0,155.22,128.96,0.89,INACTIVE
1774901122.833654,248.0,155.31,128.93,0.72,INACTIVE
1774901122.8496249,237.0,155.39,128.89,0.63,INACTIVE
1774901122.8659937,228.0,155.46,128.85,0.56,INACTIVE
1774901122.8819396,221.0,155.53,128.8,0.51,INACTIVE
1774901122.8981383,223.0,155.6,128.76,0.52,INACTIVE
1774901122.913936,216.0,155.66,128.7,0.47,INACTIVE
1774901122.9297917,222.0,155.72,128.66,0.52,INACTIVE
1774901122.9456336,216.0,155.78,128.61,0.47,INACTIVE
1774901122.9618814,215.0,155.84,128.56,0.46,INACTIVE
1774901122.9783328,209.0,155.9,128.5,0.41,INACTIVE
1774901122.9936042,204.0,155.94,128.45,0.37,INACTIVE
1774901123.0097477,188.0,155.98,128.39,0.25,INACTIVE
1774901123.0255978,172.0,155.99,128.32,0.12,INACTIVE
1774901123.0416267,160.0,156.0,128.26,0.03,INACTIVE
1774901123.0576274,158.0,156.0,128.2,0.02,INACTIVE
1774901123.0737152,158.0,156.0,128.13,0.02,INACTIVE
1774901123.0896688,166.0,156.01,128.07,0.08,INACTIVE
1774901123.1057217,171.0,156.03,128.01,0.12,INACTIVE
1774901123.1217904,180.0,156.05,127.94,0.19,INACTIVE
1774901123.1377752,196.0,156.09,127.89,0.31,INACTIVE
1774901123.153862,199.0,156.13,127.83,0.34,INACTIVE
1774901123.169928,193.0,156.17,127.77,0.29,INACTIVE
1774901123.185853,192.0,156.2,127.71,0.28,INACTIVE
1774901123.201635,176.0,156.22,127.65,0.15,INACTIVE
1774901123.2176795,148.0,156.22,127.59,-0.06,INACTIVE
1774901123.2337258,134.0,156.19,127.52,-0.17,INACTIVE
1774901123.249823,134.0,156.17,127.46,-0.17,INACTIVE
1774901123.2657762,124.0,156.14,127.4,-0.25,INACTIVE
1774901123.2816682,132.0,156.12,127.34,-0.19,INACTIVE
1774901123.297738,133.0,156.09,127.28,-0.18,INACTIVE
1774901123.3141901,141.0,156.08,127.22,-0.12,INACTIVE
1774901123.3296928,132.0,156.05,127.16,-0.19,INACTIVE
1774901123.3454432,135.0,156.03,127.09,-0.17,INACTIVE
1774901123.361814,129.0,156.01,127.03,-0.21,INACTIVE
1774901123.3777752,129.0,155.98,126.97,-0.21,INACTIVE
1774901123.3935935,123.0,155.95,126.91,-0.26,INACTIVE
1774901123.409746,134.0,155.92,126.85,-0.17,INACTIVE
1774901123.4257107,130.0,155.9,126.79,-0.2,INACTIVE
1774901123.4417028,131.0,155.87,126.73,-0.2,INACTIVE
1774901123.4576526,128.0,155.84,126.67,-0.22,INACTIVE
1774901123.4735026,141.0,155.83,126.61,-0.12,INACTIVE
1774901123.4899359,145.0,155.82,126.54,-0.09,INACTIVE
1774901123.505427,167.0,155.83,126.48,0.09,INACTIVE
1774901123.52155,171.0,155.85,126.42,0.12,INACTIVE
1774901123.537746,184.0,155.87,126.36,0.22,INACTIVE
1774901123.553371,177.0,155.89,126.3,0.17,INACTIVE
1774901123.569542,163.0,155.9,126.23,0.06,INACTIVE
1774901123.585674,147.0,155.89,126.17,-0.07,INACTIVE
1774901123.6016314,143.0,155.88,126.11,-0.1,INACTIVE
1774901123.6177135,137.0,155.86,126.05,-0.15,INACTIVE
1774901123.6334972,134.0,155.84,125.99,-0.17,INACTIVE
1774901123.6494944,146.0,155.83,125.92,-0.08,INACTIVE
1774901123.6656656,142.0,155.82,125.86,-0.11,INACTIVE
1774901123.6821215,148.0,155.81,125.8,-0.06,INACTIVE
1774901123.69767,145.0,155.8,125.74,-0.09,INACTIVE
1774901123.713544,143.0,155.78,125.67,-0.1,INACTIVE
1774901123.7297566,131.0,155.76,125.61,-0.2,INACTIVE
1774901123.7455766,138.0,155.74,125.55,-0.14,INACTIVE
1774901123.7617579,136.0,155.72,125.49,-0.16,INACTIVE
1774901123.7777328,139.0,155.71,125.43,-0.13,INACTIVE
1774901123.793751,133.0,155.68,125.37,-0.18,INACTIVE
1774901123.8099027,132.0,155.66,125.31,-0.19,INACTIVE
1774901123.8257737,124.0,155.63,125.25,-0.25,INACTIVE
1774901123.8417373,153.0,155.62,125.19,-0.02,INACTIVE
1774901123.857597,184.0,155.65,125.13,0.23,INACTIVE
1774901123.873659,207.0,155.7,125.08,0.41,INACTIVE
1774901123.8896594,217.0,155.77,125.03,0.49,INACTIVE
1774901123.9058058,226.0,155.84,124.99,0.56,INACTIVE
1774901123.9216502,196.0,155.88,124.93,0.32,INACTIVE
1774901123.9377222,164.0,155.88,124.87,0.06,INACTIVE
1774901123.953799,147.0,155.88,124.8,-0.07,INACTIVE
1774901123.9698148,143.0,155.86,124.74,-0.1,INACTIVE
1774901123.9857674,142.0,155.85,124.68,-0.11,INACTIVE
1774901124.0019164,132.0,155.82,124.62,-0.19,INACTIVE
1774901124.0177662,137.0,155.81,124.56,-0.15,INACTIVE
1774901124.033625,140.0,155.79,124.5,-0.13,INACTIVE
1774901124.0505366,139.0,155.77,124.44,-0.13,INACTIVE
1774901124.0655396,136.0,155.75,124.38,-0.16,INACTIVE
1774901124.0818424,146.0,155.74,124.32,-0.08,INACTIVE
1774901124.09771,147.0,155.73,124.25,-0.07,INACTIVE
1774901124.1137788,151.0,155.73,124.19,-0.04,INACTIVE
1774901124.1312118,153.0,155.73,124.13,-0.02,INACTIVE
1774901124.1456387,157.0,155.73,124.07,0.01,INACTIVE
1774901124.1617205,151.0,155.72,124.01,-0.04,INACTIVE
1774901124.1785824,145.0,155.71,123.94,-0.09,INACTIVE
1774901124.1936798,133.0,155.69,123.88,-0.18,INACTIVE
1774901124.2097192,139.0,155.67,123.82,-0.13,INACTIVE
1774901124.2259753,151.0,155.67,123.76,-0.04,INACTIVE
1774901124.241752,161.0,155.67,123.7,0.04,INACTIVE
1774901124.2578056,167.0,155.69,123.64,0.09,INACTIVE
1774901124.2736263,182.0,155.71,123.58,0.21,INACTIVE
1774901124.2896366,179.0,155.74,123.52,0.19,INACTIVE
1774901124.3057678,173.0,155.75,123.46,0.14,INACTIVE
1774901124.3216474,186.0,155.78,123.4,0.24,INACTIVE
1774901124.3375604,188.0,155.82,123.34,0.26,INACTIVE
1774901124.353653,181.0,155.84,123.28,0.2,INACTIVE
1774901124.3696332,193.0,155.88,123.23,0.3,INACTIVE
1774901124.3858502,195.0,155.92,123.17,0.32,INACTIVE
1774901124.4017212,182.0,155.94,123.11,0.21,INACTIVE
1774901124.4177165,184.0,155.97,123.06,0.23,INACTIVE
1774901124.4337528,186.0,156.0,123.0,0.24,INACTIVE
1774901124.4500947,174.0,156.02,122.94,0.15,INACTIVE
1774901124.465754,163.0,156.03,122.88,0.06,INACTIVE
1774901124.4816873,165.0,156.03,122.82,0.07,INACTIVE
1774901124.4974184,160.0,156.04,122.75,0.03,INACTIVE
1774901124.5135844,160.0,156.04,122.69,0.03,INACTIVE
1774901124.529761,155.0,156.04,122.63,-0.01,INACTIVE
1774901124.5457108,161.0,156.05,122.57,0.04,INACTIVE
1774901124.561714,158.0,156.05,122.51,0.02,INACTIVE
1774901124.577573,161.0,156.05,122.45,0.04,INACTIVE
1774901124.5935273,182.0,156.08,122.39,0.21,INACTIVE
1774901124.6095374,198.0,156.12,122.33,0.34,INACTIVE
1774901124.625489,213.0,156.18,122.29,0.46,INACTIVE
1774901124.6416976,233.0,156.26,122.25,0.63,INACTIVE
1774901124.6586053,233.0,156.33,122.21,0.63,INACTIVE
1774901124.6736221,204.0,156.38,122.16,0.39,INACTIVE
1774901124.6894681,199.0,156.42,122.11,0.35,INACTIVE
1774901124.705514,189.0,156.45,122.05,0.27,INACTIVE
1774901124.721759,175.0,156.47,121.99,0.15,INACTIVE
1774901124.7376544,187.0,156.5,121.93,0.25,INACTIVE
1774901124.7535741,200.0,156.55,121.88,0.36,INACTIVE
1774901124.770048,197.0,156.59,121.83,0.33,INACTIVE
1774901124.785686,201.0,156.63,121.77,0.36,INACTIVE
1774901124.8018003,198.0,156.67,121.72,0.34,INACTIVE
1774901124.8174915,184.0,156.7,121.66,0.22,INACTIVE
1774901124.833569,190.0,156.73,121.61,0.27,INACTIVE
1774901124.849519,190.0,156.77,121.55,0.27,INACTIVE
1774901124.8654826,190.0,156.8,121.49,0.27,INACTIVE
1774901124.8814518,191.0,156.83,121.44,0.28,INACTIVE
1774901124.8975277,202.0,156.88,121.38,0.37,INACTIVE
1774901124.9156647,205.0,156.93,121.33,0.4,INACTIVE
1774901124.9296055,205.0,156.98,121.28,0.4,INACTIVE
1774901124.9457552,207.0,157.03,121.23,0.41,INACTIVE
1774901124.9620776,212.0,157.08,121.18,0.45,INACTIVE
1774901124.9776568,215.0,157.14,121.14,0.48,INACTIVE
1774901124.993552,210.0,157.19,121.09,0.44,INACTIVE
1774901125.0096688,222.0,157.26,121.04,0.53,INACTIVE
1774901125.02562,210.0,157.31,121.0,0.44,INACTIVE
1774901125.0422568,214.0,157.37,120.95,0.47,INACTIVE
1774901125.0576,204.0,157.41,120.9,0.39,INACTIVE
1774901125.074042,207.0,157.46,120.85,0.41,INACTIVE
1774901125.0899093,205.0,157.51,120.8,0.39,INACTIVE
1774901125.105754,210.0,157.56,120.75,0.43,INACTIVE
1774901125.1219728,199.0,157.6,120.69,0.34,INACTIVE
1774901125.1376839,203.0,157.65,120.64,0.38,INACTIVE
1774901125.1535628,196.0,157.69,120.59,0.32,INACTIVE
1774901125.1697216,186.0,157.72,120.53,0.23,INACTIVE
1774901125.185464,187.0,157.75,120.47,0.24,INACTIVE
1774901125.2023635,190.0,157.78,120.42,0.27,INACTIVE
1774901125.2182775,188.0,157.81,120.36,0.25,INACTIVE
1774901125.2338164,187.0,157.84,120.3,0.24,INACTIVE
1774901125.2498019,184.0,157.86,120.25,0.22,INACTIVE
1774901125.265536,174.0,157.88,120.19,0.13,INACTIVE
1774901125.2825134,174.0,157.9,120.13,0.13,INACTIVE
1774901125.2978787,162.0,157.9,120.07,0.03,INACTIVE
1774901125.3140073,153.0,157.89,120.01,-0.04,INACTIVE
1774901125.3308902,147.0,157.88,119.95,-0.09,INACTIVE
1774901125.3464363,195.0,157.92,119.9,0.31,INACTIVE
1774901125.3624,221.0,157.98,119.85,0.53,INACTIVE
1774901125.3778691,274.0,158.1,119.85,0.97,INACTIVE
1774901125.394146,321.0,158.1,119.9,1.36,INACTIVE
1774901125.4115214,360.0,158.1,120.01,1.68,INACTIVE
1774901125.4264596,348.0,158.1,120.1,1.58,INACTIVE
1774901125.4420533,348.0,158.1,120.19,1.58,INACTIVE
1774901125.4583683,329.0,158.1,120.25,1.42,INACTIVE
1774901125.4743369,301.0,158.1,120.28,1.19,INACTIVE
1774901125.4905066,279.0,158.1,120.28,1.01,INACTIVE
1774901125.506781,247.0,158.19,120.25,0.74,INACTIVE
1774901125.5238616,211.0,158.24,120.2,0.44,INACTIVE
1774901125.538881,189.0,158.27,120.14,0.26,INACTIVE
1774901125.5549371,187.0,158.3,120.09,0.24,INACTIVE
1774901125.5705593,190.0,158.33,120.03,0.26,INACTIVE
1774901125.58627,197.0,158.37,119.98,0.32,INACTIVE
1774901125.6023114,207.0,158.42,119.93,0.41,INACTIVE
1774901125.6181588,211.0,158.47,119.88,0.44,INACTIVE
1774901125.6339982,191.0,158.51,119.82,0.27,INACTIVE
1774901125.6499085,176.0,158.52,119.77,0.15,INACTIVE
1774901125.6664622,163.0,158.53,119.71,0.04,INACTIVE
1774901125.6826808,155.0,158.52,119.65,-0.03,INACTIVE
1774901125.69814,141.0,158.51,119.59,-0.15,INACTIVE
1774901125.7143114,152.0,158.5,119.53,-0.05,INACTIVE
1774901125.7301567,166.0,158.51,119.47,0.06,INACTIVE
1774901125.7460585,173.0,158.52,119.41,0.12,INACTIVE
1774901125.7620404,190.0,158.55,119.35,0.26,INACTIVE
1774901125.7778127,221.0,158.62,119.31,0.52,INACTIVE
1774901125.7940688,230.0,158.69,119.27,0.6,INACTIVE
1774901125.8095682,224.0,158.75,119.23,0.55,INACTIVE
1774901125.825569,232.0,158.83,119.19,0.61,INACTIVE
1774901125.8415608,220.0,158.89,119.15,0.51,INACTIVE
1774901125.8579073,204.0,158.93,119.1,0.38,INACTIVE
1774901125.8734808,199.0,158.97,119.05,0.34,INACTIVE
1774901125.8902426,198.0,159.01,118.99,0.33,INACTIVE
1774901125.9060125,198.0,159.05,118.94,0.33,INACTIVE
1774901125.9222088,205.0,159.1,118.89,0.39,INACTIVE
1774901125.9378335,200.0,159.14,118.84,0.34,INACTIVE
1774901125.9538555,200.0,159.18,118.78,0.34,INACTIVE
1774901125.9697626,201.0,159.22,118.73,0.35,INACTIVE
1774901125.98582,199.0,159.26,118.68,0.33,INACTIVE
1774901126.0018055,199.0,159.3,118.63,0.33,INACTIVE
1774901126.0177164,214.0,159.35,118.58,0.46,INACTIVE
1774901126.033855,209.0,159.4,118.53,0.42,INACTIVE
1774901126.049847,207.0,159.45,118.48,0.4,INACTIVE
1774901126.0657837,207.0,159.5,118.43,0.4,INACTIVE
1774901126.0814962,204.0,159.54,118.38,0.38,INACTIVE
1774901126.0977414,211.0,159.59,118.33,0.43,INACTIVE
1774901126.113632,237.0,159.67,118.3,0.65,INACTIVE
1774901126.1295981,265.0,159.78,118.29,0.89,INACTIVE
1774901126.1457052,285.0,159.78,118.29,1.06,INACTIVE
1774901126.1619606,310.0,159.78,118.33,1.27,INACTIVE
1774901126.1778383,308.0,159.78,118.36,1.25,INACTIVE
1774901126.193749,312.0,159.78,118.4,1.29,INACTIVE
1774901126.2100017,302.0,159.78,118.43,1.2,INACTIVE
1774901126.2261927,305.0,159.78,118.46,1.23,INACTIVE
1774901126.2416124,299.0,159.78,118.48,1.18,INACTIVE
1774901126.2576938,298.0,159.78,118.5,1.17,INACTIVE
1774901126.273582,299.0,159.78,118.52,1.17,INACTIVE
1774901126.2898514,307.0,159.78,118.56,1.24,INACTIVE
1774901126.3056865,303.0,159.78,118.58,1.21,INACTIVE
1774901126.321946,280.0,159.78,118.59,1.01,INACTIVE
1774901126.3376322,253.0,159.87,118.56,0.79,INACTIVE
1774901126.353901,227.0,159.94,118.52,0.57,INACTIVE
1774901126.3699553,223.0,160.0,118.48,0.53,INACTIVE
1774901126.3858733,213.0,160.05,118.43,0.45,INACTIVE
1774901126.4017892,224.0,160.12,118.39,0.54,INACTIVE
1774901126.417747,245.0,160.2,118.36,0.72,INACTIVE
1774901126.433887,262.0,160.3,118.35,0.86,INACTIVE
1774901126.4497705,244.0,160.39,118.32,0.71,INACTIVE
1774901126.4659998,223.0,160.45,118.27,0.53,INACTIVE
1774901126.481723,214.0,160.5,118.23,0.45,INACTIVE
1774901126.4977288,210.0,160.55,118.18,0.42,INACTIVE
1774901126.5135295,203.0,160.6,118.13,0.36,INACTIVE
1774901126.529881,198.0,160.63,118.07,0.32,INACTIVE
1774901126.54577,207.0,160.68,118.02,0.39,INACTIVE
1774901126.5617259,208.0,160.73,117.97,0.4,INACTIVE
1774901126.5776055,196.0,160.76,117.92,0.3,INACTIVE
1774901126.5938513,180.0,160.78,117.86,0.16,INACTIVE
1774901126.6097143,172.0,160.79,117.8,0.1,INACTIVE
1774901126.625795,169.0,160.8,117.75,0.07,INACTIVE
1774901126.6419315,161.0,160.8,117.69,0.0,INACTIVE
1774901126.6576867,158.0,160.8,117.63,-0.02,INACTIVE
1774901126.67384,155.0,160.79,117.57,-0.05,INACTIVE
1774901126.6896133,158.0,160.79,117.51,-0.02,INACTIVE
1774901126.7056441,161.0,160.79,117.45,0.0,INACTIVE
1774901126.7216585,161.0,160.79,117.39,0.0,INACTIVE
1774901126.7378578,171.0,160.8,117.34,0.09,INACTIVE
1774901126.7537005,174.0,160.81,117.28,0.11,INACTIVE
1774901126.770095,173.0,160.83,117.22,0.1,INACTIVE
1774901126.785899,160.0,160.83,117.16,-0.01,INACTIVE
1774901126.80195,149.0,160.81,117.1,-0.1,INACTIVE
1774901126.8179924,126.0,160.78,117.05,-0.3,INACTIVE
1774901126.8338077,142.0,160.76,116.99,-0.16,INACTIVE
1774901126.8497138,169.0,160.77,116.93,0.07,INACTIVE
1774901126.8664987,203.0,160.81,116.88,0.36,INACTIVE
1774901126.8817732,237.0,160.89,116.85,0.65,INACTIVE
1774901126.897708,255.0,160.98,116.83,0.8,INACTIVE
1774901126.9137988,244.0,161.06,116.8,0.71,INACTIVE
1774901126.9299395,215.0,161.12,116.75,0.46,INACTIVE
1774901126.9462342,188.0,161.14,116.7,0.23,INACTIVE
1774901126.9625537,163.0,161.15,116.64,0.02,INACTIVE
1774901126.978205,160.0,161.15,116.58,-0.01,INACTIVE
1774901126.994984,160.0,161.14,116.52,-0.01,INACTIVE
1774901127.0107634,166.0,161.15,116.47,0.04,INACTIVE
1774901127.027435,156.0,161.14,116.41,-0.04,INACTIVE
1774901127.0422285,159.0,161.14,116.35,-0.02,INACTIVE
1774901127.0579917,145.0,161.13,116.29,-0.14,INACTIVE
1774901127.0739772,140.0,161.1,116.24,-0.18,INACTIVE
1774901127.0915964,135.0,161.08,116.18,-0.22,INACTIVE
1774901127.1060963,137.0,161.05,116.13,-0.21,INACTIVE
1774901127.1216612,130.0,161.02,116.07,-0.27,INACTIVE
1774901127.1377833,140.0,161.0,116.02,-0.18,INACTIVE
1774901127.1537883,135.0,160.98,115.96,-0.22,INACTIVE
1774901127.169916,130.0,160.95,115.91,-0.27,INACTIVE
1774901127.187754,131.0,160.92,115.85,-0.26,INACTIVE
1774901127.2020717,144.0,160.9,115.8,-0.15,INACTIVE
1774901127.2179036,161.0,160.9,115.74,0.0,INACTIVE
1774901127.2338665,180.0,160.92,115.68,0.16,INACTIVE
1774901127.250287,195.0,160.95,115.63,0.29,INACTIVE
1774901127.2663925,223.0,161.01,115.59,0.54,INACTIVE
1774901127.2824924,214.0,161.07,115.54,0.46,INACTIVE
1774901127.2980373,201.0,161.11,115.49,0.35,INACTIVE
1774901127.3138702,185.0,161.13,115.44,0.21,INACTIVE
1774901127.3305418,180.0,161.15,115.38,0.16,INACTIVE
1774901127.3473592,158.0,161.15,115.32,-0.03,INACTIVE
1774901127.3625371,172.0,161.16,115.26,0.09,INACTIVE
1774901127.3786385,164.0,161.16,115.21,0.02,INACTIVE
1774901127.3947544,174.0,161.17,115.15,0.11,INACTIVE
1774901127.4111016,181.0,161.19,115.09,0.17,INACTIVE
1774901127.4271631,183.0,161.21,115.04,0.19,INACTIVE
1774901127.4426172,170.0,161.22,114.98,0.08,INACTIVE
1774901127.4580398,177.0,161.24,114.92,0.14,INACTIVE
1774901127.473688,167.0,161.24,114.87,0.05,INACTIVE
1774901127.4899638,163.0,161.25,114.81,0.02,INACTIVE
1774901127.5058231,161.0,161.25,114.75,-0.0,INACTIVE
1774901127.5218918,168.0,161.25,114.7,0.06,INACTIVE
1774901127.5377638,158.0,161.25,114.64,-0.03,INACTIVE
1774901127.5542467,157.0,161.25,114.58,-0.04,INACTIVE
1774901127.5700138,140.0,161.22,114.53,-0.19,INACTIVE
1774901127.5860264,159.0,161.22,114.47,-0.02,INACTIVE
1774901127.6023388,167.0,161.23,114.41,0.05,INACTIVE
1774901127.618398,193.0,161.26,114.36,0.28,INACTIVE
1774901127.6344855,208.0,161.31,114.31,0.41,INACTIVE
1774901127.6500509,235.0,161.38,114.28,0.64,INACTIVE
1774901127.6667564,228.0,161.45,114.24,0.58,INACTIVE
1774901127.682644,218.0,161.5,114.2,0.49,INACTIVE
1774901127.6987343,209.0,161.55,114.15,0.42,INACTIVE
1774901127.714538,219.0,161.61,114.11,0.5,INACTIVE
1774901127.729999,208.0,161.65,114.06,0.41,INACTIVE
1774901127.7467952,207.0,161.7,114.01,0.4,INACTIVE
1774901127.7620857,207.0,161.75,113.96,0.4,INACTIVE
1774901127.7790172,203.0,161.79,113.91,0.36,INACTIVE
1774901127.7948349,191.0,161.82,113.86,0.26,INACTIVE
1774901127.8108203,204.0,161.86,113.81,0.37,INACTIVE
1774901127.8263056,199.0,161.89,113.76,0.33,INACTIVE
1774901127.8429573,200.0,161.93,113.71,0.33,INACTIVE
1774901127.8579862,207.0,161.98,113.66,0.4,INACTIVE
1774901127.873752,200.0,162.02,113.61,0.33,INACTIVE
1774901127.8895688,194.0,162.05,113.56,0.28,INACTIVE
1774901127.9064138,197.0,162.08,113.51,0.31,INACTIVE
1774901127.922377,186.0,162.11,113.45,0.21,INACTIVE
1774901127.9388447,172.0,162.12,113.4,0.09,INACTIVE
1774901127.9547002,184.0,162.14,113.34,0.19,INACTIVE
1774901127.9710336,182.0,162.16,113.29,0.18,INACTIVE
1774901127.9860866,188.0,162.18,113.23,0.23,INACTIVE
1774901128.0022695,201.0,162.22,113.18,0.34,INACTIVE
1774901128.0180562,214.0,162.28,113.14,0.46,INACTIVE
1774901128.0348558,214.0,162.33,113.09,0.46,INACTIVE
1774901128.0511734,221.0,162.39,113.05,0.52,INACTIVE
1774901128.066354,223.0,162.45,113.01,0.54,INACTIVE
1774901128.0820165,222.0,162.51,112.97,0.53,INACTIVE
1774901128.0985496,213.0,162.56,112.93,0.45,INACTIVE
1774901128.1145666,199.0,162.59,112.88,0.32,INACTIVE
1774901128.1299963,181.0,162.61,112.82,0.16,INACTIVE
1774901128.146164,173.0,162.62,112.77,0.09,INACTIVE
1774901128.1627557,162.0,162.62,112.71,-0.01,INACTIVE
1774901128.1784205,156.0,162.61,112.65,-0.06,INACTIVE
1774901128.1938765,158.0,162.61,112.6,-0.04,INACTIVE
1774901128.2107213,153.0,162.6,112.54,-0.09,INACTIVE
1774901128.2273498,163.0,162.6,112.48,0.0,INACTIVE
1774901128.2421033,186.0,162.62,112.43,0.21,INACTIVE
1774901128.2585032,224.0,162.69,112.39,0.55,INACTIVE
1774901128.274093,255.0,162.78,112.37,0.82,INACTIVE
1774901128.2908134,256.0,162.87,112.36,0.83,INACTIVE
1774901128.307115,298.0,162.87,112.38,1.2,INACTIVE
1774901128.3220193,285.0,162.87,112.39,1.09,INACTIVE
1774901128.338677,285.0,162.87,112.4,1.09,INACTIVE
1774901128.3548765,298.0,162.87,112.43,1.2,INACTIVE
1774901128.3705187,383.0,162.87,112.58,1.96,INACTIVE
1774901128.3858943,388.0,162.87,112.75,2.0,INACTIVE
1774901128.4020007,415.0,162.87,112.98,2.23,INACTIVE
1774901128.4183214,401.0,162.87,113.17,2.1,INACTIVE
1774901128.4341073,386.0,162.87,113.34,1.97,INACTIVE
1774901128.4503279,329.0,162.87,113.4,1.46,INACTIVE
1774901128.4659376,310.0,162.87,113.44,1.3,INACTIVE
1774901128.4824023,311.0,162.87,113.48,1.31,INACTIVE
1774901128.498858,304.0,162.87,113.51,1.24,INACTIVE
1774901128.5152464,285.0,162.87,113.52,1.08,INACTIVE
1774901128.53109,271.0,162.98,113.51,0.95,INACTIVE
1774901128.5463002,231.0,163.05,113.48,0.6,INACTIVE
1774901128.5626292,194.0,163.08,113.43,0.27,INACTIVE
1774901128.5789719,182.0,163.1,113.37,0.17,INACTIVE
1774901128.5938463,173.0,163.11,113.31,0.09,INACTIVE
1774901128.6101902,163.0,163.11,113.26,-0.0,INACTIVE
1774901128.6267586,159.0,163.1,113.2,-0.04,INACTIVE
1774901128.6427383,153.0,163.09,113.14,-0.09,INACTIVE
1774901128.65776,138.0,163.07,113.09,-0.22,INACTIVE
1774901128.6739004,134.0,163.04,113.04,-0.26,INACTIVE
1774901128.6905577,130.0,163.01,112.99,-0.29,INACTIVE
1774901128.7061608,134.0,162.98,112.93,-0.26,INACTIVE
1774901128.7218487,176.0,162.99,112.88,0.12,INACTIVE
1774901128.7377622,229.0,163.06,112.84,0.58,INACTIVE
1774901128.7539666,291.0,163.06,112.86,1.13,INACTIVE
1774901128.7707582,338.0,163.06,112.94,1.55,INACTIVE
1774901128.7863452,380.0,163.06,113.09,1.92,INACTIVE
1774901128.8020763,390.0,163.06,113.26,2.0,INACTIVE
1774901128.817791,369.0,163.06,113.39,1.82,INACTIVE
1774901128.8339303,335.0,163.06,113.46,1.52,INACTIVE
1774901128.8495846,320.0,163.06,113.52,1.38,INACTIVE
1774901128.8657765,323.0,163.06,113.57,1.41,INACTIVE
1774901128.8818276,304.0,163.06,113.6,1.24,INACTIVE
1774901128.898436,319.0,163.06,113.65,1.37,INACTIVE
1774901128.913807,313.0,163.06,113.69,1.32,INACTIVE
1774901128.9296768,295.0,163.06,113.71,1.16,INACTIVE
1774901128.9456644,256.0,163.15,113.69,0.82,INACTIVE
1774901128.9617822,252.0,163.24,113.67,0.78,INACTIVE
1774901128.9783201,225.0,163.3,113.63,0.54,INACTIVE
1774901128.9936154,215.0,163.35,113.59,0.45,INACTIVE
1774901129.0096974,202.0,163.39,113.54,0.34,INACTIVE
1774901129.025716,199.0,163.42,113.49,0.31,INACTIVE
1774901129.0417414,186.0,163.45,113.43,0.2,INACTIVE
1774901129.0576582,190.0,163.47,113.38,0.23,INACTIVE
1774901129.0737274,185.0,163.5,113.32,0.19,INACTIVE
1774901129.0894582,200.0,163.53,113.27,0.32,INACTIVE
1774901129.1055696,193.0,163.56,113.22,0.26,INACTIVE
1774901129.121739,201.0,163.6,113.17,0.33,INACTIVE
1774901129.1375723,194.0,163.63,113.12,0.27,INACTIVE
1774901129.1534653,186.0,163.65,113.06,0.2,INACTIVE
1774901129.1697652,172.0,163.66,113.01,0.07,INACTIVE
1774901129.1857579,166.0,163.66,112.95,0.02,INACTIVE
1774901129.2017505,144.0,163.64,112.89,-0.17,INACTIVE
1774901129.2175379,139.0,163.62,112.84,-0.22,INACTIVE
1774901129.2340329,148.0,163.6,112.79,-0.14,INACTIVE
1774901129.2499342,149.0,163.59,112.73,-0.13,INACTIVE
1774901129.265596,164.0,163.59,112.67,0.0,INACTIVE
1774901129.282434,178.0,163.6,112.62,0.13,INACTIVE
1774901129.2983294,178.0,163.62,112.56,0.13,INACTIVE
1774901129.313889,177.0,163.63,112.51,0.12,INACTIVE
1774901129.3297868,177.0,163.64,112.45,0.12,INACTIVE
1774901129.3460903,161.0,163.64,112.4,-0.02,INACTIVE
1774901129.3620048,149.0,163.63,112.34,-0.13,INACTIVE
1774901129.3779042,139.0,163.6,112.29,-0.22,INACTIVE
1774901129.393659,128.0,163.57,112.24,-0.32,INACTIVE
1774901129.4097712,125.0,163.53,112.19,-0.34,INACTIVE
1774901129.4256732,127.0,163.49,112.14,-0.33,INACTIVE
1774901129.4416738,130.0,163.46,112.09,-0.3,INACTIVE
1774901129.4577742,145.0,163.44,112.03,-0.16,INACTIVE
1774901129.4737165,160.0,163.44,111.98,-0.03,INACTIVE
1774901129.489899,160.0,163.43,111.92,-0.03,INACTIVE
1774901129.5065348,167.0,163.44,111.86,0.03,INACTIVE
1774901129.5216763,172.0,163.44,111.81,0.08,INACTIVE
1774901129.537661,172.0,163.45,111.75,0.08,INACTIVE
1774901129.5538418,165.0,163.45,111.7,0.01,INACTIVE
1774901129.5697033,161.0,163.45,111.64,-0.02,INACTIVE
1774901129.5856996,155.0,163.44,111.59,-0.08,INACTIVE
1774901129.6016977,147.0,163.43,111.53,-0.15,INACTIVE
1774901129.6178355,137.0,163.4,111.48,-0.24,INACTIVE
1774901129.6336763,136.0,163.37,111.43,-0.25,INACTIVE
1774901129.6496804,138.0,163.35,111.37,-0.23,INACTIVE
1774901129.6657343,134.0,163.32,111.32,-0.26,INACTIVE
1774901129.6819153,135.0,163.29,111.27,-0.25,INACTIVE
1774901129.698109,132.0,163.26,111.22,-0.28,INACTIVE
1774901129.7136793,132.0,163.23,111.17,-0.28,INACTIVE
1774901129.7299097,139.0,163.2,111.11,-0.22,INACTIVE
1774901129.745953,139.0,163.18,111.06,-0.22,INACTIVE
1774901129.7619386,144.0,163.16,111.01,-0.17,INACTIVE
1774901129.7777572,159.0,163.16,110.95,-0.04,INACTIVE
1774901129.7934358,167.0,163.16,110.9,0.03,INACTIVE
1774901129.8095732,164.0,163.16,110.84,0.01,INACTIVE
1774901129.8256476,177.0,163.17,110.79,0.12,INACTIVE
1774901129.8415172,231.0,163.24,110.75,0.61,INACTIVE
1774901129.8575606,264.0,163.34,110.74,0.91,INACTIVE
1774901129.8734515,279.0,163.34,110.75,1.04,INACTIVE
1774901129.8895688,304.0,163.34,110.78,1.27,INACTIVE
1774901129.9054646,325.0,163.34,110.84,1.46,INACTIVE
1774901129.9218287,311.0,163.34,110.89,1.33,INACTIVE
1774901129.937765,318.0,163.34,110.94,1.39,INACTIVE
1774901129.9535499,336.0,163.34,111.02,1.56,INACTIVE
1774901129.9697955,353.0,163.34,111.12,1.71,INACTIVE
1774901129.985769,386.0,163.34,111.29,2.0,INACTIVE
1774901130.001632,407.0,163.34,111.5,2.19,INACTIVE
